dataset,condition,target_index,target_total,target,pose_model,input_rank,tradock_rank,score,dockq,irmsd,crmsd,intersection,classification,success,status,message,pred_rec,pred_lig
DB5,holo,1,218,2I9B,lightdock_1,1,1,-1000000.000000,0.002000,74.461357,52.150131,0.000000,unacceptable,0,done,,/root/PPCBench/dataset/DB5/structures/2I9B/2I9B_r_b.pdb,/root/PPCBench/results/DB5/lightdock_1/2I9B/2I9B_lightdock_1_id.pdb
DB5,holo,1,218,2I9B,lightdock_2,2,2,-1000000.000000,0.002000,74.413315,51.970676,0.000000,unacceptable,0,done,,/root/PPCBench/dataset/DB5/structures/2I9B/2I9B_r_b.pdb,/root/PPCBench/results/DB5/lightdock_2/2I9B/2I9B_lightdock_2_id.pdb
DB5,holo,1,218,2I9B,lightdock_3,3,3,-1000000.000000,0.001000,68.071625,62.093494,0.000000,unacceptable,0,done,,/root/PPCBench/dataset/DB5/structures/2I9B/2I9B_r_b.pdb,/root/PPCBench/results/DB5/lightdock_3/2I9B/2I9B_lightdock_3_id.pdb
DB5,holo,1,218,2I9B,lightdock_4,4,4,-1000000.000000,0.001000,83.312096,65.399612,0.000000,unacceptable,0,done,,/root/PPCBench/dataset/DB5/structures/2I9B/2I9B_r_b.pdb,/root/PPCBench/results/DB5/lightdock_4/2I9B/2I9B_lightdock_4_id.pdb
DB5,holo,1,218,2I9B,lightdock_5,5,5,-1000000.000000,0.001000,71.915924,61.962482,0.000000,unacceptable,0,done,,/root/PPCBench/dataset/DB5/structures/2I9B/2I9B_r_b.pdb,/root/PPCBench/results/DB5/lightdock_5/2I9B/2I9B_lightdock_5_id.pdb
DB5,holo,2,218,3V6Z,lightdock_1,1,4,-0.854891,0.004000,30.756990,28.194281,0.000000,unacceptable,0,done,,/root/PPCBench/dataset/DB5/structures/3V6Z/3V6Z_r_b.pdb,/root/PPCBench/results/DB5/lightdock_1/3V6Z/3V6Z_lightdock_1_id.pdb
DB5,holo,2,218,3V6Z,lightdock_2,2,2,-0.789684,0.004000,38.887676,30.037155,0.000000,unacceptable,0,done,,/root/PPCBench/dataset/DB5/structures/3V6Z/3V6Z_r_b.pdb,/root/PPCBench/results/DB5/lightdock_2/3V6Z/3V6Z_lightdock_2_id.pdb
DB5,holo,2,218,3V6Z,lightdock_3,3,1,-0.582883,0.003000,45.037521,31.654570,0.000000,unacceptable,0,done,,/root/PPCBench/dataset/DB5/structures/3V6Z/3V6Z_r_b.pdb,/root/PPCBench/results/DB5/lightdock_3/3V6Z/3V6Z_lightdock_3_id.pdb
DB5,holo,2,218,3V6Z,lightdock_4,4,5,-0.908827,0.009000,27.232216,22.107893,10.829638,unacceptable,0,done,,/root/PPCBench/dataset/DB5/structures/3V6Z/3V6Z_r_b.pdb,/root/PPCBench/results/DB5/lightdock_4/3V6Z/3V6Z_lightdock_4_id.pdb
DB5,holo,2,218,3V6Z,lightdock_5,5,3,-0.854471,0.009000,25.707823,22.562012,15.242412,unacceptable,0,done,,/root/PPCBench/dataset/DB5/structures/3V6Z/3V6Z_r_b.pdb,/root/PPCBench/results/DB5/lightdock_5/3V6Z/3V6Z_lightdock_5_id.pdb
DB5,holo,3,218,2W9E,lightdock_1,1,3,-1000000.000000,0.004000,32.747402,27.298903,0.000000,unacceptable,0,done,,/root/PPCBench/dataset/DB5/structures/2W9E/2W9E_r_b.pdb,/root/PPCBench/results/DB5/lightdock_1/2W9E/2W9E_lightdock_1_id.pdb
DB5,holo,3,218,2W9E,lightdock_2,2,4,-1000000.000000,0.004000,34.495102,26.484293,0.000000,unacceptable,0,done,,/root/PPCBench/dataset/DB5/structures/2W9E/2W9E_r_b.pdb,/root/PPCBench/results/DB5/lightdock_2/2W9E/2W9E_lightdock_2_id.pdb
DB5,holo,3,218,2W9E,lightdock_3,3,5,-1000000.000000,0.003000,43.154987,28.269642,0.000000,unacceptable,0,done,,/root/PPCBench/dataset/DB5/structures/2W9E/2W9E_r_b.pdb,/root/PPCBench/results/DB5/lightdock_3/2W9E/2W9E_lightdock_3_id.pdb
DB5,holo,3,218,2W9E,lightdock_4,4,1,-0.589884,0.005000,23.718351,24.260977,0.000000,unacceptable,0,done,,/root/PPCBench/dataset/DB5/structures/2W9E/2W9E_r_b.pdb,/root/PPCBench/results/DB5/lightdock_4/2W9E/2W9E_lightdock_4_id.pdb
DB5,holo,3,218,2W9E,lightdock_5,5,2,-0.992567,0.005000,33.136364,23.679209,0.000000,unacceptable,0,done,,/root/PPCBench/dataset/DB5/structures/2W9E/2W9E_r_b.pdb,/root/PPCBench/results/DB5/lightdock_5/2W9E/2W9E_lightdock_5_id.pdb
DB5,holo,4,218,1F34,lightdock_1,1,1,-1000000.000000,0.004000,34.803688,29.069904,0.000000,unacceptable,0,done,,/root/PPCBench/dataset/DB5/structures/1F34/1F34_r_b.pdb,/root/PPCBench/results/DB5/lightdock_1/1F34/1F34_lightdock_1_id.pdb
DB5,holo,4,218,1F34,lightdock_2,2,2,-1000000.000000,0.004000,37.697689,29.548397,0.000000,unacceptable,0,done,,/root/PPCBench/dataset/DB5/structures/1F34/1F34_r_b.pdb,/root/PPCBench/results/DB5/lightdock_2/1F34/1F34_lightdock_2_id.pdb
DB5,holo,4,218,1F34,lightdock_3,3,3,-1000000.000000,0.003000,37.865513,33.365509,0.000000,unacceptable,0,done,,/root/PPCBench/dataset/DB5/structures/1F34/1F34_r_b.pdb,/root/PPCBench/results/DB5/lightdock_3/1F34/1F34_lightdock_3_id.pdb
DB5,holo,4,218,1F34,lightdock_4,4,4,-1000000.000000,0.003000,37.979397,33.446236,0.000000,unacceptable,0,done,,/root/PPCBench/dataset/DB5/structures/1F34/1F34_r_b.pdb,/root/PPCBench/results/DB5/lightdock_4/1F34/1F34_lightdock_4_id.pdb
DB5,holo,4,218,1F34,lightdock_5,5,5,-1000000.000000,0.004000,34.994995,28.901560,0.000000,unacceptable,0,done,,/root/PPCBench/dataset/DB5/structures/1F34/1F34_r_b.pdb,/root/PPCBench/results/DB5/lightdock_5/1F34/1F34_lightdock_5_id.pdb
DB5,holo,5,218,1ACB,lightdock_1,1,3,-0.917039,0.018000,15.448214,16.193348,49.020123,unacceptable,0,done,,/root/PPCBench/dataset/DB5/structures/1ACB/1ACB_r_b.pdb,/root/PPCBench/results/DB5/lightdock_1/1ACB/1ACB_lightdock_1_id.pdb
DB5,holo,5,218,1ACB,lightdock_2,2,5,-0.920004,0.018000,15.449458,16.140785,49.530120,unacceptable,0,done,,/root/PPCBench/dataset/DB5/structures/1ACB/1ACB_r_b.pdb,/root/PPCBench/results/DB5/lightdock_2/1ACB/1ACB_lightdock_2_id.pdb
DB5,holo,5,218,1ACB,lightdock_3,3,4,-0.917298,0.035000,9.744339,11.340114,37.550524,unacceptable,0,done,,/root/PPCBench/dataset/DB5/structures/1ACB/1ACB_r_b.pdb,/root/PPCBench/results/DB5/lightdock_3/1ACB/1ACB_lightdock_3_id.pdb
DB5,holo,5,218,1ACB,lightdock_4,4,1,-0.827552,0.022000,16.093018,12.489730,24.653915,unacceptable,0,done,,/root/PPCBench/dataset/DB5/structures/1ACB/1ACB_r_b.pdb,/root/PPCBench/results/DB5/lightdock_4/1ACB/1ACB_lightdock_4_id.pdb
DB5,holo,5,218,1ACB,lightdock_5,5,2,-0.901407,0.022000,12.196995,13.538476,39.643765,unacceptable,0,done,,/root/PPCBench/dataset/DB5/structures/1ACB/1ACB_r_b.pdb,/root/PPCBench/results/DB5/lightdock_5/1ACB/1ACB_lightdock_5_id.pdb
DB5,holo,6,218,4POU,lightdock_1,1,3,-0.726694,0.034000,11.120562,14.689759,5.078680,unacceptable,0,done,,/root/PPCBench/dataset/DB5/structures/4POU/4POU_r_b.pdb,/root/PPCBench/results/DB5/lightdock_1/4POU/4POU_lightdock_1_id.pdb
DB5,holo,6,218,4POU,lightdock_2,2,2,-0.720992,0.034000,11.211672,14.740944,4.756028,unacceptable,0,done,,/root/PPCBench/dataset/DB5/structures/4POU/4POU_r_b.pdb,/root/PPCBench/results/DB5/lightdock_2/4POU/4POU_lightdock_2_id.pdb
DB5,holo,6,218,4POU,lightdock_3,3,1,-0.719716,0.028000,14.124143,14.603021,5.471152,unacceptable,0,done,,/root/PPCBench/dataset/DB5/structures/4POU/4POU_r_b.pdb,/root/PPCBench/results/DB5/lightdock_3/4POU/4POU_lightdock_3_id.pdb
DB5,holo,6,218,4POU,lightdock_4,4,5,-0.832719,0.010000,19.725571,18.918264,7.695673,unacceptable,0,done,,/root/PPCBench/dataset/DB5/structures/4POU/4POU_r_b.pdb,/root/PPCBench/results/DB5/lightdock_4/4POU/4POU_lightdock_4_id.pdb
DB5,holo,6,218,4POU,lightdock_5,5,4,-0.824004,0.019000,10.272173,15.760741,15.554674,unacceptable,0,done,,/root/PPCBench/dataset/DB5/structures/4POU/4POU_r_b.pdb,/root/PPCBench/results/DB5/lightdock_5/4POU/4POU_lightdock_5_id.pdb
DB5,holo,7,218,1IRA,lightdock_1,1,3,-1000000.000000,0.004000,38.650711,38.002411,0.000000,unacceptable,0,done,,/root/PPCBench/dataset/DB5/structures/1IRA/1IRA_r_b.pdb,/root/PPCBench/results/DB5/lightdock_1/1IRA/1IRA_lightdock_1_id.pdb
DB5,holo,7,218,1IRA,lightdock_2,2,1,-0.709041,0.009000,31.934042,26.069952,0.304311,unacceptable,0,done,,/root/PPCBench/dataset/DB5/structures/1IRA/1IRA_r_b.pdb,/root/PPCBench/results/DB5/lightdock_2/1IRA/1IRA_lightdock_2_id.pdb
DB5,holo,7,218,1IRA,lightdock_3,3,4,-1000000.000000,0.003000,52.006088,44.168167,0.000000,unacceptable,0,done,,/root/PPCBench/dataset/DB5/structures/1IRA/1IRA_r_b.pdb,/root/PPCBench/results/DB5/lightdock_3/1IRA/1IRA_lightdock_3_id.pdb
DB5,holo,7,218,1IRA,lightdock_4,4,5,-1000000.000000,0.004000,42.668842,38.323841,0.000000,unacceptable,0,done,,/root/PPCBench/dataset/DB5/structures/1IRA/1IRA_r_b.pdb,/root/PPCBench/results/DB5/lightdock_4/1IRA/1IRA_lightdock_4_id.pdb
DB5,holo,7,218,1IRA,lightdock_5,5,2,-0.740147,0.009000,28.716064,25.282801,0.722725,unacceptable,0,done,,/root/PPCBench/dataset/DB5/structures/1IRA/1IRA_r_b.pdb,/root/PPCBench/results/DB5/lightdock_5/1IRA/1IRA_lightdock_5_id.pdb
DB5,holo,8,218,2J7P,lightdock_1,1,3,-1000000.000000,0.004000,39.669060,34.223419,0.000000,unacceptable,0,done,,/root/PPCBench/dataset/DB5/structures/2J7P/2J7P_r_b.pdb,/root/PPCBench/results/DB5/lightdock_1/2J7P/2J7P_lightdock_1_id.pdb
DB5,holo,8,218,2J7P,lightdock_2,2,4,-1000000.000000,0.004000,39.584274,34.165558,0.000000,unacceptable,0,done,,/root/PPCBench/dataset/DB5/structures/2J7P/2J7P_r_b.pdb,/root/PPCBench/results/DB5/lightdock_2/2J7P/2J7P_lightdock_2_id.pdb
DB5,holo,8,218,2J7P,lightdock_3,3,2,-0.661901,0.004000,42.135429,36.405880,0.000000,unacceptable,0,done,,/root/PPCBench/dataset/DB5/structures/2J7P/2J7P_r_b.pdb,/root/PPCBench/results/DB5/lightdock_3/2J7P/2J7P_lightdock_3_id.pdb
DB5,holo,8,218,2J7P,lightdock_4,4,1,-0.591260,0.004000,36.351498,35.195328,0.000000,unacceptable,0,done,,/root/PPCBench/dataset/DB5/structures/2J7P/2J7P_r_b.pdb,/root/PPCBench/results/DB5/lightdock_4/2J7P/2J7P_lightdock_4_id.pdb
DB5,holo,8,218,2J7P,lightdock_5,5,5,-1000000.000000,0.005000,38.305542,31.964796,0.000000,unacceptable,0,done,,/root/PPCBench/dataset/DB5/structures/2J7P/2J7P_r_b.pdb,/root/PPCBench/results/DB5/lightdock_5/2J7P/2J7P_lightdock_5_id.pdb
DB5,holo,9,218,1Z5Y,lightdock_1,1,1,-0.479431,0.024000,18.169209,15.883978,0.000000,unacceptable,0,done,,/root/PPCBench/dataset/DB5/structures/1Z5Y/1Z5Y_r_b.pdb,/root/PPCBench/results/DB5/lightdock_1/1Z5Y/1Z5Y_lightdock_1_id.pdb
DB5,holo,9,218,1Z5Y,lightdock_2,2,4,-0.750719,0.017000,24.258480,19.865870,0.000000,unacceptable,0,done,,/root/PPCBench/dataset/DB5/structures/1Z5Y/1Z5Y_r_b.pdb,/root/PPCBench/results/DB5/lightdock_2/1Z5Y/1Z5Y_lightdock_2_id.pdb
DB5,holo,9,218,1Z5Y,lightdock_3,3,2,-0.691119,0.036000,10.748411,11.890424,0.000000,unacceptable,0,done,,/root/PPCBench/dataset/DB5/structures/1Z5Y/1Z5Y_r_b.pdb,/root/PPCBench/results/DB5/lightdock_3/1Z5Y/1Z5Y_lightdock_3_id.pdb
DB5,holo,9,218,1Z5Y,lightdock_4,4,5,-0.811308,0.026000,15.977901,16.474199,0.000000,unacceptable,0,done,,/root/PPCBench/dataset/DB5/structures/1Z5Y/1Z5Y_r_b.pdb,/root/PPCBench/results/DB5/lightdock_4/1Z5Y/1Z5Y_lightdock_4_id.pdb
DB5,holo,9,218,1Z5Y,lightdock_5,5,3,-0.729189,0.032000,9.225565,11.024282,6.286694,unacceptable,0,done,,/root/PPCBench/dataset/DB5/structures/1Z5Y/1Z5Y_r_b.pdb,/root/PPCBench/results/DB5/lightdock_5/1Z5Y/1Z5Y_lightdock_5_id.pdb
DB5,holo,10,218,1KAC,lightdock_1,1,1,-1000000.000000,0.001000,76.451050,65.299393,0.000000,unacceptable,0,done,,/root/PPCBench/dataset/DB5/structures/1KAC/1KAC_r_b.pdb,/root/PPCBench/results/DB5/lightdock_1/1KAC/1KAC_lightdock_1_id.pdb
DB5,holo,10,218,1KAC,lightdock_2,2,2,-1000000.000000,0.001000,89.393166,75.921371,0.000000,unacceptable,0,done,,/root/PPCBench/dataset/DB5/structures/1KAC/1KAC_r_b.pdb,/root/PPCBench/results/DB5/lightdock_2/1KAC/1KAC_lightdock_2_id.pdb
DB5,holo,10,218,1KAC,lightdock_3,3,3,-1000000.000000,0.001000,89.301003,75.866417,0.000000,unacceptable,0,done,,/root/PPCBench/dataset/DB5/structures/1KAC/1KAC_r_b.pdb,/root/PPCBench/results/DB5/lightdock_3/1KAC/1KAC_lightdock_3_id.pdb
DB5,holo,10,218,1KAC,lightdock_4,4,4,-1000000.000000,0.001000,78.785988,68.603760,0.000000,unacceptable,0,done,,/root/PPCBench/dataset/DB5/structures/1KAC/1KAC_r_b.pdb,/root/PPCBench/results/DB5/lightdock_4/1KAC/1KAC_lightdock_4_id.pdb
DB5,holo,10,218,1KAC,lightdock_5,5,5,-1000000.000000,0.001000,82.593704,74.758957,0.000000,unacceptable,0,done,,/root/PPCBench/dataset/DB5/structures/1KAC/1KAC_r_b.pdb,/root/PPCBench/results/DB5/lightdock_5/1KAC/1KAC_lightdock_5_id.pdb
DB5,holo,11,218,1RV6,lightdock_1,1,2,-0.731007,0.020000,12.555080,13.861800,1.374668,unacceptable,0,done,,/root/PPCBench/dataset/DB5/structures/1RV6/1RV6_r_b.pdb,/root/PPCBench/results/DB5/lightdock_1/1RV6/1RV6_lightdock_1_id.pdb
DB5,holo,11,218,1RV6,lightdock_2,2,4,-0.836632,0.016000,21.623522,15.564826,0.000000,unacceptable,0,done,,/root/PPCBench/dataset/DB5/structures/1RV6/1RV6_r_b.pdb,/root/PPCBench/results/DB5/lightdock_2/1RV6/1RV6_lightdock_2_id.pdb
DB5,holo,11,218,1RV6,lightdock_3,3,3,-0.805713,0.013000,22.469604,17.918509,0.000000,unacceptable,0,done,,/root/PPCBench/dataset/DB5/structures/1RV6/1RV6_r_b.pdb,/root/PPCBench/results/DB5/lightdock_3/1RV6/1RV6_lightdock_3_id.pdb
DB5,holo,11,218,1RV6,lightdock_4,4,5,-0.892022,0.040000,14.251723,11.035642,0.000000,unacceptable,0,done,,/root/PPCBench/dataset/DB5/structures/1RV6/1RV6_r_b.pdb,/root/PPCBench/results/DB5/lightdock_4/1RV6/1RV6_lightdock_4_id.pdb
DB5,holo,11,218,1RV6,lightdock_5,5,1,-0.681031,0.032000,14.408028,13.679873,0.000000,unacceptable,0,done,,/root/PPCBench/dataset/DB5/structures/1RV6/1RV6_r_b.pdb,/root/PPCBench/results/DB5/lightdock_5/1RV6/1RV6_lightdock_5_id.pdb
DB5,holo,12,218,2VXT,lightdock_1,1,5,-0.668412,0.007000,23.428900,22.106186,0.000000,unacceptable,0,done,,/root/PPCBench/dataset/DB5/structures/2VXT/2VXT_r_b.pdb,/root/PPCBench/results/DB5/lightdock_1/2VXT/2VXT_lightdock_1_id.pdb
DB5,holo,12,218,2VXT,lightdock_2,2,3,-0.208831,0.021000,21.805723,14.899134,0.000000,unacceptable,0,done,,/root/PPCBench/dataset/DB5/structures/2VXT/2VXT_r_b.pdb,/root/PPCBench/results/DB5/lightdock_2/2VXT/2VXT_lightdock_2_id.pdb
DB5,holo,12,218,2VXT,lightdock_3,3,4,-0.237903,0.020000,19.032921,14.375004,0.000000,unacceptable,0,done,,/root/PPCBench/dataset/DB5/structures/2VXT/2VXT_r_b.pdb,/root/PPCBench/results/DB5/lightdock_3/2VXT/2VXT_lightdock_3_id.pdb
DB5,holo,12,218,2VXT,lightdock_4,4,2,-0.150915,0.019000,28.079254,14.966331,0.000000,unacceptable,0,done,,/root/PPCBench/dataset/DB5/structures/2VXT/2VXT_r_b.pdb,/root/PPCBench/results/DB5/lightdock_4/2VXT/2VXT_lightdock_4_id.pdb
DB5,holo,12,218,2VXT,lightdock_5,5,1,-0.079269,0.019000,28.136595,14.995191,0.000000,unacceptable,0,done,,/root/PPCBench/dataset/DB5/structures/2VXT/2VXT_r_b.pdb,/root/PPCBench/results/DB5/lightdock_5/2VXT/2VXT_lightdock_5_id.pdb
DB5,holo,13,218,1OYV,lightdock_1,1,2,-0.763239,0.016000,21.679461,16.794882,0.000000,unacceptable,0,done,,/root/PPCBench/dataset/DB5/structures/1OYV/1OYV_r_b.pdb,/root/PPCBench/results/DB5/lightdock_1/1OYV/1OYV_lightdock_1_id.pdb
DB5,holo,13,218,1OYV,lightdock_2,2,4,-0.819788,0.027000,14.026387,12.101889,13.862885,unacceptable,0,done,,/root/PPCBench/dataset/DB5/structures/1OYV/1OYV_r_b.pdb,/root/PPCBench/results/DB5/lightdock_2/1OYV/1OYV_lightdock_2_id.pdb
DB5,holo,13,218,1OYV,lightdock_3,3,1,-0.719442,0.020000,14.758595,14.085209,5.051794,unacceptable,0,done,,/root/PPCBench/dataset/DB5/structures/1OYV/1OYV_r_b.pdb,/root/PPCBench/results/DB5/lightdock_3/1OYV/1OYV_lightdock_3_id.pdb
DB5,holo,13,218,1OYV,lightdock_4,4,5,-0.896908,0.022000,16.871073,15.075746,26.796875,unacceptable,0,done,,/root/PPCBench/dataset/DB5/structures/1OYV/1OYV_r_b.pdb,/root/PPCBench/results/DB5/lightdock_4/1OYV/1OYV_lightdock_4_id.pdb
DB5,holo,13,218,1OYV,lightdock_5,5,3,-0.805577,0.030000,14.732097,17.894880,14.543617,unacceptable,0,done,,/root/PPCBench/dataset/DB5/structures/1OYV/1OYV_r_b.pdb,/root/PPCBench/results/DB5/lightdock_5/1OYV/1OYV_lightdock_5_id.pdb
DB5,holo,14,218,3S9D,lightdock_1,1,4,-1000000.000000,0.003000,44.932205,33.641048,0.000000,unacceptable,0,done,,/root/PPCBench/dataset/DB5/structures/3S9D/3S9D_r_b.pdb,/root/PPCBench/results/DB5/lightdock_1/3S9D/3S9D_lightdock_1_id.pdb
DB5,holo,14,218,3S9D,lightdock_2,2,2,-0.696467,0.004000,39.045540,26.336424,0.000000,unacceptable,0,done,,/root/PPCBench/dataset/DB5/structures/3S9D/3S9D_r_b.pdb,/root/PPCBench/results/DB5/lightdock_2/3S9D/3S9D_lightdock_2_id.pdb
DB5,holo,14,218,3S9D,lightdock_3,3,3,-0.759258,0.004000,38.719723,26.247814,0.000000,unacceptable,0,done,,/root/PPCBench/dataset/DB5/structures/3S9D/3S9D_r_b.pdb,/root/PPCBench/results/DB5/lightdock_3/3S9D/3S9D_lightdock_3_id.pdb
DB5,holo,14,218,3S9D,lightdock_4,4,5,-1000000.000000,0.003000,45.030209,33.711327,0.000000,unacceptable,0,done,,/root/PPCBench/dataset/DB5/structures/3S9D/3S9D_r_b.pdb,/root/PPCBench/results/DB5/lightdock_4/3S9D/3S9D_lightdock_4_id.pdb
DB5,holo,14,218,3S9D,lightdock_5,5,1,0.092808,0.003000,36.832150,31.401171,0.000000,unacceptable,0,done,,/root/PPCBench/dataset/DB5/structures/3S9D/3S9D_r_b.pdb,/root/PPCBench/results/DB5/lightdock_5/3S9D/3S9D_lightdock_5_id.pdb
DB5,holo,15,218,1KXP,lightdock_1,1,2,-0.730539,0.007000,34.333424,27.477835,0.000000,unacceptable,0,done,,/root/PPCBench/dataset/DB5/structures/1KXP/1KXP_r_b.pdb,/root/PPCBench/results/DB5/lightdock_1/1KXP/1KXP_lightdock_1_id.pdb
DB5,holo,15,218,1KXP,lightdock_2,2,4,-1000000.000000,0.003000,38.840179,35.122719,0.000000,unacceptable,0,done,,/root/PPCBench/dataset/DB5/structures/1KXP/1KXP_r_b.pdb,/root/PPCBench/results/DB5/lightdock_2/1KXP/1KXP_lightdock_2_id.pdb
DB5,holo,15,218,1KXP,lightdock_3,3,5,-1000000.000000,0.004000,35.976608,33.536083,0.000000,unacceptable,0,done,,/root/PPCBench/dataset/DB5/structures/1KXP/1KXP_r_b.pdb,/root/PPCBench/results/DB5/lightdock_3/1KXP/1KXP_lightdock_3_id.pdb
DB5,holo,15,218,1KXP,lightdock_4,4,3,-0.753211,0.004000,31.028378,30.022444,2.779241,unacceptable,0,done,,/root/PPCBench/dataset/DB5/structures/1KXP/1KXP_r_b.pdb,/root/PPCBench/results/DB5/lightdock_4/1KXP/1KXP_lightdock_4_id.pdb
DB5,holo,15,218,1KXP,lightdock_5,5,1,-0.709264,0.003000,41.211426,32.675774,0.926821,unacceptable,0,done,,/root/PPCBench/dataset/DB5/structures/1KXP/1KXP_r_b.pdb,/root/PPCBench/results/DB5/lightdock_5/1KXP/1KXP_lightdock_5_id.pdb
DB5,holo,16,218,3P57,lightdock_1,1,5,-0.808808,0.014000,25.893274,19.965073,0.000000,unacceptable,0,done,,/root/PPCBench/dataset/DB5/structures/3P57/3P57_r_b.pdb,/root/PPCBench/results/DB5/lightdock_1/3P57/3P57_lightdock_1_id.pdb
DB5,holo,16,218,3P57,lightdock_2,2,3,-0.728460,0.033000,9.713914,9.326704,4.474277,unacceptable,0,done,,/root/PPCBench/dataset/DB5/structures/3P57/3P57_r_b.pdb,/root/PPCBench/results/DB5/lightdock_2/3P57/3P57_lightdock_2_id.pdb
DB5,holo,16,218,3P57,lightdock_3,3,2,-0.712085,0.007000,22.206890,19.916389,1.194196,unacceptable,0,done,,/root/PPCBench/dataset/DB5/structures/3P57/3P57_r_b.pdb,/root/PPCBench/results/DB5/lightdock_3/3P57/3P57_lightdock_3_id.pdb
DB5,holo,16,218,3P57,lightdock_4,4,1,-0.699228,0.014000,24.977615,21.023245,0.000000,unacceptable,0,done,,/root/PPCBench/dataset/DB5/structures/3P57/3P57_r_b.pdb,/root/PPCBench/results/DB5/lightdock_4/3P57/3P57_lightdock_4_id.pdb
DB5,holo,16,218,3P57,lightdock_5,5,4,-0.732300,0.010000,25.043398,22.248991,0.000000,unacceptable,0,done,,/root/PPCBench/dataset/DB5/structures/3P57/3P57_r_b.pdb,/root/PPCBench/results/DB5/lightdock_5/3P57/3P57_lightdock_5_id.pdb
DB5,holo,17,218,2HLE,lightdock_1,1,3,-0.786951,0.057000,10.891550,13.171131,20.634167,unacceptable,0,done,,/root/PPCBench/dataset/DB5/structures/2HLE/2HLE_r_b.pdb,/root/PPCBench/results/DB5/lightdock_1/2HLE/2HLE_lightdock_1_id.pdb
DB5,holo,17,218,2HLE,lightdock_2,2,2,-0.765531,0.056000,10.780672,13.358979,23.175613,unacceptable,0,done,,/root/PPCBench/dataset/DB5/structures/2HLE/2HLE_r_b.pdb,/root/PPCBench/results/DB5/lightdock_2/2HLE/2HLE_lightdock_2_id.pdb
DB5,holo,17,218,2HLE,lightdock_3,3,4,-0.790025,0.034000,11.365555,20.220636,24.619948,unacceptable,0,done,,/root/PPCBench/dataset/DB5/structures/2HLE/2HLE_r_b.pdb,/root/PPCBench/results/DB5/lightdock_3/2HLE/2HLE_lightdock_3_id.pdb
DB5,holo,17,218,2HLE,lightdock_4,4,1,-0.712931,0.042000,16.664000,12.968266,6.149846,unacceptable,0,done,,/root/PPCBench/dataset/DB5/structures/2HLE/2HLE_r_b.pdb,/root/PPCBench/results/DB5/lightdock_4/2HLE/2HLE_lightdock_4_id.pdb
DB5,holo,17,218,2HLE,lightdock_5,5,5,-0.815637,0.034000,12.182875,20.626764,39.913388,unacceptable,0,done,,/root/PPCBench/dataset/DB5/structures/2HLE/2HLE_r_b.pdb,/root/PPCBench/results/DB5/lightdock_5/2HLE/2HLE_lightdock_5_id.pdb
DB5,holo,18,218,1GLA,lightdock_1,1,4,-1000000.000000,0.010000,22.558210,16.459417,0.000000,unacceptable,0,done,,/root/PPCBench/dataset/DB5/structures/1GLA/1GLA_r_b.pdb,/root/PPCBench/results/DB5/lightdock_1/1GLA/1GLA_lightdock_1_id.pdb
DB5,holo,18,218,1GLA,lightdock_2,2,1,-0.332770,0.010000,25.900604,16.992289,0.000000,unacceptable,0,done,,/root/PPCBench/dataset/DB5/structures/1GLA/1GLA_r_b.pdb,/root/PPCBench/results/DB5/lightdock_2/1GLA/1GLA_lightdock_2_id.pdb
DB5,holo,18,218,1GLA,lightdock_3,3,2,-0.433085,0.014000,17.515921,14.459308,0.000000,unacceptable,0,done,,/root/PPCBench/dataset/DB5/structures/1GLA/1GLA_r_b.pdb,/root/PPCBench/results/DB5/lightdock_3/1GLA/1GLA_lightdock_3_id.pdb
DB5,holo,18,218,1GLA,lightdock_4,4,5,-1000000.000000,0.009000,27.515089,18.447458,0.000000,unacceptable,0,done,,/root/PPCBench/dataset/DB5/structures/1GLA/1GLA_r_b.pdb,/root/PPCBench/results/DB5/lightdock_4/1GLA/1GLA_lightdock_4_id.pdb
DB5,holo,18,218,1GLA,lightdock_5,5,3,-0.752473,0.007000,26.656460,24.333548,5.252954,unacceptable,0,done,,/root/PPCBench/dataset/DB5/structures/1GLA/1GLA_r_b.pdb,/root/PPCBench/results/DB5/lightdock_5/1GLA/1GLA_lightdock_5_id.pdb
DB5,holo,19,218,1IB1,lightdock_1,1,1,-1000000.000000,0.002000,49.856514,43.396996,0.000000,unacceptable,0,done,,/root/PPCBench/dataset/DB5/structures/1IB1/1IB1_r_b.pdb,/root/PPCBench/results/DB5/lightdock_1/1IB1/1IB1_lightdock_1_id.pdb
DB5,holo,19,218,1IB1,lightdock_2,2,2,-1000000.000000,0.002000,48.416119,37.451866,0.000000,unacceptable,0,done,,/root/PPCBench/dataset/DB5/structures/1IB1/1IB1_r_b.pdb,/root/PPCBench/results/DB5/lightdock_2/1IB1/1IB1_lightdock_2_id.pdb
DB5,holo,19,218,1IB1,lightdock_3,3,3,-1000000.000000,0.003000,50.422066,34.178593,0.000000,unacceptable,0,done,,/root/PPCBench/dataset/DB5/structures/1IB1/1IB1_r_b.pdb,/root/PPCBench/results/DB5/lightdock_3/1IB1/1IB1_lightdock_3_id.pdb
DB5,holo,19,218,1IB1,lightdock_4,4,4,-1000000.000000,0.002000,54.416122,45.234135,0.000000,unacceptable,0,done,,/root/PPCBench/dataset/DB5/structures/1IB1/1IB1_r_b.pdb,/root/PPCBench/results/DB5/lightdock_4/1IB1/1IB1_lightdock_4_id.pdb
DB5,holo,19,218,1IB1,lightdock_5,5,5,-1000000.000000,0.003000,38.534126,34.414600,0.000000,unacceptable,0,done,,/root/PPCBench/dataset/DB5/structures/1IB1/1IB1_r_b.pdb,/root/PPCBench/results/DB5/lightdock_5/1IB1/1IB1_lightdock_5_id.pdb
DB5,holo,20,218,2AJF,lightdock_1,1,2,-0.770689,0.011000,24.442225,17.463566,0.144279,unacceptable,0,done,,/root/PPCBench/dataset/DB5/structures/2AJF/2AJF_r_b.pdb,/root/PPCBench/results/DB5/lightdock_1/2AJF/2AJF_lightdock_1_id.pdb
DB5,holo,20,218,2AJF,lightdock_2,2,4,-1000000.000000,0.002000,46.071472,31.557354,0.000000,unacceptable,0,done,,/root/PPCBench/dataset/DB5/structures/2AJF/2AJF_r_b.pdb,/root/PPCBench/results/DB5/lightdock_2/2AJF/2AJF_lightdock_2_id.pdb
DB5,holo,20,218,2AJF,lightdock_3,3,5,-1000000.000000,0.003000,48.339832,31.102913,0.000000,unacceptable,0,done,,/root/PPCBench/dataset/DB5/structures/2AJF/2AJF_r_b.pdb,/root/PPCBench/results/DB5/lightdock_3/2AJF/2AJF_lightdock_3_id.pdb
DB5,holo,20,218,2AJF,lightdock_4,4,1,-0.721295,0.010000,20.044853,15.975778,0.000000,unacceptable,0,done,,/root/PPCBench/dataset/DB5/structures/2AJF/2AJF_r_b.pdb,/root/PPCBench/results/DB5/lightdock_4/2AJF/2AJF_lightdock_4_id.pdb
DB5,holo,20,218,2AJF,lightdock_5,5,3,-0.861810,0.010000,27.440052,17.977917,1.548515,unacceptable,0,done,,/root/PPCBench/dataset/DB5/structures/2AJF/2AJF_r_b.pdb,/root/PPCBench/results/DB5/lightdock_5/2AJF/2AJF_lightdock_5_id.pdb
DB5,holo,21,218,5O1R,lightdock_1,1,2,-1000000.000000,0.012000,26.787571,18.149685,0.000000,unacceptable,0,done,,/root/PPCBench/dataset/DB5/structures/5O1R/5O1R_r_b.pdb,/root/PPCBench/results/DB5/lightdock_1/5O1R/5O1R_lightdock_1_id.pdb
DB5,holo,21,218,5O1R,lightdock_2,2,3,-1000000.000000,0.011000,26.927807,18.268688,0.000000,unacceptable,0,done,,/root/PPCBench/dataset/DB5/structures/5O1R/5O1R_r_b.pdb,/root/PPCBench/results/DB5/lightdock_2/5O1R/5O1R_lightdock_2_id.pdb
DB5,holo,21,218,5O1R,lightdock_3,3,4,-1000000.000000,0.011000,26.733683,17.409847,0.000000,unacceptable,0,done,,/root/PPCBench/dataset/DB5/structures/5O1R/5O1R_r_b.pdb,/root/PPCBench/results/DB5/lightdock_3/5O1R/5O1R_lightdock_3_id.pdb
DB5,holo,21,218,5O1R,lightdock_4,4,1,-0.685398,0.005000,29.925760,25.412580,0.000000,unacceptable,0,done,,/root/PPCBench/dataset/DB5/structures/5O1R/5O1R_r_b.pdb,/root/PPCBench/results/DB5/lightdock_4/5O1R/5O1R_lightdock_4_id.pdb
DB5,holo,21,218,5O1R,lightdock_5,5,5,-1000000.000000,0.010000,29.117966,19.331539,0.000000,unacceptable,0,done,,/root/PPCBench/dataset/DB5/structures/5O1R/5O1R_r_b.pdb,/root/PPCBench/results/DB5/lightdock_5/5O1R/5O1R_lightdock_5_id.pdb
DB5,holo,22,218,1HE8,lightdock_1,1,1,-1000000.000000,0.003000,43.483768,29.018322,0.000000,unacceptable,0,done,,/root/PPCBench/dataset/DB5/structures/1HE8/1HE8_r_b.pdb,/root/PPCBench/results/DB5/lightdock_1/1HE8/1HE8_lightdock_1_id.pdb
DB5,holo,22,218,1HE8,lightdock_2,2,2,-1000000.000000,0.003000,35.850449,29.164036,0.000000,unacceptable,0,done,,/root/PPCBench/dataset/DB5/structures/1HE8/1HE8_r_b.pdb,/root/PPCBench/results/DB5/lightdock_2/1HE8/1HE8_lightdock_2_id.pdb
DB5,holo,22,218,1HE8,lightdock_3,3,3,-1000000.000000,0.003000,49.387535,30.731955,0.000000,unacceptable,0,done,,/root/PPCBench/dataset/DB5/structures/1HE8/1HE8_r_b.pdb,/root/PPCBench/results/DB5/lightdock_3/1HE8/1HE8_lightdock_3_id.pdb
DB5,holo,22,218,1HE8,lightdock_4,4,4,-1000000.000000,0.003000,42.834663,29.265652,0.000000,unacceptable,0,done,,/root/PPCBench/dataset/DB5/structures/1HE8/1HE8_r_b.pdb,/root/PPCBench/results/DB5/lightdock_4/1HE8/1HE8_lightdock_4_id.pdb
DB5,holo,22,218,1HE8,lightdock_5,5,5,-1000000.000000,0.002000,63.499043,44.968906,0.000000,unacceptable,0,done,,/root/PPCBench/dataset/DB5/structures/1HE8/1HE8_r_b.pdb,/root/PPCBench/results/DB5/lightdock_5/1HE8/1HE8_lightdock_5_id.pdb
DB5,holo,23,218,4JCV,lightdock_1,1,2,-0.367961,0.003000,42.616714,36.245308,0.000000,unacceptable,0,done,,/root/PPCBench/dataset/DB5/structures/4JCV/4JCV_r_b.pdb,/root/PPCBench/results/DB5/lightdock_1/4JCV/4JCV_lightdock_1_id.pdb
DB5,holo,23,218,4JCV,lightdock_2,2,4,-0.675986,0.005000,30.944799,25.918907,0.000000,unacceptable,0,done,,/root/PPCBench/dataset/DB5/structures/4JCV/4JCV_r_b.pdb,/root/PPCBench/results/DB5/lightdock_2/4JCV/4JCV_lightdock_2_id.pdb
DB5,holo,23,218,4JCV,lightdock_3,3,3,-0.544911,0.005000,31.847248,26.248634,0.000000,unacceptable,0,done,,/root/PPCBench/dataset/DB5/structures/4JCV/4JCV_r_b.pdb,/root/PPCBench/results/DB5/lightdock_3/4JCV/4JCV_lightdock_3_id.pdb
DB5,holo,23,218,4JCV,lightdock_4,4,5,-0.704476,0.004000,39.215630,30.122406,0.000000,unacceptable,0,done,,/root/PPCBench/dataset/DB5/structures/4JCV/4JCV_r_b.pdb,/root/PPCBench/results/DB5/lightdock_4/4JCV/4JCV_lightdock_4_id.pdb
DB5,holo,23,218,4JCV,lightdock_5,5,1,-0.340973,0.004000,38.363071,31.200285,0.000000,unacceptable,0,done,,/root/PPCBench/dataset/DB5/structures/4JCV/4JCV_r_b.pdb,/root/PPCBench/results/DB5/lightdock_5/4JCV/4JCV_lightdock_5_id.pdb
DB5,holo,24,218,3RVW,lightdock_1,1,2,-1000000.000000,0.013000,30.475969,21.215130,0.000000,unacceptable,0,done,,/root/PPCBench/dataset/DB5/structures/3RVW/3RVW_r_b.pdb,/root/PPCBench/results/DB5/lightdock_1/3RVW/3RVW_lightdock_1_id.pdb
DB5,holo,24,218,3RVW,lightdock_2,2,3,-1000000.000000,0.013000,30.569689,21.284491,0.000000,unacceptable,0,done,,/root/PPCBench/dataset/DB5/structures/3RVW/3RVW_r_b.pdb,/root/PPCBench/results/DB5/lightdock_2/3RVW/3RVW_lightdock_2_id.pdb
DB5,holo,24,218,3RVW,lightdock_3,3,1,-0.776534,0.010000,18.465343,22.230396,16.500885,unacceptable,0,done,,/root/PPCBench/dataset/DB5/structures/3RVW/3RVW_r_b.pdb,/root/PPCBench/results/DB5/lightdock_3/3RVW/3RVW_lightdock_3_id.pdb
DB5,holo,24,218,3RVW,lightdock_4,4,4,-1000000.000000,0.019000,18.948282,15.843251,0.000000,unacceptable,0,done,,/root/PPCBench/dataset/DB5/structures/3RVW/3RVW_r_b.pdb,/root/PPCBench/results/DB5/lightdock_4/3RVW/3RVW_lightdock_4_id.pdb
DB5,holo,24,218,3RVW,lightdock_5,5,5,-1000000.000000,0.013000,28.996426,22.175293,0.000000,unacceptable,0,done,,/root/PPCBench/dataset/DB5/structures/3RVW/3RVW_r_b.pdb,/root/PPCBench/results/DB5/lightdock_5/3RVW/3RVW_lightdock_5_id.pdb
DB5,holo,25,218,1H1V,lightdock_1,1,1,-0.629326,0.004000,35.495522,30.118763,0.000000,unacceptable,0,done,,/root/PPCBench/dataset/DB5/structures/1H1V/1H1V_r_b.pdb,/root/PPCBench/results/DB5/lightdock_1/1H1V/1H1V_lightdock_1_id.pdb
DB5,holo,25,218,1H1V,lightdock_2,2,2,-0.699725,0.005000,36.747814,30.495741,0.000000,unacceptable,0,done,,/root/PPCBench/dataset/DB5/structures/1H1V/1H1V_r_b.pdb,/root/PPCBench/results/DB5/lightdock_2/1H1V/1H1V_lightdock_2_id.pdb
DB5,holo,25,218,1H1V,lightdock_3,3,3,-0.795118,0.015000,17.372208,15.920073,1.063380,unacceptable,0,done,,/root/PPCBench/dataset/DB5/structures/1H1V/1H1V_r_b.pdb,/root/PPCBench/results/DB5/lightdock_3/1H1V/1H1V_lightdock_3_id.pdb
DB5,holo,25,218,1H1V,lightdock_4,4,5,-0.873597,0.007000,17.193794,21.425959,2.204706,unacceptable,0,done,,/root/PPCBench/dataset/DB5/structures/1H1V/1H1V_r_b.pdb,/root/PPCBench/results/DB5/lightdock_4/1H1V/1H1V_lightdock_4_id.pdb
DB5,holo,25,218,1H1V,lightdock_5,5,4,-0.865941,0.010000,25.347536,23.700651,4.003399,unacceptable,0,done,,/root/PPCBench/dataset/DB5/structures/1H1V/1H1V_r_b.pdb,/root/PPCBench/results/DB5/lightdock_5/1H1V/1H1V_lightdock_5_id.pdb
DB5,holo,26,218,5KOV,lightdock_1,1,1,-1000000.000000,0.001000,85.127823,65.695694,0.000000,unacceptable,0,done,,/root/PPCBench/dataset/DB5/structures/5KOV/5KOV_r_b.pdb,/root/PPCBench/results/DB5/lightdock_1/5KOV/5KOV_lightdock_1_id.pdb
DB5,holo,26,218,5KOV,lightdock_2,2,2,-1000000.000000,0.001000,67.411568,54.324520,0.000000,unacceptable,0,done,,/root/PPCBench/dataset/DB5/structures/5KOV/5KOV_r_b.pdb,/root/PPCBench/results/DB5/lightdock_2/5KOV/5KOV_lightdock_2_id.pdb
DB5,holo,26,218,5KOV,lightdock_3,3,3,-1000000.000000,0.001000,83.520607,64.427002,0.000000,unacceptable,0,done,,/root/PPCBench/dataset/DB5/structures/5KOV/5KOV_r_b.pdb,/root/PPCBench/results/DB5/lightdock_3/5KOV/5KOV_lightdock_3_id.pdb
DB5,holo,26,218,5KOV,lightdock_4,4,4,-1000000.000000,0.001000,83.865257,65.506477,0.000000,unacceptable,0,done,,/root/PPCBench/dataset/DB5/structures/5KOV/5KOV_r_b.pdb,/root/PPCBench/results/DB5/lightdock_4/5KOV/5KOV_lightdock_4_id.pdb
DB5,holo,26,218,5KOV,lightdock_5,5,5,-1000000.000000,0.001000,72.242599,64.073204,0.000000,unacceptable,0,done,,/root/PPCBench/dataset/DB5/structures/5KOV/5KOV_r_b.pdb,/root/PPCBench/results/DB5/lightdock_5/5KOV/5KOV_lightdock_5_id.pdb
DB5,holo,27,218,1EZU,lightdock_1,1,4,-1000000.000000,0.003000,42.553654,31.287247,0.000000,unacceptable,0,done,,/root/PPCBench/dataset/DB5/structures/1EZU/1EZU_r_b.pdb,/root/PPCBench/results/DB5/lightdock_1/1EZU/1EZU_lightdock_1_id.pdb
DB5,holo,27,218,1EZU,lightdock_2,2,5,-1000000.000000,0.003000,42.426605,31.197042,0.000000,unacceptable,0,done,,/root/PPCBench/dataset/DB5/structures/1EZU/1EZU_r_b.pdb,/root/PPCBench/results/DB5/lightdock_2/1EZU/1EZU_lightdock_2_id.pdb
DB5,holo,27,218,1EZU,lightdock_3,3,1,-0.800919,0.011000,19.856932,16.032389,1.685366,unacceptable,0,done,,/root/PPCBench/dataset/DB5/structures/1EZU/1EZU_r_b.pdb,/root/PPCBench/results/DB5/lightdock_3/1EZU/1EZU_lightdock_3_id.pdb
DB5,holo,27,218,1EZU,lightdock_4,4,3,-0.970497,0.018000,17.377331,16.855194,0.687487,unacceptable,0,done,,/root/PPCBench/dataset/DB5/structures/1EZU/1EZU_r_b.pdb,/root/PPCBench/results/DB5/lightdock_4/1EZU/1EZU_lightdock_4_id.pdb
DB5,holo,27,218,1EZU,lightdock_5,5,2,-0.845520,0.011000,21.246351,17.665579,0.381235,unacceptable,0,done,,/root/PPCBench/dataset/DB5/structures/1EZU/1EZU_r_b.pdb,/root/PPCBench/results/DB5/lightdock_5/1EZU/1EZU_lightdock_5_id.pdb
DB5,holo,28,218,6DBG,lightdock_1,1,1,-1000000.000000,0.003000,47.399666,46.260159,0.000000,unacceptable,0,done,,/root/PPCBench/dataset/DB5/structures/6DBG/6DBG_r_b.pdb,/root/PPCBench/results/DB5/lightdock_1/6DBG/6DBG_lightdock_1_id.pdb
DB5,holo,28,218,6DBG,lightdock_2,2,2,-1000000.000000,0.002000,64.057457,52.612480,0.000000,unacceptable,0,done,,/root/PPCBench/dataset/DB5/structures/6DBG/6DBG_r_b.pdb,/root/PPCBench/results/DB5/lightdock_2/6DBG/6DBG_lightdock_2_id.pdb
DB5,holo,28,218,6DBG,lightdock_3,3,3,-1000000.000000,0.001000,62.077194,51.903008,0.000000,unacceptable,0,done,,/root/PPCBench/dataset/DB5/structures/6DBG/6DBG_r_b.pdb,/root/PPCBench/results/DB5/lightdock_3/6DBG/6DBG_lightdock_3_id.pdb
DB5,holo,28,218,6DBG,lightdock_4,4,4,-1000000.000000,0.001000,65.609032,54.795811,0.000000,unacceptable,0,done,,/root/PPCBench/dataset/DB5/structures/6DBG/6DBG_r_b.pdb,/root/PPCBench/results/DB5/lightdock_4/6DBG/6DBG_lightdock_4_id.pdb
DB5,holo,28,218,6DBG,lightdock_5,5,5,-1000000.000000,0.002000,52.523495,53.221539,0.000000,unacceptable,0,done,,/root/PPCBench/dataset/DB5/structures/6DBG/6DBG_r_b.pdb,/root/PPCBench/results/DB5/lightdock_5/6DBG/6DBG_lightdock_5_id.pdb
DB5,holo,29,218,2FJU,lightdock_1,1,1,-1000000.000000,0.002000,61.276440,37.457878,0.000000,unacceptable,0,done,,/root/PPCBench/dataset/DB5/structures/2FJU/2FJU_r_b.pdb,/root/PPCBench/results/DB5/lightdock_1/2FJU/2FJU_lightdock_1_id.pdb
DB5,holo,29,218,2FJU,lightdock_2,2,2,-1000000.000000,0.002000,61.463619,37.462376,0.000000,unacceptable,0,done,,/root/PPCBench/dataset/DB5/structures/2FJU/2FJU_r_b.pdb,/root/PPCBench/results/DB5/lightdock_2/2FJU/2FJU_lightdock_2_id.pdb
DB5,holo,29,218,2FJU,lightdock_3,3,3,-1000000.000000,0.003000,43.675785,29.374142,0.000000,unacceptable,0,done,,/root/PPCBench/dataset/DB5/structures/2FJU/2FJU_r_b.pdb,/root/PPCBench/results/DB5/lightdock_3/2FJU/2FJU_lightdock_3_id.pdb
DB5,holo,29,218,2FJU,lightdock_4,4,4,-1000000.000000,0.003000,45.100903,27.973629,0.000000,unacceptable,0,done,,/root/PPCBench/dataset/DB5/structures/2FJU/2FJU_r_b.pdb,/root/PPCBench/results/DB5/lightdock_4/2FJU/2FJU_lightdock_4_id.pdb
DB5,holo,29,218,2FJU,lightdock_5,5,5,-1000000.000000,0.003000,39.250706,27.843836,0.000000,unacceptable,0,done,,/root/PPCBench/dataset/DB5/structures/2FJU/2FJU_r_b.pdb,/root/PPCBench/results/DB5/lightdock_5/2FJU/2FJU_lightdock_5_id.pdb
DB5,holo,30,218,1PXV,lightdock_1,1,3,-0.729359,0.006000,35.055458,24.375467,0.000000,unacceptable,0,done,,/root/PPCBench/dataset/DB5/structures/1PXV/1PXV_r_b.pdb,/root/PPCBench/results/DB5/lightdock_1/1PXV/1PXV_lightdock_1_id.pdb
DB5,holo,30,218,1PXV,lightdock_2,2,5,-0.831758,0.008000,28.343128,20.997366,0.000000,unacceptable,0,done,,/root/PPCBench/dataset/DB5/structures/1PXV/1PXV_r_b.pdb,/root/PPCBench/results/DB5/lightdock_2/1PXV/1PXV_lightdock_2_id.pdb
DB5,holo,30,218,1PXV,lightdock_3,3,4,-0.738464,0.014000,17.863726,15.089701,1.179899,unacceptable,0,done,,/root/PPCBench/dataset/DB5/structures/1PXV/1PXV_r_b.pdb,/root/PPCBench/results/DB5/lightdock_3/1PXV/1PXV_lightdock_3_id.pdb
DB5,holo,30,218,1PXV,lightdock_4,4,2,-0.673878,0.010000,26.822584,20.850031,0.328135,unacceptable,0,done,,/root/PPCBench/dataset/DB5/structures/1PXV/1PXV_r_b.pdb,/root/PPCBench/results/DB5/lightdock_4/1PXV/1PXV_lightdock_4_id.pdb
DB5,holo,30,218,1PXV,lightdock_5,5,1,-0.664942,0.010000,26.960865,20.859125,0.207171,unacceptable,0,done,,/root/PPCBench/dataset/DB5/structures/1PXV/1PXV_r_b.pdb,/root/PPCBench/results/DB5/lightdock_5/1PXV/1PXV_lightdock_5_id.pdb
DB5,holo,31,218,1MLC,lightdock_1,1,1,-1000000.000000,0.004000,40.449745,26.689402,0.000000,unacceptable,0,done,,/root/PPCBench/dataset/DB5/structures/1MLC/1MLC_r_b.pdb,/root/PPCBench/results/DB5/lightdock_1/1MLC/1MLC_lightdock_1_id.pdb
DB5,holo,31,218,1MLC,lightdock_2,2,2,-1000000.000000,0.003000,44.271111,27.135910,0.000000,unacceptable,0,done,,/root/PPCBench/dataset/DB5/structures/1MLC/1MLC_r_b.pdb,/root/PPCBench/results/DB5/lightdock_2/1MLC/1MLC_lightdock_2_id.pdb
DB5,holo,31,218,1MLC,lightdock_3,3,3,-1000000.000000,0.003000,43.941566,27.061001,0.000000,unacceptable,0,done,,/root/PPCBench/dataset/DB5/structures/1MLC/1MLC_r_b.pdb,/root/PPCBench/results/DB5/lightdock_3/1MLC/1MLC_lightdock_3_id.pdb
DB5,holo,31,218,1MLC,lightdock_4,4,4,-1000000.000000,0.004000,35.743057,24.499466,0.000000,unacceptable,0,done,,/root/PPCBench/dataset/DB5/structures/1MLC/1MLC_r_b.pdb,/root/PPCBench/results/DB5/lightdock_4/1MLC/1MLC_lightdock_4_id.pdb
DB5,holo,31,218,1MLC,lightdock_5,5,5,-1000000.000000,0.005000,35.550465,22.839903,0.000000,unacceptable,0,done,,/root/PPCBench/dataset/DB5/structures/1MLC/1MLC_r_b.pdb,/root/PPCBench/results/DB5/lightdock_5/1MLC/1MLC_lightdock_5_id.pdb
DB5,holo,32,218,3HMX,lightdock_1,1,1,-0.737538,0.012000,22.799608,18.178904,0.000000,unacceptable,0,done,,/root/PPCBench/dataset/DB5/structures/3HMX/3HMX_r_b.pdb,/root/PPCBench/results/DB5/lightdock_1/3HMX/3HMX_lightdock_1_id.pdb
DB5,holo,32,218,3HMX,lightdock_2,2,4,-0.814976,0.004000,27.665222,39.850300,26.226797,unacceptable,0,done,,/root/PPCBench/dataset/DB5/structures/3HMX/3HMX_r_b.pdb,/root/PPCBench/results/DB5/lightdock_2/3HMX/3HMX_lightdock_2_id.pdb
DB5,holo,32,218,3HMX,lightdock_3,3,3,-0.782169,0.008000,18.127811,26.151091,0.063929,unacceptable,0,done,,/root/PPCBench/dataset/DB5/structures/3HMX/3HMX_r_b.pdb,/root/PPCBench/results/DB5/lightdock_3/3HMX/3HMX_lightdock_3_id.pdb
DB5,holo,32,218,3HMX,lightdock_4,4,2,-0.774812,0.010000,12.936545,25.079521,2.543552,unacceptable,0,done,,/root/PPCBench/dataset/DB5/structures/3HMX/3HMX_r_b.pdb,/root/PPCBench/results/DB5/lightdock_4/3HMX/3HMX_lightdock_4_id.pdb
DB5,holo,32,218,3HMX,lightdock_5,5,5,-0.817246,0.004000,29.849625,37.805077,5.351440,unacceptable,0,done,,/root/PPCBench/dataset/DB5/structures/3HMX/3HMX_r_b.pdb,/root/PPCBench/results/DB5/lightdock_5/3HMX/3HMX_lightdock_5_id.pdb
DB5,holo,33,218,2I25,lightdock_1,1,1,-1000000.000000,0.002000,50.570755,35.569508,0.000000,unacceptable,0,done,,/root/PPCBench/dataset/DB5/structures/2I25/2I25_r_b.pdb,/root/PPCBench/results/DB5/lightdock_1/2I25/2I25_lightdock_1_id.pdb
DB5,holo,33,218,2I25,lightdock_2,2,2,-1000000.000000,0.002000,48.367485,34.556625,0.000000,unacceptable,0,done,,/root/PPCBench/dataset/DB5/structures/2I25/2I25_r_b.pdb,/root/PPCBench/results/DB5/lightdock_2/2I25/2I25_lightdock_2_id.pdb
DB5,holo,33,218,2I25,lightdock_3,3,3,-1000000.000000,0.002000,53.077038,37.621815,0.000000,unacceptable,0,done,,/root/PPCBench/dataset/DB5/structures/2I25/2I25_r_b.pdb,/root/PPCBench/results/DB5/lightdock_3/2I25/2I25_lightdock_3_id.pdb
DB5,holo,33,218,2I25,lightdock_4,4,4,-1000000.000000,0.003000,47.697800,33.366638,0.000000,unacceptable,0,done,,/root/PPCBench/dataset/DB5/structures/2I25/2I25_r_b.pdb,/root/PPCBench/results/DB5/lightdock_4/2I25/2I25_lightdock_4_id.pdb
DB5,holo,33,218,2I25,lightdock_5,5,5,-1000000.000000,0.002000,53.286095,37.811882,0.000000,unacceptable,0,done,,/root/PPCBench/dataset/DB5/structures/2I25/2I25_r_b.pdb,/root/PPCBench/results/DB5/lightdock_5/2I25/2I25_lightdock_5_id.pdb
DB5,holo,34,218,1XQS,lightdock_1,1,1,-0.401042,0.006000,29.264675,27.909775,0.000000,unacceptable,0,done,,/root/PPCBench/dataset/DB5/structures/1XQS/1XQS_r_b.pdb,/root/PPCBench/results/DB5/lightdock_1/1XQS/1XQS_lightdock_1_id.pdb
DB5,holo,34,218,1XQS,lightdock_2,2,3,-0.796030,0.007000,28.448885,23.905352,0.000000,unacceptable,0,done,,/root/PPCBench/dataset/DB5/structures/1XQS/1XQS_r_b.pdb,/root/PPCBench/results/DB5/lightdock_2/1XQS/1XQS_lightdock_2_id.pdb
DB5,holo,34,218,1XQS,lightdock_3,3,5,-1000000.000000,0.006000,28.996811,22.542238,0.000000,unacceptable,0,done,,/root/PPCBench/dataset/DB5/structures/1XQS/1XQS_r_b.pdb,/root/PPCBench/results/DB5/lightdock_3/1XQS/1XQS_lightdock_3_id.pdb
DB5,holo,34,218,1XQS,lightdock_4,4,2,-0.653766,0.007000,26.102304,27.030111,0.000000,unacceptable,0,done,,/root/PPCBench/dataset/DB5/structures/1XQS/1XQS_r_b.pdb,/root/PPCBench/results/DB5/lightdock_4/1XQS/1XQS_lightdock_4_id.pdb
DB5,holo,34,218,1XQS,lightdock_5,5,4,-0.868262,0.050000,11.557414,14.611442,23.619926,unacceptable,0,done,,/root/PPCBench/dataset/DB5/structures/1XQS/1XQS_r_b.pdb,/root/PPCBench/results/DB5/lightdock_5/1XQS/1XQS_lightdock_5_id.pdb
DB5,holo,35,218,1M10,lightdock_1,1,4,-1000000.000000,0.003000,44.029518,31.628778,0.000000,unacceptable,0,done,,/root/PPCBench/dataset/DB5/structures/1M10/1M10_r_b.pdb,/root/PPCBench/results/DB5/lightdock_1/1M10/1M10_lightdock_1_id.pdb
DB5,holo,35,218,1M10,lightdock_2,2,5,-1000000.000000,0.003000,44.222816,31.485653,0.000000,unacceptable,0,done,,/root/PPCBench/dataset/DB5/structures/1M10/1M10_r_b.pdb,/root/PPCBench/results/DB5/lightdock_2/1M10/1M10_lightdock_2_id.pdb
DB5,holo,35,218,1M10,lightdock_3,3,3,-0.906155,0.010000,22.852121,19.060587,0.760372,unacceptable,0,done,,/root/PPCBench/dataset/DB5/structures/1M10/1M10_r_b.pdb,/root/PPCBench/results/DB5/lightdock_3/1M10/1M10_lightdock_3_id.pdb
DB5,holo,35,218,1M10,lightdock_4,4,1,-0.761054,0.007000,30.111279,24.535873,5.602340,unacceptable,0,done,,/root/PPCBench/dataset/DB5/structures/1M10/1M10_r_b.pdb,/root/PPCBench/results/DB5/lightdock_4/1M10/1M10_lightdock_4_id.pdb
DB5,holo,35,218,1M10,lightdock_5,5,2,-0.766567,0.007000,30.146498,24.593700,5.578319,unacceptable,0,done,,/root/PPCBench/dataset/DB5/structures/1M10/1M10_r_b.pdb,/root/PPCBench/results/DB5/lightdock_5/1M10/1M10_lightdock_5_id.pdb
DB5,holo,36,218,1I2M,lightdock_1,1,1,-0.681786,0.022000,14.181482,13.508782,0.000000,unacceptable,0,done,,/root/PPCBench/dataset/DB5/structures/1I2M/1I2M_r_b.pdb,/root/PPCBench/results/DB5/lightdock_1/1I2M/1I2M_lightdock_1_id.pdb
DB5,holo,36,218,1I2M,lightdock_2,2,3,-0.816594,0.092000,8.556709,13.410652,28.585659,unacceptable,0,done,,/root/PPCBench/dataset/DB5/structures/1I2M/1I2M_r_b.pdb,/root/PPCBench/results/DB5/lightdock_2/1I2M/1I2M_lightdock_2_id.pdb
DB5,holo,36,218,1I2M,lightdock_3,3,5,-0.818632,0.088000,8.595580,13.382948,28.227126,unacceptable,0,done,,/root/PPCBench/dataset/DB5/structures/1I2M/1I2M_r_b.pdb,/root/PPCBench/results/DB5/lightdock_3/1I2M/1I2M_lightdock_3_id.pdb
DB5,holo,36,218,1I2M,lightdock_4,4,2,-0.779262,0.034000,11.739038,10.494380,4.932582,unacceptable,0,done,,/root/PPCBench/dataset/DB5/structures/1I2M/1I2M_r_b.pdb,/root/PPCBench/results/DB5/lightdock_4/1I2M/1I2M_lightdock_4_id.pdb
DB5,holo,36,218,1I2M,lightdock_5,5,4,-0.817714,0.034000,13.641109,11.462165,43.621912,unacceptable,0,done,,/root/PPCBench/dataset/DB5/structures/1I2M/1I2M_r_b.pdb,/root/PPCBench/results/DB5/lightdock_5/1I2M/1I2M_lightdock_5_id.pdb
DB5,holo,37,218,2Z0E,lightdock_1,1,3,-0.771349,0.009000,24.547617,20.321249,0.000000,unacceptable,0,done,,/root/PPCBench/dataset/DB5/structures/2Z0E/2Z0E_r_b.pdb,/root/PPCBench/results/DB5/lightdock_1/2Z0E/2Z0E_lightdock_1_id.pdb
DB5,holo,37,218,2Z0E,lightdock_2,2,4,-0.772286,0.003000,43.288757,29.511597,0.049301,unacceptable,0,done,,/root/PPCBench/dataset/DB5/structures/2Z0E/2Z0E_r_b.pdb,/root/PPCBench/results/DB5/lightdock_2/2Z0E/2Z0E_lightdock_2_id.pdb
DB5,holo,37,218,2Z0E,lightdock_3,3,2,-0.669052,0.007000,18.961576,21.772541,0.000000,unacceptable,0,done,,/root/PPCBench/dataset/DB5/structures/2Z0E/2Z0E_r_b.pdb,/root/PPCBench/results/DB5/lightdock_3/2Z0E/2Z0E_lightdock_3_id.pdb
DB5,holo,37,218,2Z0E,lightdock_4,4,1,-0.664287,0.004000,37.903419,28.169695,1.435348,unacceptable,0,done,,/root/PPCBench/dataset/DB5/structures/2Z0E/2Z0E_r_b.pdb,/root/PPCBench/results/DB5/lightdock_4/2Z0E/2Z0E_lightdock_4_id.pdb
DB5,holo,37,218,2Z0E,lightdock_5,5,5,-0.840050,0.010000,26.644665,22.874029,18.922178,unacceptable,0,done,,/root/PPCBench/dataset/DB5/structures/2Z0E/2Z0E_r_b.pdb,/root/PPCBench/results/DB5/lightdock_5/2Z0E/2Z0E_lightdock_5_id.pdb
DB5,holo,38,218,1LFD,lightdock_1,1,1,-1000000.000000,0.002000,64.513428,48.415516,0.000000,unacceptable,0,done,,/root/PPCBench/dataset/DB5/structures/1LFD/1LFD_r_b.pdb,/root/PPCBench/results/DB5/lightdock_1/1LFD/1LFD_lightdock_1_id.pdb
DB5,holo,38,218,1LFD,lightdock_2,2,2,-1000000.000000,0.002000,52.081703,42.443745,0.000000,unacceptable,0,done,,/root/PPCBench/dataset/DB5/structures/1LFD/1LFD_r_b.pdb,/root/PPCBench/results/DB5/lightdock_2/1LFD/1LFD_lightdock_2_id.pdb
DB5,holo,38,218,1LFD,lightdock_3,3,3,-1000000.000000,0.002000,52.147552,42.251907,0.000000,unacceptable,0,done,,/root/PPCBench/dataset/DB5/structures/1LFD/1LFD_r_b.pdb,/root/PPCBench/results/DB5/lightdock_3/1LFD/1LFD_lightdock_3_id.pdb
DB5,holo,38,218,1LFD,lightdock_4,4,4,-1000000.000000,0.002000,64.210793,47.776188,0.000000,unacceptable,0,done,,/root/PPCBench/dataset/DB5/structures/1LFD/1LFD_r_b.pdb,/root/PPCBench/results/DB5/lightdock_4/1LFD/1LFD_lightdock_4_id.pdb
DB5,holo,38,218,1LFD,lightdock_5,5,5,-1000000.000000,0.001000,67.735146,52.296486,0.000000,unacceptable,0,done,,/root/PPCBench/dataset/DB5/structures/1LFD/1LFD_r_b.pdb,/root/PPCBench/results/DB5/lightdock_5/1LFD/1LFD_lightdock_5_id.pdb
DB5,holo,39,218,1PVH,lightdock_1,1,1,-1000000.000000,0.005000,42.320435,32.452568,0.000000,unacceptable,0,done,,/root/PPCBench/dataset/DB5/structures/1PVH/1PVH_r_b.pdb,/root/PPCBench/results/DB5/lightdock_1/1PVH/1PVH_lightdock_1_id.pdb
DB5,holo,39,218,1PVH,lightdock_2,2,2,-1000000.000000,0.002000,62.714157,48.575348,0.000000,unacceptable,0,done,,/root/PPCBench/dataset/DB5/structures/1PVH/1PVH_r_b.pdb,/root/PPCBench/results/DB5/lightdock_2/1PVH/1PVH_lightdock_2_id.pdb
DB5,holo,39,218,1PVH,lightdock_3,3,3,-1000000.000000,0.002000,62.626083,48.483318,0.000000,unacceptable,0,done,,/root/PPCBench/dataset/DB5/structures/1PVH/1PVH_r_b.pdb,/root/PPCBench/results/DB5/lightdock_3/1PVH/1PVH_lightdock_3_id.pdb
DB5,holo,39,218,1PVH,lightdock_4,4,4,-1000000.000000,0.002000,60.025238,47.382336,0.000000,unacceptable,0,done,,/root/PPCBench/dataset/DB5/structures/1PVH/1PVH_r_b.pdb,/root/PPCBench/results/DB5/lightdock_4/1PVH/1PVH_lightdock_4_id.pdb
DB5,holo,39,218,1PVH,lightdock_5,5,5,-1000000.000000,0.002000,59.175701,45.221523,0.000000,unacceptable,0,done,,/root/PPCBench/dataset/DB5/structures/1PVH/1PVH_r_b.pdb,/root/PPCBench/results/DB5/lightdock_5/1PVH/1PVH_lightdock_5_id.pdb
DB5,holo,40,218,6A0Z,lightdock_1,1,3,-0.829456,0.004000,33.349289,32.042454,6.924096,unacceptable,0,done,,/root/PPCBench/dataset/DB5/structures/6A0Z/6A0Z_r_b.pdb,/root/PPCBench/results/DB5/lightdock_1/6A0Z/6A0Z_lightdock_1_id.pdb
DB5,holo,40,218,6A0Z,lightdock_2,2,5,-1000000.000000,0.007000,23.129070,21.346193,0.000000,unacceptable,0,done,,/root/PPCBench/dataset/DB5/structures/6A0Z/6A0Z_r_b.pdb,/root/PPCBench/results/DB5/lightdock_2/6A0Z/6A0Z_lightdock_2_id.pdb
DB5,holo,40,218,6A0Z,lightdock_3,3,2,-0.782737,0.081000,10.246898,21.796284,26.040809,unacceptable,0,done,,/root/PPCBench/dataset/DB5/structures/6A0Z/6A0Z_r_b.pdb,/root/PPCBench/results/DB5/lightdock_3/6A0Z/6A0Z_lightdock_3_id.pdb
DB5,holo,40,218,6A0Z,lightdock_4,4,1,-0.217711,0.008000,15.649739,19.224600,0.000000,unacceptable,0,done,,/root/PPCBench/dataset/DB5/structures/6A0Z/6A0Z_r_b.pdb,/root/PPCBench/results/DB5/lightdock_4/6A0Z/6A0Z_lightdock_4_id.pdb
DB5,holo,40,218,6A0Z,lightdock_5,5,4,-0.886767,0.005000,35.116631,27.177624,0.423224,unacceptable,0,done,,/root/PPCBench/dataset/DB5/structures/6A0Z/6A0Z_r_b.pdb,/root/PPCBench/results/DB5/lightdock_5/6A0Z/6A0Z_lightdock_5_id.pdb
DB5,holo,41,218,2VIS,lightdock_1,1,1,-1000000.000000,0.001000,85.050911,49.204983,0.000000,unacceptable,0,done,,/root/PPCBench/dataset/DB5/structures/2VIS/2VIS_r_b.pdb,/root/PPCBench/results/DB5/lightdock_1/2VIS/2VIS_lightdock_1_id.pdb
DB5,holo,41,218,2VIS,lightdock_2,2,2,-1000000.000000,0.001000,86.870979,50.138172,0.000000,unacceptable,0,done,,/root/PPCBench/dataset/DB5/structures/2VIS/2VIS_r_b.pdb,/root/PPCBench/results/DB5/lightdock_2/2VIS/2VIS_lightdock_2_id.pdb
DB5,holo,41,218,2VIS,lightdock_3,3,3,-1000000.000000,0.001000,64.137085,40.008301,0.000000,unacceptable,0,done,,/root/PPCBench/dataset/DB5/structures/2VIS/2VIS_r_b.pdb,/root/PPCBench/results/DB5/lightdock_3/2VIS/2VIS_lightdock_3_id.pdb
DB5,holo,41,218,2VIS,lightdock_4,4,4,-1000000.000000,0.001000,64.231522,40.057106,0.000000,unacceptable,0,done,,/root/PPCBench/dataset/DB5/structures/2VIS/2VIS_r_b.pdb,/root/PPCBench/results/DB5/lightdock_4/2VIS/2VIS_lightdock_4_id.pdb
DB5,holo,41,218,2VIS,lightdock_5,5,5,-1000000.000000,0.001000,77.050697,46.041302,0.000000,unacceptable,0,done,,/root/PPCBench/dataset/DB5/structures/2VIS/2VIS_r_b.pdb,/root/PPCBench/results/DB5/lightdock_5/2VIS/2VIS_lightdock_5_id.pdb
DB5,holo,42,218,4G6M,lightdock_1,1,1,-0.568371,0.016000,17.616341,14.141933,0.000000,unacceptable,0,done,,/root/PPCBench/dataset/DB5/structures/4G6M/4G6M_r_b.pdb,/root/PPCBench/results/DB5/lightdock_1/4G6M/4G6M_lightdock_1_id.pdb
DB5,holo,42,218,4G6M,lightdock_2,2,5,-1000000.000000,0.011000,24.969433,17.700962,0.000000,unacceptable,0,done,,/root/PPCBench/dataset/DB5/structures/4G6M/4G6M_r_b.pdb,/root/PPCBench/results/DB5/lightdock_2/4G6M/4G6M_lightdock_2_id.pdb
DB5,holo,42,218,4G6M,lightdock_3,3,2,-0.689318,0.015000,19.479559,14.947142,0.000000,unacceptable,0,done,,/root/PPCBench/dataset/DB5/structures/4G6M/4G6M_r_b.pdb,/root/PPCBench/results/DB5/lightdock_3/4G6M/4G6M_lightdock_3_id.pdb
DB5,holo,42,218,4G6M,lightdock_4,4,4,-0.872860,0.005000,22.854874,29.257927,10.815962,unacceptable,0,done,,/root/PPCBench/dataset/DB5/structures/4G6M/4G6M_r_b.pdb,/root/PPCBench/results/DB5/lightdock_4/4G6M/4G6M_lightdock_4_id.pdb
DB5,holo,42,218,4G6M,lightdock_5,5,3,-0.853754,0.013000,22.930710,14.631225,0.000000,unacceptable,0,done,,/root/PPCBench/dataset/DB5/structures/4G6M/4G6M_r_b.pdb,/root/PPCBench/results/DB5/lightdock_5/4G6M/4G6M_lightdock_5_id.pdb
DB5,holo,43,218,1M27,lightdock_1,1,1,-1000000.000000,0.012000,23.439732,18.625961,0.000000,unacceptable,0,done,,/root/PPCBench/dataset/DB5/structures/1M27/1M27_r_b.pdb,/root/PPCBench/results/DB5/lightdock_1/1M27/1M27_lightdock_1_id.pdb
DB5,holo,43,218,1M27,lightdock_2,2,2,-1000000.000000,0.004000,48.737743,35.990131,0.000000,unacceptable,0,done,,/root/PPCBench/dataset/DB5/structures/1M27/1M27_r_b.pdb,/root/PPCBench/results/DB5/lightdock_2/1M27/1M27_lightdock_2_id.pdb
DB5,holo,43,218,1M27,lightdock_3,3,3,-1000000.000000,0.011000,21.358763,19.672100,0.000000,unacceptable,0,done,,/root/PPCBench/dataset/DB5/structures/1M27/1M27_r_b.pdb,/root/PPCBench/results/DB5/lightdock_3/1M27/1M27_lightdock_3_id.pdb
DB5,holo,43,218,1M27,lightdock_4,4,4,-1000000.000000,0.004000,48.713715,35.909466,0.000000,unacceptable,0,done,,/root/PPCBench/dataset/DB5/structures/1M27/1M27_r_b.pdb,/root/PPCBench/results/DB5/lightdock_4/1M27/1M27_lightdock_4_id.pdb
DB5,holo,43,218,1M27,lightdock_5,5,5,-1000000.000000,0.004000,38.103226,32.632542,0.000000,unacceptable,0,done,,/root/PPCBench/dataset/DB5/structures/1M27/1M27_r_b.pdb,/root/PPCBench/results/DB5/lightdock_5/1M27/1M27_lightdock_5_id.pdb
DB5,holo,44,218,1IJK,lightdock_1,1,1,-1000000.000000,0.005000,40.099003,24.795950,0.000000,unacceptable,0,done,,/root/PPCBench/dataset/DB5/structures/1IJK/1IJK_r_b.pdb,/root/PPCBench/results/DB5/lightdock_1/1IJK/1IJK_lightdock_1_id.pdb
DB5,holo,44,218,1IJK,lightdock_2,2,2,-1000000.000000,0.004000,46.951160,30.472574,0.000000,unacceptable,0,done,,/root/PPCBench/dataset/DB5/structures/1IJK/1IJK_r_b.pdb,/root/PPCBench/results/DB5/lightdock_2/1IJK/1IJK_lightdock_2_id.pdb
DB5,holo,44,218,1IJK,lightdock_3,3,3,-1000000.000000,0.005000,39.811909,24.703074,0.000000,unacceptable,0,done,,/root/PPCBench/dataset/DB5/structures/1IJK/1IJK_r_b.pdb,/root/PPCBench/results/DB5/lightdock_3/1IJK/1IJK_lightdock_3_id.pdb
DB5,holo,44,218,1IJK,lightdock_4,4,4,-1000000.000000,0.007000,29.009163,21.177956,0.000000,unacceptable,0,done,,/root/PPCBench/dataset/DB5/structures/1IJK/1IJK_r_b.pdb,/root/PPCBench/results/DB5/lightdock_4/1IJK/1IJK_lightdock_4_id.pdb
DB5,holo,44,218,1IJK,lightdock_5,5,5,-1000000.000000,0.004000,40.546082,29.832233,0.000000,unacceptable,0,done,,/root/PPCBench/dataset/DB5/structures/1IJK/1IJK_r_b.pdb,/root/PPCBench/results/DB5/lightdock_5/1IJK/1IJK_lightdock_5_id.pdb
DB5,holo,45,218,3R9A,lightdock_1,1,3,-0.797110,0.012000,21.569187,16.156021,0.024406,unacceptable,0,done,,/root/PPCBench/dataset/DB5/structures/3R9A/3R9A_r_b.pdb,/root/PPCBench/results/DB5/lightdock_1/3R9A/3R9A_lightdock_1_id.pdb
DB5,holo,45,218,3R9A,lightdock_2,2,5,-0.859792,0.008000,28.343939,24.221615,24.428020,unacceptable,0,done,,/root/PPCBench/dataset/DB5/structures/3R9A/3R9A_r_b.pdb,/root/PPCBench/results/DB5/lightdock_2/3R9A/3R9A_lightdock_2_id.pdb
DB5,holo,45,218,3R9A,lightdock_3,3,4,-0.801055,0.010000,25.317028,18.644455,3.569674,unacceptable,0,done,,/root/PPCBench/dataset/DB5/structures/3R9A/3R9A_r_b.pdb,/root/PPCBench/results/DB5/lightdock_3/3R9A/3R9A_lightdock_3_id.pdb
DB5,holo,45,218,3R9A,lightdock_4,4,1,-0.738414,0.011000,20.826876,18.408339,6.616229,unacceptable,0,done,,/root/PPCBench/dataset/DB5/structures/3R9A/3R9A_r_b.pdb,/root/PPCBench/results/DB5/lightdock_4/3R9A/3R9A_lightdock_4_id.pdb
DB5,holo,45,218,3R9A,lightdock_5,5,2,-0.775437,0.010000,21.055176,23.431259,7.462723,unacceptable,0,done,,/root/PPCBench/dataset/DB5/structures/3R9A/3R9A_r_b.pdb,/root/PPCBench/results/DB5/lightdock_5/3R9A/3R9A_lightdock_5_id.pdb
DB5,holo,46,218,5Y9J,lightdock_1,1,1,-1000000.000000,0.002000,37.238560,31.079865,0.000000,unacceptable,0,done,,/root/PPCBench/dataset/DB5/structures/5Y9J/5Y9J_r_b.pdb,/root/PPCBench/results/DB5/lightdock_1/5Y9J/5Y9J_lightdock_1_id.pdb
DB5,holo,46,218,5Y9J,lightdock_2,2,2,-1000000.000000,0.002000,37.278034,31.120487,0.000000,unacceptable,0,done,,/root/PPCBench/dataset/DB5/structures/5Y9J/5Y9J_r_b.pdb,/root/PPCBench/results/DB5/lightdock_2/5Y9J/5Y9J_lightdock_2_id.pdb
DB5,holo,46,218,5Y9J,lightdock_3,3,3,-1000000.000000,0.003000,40.011051,28.262363,0.000000,unacceptable,0,done,,/root/PPCBench/dataset/DB5/structures/5Y9J/5Y9J_r_b.pdb,/root/PPCBench/results/DB5/lightdock_3/5Y9J/5Y9J_lightdock_3_id.pdb
DB5,holo,46,218,5Y9J,lightdock_4,4,4,-1000000.000000,0.009000,37.244545,28.042088,0.000000,unacceptable,0,done,,/root/PPCBench/dataset/DB5/structures/5Y9J/5Y9J_r_b.pdb,/root/PPCBench/results/DB5/lightdock_4/5Y9J/5Y9J_lightdock_4_id.pdb
DB5,holo,46,218,5Y9J,lightdock_5,5,5,-1000000.000000,0.004000,33.213963,24.846865,0.000000,unacceptable,0,done,,/root/PPCBench/dataset/DB5/structures/5Y9J/5Y9J_r_b.pdb,/root/PPCBench/results/DB5/lightdock_5/5Y9J/5Y9J_lightdock_5_id.pdb
DB5,holo,47,218,1HCF,lightdock_1,1,1,-1000000.000000,0.008000,30.864567,23.761047,0.000000,unacceptable,0,done,,/root/PPCBench/dataset/DB5/structures/1HCF/1HCF_r_b.pdb,/root/PPCBench/results/DB5/lightdock_1/1HCF/1HCF_lightdock_1_id.pdb
DB5,holo,47,218,1HCF,lightdock_2,2,2,-1000000.000000,0.009000,31.672686,22.682306,0.000000,unacceptable,0,done,,/root/PPCBench/dataset/DB5/structures/1HCF/1HCF_r_b.pdb,/root/PPCBench/results/DB5/lightdock_2/1HCF/1HCF_lightdock_2_id.pdb
DB5,holo,47,218,1HCF,lightdock_3,3,3,-1000000.000000,0.009000,30.491146,22.150843,0.000000,unacceptable,0,done,,/root/PPCBench/dataset/DB5/structures/1HCF/1HCF_r_b.pdb,/root/PPCBench/results/DB5/lightdock_3/1HCF/1HCF_lightdock_3_id.pdb
DB5,holo,47,218,1HCF,lightdock_4,4,4,-1000000.000000,0.009000,27.437260,20.872463,0.000000,unacceptable,0,done,,/root/PPCBench/dataset/DB5/structures/1HCF/1HCF_r_b.pdb,/root/PPCBench/results/DB5/lightdock_4/1HCF/1HCF_lightdock_4_id.pdb
DB5,holo,47,218,1HCF,lightdock_5,5,5,-1000000.000000,0.009000,27.523926,20.918589,0.000000,unacceptable,0,done,,/root/PPCBench/dataset/DB5/structures/1HCF/1HCF_r_b.pdb,/root/PPCBench/results/DB5/lightdock_5/1HCF/1HCF_lightdock_5_id.pdb
DB5,holo,48,218,3PC8,lightdock_1,1,2,-0.745737,0.049000,13.203347,13.432950,0.000000,unacceptable,0,done,,/root/PPCBench/dataset/DB5/structures/3PC8/3PC8_r_b.pdb,/root/PPCBench/results/DB5/lightdock_1/3PC8/3PC8_lightdock_1_id.pdb
DB5,holo,48,218,3PC8,lightdock_2,2,1,-0.701116,0.131000,5.212724,10.565632,1.455839,unacceptable,0,done,,/root/PPCBench/dataset/DB5/structures/3PC8/3PC8_r_b.pdb,/root/PPCBench/results/DB5/lightdock_2/3PC8/3PC8_lightdock_2_id.pdb
DB5,holo,48,218,3PC8,lightdock_3,3,3,-0.749597,0.020000,16.704721,13.654176,0.155382,unacceptable,0,done,,/root/PPCBench/dataset/DB5/structures/3PC8/3PC8_r_b.pdb,/root/PPCBench/results/DB5/lightdock_3/3PC8/3PC8_lightdock_3_id.pdb
DB5,holo,48,218,3PC8,lightdock_4,4,5,-0.927785,0.059000,6.312484,14.724766,17.470103,unacceptable,0,done,,/root/PPCBench/dataset/DB5/structures/3PC8/3PC8_r_b.pdb,/root/PPCBench/results/DB5/lightdock_4/3PC8/3PC8_lightdock_4_id.pdb
DB5,holo,48,218,3PC8,lightdock_5,5,4,-0.926744,0.059000,6.423494,14.709333,17.027064,unacceptable,0,done,,/root/PPCBench/dataset/DB5/structures/3PC8/3PC8_r_b.pdb,/root/PPCBench/results/DB5/lightdock_5/3PC8/3PC8_lightdock_5_id.pdb
DB5,holo,49,218,1AK4,lightdock_1,1,1,-1000000.000000,0.006000,39.058491,25.023027,0.000000,unacceptable,0,done,,/root/PPCBench/dataset/DB5/structures/1AK4/1AK4_r_b.pdb,/root/PPCBench/results/DB5/lightdock_1/1AK4/1AK4_lightdock_1_id.pdb
DB5,holo,49,218,1AK4,lightdock_2,2,2,-1000000.000000,0.005000,34.812477,30.731243,0.000000,unacceptable,0,done,,/root/PPCBench/dataset/DB5/structures/1AK4/1AK4_r_b.pdb,/root/PPCBench/results/DB5/lightdock_2/1AK4/1AK4_lightdock_2_id.pdb
DB5,holo,49,218,1AK4,lightdock_3,3,3,-1000000.000000,0.004000,46.619022,34.160511,0.000000,unacceptable,0,done,,/root/PPCBench/dataset/DB5/structures/1AK4/1AK4_r_b.pdb,/root/PPCBench/results/DB5/lightdock_3/1AK4/1AK4_lightdock_3_id.pdb
DB5,holo,49,218,1AK4,lightdock_4,4,4,-1000000.000000,0.005000,42.319286,30.277208,0.000000,unacceptable,0,done,,/root/PPCBench/dataset/DB5/structures/1AK4/1AK4_r_b.pdb,/root/PPCBench/results/DB5/lightdock_4/1AK4/1AK4_lightdock_4_id.pdb
DB5,holo,49,218,1AK4,lightdock_5,5,5,-1000000.000000,0.006000,28.737757,21.225941,0.000000,unacceptable,0,done,,/root/PPCBench/dataset/DB5/structures/1AK4/1AK4_r_b.pdb,/root/PPCBench/results/DB5/lightdock_5/1AK4/1AK4_lightdock_5_id.pdb
DB5,holo,50,218,2GAF,lightdock_1,1,1,0.423500,0.007000,28.082914,20.770304,0.000000,unacceptable,0,done,,/root/PPCBench/dataset/DB5/structures/2GAF/2GAF_r_b.pdb,/root/PPCBench/results/DB5/lightdock_1/2GAF/2GAF_lightdock_1_id.pdb
DB5,holo,50,218,2GAF,lightdock_2,2,2,0.364961,0.005000,35.388409,25.046394,0.000000,unacceptable,0,done,,/root/PPCBench/dataset/DB5/structures/2GAF/2GAF_r_b.pdb,/root/PPCBench/results/DB5/lightdock_2/2GAF/2GAF_lightdock_2_id.pdb
DB5,holo,50,218,2GAF,lightdock_3,3,3,-1000000.000000,0.002000,56.005585,37.018520,0.000000,unacceptable,0,done,,/root/PPCBench/dataset/DB5/structures/2GAF/2GAF_r_b.pdb,/root/PPCBench/results/DB5/lightdock_3/2GAF/2GAF_lightdock_3_id.pdb
DB5,holo,50,218,2GAF,lightdock_4,4,4,-1000000.000000,0.003000,46.811039,35.597607,0.000000,unacceptable,0,done,,/root/PPCBench/dataset/DB5/structures/2GAF/2GAF_r_b.pdb,/root/PPCBench/results/DB5/lightdock_4/2GAF/2GAF_lightdock_4_id.pdb
DB5,holo,50,218,2GAF,lightdock_5,5,5,-1000000.000000,0.003000,45.652008,35.119118,0.000000,unacceptable,0,done,,/root/PPCBench/dataset/DB5/structures/2GAF/2GAF_r_b.pdb,/root/PPCBench/results/DB5/lightdock_5/2GAF/2GAF_lightdock_5_id.pdb
DB5,holo,51,218,1FQ1,lightdock_1,1,2,-1000000.000000,0.004000,47.500992,32.860992,0.000000,unacceptable,0,done,,/root/PPCBench/dataset/DB5/structures/1FQ1/1FQ1_r_b.pdb,/root/PPCBench/results/DB5/lightdock_1/1FQ1/1FQ1_lightdock_1_id.pdb
DB5,holo,51,218,1FQ1,lightdock_2,2,3,-1000000.000000,0.006000,42.901035,31.395685,0.000000,unacceptable,0,done,,/root/PPCBench/dataset/DB5/structures/1FQ1/1FQ1_r_b.pdb,/root/PPCBench/results/DB5/lightdock_2/1FQ1/1FQ1_lightdock_2_id.pdb
DB5,holo,51,218,1FQ1,lightdock_3,3,4,-1000000.000000,0.006000,43.031685,31.503265,0.000000,unacceptable,0,done,,/root/PPCBench/dataset/DB5/structures/1FQ1/1FQ1_r_b.pdb,/root/PPCBench/results/DB5/lightdock_3/1FQ1/1FQ1_lightdock_3_id.pdb
DB5,holo,51,218,1FQ1,lightdock_4,4,5,-1000000.000000,0.002000,58.364017,37.207439,0.000000,unacceptable,0,done,,/root/PPCBench/dataset/DB5/structures/1FQ1/1FQ1_r_b.pdb,/root/PPCBench/results/DB5/lightdock_4/1FQ1/1FQ1_lightdock_4_id.pdb
DB5,holo,51,218,1FQ1,lightdock_5,5,1,-0.780305,0.006000,33.380516,22.279123,0.000000,unacceptable,0,done,,/root/PPCBench/dataset/DB5/structures/1FQ1/1FQ1_r_b.pdb,/root/PPCBench/results/DB5/lightdock_5/1FQ1/1FQ1_lightdock_5_id.pdb
DB5,holo,52,218,1I4D,lightdock_1,1,2,-0.758560,0.011000,17.744976,22.024599,5.179176,unacceptable,0,done,,/root/PPCBench/dataset/DB5/structures/1I4D/1I4D_r_b.pdb,/root/PPCBench/results/DB5/lightdock_1/1I4D/1I4D_lightdock_1_id.pdb
DB5,holo,52,218,1I4D,lightdock_2,2,5,-0.808828,0.017000,13.437675,20.171618,37.373638,unacceptable,0,done,,/root/PPCBench/dataset/DB5/structures/1I4D/1I4D_r_b.pdb,/root/PPCBench/results/DB5/lightdock_2/1I4D/1I4D_lightdock_2_id.pdb
DB5,holo,52,218,1I4D,lightdock_3,3,3,-0.765764,0.020000,17.095894,17.085463,32.871400,unacceptable,0,done,,/root/PPCBench/dataset/DB5/structures/1I4D/1I4D_r_b.pdb,/root/PPCBench/results/DB5/lightdock_3/1I4D/1I4D_lightdock_3_id.pdb
DB5,holo,52,218,1I4D,lightdock_4,4,1,-0.400118,0.004000,30.998964,32.773125,0.000000,unacceptable,0,done,,/root/PPCBench/dataset/DB5/structures/1I4D/1I4D_r_b.pdb,/root/PPCBench/results/DB5/lightdock_4/1I4D/1I4D_lightdock_4_id.pdb
DB5,holo,52,218,1I4D,lightdock_5,5,4,-0.785878,0.010000,21.779888,22.117010,4.054908,unacceptable,0,done,,/root/PPCBench/dataset/DB5/structures/1I4D/1I4D_r_b.pdb,/root/PPCBench/results/DB5/lightdock_5/1I4D/1I4D_lightdock_5_id.pdb
DB5,holo,54,218,3EO1,lightdock_1,1,2,-0.704889,0.004000,22.022263,26.175076,0.000000,unacceptable,0,done,,/root/PPCBench/dataset/DB5/structures/3EO1/3EO1_r_b.pdb,/root/PPCBench/results/DB5/lightdock_1/3EO1/3EO1_lightdock_1_id.pdb
DB5,holo,54,218,3EO1,lightdock_2,2,3,-0.706448,0.004000,22.360125,26.409781,0.006783,unacceptable,0,done,,/root/PPCBench/dataset/DB5/structures/3EO1/3EO1_r_b.pdb,/root/PPCBench/results/DB5/lightdock_2/3EO1/3EO1_lightdock_2_id.pdb
DB5,holo,54,218,3EO1,lightdock_3,3,1,-0.670769,0.004000,25.856596,26.628437,0.000000,unacceptable,0,done,,/root/PPCBench/dataset/DB5/structures/3EO1/3EO1_r_b.pdb,/root/PPCBench/results/DB5/lightdock_3/3EO1/3EO1_lightdock_3_id.pdb
DB5,holo,54,218,3EO1,lightdock_4,4,4,-0.722788,0.003000,42.518684,29.371124,0.522613,unacceptable,0,done,,/root/PPCBench/dataset/DB5/structures/3EO1/3EO1_r_b.pdb,/root/PPCBench/results/DB5/lightdock_4/3EO1/3EO1_lightdock_4_id.pdb
DB5,holo,54,218,3EO1,lightdock_5,5,5,-0.763001,0.005000,21.092760,24.928205,0.022941,unacceptable,0,done,,/root/PPCBench/dataset/DB5/structures/3EO1/3EO1_r_b.pdb,/root/PPCBench/results/DB5/lightdock_5/3EO1/3EO1_lightdock_5_id.pdb
DB5,holo,56,218,6A77,lightdock_1,1,1,-0.668187,0.006000,27.548866,22.621286,0.000000,unacceptable,0,done,,/root/PPCBench/dataset/DB5/structures/6A77/6A77_r_b.pdb,/root/PPCBench/results/DB5/lightdock_1/6A77/6A77_lightdock_1_id.pdb
DB5,holo,56,218,6A77,lightdock_2,2,4,-0.755453,0.013000,20.364637,15.608754,8.884804,unacceptable,0,done,,/root/PPCBench/dataset/DB5/structures/6A77/6A77_r_b.pdb,/root/PPCBench/results/DB5/lightdock_2/6A77/6A77_lightdock_2_id.pdb
DB5,holo,56,218,6A77,lightdock_3,3,2,-0.683449,0.008000,28.755873,20.246151,0.000000,unacceptable,0,done,,/root/PPCBench/dataset/DB5/structures/6A77/6A77_r_b.pdb,/root/PPCBench/results/DB5/lightdock_3/6A77/6A77_lightdock_3_id.pdb
DB5,holo,56,218,6A77,lightdock_4,4,5,-0.795847,0.010000,22.199762,18.310604,0.000000,unacceptable,0,done,,/root/PPCBench/dataset/DB5/structures/6A77/6A77_r_b.pdb,/root/PPCBench/results/DB5/lightdock_4/6A77/6A77_lightdock_4_id.pdb
DB5,holo,56,218,6A77,lightdock_5,5,3,-0.719569,0.010000,24.707989,17.532530,0.454219,unacceptable,0,done,,/root/PPCBench/dataset/DB5/structures/6A77/6A77_r_b.pdb,/root/PPCBench/results/DB5/lightdock_5/6A77/6A77_lightdock_5_id.pdb
DB5,holo,57,218,2YVJ,lightdock_1,1,4,-0.793170,0.033000,10.107367,11.660064,9.109766,unacceptable,0,done,,/root/PPCBench/dataset/DB5/structures/2YVJ/2YVJ_r_b.pdb,/root/PPCBench/results/DB5/lightdock_1/2YVJ/2YVJ_lightdock_1_id.pdb
DB5,holo,57,218,2YVJ,lightdock_2,2,5,-0.868937,0.013000,20.029100,17.856876,25.132968,unacceptable,0,done,,/root/PPCBench/dataset/DB5/structures/2YVJ/2YVJ_r_b.pdb,/root/PPCBench/results/DB5/lightdock_2/2YVJ/2YVJ_lightdock_2_id.pdb
DB5,holo,57,218,2YVJ,lightdock_3,3,2,-0.706220,0.024000,18.423101,11.910563,0.920703,unacceptable,0,done,,/root/PPCBench/dataset/DB5/structures/2YVJ/2YVJ_r_b.pdb,/root/PPCBench/results/DB5/lightdock_3/2YVJ/2YVJ_lightdock_3_id.pdb
DB5,holo,57,218,2YVJ,lightdock_4,4,1,-0.675962,0.024000,18.248270,11.859861,1.179388,unacceptable,0,done,,/root/PPCBench/dataset/DB5/structures/2YVJ/2YVJ_r_b.pdb,/root/PPCBench/results/DB5/lightdock_4/2YVJ/2YVJ_lightdock_4_id.pdb
DB5,holo,57,218,2YVJ,lightdock_5,5,3,-0.790944,0.031000,17.468651,11.382363,1.828695,unacceptable,0,done,,/root/PPCBench/dataset/DB5/structures/2YVJ/2YVJ_r_b.pdb,/root/PPCBench/results/DB5/lightdock_5/2YVJ/2YVJ_lightdock_5_id.pdb
DB5,holo,58,218,7CEI,lightdock_1,1,5,-0.967700,0.008000,27.797230,19.310251,0.000000,unacceptable,0,done,,/root/PPCBench/dataset/DB5/structures/7CEI/7CEI_r_b.pdb,/root/PPCBench/results/DB5/lightdock_1/7CEI/7CEI_lightdock_1_id.pdb
DB5,holo,58,218,7CEI,lightdock_2,2,3,-0.764590,0.014000,20.322487,16.280531,2.549780,unacceptable,0,done,,/root/PPCBench/dataset/DB5/structures/7CEI/7CEI_r_b.pdb,/root/PPCBench/results/DB5/lightdock_2/7CEI/7CEI_lightdock_2_id.pdb
DB5,holo,58,218,7CEI,lightdock_3,3,2,-0.688102,0.032000,16.245546,14.472824,0.000000,unacceptable,0,done,,/root/PPCBench/dataset/DB5/structures/7CEI/7CEI_r_b.pdb,/root/PPCBench/results/DB5/lightdock_3/7CEI/7CEI_lightdock_3_id.pdb
DB5,holo,58,218,7CEI,lightdock_4,4,1,-0.668968,0.032000,16.148191,14.424102,0.016992,unacceptable,0,done,,/root/PPCBench/dataset/DB5/structures/7CEI/7CEI_r_b.pdb,/root/PPCBench/results/DB5/lightdock_4/7CEI/7CEI_lightdock_4_id.pdb
DB5,holo,58,218,7CEI,lightdock_5,5,4,-0.882245,0.008000,27.952509,19.483656,0.000000,unacceptable,0,done,,/root/PPCBench/dataset/DB5/structures/7CEI/7CEI_r_b.pdb,/root/PPCBench/results/DB5/lightdock_5/7CEI/7CEI_lightdock_5_id.pdb
DB5,holo,59,218,1RKE,lightdock_1,1,1,-0.260225,0.010000,27.821447,18.460615,0.000000,unacceptable,0,done,,/root/PPCBench/dataset/DB5/structures/1RKE/1RKE_r_b.pdb,/root/PPCBench/results/DB5/lightdock_1/1RKE/1RKE_lightdock_1_id.pdb
DB5,holo,59,218,1RKE,lightdock_2,2,2,-0.701717,0.018000,18.883560,15.642972,1.388462,unacceptable,0,done,,/root/PPCBench/dataset/DB5/structures/1RKE/1RKE_r_b.pdb,/root/PPCBench/results/DB5/lightdock_2/1RKE/1RKE_lightdock_2_id.pdb
DB5,holo,59,218,1RKE,lightdock_3,3,4,-1000000.000000,0.009000,29.299603,23.841843,0.000000,unacceptable,0,done,,/root/PPCBench/dataset/DB5/structures/1RKE/1RKE_r_b.pdb,/root/PPCBench/results/DB5/lightdock_3/1RKE/1RKE_lightdock_3_id.pdb
DB5,holo,59,218,1RKE,lightdock_4,4,5,-1000000.000000,0.005000,33.276432,32.501038,0.000000,unacceptable,0,done,,/root/PPCBench/dataset/DB5/structures/1RKE/1RKE_r_b.pdb,/root/PPCBench/results/DB5/lightdock_4/1RKE/1RKE_lightdock_4_id.pdb
DB5,holo,59,218,1RKE,lightdock_5,5,3,-0.736815,0.025000,12.002332,15.213846,0.449131,unacceptable,0,done,,/root/PPCBench/dataset/DB5/structures/1RKE/1RKE_r_b.pdb,/root/PPCBench/results/DB5/lightdock_5/1RKE/1RKE_lightdock_5_id.pdb
DB5,holo,60,218,3K75,lightdock_1,1,3,-0.812289,0.015000,18.288340,18.524260,29.560986,unacceptable,0,done,,/root/PPCBench/dataset/DB5/structures/3K75/3K75_r_b.pdb,/root/PPCBench/results/DB5/lightdock_1/3K75/3K75_lightdock_1_id.pdb
DB5,holo,60,218,3K75,lightdock_2,2,2,-0.741942,0.006000,31.547522,25.780794,0.000000,unacceptable,0,done,,/root/PPCBench/dataset/DB5/structures/3K75/3K75_r_b.pdb,/root/PPCBench/results/DB5/lightdock_2/3K75/3K75_lightdock_2_id.pdb
DB5,holo,60,218,3K75,lightdock_3,3,4,-0.827926,0.019000,16.242731,17.204849,10.494239,unacceptable,0,done,,/root/PPCBench/dataset/DB5/structures/3K75/3K75_r_b.pdb,/root/PPCBench/results/DB5/lightdock_3/3K75/3K75_lightdock_3_id.pdb
DB5,holo,60,218,3K75,lightdock_4,4,1,-0.730487,0.007000,23.050739,23.602850,0.000000,unacceptable,0,done,,/root/PPCBench/dataset/DB5/structures/3K75/3K75_r_b.pdb,/root/PPCBench/results/DB5/lightdock_4/3K75/3K75_lightdock_4_id.pdb
DB5,holo,60,218,3K75,lightdock_5,5,5,-0.843809,0.006000,31.154886,25.985256,1.192550,unacceptable,0,done,,/root/PPCBench/dataset/DB5/structures/3K75/3K75_r_b.pdb,/root/PPCBench/results/DB5/lightdock_5/3K75/3K75_lightdock_5_id.pdb
DB5,holo,61,218,1JTG,lightdock_1,1,1,-0.616472,0.011000,23.950096,19.842186,0.000000,unacceptable,0,done,,/root/PPCBench/dataset/DB5/structures/1JTG/1JTG_r_b.pdb,/root/PPCBench/results/DB5/lightdock_1/1JTG/1JTG_lightdock_1_id.pdb
DB5,holo,61,218,1JTG,lightdock_2,2,2,-1000000.000000,0.004000,45.039501,34.147659,0.000000,unacceptable,0,done,,/root/PPCBench/dataset/DB5/structures/1JTG/1JTG_r_b.pdb,/root/PPCBench/results/DB5/lightdock_2/1JTG/1JTG_lightdock_2_id.pdb
DB5,holo,61,218,1JTG,lightdock_3,3,3,-1000000.000000,0.009000,32.913231,23.753345,0.000000,unacceptable,0,done,,/root/PPCBench/dataset/DB5/structures/1JTG/1JTG_r_b.pdb,/root/PPCBench/results/DB5/lightdock_3/1JTG/1JTG_lightdock_3_id.pdb
DB5,holo,61,218,1JTG,lightdock_4,4,4,-1000000.000000,0.010000,29.542099,21.861238,0.000000,unacceptable,0,done,,/root/PPCBench/dataset/DB5/structures/1JTG/1JTG_r_b.pdb,/root/PPCBench/results/DB5/lightdock_4/1JTG/1JTG_lightdock_4_id.pdb
DB5,holo,61,218,1JTG,lightdock_5,5,5,-1000000.000000,0.007000,37.731026,28.666424,0.000000,unacceptable,0,done,,/root/PPCBench/dataset/DB5/structures/1JTG/1JTG_r_b.pdb,/root/PPCBench/results/DB5/lightdock_5/1JTG/1JTG_lightdock_5_id.pdb
DB5,holo,62,218,5SV3,lightdock_1,1,1,-1000000.000000,0.003000,43.884228,30.515020,0.000000,unacceptable,0,done,,/root/PPCBench/dataset/DB5/structures/5SV3/5SV3_r_b.pdb,/root/PPCBench/results/DB5/lightdock_1/5SV3/5SV3_lightdock_1_id.pdb
DB5,holo,62,218,5SV3,lightdock_2,2,2,-1000000.000000,0.006000,28.574303,25.852087,0.000000,unacceptable,0,done,,/root/PPCBench/dataset/DB5/structures/5SV3/5SV3_r_b.pdb,/root/PPCBench/results/DB5/lightdock_2/5SV3/5SV3_lightdock_2_id.pdb
DB5,holo,62,218,5SV3,lightdock_3,3,3,-1000000.000000,0.004000,38.168224,30.189827,0.000000,unacceptable,0,done,,/root/PPCBench/dataset/DB5/structures/5SV3/5SV3_r_b.pdb,/root/PPCBench/results/DB5/lightdock_3/5SV3/5SV3_lightdock_3_id.pdb
DB5,holo,62,218,5SV3,lightdock_4,4,4,-1000000.000000,0.007000,27.401941,21.891336,0.000000,unacceptable,0,done,,/root/PPCBench/dataset/DB5/structures/5SV3/5SV3_r_b.pdb,/root/PPCBench/results/DB5/lightdock_4/5SV3/5SV3_lightdock_4_id.pdb
DB5,holo,62,218,5SV3,lightdock_5,5,5,-1000000.000000,0.005000,34.808918,24.172426,0.000000,unacceptable,0,done,,/root/PPCBench/dataset/DB5/structures/5SV3/5SV3_r_b.pdb,/root/PPCBench/results/DB5/lightdock_5/5SV3/5SV3_lightdock_5_id.pdb
DB5,holo,63,218,1ATN,lightdock_1,1,1,-1000000.000000,0.001000,71.109833,46.498219,0.000000,unacceptable,0,done,,/root/PPCBench/dataset/DB5/structures/1ATN/1ATN_r_b.pdb,/root/PPCBench/results/DB5/lightdock_1/1ATN/1ATN_lightdock_1_id.pdb
DB5,holo,63,218,1ATN,lightdock_2,2,2,-1000000.000000,0.001000,68.012856,46.331989,0.000000,unacceptable,0,done,,/root/PPCBench/dataset/DB5/structures/1ATN/1ATN_r_b.pdb,/root/PPCBench/results/DB5/lightdock_2/1ATN/1ATN_lightdock_2_id.pdb
DB5,holo,63,218,1ATN,lightdock_3,3,3,-1000000.000000,0.002000,57.839115,39.384914,0.000000,unacceptable,0,done,,/root/PPCBench/dataset/DB5/structures/1ATN/1ATN_r_b.pdb,/root/PPCBench/results/DB5/lightdock_3/1ATN/1ATN_lightdock_3_id.pdb
DB5,holo,63,218,1ATN,lightdock_4,4,4,-1000000.000000,0.001000,79.701637,50.579868,0.000000,unacceptable,0,done,,/root/PPCBench/dataset/DB5/structures/1ATN/1ATN_r_b.pdb,/root/PPCBench/results/DB5/lightdock_4/1ATN/1ATN_lightdock_4_id.pdb
DB5,holo,63,218,1ATN,lightdock_5,5,5,-1000000.000000,0.001000,71.088181,47.539810,0.000000,unacceptable,0,done,,/root/PPCBench/dataset/DB5/structures/1ATN/1ATN_r_b.pdb,/root/PPCBench/results/DB5/lightdock_5/1ATN/1ATN_lightdock_5_id.pdb
DB5,holo,64,218,3MXW,lightdock_1,1,5,-0.891999,0.005000,28.906734,31.008024,11.671213,unacceptable,0,done,,/root/PPCBench/dataset/DB5/structures/3MXW/3MXW_r_b.pdb,/root/PPCBench/results/DB5/lightdock_1/3MXW/3MXW_lightdock_1_id.pdb
DB5,holo,64,218,3MXW,lightdock_2,2,3,-0.817439,0.011000,19.922804,20.508217,10.994192,unacceptable,0,done,,/root/PPCBench/dataset/DB5/structures/3MXW/3MXW_r_b.pdb,/root/PPCBench/results/DB5/lightdock_2/3MXW/3MXW_lightdock_2_id.pdb
DB5,holo,64,218,3MXW,lightdock_3,3,4,-0.838549,0.006000,20.972170,28.145628,26.389734,unacceptable,0,done,,/root/PPCBench/dataset/DB5/structures/3MXW/3MXW_r_b.pdb,/root/PPCBench/results/DB5/lightdock_3/3MXW/3MXW_lightdock_3_id.pdb
DB5,holo,64,218,3MXW,lightdock_4,4,1,-0.570591,0.005000,34.459995,26.200354,0.000000,unacceptable,0,done,,/root/PPCBench/dataset/DB5/structures/3MXW/3MXW_r_b.pdb,/root/PPCBench/results/DB5/lightdock_4/3MXW/3MXW_lightdock_4_id.pdb
DB5,holo,64,218,3MXW,lightdock_5,5,2,-0.611366,0.005000,32.429752,24.313536,0.000000,unacceptable,0,done,,/root/PPCBench/dataset/DB5/structures/3MXW/3MXW_r_b.pdb,/root/PPCBench/results/DB5/lightdock_5/3MXW/3MXW_lightdock_5_id.pdb
DB5,holo,65,218,2X9A,lightdock_1,1,2,-0.738209,0.015000,16.401991,14.897385,3.124783,unacceptable,0,done,,/root/PPCBench/dataset/DB5/structures/2X9A/2X9A_r_b.pdb,/root/PPCBench/results/DB5/lightdock_1/2X9A/2X9A_lightdock_1_id.pdb
DB5,holo,65,218,2X9A,lightdock_2,2,4,-1000000.000000,0.010000,20.488287,17.273975,0.000000,unacceptable,0,done,,/root/PPCBench/dataset/DB5/structures/2X9A/2X9A_r_b.pdb,/root/PPCBench/results/DB5/lightdock_2/2X9A/2X9A_lightdock_2_id.pdb
DB5,holo,65,218,2X9A,lightdock_3,3,5,-1000000.000000,0.008000,27.210949,21.959023,0.000000,unacceptable,0,done,,/root/PPCBench/dataset/DB5/structures/2X9A/2X9A_r_b.pdb,/root/PPCBench/results/DB5/lightdock_3/2X9A/2X9A_lightdock_3_id.pdb
DB5,holo,65,218,2X9A,lightdock_4,4,3,-0.793907,0.018000,17.860764,15.712471,14.562360,unacceptable,0,done,,/root/PPCBench/dataset/DB5/structures/2X9A/2X9A_r_b.pdb,/root/PPCBench/results/DB5/lightdock_4/2X9A/2X9A_lightdock_4_id.pdb
DB5,holo,65,218,2X9A,lightdock_5,5,1,-0.400694,0.013000,22.820513,17.266401,0.000000,unacceptable,0,done,,/root/PPCBench/dataset/DB5/structures/2X9A/2X9A_r_b.pdb,/root/PPCBench/results/DB5/lightdock_5/2X9A/2X9A_lightdock_5_id.pdb
DB5,holo,66,218,3H2V,lightdock_1,1,1,-0.684299,0.034000,14.175164,11.634593,4.872778,unacceptable,0,done,,/root/PPCBench/dataset/DB5/structures/3H2V/3H2V_r_b.pdb,/root/PPCBench/results/DB5/lightdock_1/3H2V/3H2V_lightdock_1_id.pdb
DB5,holo,66,218,3H2V,lightdock_2,2,2,-0.780263,0.023000,12.853735,11.957393,10.029488,unacceptable,0,done,,/root/PPCBench/dataset/DB5/structures/3H2V/3H2V_r_b.pdb,/root/PPCBench/results/DB5/lightdock_2/3H2V/3H2V_lightdock_2_id.pdb
DB5,holo,66,218,3H2V,lightdock_3,3,3,-0.788649,0.035000,6.710062,11.229800,6.180900,unacceptable,0,done,,/root/PPCBench/dataset/DB5/structures/3H2V/3H2V_r_b.pdb,/root/PPCBench/results/DB5/lightdock_3/3H2V/3H2V_lightdock_3_id.pdb
DB5,holo,66,218,3H2V,lightdock_4,4,5,-0.905325,0.020000,12.795910,15.302988,14.182861,unacceptable,0,done,,/root/PPCBench/dataset/DB5/structures/3H2V/3H2V_r_b.pdb,/root/PPCBench/results/DB5/lightdock_4/3H2V/3H2V_lightdock_4_id.pdb
DB5,holo,66,218,3H2V,lightdock_5,5,4,-0.833113,0.024000,13.242355,12.730709,13.715741,unacceptable,0,done,,/root/PPCBench/dataset/DB5/structures/3H2V/3H2V_r_b.pdb,/root/PPCBench/results/DB5/lightdock_5/3H2V/3H2V_lightdock_5_id.pdb
DB5,holo,67,218,6OC3,lightdock_1,1,5,-1000000.000000,0.024000,21.510880,15.981364,0.000000,unacceptable,0,done,,/root/PPCBench/dataset/DB5/structures/6OC3/6OC3_r_b.pdb,/root/PPCBench/results/DB5/lightdock_1/6OC3/6OC3_lightdock_1_id.pdb
DB5,holo,67,218,6OC3,lightdock_2,2,3,-0.767887,0.009000,27.410627,20.205683,0.068509,unacceptable,0,done,,/root/PPCBench/dataset/DB5/structures/6OC3/6OC3_r_b.pdb,/root/PPCBench/results/DB5/lightdock_2/6OC3/6OC3_lightdock_2_id.pdb
DB5,holo,67,218,6OC3,lightdock_3,3,1,-0.412448,0.017000,27.495235,19.744528,0.000000,unacceptable,0,done,,/root/PPCBench/dataset/DB5/structures/6OC3/6OC3_r_b.pdb,/root/PPCBench/results/DB5/lightdock_3/6OC3/6OC3_lightdock_3_id.pdb
DB5,holo,67,218,6OC3,lightdock_4,4,2,-0.732661,0.011000,14.234243,17.669884,0.001132,unacceptable,0,done,,/root/PPCBench/dataset/DB5/structures/6OC3/6OC3_r_b.pdb,/root/PPCBench/results/DB5/lightdock_4/6OC3/6OC3_lightdock_4_id.pdb
DB5,holo,67,218,6OC3,lightdock_5,5,4,-0.768507,0.051000,9.895849,17.191450,19.429860,unacceptable,0,done,,/root/PPCBench/dataset/DB5/structures/6OC3/6OC3_r_b.pdb,/root/PPCBench/results/DB5/lightdock_5/6OC3/6OC3_lightdock_5_id.pdb
DB5,holo,68,218,1WDW,lightdock_1,1,1,-1000000.000000,0.000000,162.313721,112.070656,0.000000,unacceptable,0,done,,/root/PPCBench/dataset/DB5/structures/1WDW/1WDW_r_b.pdb,/root/PPCBench/results/DB5/lightdock_1/1WDW/1WDW_lightdock_1_id.pdb
DB5,holo,68,218,1WDW,lightdock_2,2,2,-1000000.000000,0.000000,131.927292,88.656624,0.000000,unacceptable,0,done,,/root/PPCBench/dataset/DB5/structures/1WDW/1WDW_r_b.pdb,/root/PPCBench/results/DB5/lightdock_2/1WDW/1WDW_lightdock_2_id.pdb
DB5,holo,68,218,1WDW,lightdock_3,3,3,-1000000.000000,0.000000,161.222168,111.961121,0.000000,unacceptable,0,done,,/root/PPCBench/dataset/DB5/structures/1WDW/1WDW_r_b.pdb,/root/PPCBench/results/DB5/lightdock_3/1WDW/1WDW_lightdock_3_id.pdb
DB5,holo,68,218,1WDW,lightdock_4,4,4,-1000000.000000,0.000000,160.838242,113.506569,0.000000,unacceptable,0,done,,/root/PPCBench/dataset/DB5/structures/1WDW/1WDW_r_b.pdb,/root/PPCBench/results/DB5/lightdock_4/1WDW/1WDW_lightdock_4_id.pdb
DB5,holo,68,218,1WDW,lightdock_5,5,5,-1000000.000000,0.000000,131.072769,90.088326,0.000000,unacceptable,0,done,,/root/PPCBench/dataset/DB5/structures/1WDW/1WDW_r_b.pdb,/root/PPCBench/results/DB5/lightdock_5/1WDW/1WDW_lightdock_5_id.pdb
DB5,holo,70,218,1JIW,lightdock_1,1,1,-1000000.000000,0.003000,46.459896,30.801105,0.000000,unacceptable,0,done,,/root/PPCBench/dataset/DB5/structures/1JIW/1JIW_r_b.pdb,/root/PPCBench/results/DB5/lightdock_1/1JIW/1JIW_lightdock_1_id.pdb
DB5,holo,70,218,1JIW,lightdock_2,2,2,-1000000.000000,0.003000,49.938225,31.419191,0.000000,unacceptable,0,done,,/root/PPCBench/dataset/DB5/structures/1JIW/1JIW_r_b.pdb,/root/PPCBench/results/DB5/lightdock_2/1JIW/1JIW_lightdock_2_id.pdb
DB5,holo,70,218,1JIW,lightdock_3,3,3,-1000000.000000,0.004000,34.306965,25.483835,0.000000,unacceptable,0,done,,/root/PPCBench/dataset/DB5/structures/1JIW/1JIW_r_b.pdb,/root/PPCBench/results/DB5/lightdock_3/1JIW/1JIW_lightdock_3_id.pdb
DB5,holo,70,218,1JIW,lightdock_4,4,4,-1000000.000000,0.005000,35.715137,22.545256,0.000000,unacceptable,0,done,,/root/PPCBench/dataset/DB5/structures/1JIW/1JIW_r_b.pdb,/root/PPCBench/results/DB5/lightdock_4/1JIW/1JIW_lightdock_4_id.pdb
DB5,holo,70,218,1JIW,lightdock_5,5,5,-1000000.000000,0.005000,31.121143,22.352379,0.000000,unacceptable,0,done,,/root/PPCBench/dataset/DB5/structures/1JIW/1JIW_r_b.pdb,/root/PPCBench/results/DB5/lightdock_5/1JIW/1JIW_lightdock_5_id.pdb
DB5,holo,71,218,2SIC,lightdock_1,1,1,-1000000.000000,0.013000,29.227577,18.899761,0.000000,unacceptable,0,done,,/root/PPCBench/dataset/DB5/structures/2SIC/2SIC_r_b.pdb,/root/PPCBench/results/DB5/lightdock_1/2SIC/2SIC_lightdock_1_id.pdb
DB5,holo,71,218,2SIC,lightdock_2,2,2,-1000000.000000,0.033000,15.344919,12.186730,0.000000,unacceptable,0,done,,/root/PPCBench/dataset/DB5/structures/2SIC/2SIC_r_b.pdb,/root/PPCBench/results/DB5/lightdock_2/2SIC/2SIC_lightdock_2_id.pdb
DB5,holo,71,218,2SIC,lightdock_3,3,3,-1000000.000000,0.033000,15.328482,12.129452,0.000000,unacceptable,0,done,,/root/PPCBench/dataset/DB5/structures/2SIC/2SIC_r_b.pdb,/root/PPCBench/results/DB5/lightdock_3/2SIC/2SIC_lightdock_3_id.pdb
DB5,holo,71,218,2SIC,lightdock_4,4,4,-1000000.000000,0.011000,34.233780,20.005779,0.000000,unacceptable,0,done,,/root/PPCBench/dataset/DB5/structures/2SIC/2SIC_r_b.pdb,/root/PPCBench/results/DB5/lightdock_4/2SIC/2SIC_lightdock_4_id.pdb
DB5,holo,71,218,2SIC,lightdock_5,5,5,-1000000.000000,0.012000,34.697876,19.462412,0.000000,unacceptable,0,done,,/root/PPCBench/dataset/DB5/structures/2SIC/2SIC_r_b.pdb,/root/PPCBench/results/DB5/lightdock_5/2SIC/2SIC_lightdock_5_id.pdb
DB5,holo,72,218,4IZ7,lightdock_1,1,3,-1000000.000000,0.005000,35.626801,26.130398,0.000000,unacceptable,0,done,,/root/PPCBench/dataset/DB5/structures/4IZ7/4IZ7_r_b.pdb,/root/PPCBench/results/DB5/lightdock_1/4IZ7/4IZ7_lightdock_1_id.pdb
DB5,holo,72,218,4IZ7,lightdock_2,2,2,-0.888408,0.010000,22.725058,20.945103,34.793539,unacceptable,0,done,,/root/PPCBench/dataset/DB5/structures/4IZ7/4IZ7_r_b.pdb,/root/PPCBench/results/DB5/lightdock_2/4IZ7/4IZ7_lightdock_2_id.pdb
DB5,holo,72,218,4IZ7,lightdock_3,3,4,-1000000.000000,0.005000,34.186340,25.071404,0.000000,unacceptable,0,done,,/root/PPCBench/dataset/DB5/structures/4IZ7/4IZ7_r_b.pdb,/root/PPCBench/results/DB5/lightdock_3/4IZ7/4IZ7_lightdock_3_id.pdb
DB5,holo,72,218,4IZ7,lightdock_4,4,5,-1000000.000000,0.005000,33.509411,25.139778,0.000000,unacceptable,0,done,,/root/PPCBench/dataset/DB5/structures/4IZ7/4IZ7_r_b.pdb,/root/PPCBench/results/DB5/lightdock_4/4IZ7/4IZ7_lightdock_4_id.pdb
DB5,holo,72,218,4IZ7,lightdock_5,5,1,-0.791682,0.010000,21.307281,18.989563,21.450515,unacceptable,0,done,,/root/PPCBench/dataset/DB5/structures/4IZ7/4IZ7_r_b.pdb,/root/PPCBench/results/DB5/lightdock_5/4IZ7/4IZ7_lightdock_5_id.pdb
DB5,holo,73,218,3A4S,lightdock_1,1,3,-0.808856,0.015000,14.489909,16.949568,1.157762,unacceptable,0,done,,/root/PPCBench/dataset/DB5/structures/3A4S/3A4S_r_b.pdb,/root/PPCBench/results/DB5/lightdock_1/3A4S/3A4S_lightdock_1_id.pdb
DB5,holo,73,218,3A4S,lightdock_2,2,2,-0.800861,0.015000,14.438592,16.909609,1.255596,unacceptable,0,done,,/root/PPCBench/dataset/DB5/structures/3A4S/3A4S_r_b.pdb,/root/PPCBench/results/DB5/lightdock_2/3A4S/3A4S_lightdock_2_id.pdb
DB5,holo,73,218,3A4S,lightdock_3,3,1,-0.763169,0.013000,19.840115,16.685524,0.326803,unacceptable,0,done,,/root/PPCBench/dataset/DB5/structures/3A4S/3A4S_r_b.pdb,/root/PPCBench/results/DB5/lightdock_3/3A4S/3A4S_lightdock_3_id.pdb
DB5,holo,73,218,3A4S,lightdock_4,4,4,-1000000.000000,0.004000,36.393368,23.287449,0.000000,unacceptable,0,done,,/root/PPCBench/dataset/DB5/structures/3A4S/3A4S_r_b.pdb,/root/PPCBench/results/DB5/lightdock_4/3A4S/3A4S_lightdock_4_id.pdb
DB5,holo,73,218,3A4S,lightdock_5,5,5,-1000000.000000,0.004000,38.011116,25.689312,0.000000,unacceptable,0,done,,/root/PPCBench/dataset/DB5/structures/3A4S/3A4S_r_b.pdb,/root/PPCBench/results/DB5/lightdock_5/3A4S/3A4S_lightdock_5_id.pdb
DB5,holo,74,218,3BP8,lightdock_1,1,5,-0.896541,0.003000,42.903645,27.142937,0.000000,unacceptable,0,done,,/root/PPCBench/dataset/DB5/structures/3BP8/3BP8_r_b.pdb,/root/PPCBench/results/DB5/lightdock_1/3BP8/3BP8_lightdock_1_id.pdb
DB5,holo,74,218,3BP8,lightdock_2,2,4,-0.892962,0.003000,42.830395,27.105419,0.000000,unacceptable,0,done,,/root/PPCBench/dataset/DB5/structures/3BP8/3BP8_r_b.pdb,/root/PPCBench/results/DB5/lightdock_2/3BP8/3BP8_lightdock_2_id.pdb
DB5,holo,74,218,3BP8,lightdock_3,3,3,-0.870381,0.004000,33.781467,23.504940,29.039710,unacceptable,0,done,,/root/PPCBench/dataset/DB5/structures/3BP8/3BP8_r_b.pdb,/root/PPCBench/results/DB5/lightdock_3/3BP8/3BP8_lightdock_3_id.pdb
DB5,holo,74,218,3BP8,lightdock_4,4,1,-0.794294,0.003000,40.386551,27.423599,0.000000,unacceptable,0,done,,/root/PPCBench/dataset/DB5/structures/3BP8/3BP8_r_b.pdb,/root/PPCBench/results/DB5/lightdock_4/3BP8/3BP8_lightdock_4_id.pdb
DB5,holo,74,218,3BP8,lightdock_5,5,2,-0.844306,0.003000,42.615685,26.038948,3.323483,unacceptable,0,done,,/root/PPCBench/dataset/DB5/structures/3BP8/3BP8_r_b.pdb,/root/PPCBench/results/DB5/lightdock_5/3BP8/3BP8_lightdock_5_id.pdb
DB5,holo,75,218,1JMO,lightdock_1,1,1,-1000000.000000,0.001000,72.914543,51.315624,0.000000,unacceptable,0,done,,/root/PPCBench/dataset/DB5/structures/1JMO/1JMO_r_b.pdb,/root/PPCBench/results/DB5/lightdock_1/1JMO/1JMO_lightdock_1_id.pdb
DB5,holo,75,218,1JMO,lightdock_2,2,2,-1000000.000000,0.001000,78.440559,52.638279,0.000000,unacceptable,0,done,,/root/PPCBench/dataset/DB5/structures/1JMO/1JMO_r_b.pdb,/root/PPCBench/results/DB5/lightdock_2/1JMO/1JMO_lightdock_2_id.pdb
DB5,holo,75,218,1JMO,lightdock_3,3,3,-1000000.000000,0.001000,83.266685,55.678371,0.000000,unacceptable,0,done,,/root/PPCBench/dataset/DB5/structures/1JMO/1JMO_r_b.pdb,/root/PPCBench/results/DB5/lightdock_3/1JMO/1JMO_lightdock_3_id.pdb
DB5,holo,75,218,1JMO,lightdock_4,4,4,-1000000.000000,0.001000,74.126373,44.432156,0.000000,unacceptable,0,done,,/root/PPCBench/dataset/DB5/structures/1JMO/1JMO_r_b.pdb,/root/PPCBench/results/DB5/lightdock_4/1JMO/1JMO_lightdock_4_id.pdb
DB5,holo,75,218,1JMO,lightdock_5,5,5,-1000000.000000,0.001000,69.508293,50.203716,0.000000,unacceptable,0,done,,/root/PPCBench/dataset/DB5/structures/1JMO/1JMO_r_b.pdb,/root/PPCBench/results/DB5/lightdock_5/1JMO/1JMO_lightdock_5_id.pdb
DB5,holo,76,218,1GRN,lightdock_1,1,1,-0.734856,0.058000,11.038272,10.836845,0.000000,unacceptable,0,done,,/root/PPCBench/dataset/DB5/structures/1GRN/1GRN_r_b.pdb,/root/PPCBench/results/DB5/lightdock_1/1GRN/1GRN_lightdock_1_id.pdb
DB5,holo,76,218,1GRN,lightdock_2,2,5,-0.848997,0.025000,15.033652,16.510578,63.838386,unacceptable,0,done,,/root/PPCBench/dataset/DB5/structures/1GRN/1GRN_r_b.pdb,/root/PPCBench/results/DB5/lightdock_2/1GRN/1GRN_lightdock_2_id.pdb
DB5,holo,76,218,1GRN,lightdock_3,3,4,-0.789619,0.013000,20.395262,20.222851,2.869788,unacceptable,0,done,,/root/PPCBench/dataset/DB5/structures/1GRN/1GRN_r_b.pdb,/root/PPCBench/results/DB5/lightdock_3/1GRN/1GRN_lightdock_3_id.pdb
DB5,holo,76,218,1GRN,lightdock_4,4,3,-0.754669,0.029000,16.555912,19.013014,6.136732,unacceptable,0,done,,/root/PPCBench/dataset/DB5/structures/1GRN/1GRN_r_b.pdb,/root/PPCBench/results/DB5/lightdock_4/1GRN/1GRN_lightdock_4_id.pdb
DB5,holo,76,218,1GRN,lightdock_5,5,2,-0.753096,0.008000,19.276354,17.662924,3.571694,unacceptable,0,done,,/root/PPCBench/dataset/DB5/structures/1GRN/1GRN_r_b.pdb,/root/PPCBench/results/DB5/lightdock_5/1GRN/1GRN_lightdock_5_id.pdb
DB5,holo,77,218,1MQ8,lightdock_1,1,1,-0.823502,0.021000,10.272771,17.448235,16.313304,unacceptable,0,done,,/root/PPCBench/dataset/DB5/structures/1MQ8/1MQ8_r_b.pdb,/root/PPCBench/results/DB5/lightdock_1/1MQ8/1MQ8_lightdock_1_id.pdb
DB5,holo,77,218,1MQ8,lightdock_2,2,3,-0.850050,0.034000,7.959362,14.418210,18.116303,unacceptable,0,done,,/root/PPCBench/dataset/DB5/structures/1MQ8/1MQ8_r_b.pdb,/root/PPCBench/results/DB5/lightdock_2/1MQ8/1MQ8_lightdock_2_id.pdb
DB5,holo,77,218,1MQ8,lightdock_3,3,5,-0.878413,0.042000,7.930656,14.435356,18.194630,unacceptable,0,done,,/root/PPCBench/dataset/DB5/structures/1MQ8/1MQ8_r_b.pdb,/root/PPCBench/results/DB5/lightdock_3/1MQ8/1MQ8_lightdock_3_id.pdb
DB5,holo,77,218,1MQ8,lightdock_4,4,4,-0.857901,0.026000,10.147283,12.676167,14.885938,unacceptable,0,done,,/root/PPCBench/dataset/DB5/structures/1MQ8/1MQ8_r_b.pdb,/root/PPCBench/results/DB5/lightdock_4/1MQ8/1MQ8_lightdock_4_id.pdb
DB5,holo,77,218,1MQ8,lightdock_5,5,2,-0.836722,0.041000,9.715480,13.210465,15.666611,unacceptable,0,done,,/root/PPCBench/dataset/DB5/structures/1MQ8/1MQ8_r_b.pdb,/root/PPCBench/results/DB5/lightdock_5/1MQ8/1MQ8_lightdock_5_id.pdb
DB5,holo,79,218,1CGI,lightdock_1,1,1,-1000000.000000,0.006000,30.452028,21.285515,0.000000,unacceptable,0,done,,/root/PPCBench/dataset/DB5/structures/1CGI/1CGI_r_b.pdb,/root/PPCBench/results/DB5/lightdock_1/1CGI/1CGI_lightdock_1_id.pdb
DB5,holo,79,218,1CGI,lightdock_2,2,2,-1000000.000000,0.004000,37.331985,28.402952,0.000000,unacceptable,0,done,,/root/PPCBench/dataset/DB5/structures/1CGI/1CGI_r_b.pdb,/root/PPCBench/results/DB5/lightdock_2/1CGI/1CGI_lightdock_2_id.pdb
DB5,holo,79,218,1CGI,lightdock_3,3,3,-1000000.000000,0.005000,29.397482,23.143810,0.000000,unacceptable,0,done,,/root/PPCBench/dataset/DB5/structures/1CGI/1CGI_r_b.pdb,/root/PPCBench/results/DB5/lightdock_3/1CGI/1CGI_lightdock_3_id.pdb
DB5,holo,79,218,1CGI,lightdock_4,4,4,-1000000.000000,0.007000,33.796841,21.145239,0.000000,unacceptable,0,done,,/root/PPCBench/dataset/DB5/structures/1CGI/1CGI_r_b.pdb,/root/PPCBench/results/DB5/lightdock_4/1CGI/1CGI_lightdock_4_id.pdb
DB5,holo,79,218,1CGI,lightdock_5,5,5,-1000000.000000,0.004000,33.581211,27.431156,0.000000,unacceptable,0,done,,/root/PPCBench/dataset/DB5/structures/1CGI/1CGI_r_b.pdb,/root/PPCBench/results/DB5/lightdock_5/1CGI/1CGI_lightdock_5_id.pdb
DB5,holo,80,218,1TMQ,lightdock_1,1,1,-1000000.000000,0.002000,66.280159,43.624241,0.000000,unacceptable,0,done,,/root/PPCBench/dataset/DB5/structures/1TMQ/1TMQ_r_b.pdb,/root/PPCBench/results/DB5/lightdock_1/1TMQ/1TMQ_lightdock_1_id.pdb
DB5,holo,80,218,1TMQ,lightdock_2,2,2,-1000000.000000,0.002000,67.751358,48.896988,0.000000,unacceptable,0,done,,/root/PPCBench/dataset/DB5/structures/1TMQ/1TMQ_r_b.pdb,/root/PPCBench/results/DB5/lightdock_2/1TMQ/1TMQ_lightdock_2_id.pdb
DB5,holo,80,218,1TMQ,lightdock_3,3,3,-1000000.000000,0.002000,64.608795,43.431614,0.000000,unacceptable,0,done,,/root/PPCBench/dataset/DB5/structures/1TMQ/1TMQ_r_b.pdb,/root/PPCBench/results/DB5/lightdock_3/1TMQ/1TMQ_lightdock_3_id.pdb
DB5,holo,80,218,1TMQ,lightdock_4,4,4,-1000000.000000,0.002000,71.216530,48.889244,0.000000,unacceptable,0,done,,/root/PPCBench/dataset/DB5/structures/1TMQ/1TMQ_r_b.pdb,/root/PPCBench/results/DB5/lightdock_4/1TMQ/1TMQ_lightdock_4_id.pdb
DB5,holo,80,218,1TMQ,lightdock_5,5,5,-1000000.000000,0.002000,66.596558,41.155956,0.000000,unacceptable,0,done,,/root/PPCBench/dataset/DB5/structures/1TMQ/1TMQ_r_b.pdb,/root/PPCBench/results/DB5/lightdock_5/1TMQ/1TMQ_lightdock_5_id.pdb
DB5,holo,81,218,6B0S,lightdock_1,1,2,-0.571777,0.007000,24.781050,18.989616,0.000000,unacceptable,0,done,,/root/PPCBench/dataset/DB5/structures/6B0S/6B0S_r_b.pdb,/root/PPCBench/results/DB5/lightdock_1/6B0S/6B0S_lightdock_1_id.pdb
DB5,holo,81,218,6B0S,lightdock_2,2,1,-0.474962,0.007000,24.815989,19.038870,0.000000,unacceptable,0,done,,/root/PPCBench/dataset/DB5/structures/6B0S/6B0S_r_b.pdb,/root/PPCBench/results/DB5/lightdock_2/6B0S/6B0S_lightdock_2_id.pdb
DB5,holo,81,218,6B0S,lightdock_3,3,3,-0.844878,0.019000,14.232002,12.401278,30.460515,unacceptable,0,done,,/root/PPCBench/dataset/DB5/structures/6B0S/6B0S_r_b.pdb,/root/PPCBench/results/DB5/lightdock_3/6B0S/6B0S_lightdock_3_id.pdb
DB5,holo,81,218,6B0S,lightdock_4,4,4,-1000000.000000,0.006000,25.337236,18.734531,0.000000,unacceptable,0,done,,/root/PPCBench/dataset/DB5/structures/6B0S/6B0S_r_b.pdb,/root/PPCBench/results/DB5/lightdock_4/6B0S/6B0S_lightdock_4_id.pdb
DB5,holo,81,218,6B0S,lightdock_5,5,5,-1000000.000000,0.006000,25.293777,18.786020,0.000000,unacceptable,0,done,,/root/PPCBench/dataset/DB5/structures/6B0S/6B0S_r_b.pdb,/root/PPCBench/results/DB5/lightdock_5/6B0S/6B0S_lightdock_5_id.pdb
DB5,holo,82,218,3CPH,lightdock_1,1,4,-1000000.000000,0.005000,32.290146,25.628786,0.000000,unacceptable,0,done,,/root/PPCBench/dataset/DB5/structures/3CPH/3CPH_r_b.pdb,/root/PPCBench/results/DB5/lightdock_1/3CPH/3CPH_lightdock_1_id.pdb
DB5,holo,82,218,3CPH,lightdock_2,2,1,-0.731558,0.008000,16.990797,24.401220,4.113706,unacceptable,0,done,,/root/PPCBench/dataset/DB5/structures/3CPH/3CPH_r_b.pdb,/root/PPCBench/results/DB5/lightdock_2/3CPH/3CPH_lightdock_2_id.pdb
DB5,holo,82,218,3CPH,lightdock_3,3,5,-1000000.000000,0.006000,24.199541,21.084360,0.000000,unacceptable,0,done,,/root/PPCBench/dataset/DB5/structures/3CPH/3CPH_r_b.pdb,/root/PPCBench/results/DB5/lightdock_3/3CPH/3CPH_lightdock_3_id.pdb
DB5,holo,82,218,3CPH,lightdock_4,4,3,-0.819062,0.008000,23.069330,22.977688,2.513451,unacceptable,0,done,,/root/PPCBench/dataset/DB5/structures/3CPH/3CPH_r_b.pdb,/root/PPCBench/results/DB5/lightdock_4/3CPH/3CPH_lightdock_4_id.pdb
DB5,holo,82,218,3CPH,lightdock_5,5,2,-0.803983,0.008000,23.102797,23.029869,2.469140,unacceptable,0,done,,/root/PPCBench/dataset/DB5/structures/3CPH/3CPH_r_b.pdb,/root/PPCBench/results/DB5/lightdock_5/3CPH/3CPH_lightdock_5_id.pdb
DB5,holo,83,218,1A2K,lightdock_1,1,1,-1000000.000000,0.003000,56.505600,33.398945,0.000000,unacceptable,0,done,,/root/PPCBench/dataset/DB5/structures/1A2K/1A2K_r_b.pdb,/root/PPCBench/results/DB5/lightdock_1/1A2K/1A2K_lightdock_1_id.pdb
DB5,holo,83,218,1A2K,lightdock_2,2,2,-1000000.000000,0.002000,57.577625,40.699528,0.000000,unacceptable,0,done,,/root/PPCBench/dataset/DB5/structures/1A2K/1A2K_r_b.pdb,/root/PPCBench/results/DB5/lightdock_2/1A2K/1A2K_lightdock_2_id.pdb
DB5,holo,83,218,1A2K,lightdock_3,3,3,-1000000.000000,0.002000,59.403446,37.717739,0.000000,unacceptable,0,done,,/root/PPCBench/dataset/DB5/structures/1A2K/1A2K_r_b.pdb,/root/PPCBench/results/DB5/lightdock_3/1A2K/1A2K_lightdock_3_id.pdb
DB5,holo,83,218,1A2K,lightdock_4,4,4,-1000000.000000,0.002000,59.312462,37.640011,0.000000,unacceptable,0,done,,/root/PPCBench/dataset/DB5/structures/1A2K/1A2K_r_b.pdb,/root/PPCBench/results/DB5/lightdock_4/1A2K/1A2K_lightdock_4_id.pdb
DB5,holo,83,218,1A2K,lightdock_5,5,5,-1000000.000000,0.003000,40.189877,26.840473,0.000000,unacceptable,0,done,,/root/PPCBench/dataset/DB5/structures/1A2K/1A2K_r_b.pdb,/root/PPCBench/results/DB5/lightdock_5/1A2K/1A2K_lightdock_5_id.pdb
DB5,holo,84,218,4M5Z,lightdock_1,1,1,-1000000.000000,0.004000,48.452297,35.436325,0.000000,unacceptable,0,done,,/root/PPCBench/dataset/DB5/structures/4M5Z/4M5Z_r_b.pdb,/root/PPCBench/results/DB5/lightdock_1/4M5Z/4M5Z_lightdock_1_id.pdb
DB5,holo,84,218,4M5Z,lightdock_2,2,2,-1000000.000000,0.004000,44.071526,35.126957,0.000000,unacceptable,0,done,,/root/PPCBench/dataset/DB5/structures/4M5Z/4M5Z_r_b.pdb,/root/PPCBench/results/DB5/lightdock_2/4M5Z/4M5Z_lightdock_2_id.pdb
DB5,holo,84,218,4M5Z,lightdock_3,3,3,-1000000.000000,0.010000,20.900042,19.666883,0.000000,unacceptable,0,done,,/root/PPCBench/dataset/DB5/structures/4M5Z/4M5Z_r_b.pdb,/root/PPCBench/results/DB5/lightdock_3/4M5Z/4M5Z_lightdock_3_id.pdb
DB5,holo,84,218,4M5Z,lightdock_4,4,4,-1000000.000000,0.010000,19.761059,19.259781,0.000000,unacceptable,0,done,,/root/PPCBench/dataset/DB5/structures/4M5Z/4M5Z_r_b.pdb,/root/PPCBench/results/DB5/lightdock_4/4M5Z/4M5Z_lightdock_4_id.pdb
DB5,holo,84,218,4M5Z,lightdock_5,5,5,-1000000.000000,0.005000,35.121815,31.716774,0.000000,unacceptable,0,done,,/root/PPCBench/dataset/DB5/structures/4M5Z/4M5Z_r_b.pdb,/root/PPCBench/results/DB5/lightdock_5/4M5Z/4M5Z_lightdock_5_id.pdb
DB5,holo,85,218,2A1A,lightdock_1,1,1,-1000000.000000,0.001000,58.923267,49.891102,0.000000,unacceptable,0,done,,/root/PPCBench/dataset/DB5/structures/2A1A/2A1A_r_b.pdb,/root/PPCBench/results/DB5/lightdock_1/2A1A/2A1A_lightdock_1_id.pdb
DB5,holo,85,218,2A1A,lightdock_2,2,2,-1000000.000000,0.001000,68.382690,54.227787,0.000000,unacceptable,0,done,,/root/PPCBench/dataset/DB5/structures/2A1A/2A1A_r_b.pdb,/root/PPCBench/results/DB5/lightdock_2/2A1A/2A1A_lightdock_2_id.pdb
DB5,holo,85,218,2A1A,lightdock_3,3,3,-1000000.000000,0.001000,68.986763,52.025906,0.000000,unacceptable,0,done,,/root/PPCBench/dataset/DB5/structures/2A1A/2A1A_r_b.pdb,/root/PPCBench/results/DB5/lightdock_3/2A1A/2A1A_lightdock_3_id.pdb
DB5,holo,85,218,2A1A,lightdock_4,4,4,-1000000.000000,0.001000,89.170654,64.363274,0.000000,unacceptable,0,done,,/root/PPCBench/dataset/DB5/structures/2A1A/2A1A_r_b.pdb,/root/PPCBench/results/DB5/lightdock_4/2A1A/2A1A_lightdock_4_id.pdb
DB5,holo,85,218,2A1A,lightdock_5,5,5,-1000000.000000,0.002000,54.228996,47.364902,0.000000,unacceptable,0,done,,/root/PPCBench/dataset/DB5/structures/2A1A/2A1A_r_b.pdb,/root/PPCBench/results/DB5/lightdock_5/2A1A/2A1A_lightdock_5_id.pdb
DB5,holo,86,218,2MTA,lightdock_1,1,3,-0.726880,0.007000,29.849630,20.940338,0.000000,unacceptable,0,done,,/root/PPCBench/dataset/DB5/structures/2MTA/2MTA_r_b.pdb,/root/PPCBench/results/DB5/lightdock_1/2MTA/2MTA_lightdock_1_id.pdb
DB5,holo,86,218,2MTA,lightdock_2,2,4,-0.741511,0.006000,29.039005,24.293098,3.431316,unacceptable,0,done,,/root/PPCBench/dataset/DB5/structures/2MTA/2MTA_r_b.pdb,/root/PPCBench/results/DB5/lightdock_2/2MTA/2MTA_lightdock_2_id.pdb
DB5,holo,86,218,2MTA,lightdock_3,3,5,-0.783261,0.006000,29.273893,24.164677,3.836280,unacceptable,0,done,,/root/PPCBench/dataset/DB5/structures/2MTA/2MTA_r_b.pdb,/root/PPCBench/results/DB5/lightdock_3/2MTA/2MTA_lightdock_3_id.pdb
DB5,holo,86,218,2MTA,lightdock_4,4,2,-0.709675,0.007000,29.732246,20.981508,0.000000,unacceptable,0,done,,/root/PPCBench/dataset/DB5/structures/2MTA/2MTA_r_b.pdb,/root/PPCBench/results/DB5/lightdock_4/2MTA/2MTA_lightdock_4_id.pdb
DB5,holo,86,218,2MTA,lightdock_5,5,1,-0.680648,0.007000,24.381325,22.434143,2.610726,unacceptable,0,done,,/root/PPCBench/dataset/DB5/structures/2MTA/2MTA_r_b.pdb,/root/PPCBench/results/DB5/lightdock_5/2MTA/2MTA_lightdock_5_id.pdb
DB5,holo,87,218,1F6M,lightdock_1,1,1,-1000000.000000,0.002000,61.477459,44.997818,0.000000,unacceptable,0,done,,/root/PPCBench/dataset/DB5/structures/1F6M/1F6M_r_b.pdb,/root/PPCBench/results/DB5/lightdock_1/1F6M/1F6M_lightdock_1_id.pdb
DB5,holo,87,218,1F6M,lightdock_2,2,2,-1000000.000000,0.002000,60.469013,44.579533,0.000000,unacceptable,0,done,,/root/PPCBench/dataset/DB5/structures/1F6M/1F6M_r_b.pdb,/root/PPCBench/results/DB5/lightdock_2/1F6M/1F6M_lightdock_2_id.pdb
DB5,holo,87,218,1F6M,lightdock_3,3,3,-1000000.000000,0.002000,59.062244,41.739594,0.000000,unacceptable,0,done,,/root/PPCBench/dataset/DB5/structures/1F6M/1F6M_r_b.pdb,/root/PPCBench/results/DB5/lightdock_3/1F6M/1F6M_lightdock_3_id.pdb
DB5,holo,87,218,1F6M,lightdock_4,4,4,-1000000.000000,0.002000,51.084255,37.337372,0.000000,unacceptable,0,done,,/root/PPCBench/dataset/DB5/structures/1F6M/1F6M_r_b.pdb,/root/PPCBench/results/DB5/lightdock_4/1F6M/1F6M_lightdock_4_id.pdb
DB5,holo,87,218,1F6M,lightdock_5,5,5,-1000000.000000,0.002000,58.797821,39.345963,0.000000,unacceptable,0,done,,/root/PPCBench/dataset/DB5/structures/1F6M/1F6M_r_b.pdb,/root/PPCBench/results/DB5/lightdock_5/1F6M/1F6M_lightdock_5_id.pdb
DB5,holo,88,218,1JPS,lightdock_1,1,2,-0.714082,0.010000,20.373119,16.028097,0.539161,unacceptable,0,done,,/root/PPCBench/dataset/DB5/structures/1JPS/1JPS_r_b.pdb,/root/PPCBench/results/DB5/lightdock_1/1JPS/1JPS_lightdock_1_id.pdb
DB5,holo,88,218,1JPS,lightdock_2,2,1,-0.711375,0.023000,22.011532,17.909933,5.385386,unacceptable,0,done,,/root/PPCBench/dataset/DB5/structures/1JPS/1JPS_r_b.pdb,/root/PPCBench/results/DB5/lightdock_2/1JPS/1JPS_lightdock_2_id.pdb
DB5,holo,88,218,1JPS,lightdock_3,3,4,-0.764173,0.009000,28.959003,25.794287,8.214391,unacceptable,0,done,,/root/PPCBench/dataset/DB5/structures/1JPS/1JPS_r_b.pdb,/root/PPCBench/results/DB5/lightdock_3/1JPS/1JPS_lightdock_3_id.pdb
DB5,holo,88,218,1JPS,lightdock_4,4,3,-0.727887,0.011000,23.795561,19.564531,1.364523,unacceptable,0,done,,/root/PPCBench/dataset/DB5/structures/1JPS/1JPS_r_b.pdb,/root/PPCBench/results/DB5/lightdock_4/1JPS/1JPS_lightdock_4_id.pdb
DB5,holo,88,218,1JPS,lightdock_5,5,5,-1000000.000000,0.011000,27.104822,18.447842,0.000000,unacceptable,0,done,,/root/PPCBench/dataset/DB5/structures/1JPS/1JPS_r_b.pdb,/root/PPCBench/results/DB5/lightdock_5/1JPS/1JPS_lightdock_5_id.pdb
DB5,holo,89,218,1JWH,lightdock_1,1,2,-1000000.000000,0.002000,51.442608,31.013918,0.000000,unacceptable,0,done,,/root/PPCBench/dataset/DB5/structures/1JWH/1JWH_r_b.pdb,/root/PPCBench/results/DB5/lightdock_1/1JWH/1JWH_lightdock_1_id.pdb
DB5,holo,89,218,1JWH,lightdock_2,2,3,-1000000.000000,0.003000,51.380524,28.846983,0.000000,unacceptable,0,done,,/root/PPCBench/dataset/DB5/structures/1JWH/1JWH_r_b.pdb,/root/PPCBench/results/DB5/lightdock_2/1JWH/1JWH_lightdock_2_id.pdb
DB5,holo,89,218,1JWH,lightdock_3,3,4,-1000000.000000,0.005000,31.644125,23.143036,0.000000,unacceptable,0,done,,/root/PPCBench/dataset/DB5/structures/1JWH/1JWH_r_b.pdb,/root/PPCBench/results/DB5/lightdock_3/1JWH/1JWH_lightdock_3_id.pdb
DB5,holo,89,218,1JWH,lightdock_4,4,1,-0.310293,0.002000,53.011993,32.883892,0.000000,unacceptable,0,done,,/root/PPCBench/dataset/DB5/structures/1JWH/1JWH_r_b.pdb,/root/PPCBench/results/DB5/lightdock_4/1JWH/1JWH_lightdock_4_id.pdb
DB5,holo,89,218,1JWH,lightdock_5,5,5,-1000000.000000,0.004000,31.441444,29.614779,0.000000,unacceptable,0,done,,/root/PPCBench/dataset/DB5/structures/1JWH/1JWH_r_b.pdb,/root/PPCBench/results/DB5/lightdock_5/1JWH/1JWH_lightdock_5_id.pdb
DB5,holo,90,218,1S1Q,lightdock_1,1,1,-1000000.000000,0.003000,52.832394,44.486374,0.000000,unacceptable,0,done,,/root/PPCBench/dataset/DB5/structures/1S1Q/1S1Q_r_b.pdb,/root/PPCBench/results/DB5/lightdock_1/1S1Q/1S1Q_lightdock_1_id.pdb
DB5,holo,90,218,1S1Q,lightdock_2,2,2,-1000000.000000,0.003000,52.238926,44.023193,0.000000,unacceptable,0,done,,/root/PPCBench/dataset/DB5/structures/1S1Q/1S1Q_r_b.pdb,/root/PPCBench/results/DB5/lightdock_2/1S1Q/1S1Q_lightdock_2_id.pdb
DB5,holo,90,218,1S1Q,lightdock_3,3,3,-1000000.000000,0.005000,41.516022,32.827583,0.000000,unacceptable,0,done,,/root/PPCBench/dataset/DB5/structures/1S1Q/1S1Q_r_b.pdb,/root/PPCBench/results/DB5/lightdock_3/1S1Q/1S1Q_lightdock_3_id.pdb
DB5,holo,90,218,1S1Q,lightdock_4,4,4,-1000000.000000,0.005000,38.505127,33.063782,0.000000,unacceptable,0,done,,/root/PPCBench/dataset/DB5/structures/1S1Q/1S1Q_r_b.pdb,/root/PPCBench/results/DB5/lightdock_4/1S1Q/1S1Q_lightdock_4_id.pdb
DB5,holo,90,218,1S1Q,lightdock_5,5,5,-1000000.000000,0.003000,52.847931,44.214287,0.000000,unacceptable,0,done,,/root/PPCBench/dataset/DB5/structures/1S1Q/1S1Q_r_b.pdb,/root/PPCBench/results/DB5/lightdock_5/1S1Q/1S1Q_lightdock_5_id.pdb
DB5,holo,91,218,4FP8,lightdock_1,1,1,-1000000.000000,0.001000,73.133041,43.952969,0.000000,unacceptable,0,done,,/root/PPCBench/dataset/DB5/structures/4FP8/4FP8_r_b.pdb,/root/PPCBench/results/DB5/lightdock_1/4FP8/4FP8_lightdock_1_id.pdb
DB5,holo,91,218,4FP8,lightdock_2,2,2,-1000000.000000,0.001000,61.000957,42.026108,0.000000,unacceptable,0,done,,/root/PPCBench/dataset/DB5/structures/4FP8/4FP8_r_b.pdb,/root/PPCBench/results/DB5/lightdock_2/4FP8/4FP8_lightdock_2_id.pdb
DB5,holo,91,218,4FP8,lightdock_3,3,3,-1000000.000000,0.001000,69.026627,41.959660,0.000000,unacceptable,0,done,,/root/PPCBench/dataset/DB5/structures/4FP8/4FP8_r_b.pdb,/root/PPCBench/results/DB5/lightdock_3/4FP8/4FP8_lightdock_3_id.pdb
DB5,holo,91,218,4FP8,lightdock_4,4,4,-1000000.000000,0.001000,69.115898,41.990650,0.000000,unacceptable,0,done,,/root/PPCBench/dataset/DB5/structures/4FP8/4FP8_r_b.pdb,/root/PPCBench/results/DB5/lightdock_4/4FP8/4FP8_lightdock_4_id.pdb
DB5,holo,91,218,4FP8,lightdock_5,5,5,-1000000.000000,0.001000,82.455338,47.479271,0.000000,unacceptable,0,done,,/root/PPCBench/dataset/DB5/structures/4FP8/4FP8_r_b.pdb,/root/PPCBench/results/DB5/lightdock_5/4FP8/4FP8_lightdock_5_id.pdb
DB5,holo,92,218,4LW4,lightdock_1,1,3,-0.786956,0.006000,29.447472,20.364595,0.470233,unacceptable,0,done,,/root/PPCBench/dataset/DB5/structures/4LW4/4LW4_r_b.pdb,/root/PPCBench/results/DB5/lightdock_1/4LW4/4LW4_lightdock_1_id.pdb
DB5,holo,92,218,4LW4,lightdock_2,2,5,-0.885994,0.007000,31.965233,19.389521,6.171531,unacceptable,0,done,,/root/PPCBench/dataset/DB5/structures/4LW4/4LW4_r_b.pdb,/root/PPCBench/results/DB5/lightdock_2/4LW4/4LW4_lightdock_2_id.pdb
DB5,holo,92,218,4LW4,lightdock_3,3,4,-0.842411,0.009000,32.195896,17.808306,3.826329,unacceptable,0,done,,/root/PPCBench/dataset/DB5/structures/4LW4/4LW4_r_b.pdb,/root/PPCBench/results/DB5/lightdock_3/4LW4/4LW4_lightdock_3_id.pdb
DB5,holo,92,218,4LW4,lightdock_4,4,1,-0.676915,0.006000,39.516022,20.806847,0.000000,unacceptable,0,done,,/root/PPCBench/dataset/DB5/structures/4LW4/4LW4_r_b.pdb,/root/PPCBench/results/DB5/lightdock_4/4LW4/4LW4_lightdock_4_id.pdb
DB5,holo,92,218,4LW4,lightdock_5,5,2,-0.781970,0.006000,39.551727,21.762033,3.845389,unacceptable,0,done,,/root/PPCBench/dataset/DB5/structures/4LW4/4LW4_r_b.pdb,/root/PPCBench/results/DB5/lightdock_5/4LW4/4LW4_lightdock_5_id.pdb
DB5,holo,93,218,2OT3,lightdock_1,1,5,-1.021670,0.012000,21.246325,19.994680,5.074114,unacceptable,0,done,,/root/PPCBench/dataset/DB5/structures/2OT3/2OT3_r_b.pdb,/root/PPCBench/results/DB5/lightdock_1/2OT3/2OT3_lightdock_1_id.pdb
DB5,holo,93,218,2OT3,lightdock_2,2,4,-1.005759,0.013000,19.291563,19.283556,9.136287,unacceptable,0,done,,/root/PPCBench/dataset/DB5/structures/2OT3/2OT3_r_b.pdb,/root/PPCBench/results/DB5/lightdock_2/2OT3/2OT3_lightdock_2_id.pdb
DB5,holo,93,218,2OT3,lightdock_3,3,3,-0.997444,0.013000,19.172392,19.406874,8.810742,unacceptable,0,done,,/root/PPCBench/dataset/DB5/structures/2OT3/2OT3_r_b.pdb,/root/PPCBench/results/DB5/lightdock_3/2OT3/2OT3_lightdock_3_id.pdb
DB5,holo,93,218,2OT3,lightdock_4,4,1,-0.810608,0.015000,16.045500,20.524544,2.367951,unacceptable,0,done,,/root/PPCBench/dataset/DB5/structures/2OT3/2OT3_r_b.pdb,/root/PPCBench/results/DB5/lightdock_4/2OT3/2OT3_lightdock_4_id.pdb
DB5,holo,93,218,2OT3,lightdock_5,5,2,-0.837805,0.008000,29.898417,24.159433,0.650162,unacceptable,0,done,,/root/PPCBench/dataset/DB5/structures/2OT3/2OT3_r_b.pdb,/root/PPCBench/results/DB5/lightdock_5/2OT3/2OT3_lightdock_5_id.pdb
DB5,holo,94,218,1RLB,lightdock_1,1,1,-1000000.000000,0.001000,60.379597,49.951550,0.000000,unacceptable,0,done,,/root/PPCBench/dataset/DB5/structures/1RLB/1RLB_r_b.pdb,/root/PPCBench/results/DB5/lightdock_1/1RLB/1RLB_lightdock_1_id.pdb
DB5,holo,94,218,1RLB,lightdock_2,2,2,-1000000.000000,0.001000,71.287407,57.813591,0.000000,unacceptable,0,done,,/root/PPCBench/dataset/DB5/structures/1RLB/1RLB_r_b.pdb,/root/PPCBench/results/DB5/lightdock_2/1RLB/1RLB_lightdock_2_id.pdb
DB5,holo,94,218,1RLB,lightdock_3,3,3,-1000000.000000,0.001000,89.415138,60.495453,0.000000,unacceptable,0,done,,/root/PPCBench/dataset/DB5/structures/1RLB/1RLB_r_b.pdb,/root/PPCBench/results/DB5/lightdock_3/1RLB/1RLB_lightdock_3_id.pdb
DB5,holo,94,218,1RLB,lightdock_4,4,4,-1000000.000000,0.001000,74.624794,50.303944,0.000000,unacceptable,0,done,,/root/PPCBench/dataset/DB5/structures/1RLB/1RLB_r_b.pdb,/root/PPCBench/results/DB5/lightdock_4/1RLB/1RLB_lightdock_4_id.pdb
DB5,holo,94,218,1RLB,lightdock_5,5,5,-1000000.000000,0.001000,73.151047,50.172577,0.000000,unacceptable,0,done,,/root/PPCBench/dataset/DB5/structures/1RLB/1RLB_r_b.pdb,/root/PPCBench/results/DB5/lightdock_5/1RLB/1RLB_lightdock_5_id.pdb
DB5,holo,95,218,2O3B,lightdock_1,1,4,-1000000.000000,0.004000,33.797169,25.340225,0.000000,unacceptable,0,done,,/root/PPCBench/dataset/DB5/structures/2O3B/2O3B_r_b.pdb,/root/PPCBench/results/DB5/lightdock_1/2O3B/2O3B_lightdock_1_id.pdb
DB5,holo,95,218,2O3B,lightdock_2,2,1,-0.756100,0.009000,19.487453,17.282045,3.235864,unacceptable,0,done,,/root/PPCBench/dataset/DB5/structures/2O3B/2O3B_r_b.pdb,/root/PPCBench/results/DB5/lightdock_2/2O3B/2O3B_lightdock_2_id.pdb
DB5,holo,95,218,2O3B,lightdock_3,3,3,-0.773141,0.009000,19.602692,17.309788,3.142076,unacceptable,0,done,,/root/PPCBench/dataset/DB5/structures/2O3B/2O3B_r_b.pdb,/root/PPCBench/results/DB5/lightdock_3/2O3B/2O3B_lightdock_3_id.pdb
DB5,holo,95,218,2O3B,lightdock_4,4,5,-1000000.000000,0.005000,35.573151,25.976496,0.000000,unacceptable,0,done,,/root/PPCBench/dataset/DB5/structures/2O3B/2O3B_r_b.pdb,/root/PPCBench/results/DB5/lightdock_4/2O3B/2O3B_lightdock_4_id.pdb
DB5,holo,95,218,2O3B,lightdock_5,5,2,-0.763862,0.012000,17.290977,15.012214,0.276586,unacceptable,0,done,,/root/PPCBench/dataset/DB5/structures/2O3B/2O3B_r_b.pdb,/root/PPCBench/results/DB5/lightdock_5/2O3B/2O3B_lightdock_5_id.pdb
DB5,holo,96,218,2OOR,lightdock_1,1,5,-0.882223,0.006000,30.627279,23.530161,0.000000,unacceptable,0,done,,/root/PPCBench/dataset/DB5/structures/2OOR/2OOR_r_b.pdb,/root/PPCBench/results/DB5/lightdock_1/2OOR/2OOR_lightdock_1_id.pdb
DB5,holo,96,218,2OOR,lightdock_2,2,4,-0.811567,0.008000,23.595877,20.793587,2.066803,unacceptable,0,done,,/root/PPCBench/dataset/DB5/structures/2OOR/2OOR_r_b.pdb,/root/PPCBench/results/DB5/lightdock_2/2OOR/2OOR_lightdock_2_id.pdb
DB5,holo,96,218,2OOR,lightdock_3,3,1,0.234090,0.006000,36.894302,23.933552,0.000000,unacceptable,0,done,,/root/PPCBench/dataset/DB5/structures/2OOR/2OOR_r_b.pdb,/root/PPCBench/results/DB5/lightdock_3/2OOR/2OOR_lightdock_3_id.pdb
DB5,holo,96,218,2OOR,lightdock_4,4,3,-0.752199,0.006000,32.446873,23.612074,0.000000,unacceptable,0,done,,/root/PPCBench/dataset/DB5/structures/2OOR/2OOR_r_b.pdb,/root/PPCBench/results/DB5/lightdock_4/2OOR/2OOR_lightdock_4_id.pdb
DB5,holo,96,218,2OOR,lightdock_5,5,2,0.064947,0.006000,36.568619,23.839455,0.000000,unacceptable,0,done,,/root/PPCBench/dataset/DB5/structures/2OOR/2OOR_r_b.pdb,/root/PPCBench/results/DB5/lightdock_5/2OOR/2OOR_lightdock_5_id.pdb
DB5,holo,97,218,1GPW,lightdock_1,1,3,-1000000.000000,0.009000,29.315384,24.253811,0.000000,unacceptable,0,done,,/root/PPCBench/dataset/DB5/structures/1GPW/1GPW_r_b.pdb,/root/PPCBench/results/DB5/lightdock_1/1GPW/1GPW_lightdock_1_id.pdb
DB5,holo,97,218,1GPW,lightdock_2,2,4,-1000000.000000,0.009000,29.301250,24.206968,0.000000,unacceptable,0,done,,/root/PPCBench/dataset/DB5/structures/1GPW/1GPW_r_b.pdb,/root/PPCBench/results/DB5/lightdock_2/1GPW/1GPW_lightdock_2_id.pdb
DB5,holo,97,218,1GPW,lightdock_3,3,5,-1000000.000000,0.005000,29.616688,29.900139,0.000000,unacceptable,0,done,,/root/PPCBench/dataset/DB5/structures/1GPW/1GPW_r_b.pdb,/root/PPCBench/results/DB5/lightdock_3/1GPW/1GPW_lightdock_3_id.pdb
DB5,holo,97,218,1GPW,lightdock_4,4,1,-0.467238,0.014000,26.505697,20.169863,0.000000,unacceptable,0,done,,/root/PPCBench/dataset/DB5/structures/1GPW/1GPW_r_b.pdb,/root/PPCBench/results/DB5/lightdock_4/1GPW/1GPW_lightdock_4_id.pdb
DB5,holo,97,218,1GPW,lightdock_5,5,2,-0.810657,0.023000,17.232340,17.737165,2.611576,unacceptable,0,done,,/root/PPCBench/dataset/DB5/structures/1GPW/1GPW_r_b.pdb,/root/PPCBench/results/DB5/lightdock_5/1GPW/1GPW_lightdock_5_id.pdb
DB5,holo,98,218,1E4K,lightdock_1,1,2,-1000000.000000,0.002000,47.038261,36.272243,0.000000,unacceptable,0,done,,/root/PPCBench/dataset/DB5/structures/1E4K/1E4K_r_b.pdb,/root/PPCBench/results/DB5/lightdock_1/1E4K/1E4K_lightdock_1_id.pdb
DB5,holo,98,218,1E4K,lightdock_2,2,1,-0.391561,0.005000,34.032360,26.153130,0.000000,unacceptable,0,done,,/root/PPCBench/dataset/DB5/structures/1E4K/1E4K_r_b.pdb,/root/PPCBench/results/DB5/lightdock_2/1E4K/1E4K_lightdock_2_id.pdb
DB5,holo,98,218,1E4K,lightdock_3,3,3,-1000000.000000,0.004000,36.192204,27.292509,0.000000,unacceptable,0,done,,/root/PPCBench/dataset/DB5/structures/1E4K/1E4K_r_b.pdb,/root/PPCBench/results/DB5/lightdock_3/1E4K/1E4K_lightdock_3_id.pdb
DB5,holo,98,218,1E4K,lightdock_4,4,4,-1000000.000000,0.004000,36.267792,27.305336,0.000000,unacceptable,0,done,,/root/PPCBench/dataset/DB5/structures/1E4K/1E4K_r_b.pdb,/root/PPCBench/results/DB5/lightdock_4/1E4K/1E4K_lightdock_4_id.pdb
DB5,holo,98,218,1E4K,lightdock_5,5,5,-1000000.000000,0.004000,27.638796,26.552237,0.000000,unacceptable,0,done,,/root/PPCBench/dataset/DB5/structures/1E4K/1E4K_r_b.pdb,/root/PPCBench/results/DB5/lightdock_5/1E4K/1E4K_lightdock_5_id.pdb
DB5,holo,99,218,1ZHI,lightdock_1,1,1,-1000000.000000,0.001000,73.296600,60.984764,0.000000,unacceptable,0,done,,/root/PPCBench/dataset/DB5/structures/1ZHI/1ZHI_r_b.pdb,/root/PPCBench/results/DB5/lightdock_1/1ZHI/1ZHI_lightdock_1_id.pdb
DB5,holo,99,218,1ZHI,lightdock_2,2,2,-1000000.000000,0.001000,73.396858,61.080280,0.000000,unacceptable,0,done,,/root/PPCBench/dataset/DB5/structures/1ZHI/1ZHI_r_b.pdb,/root/PPCBench/results/DB5/lightdock_2/1ZHI/1ZHI_lightdock_2_id.pdb
DB5,holo,99,218,1ZHI,lightdock_3,3,3,-1000000.000000,0.002000,65.782509,58.100956,0.000000,unacceptable,0,done,,/root/PPCBench/dataset/DB5/structures/1ZHI/1ZHI_r_b.pdb,/root/PPCBench/results/DB5/lightdock_3/1ZHI/1ZHI_lightdock_3_id.pdb
DB5,holo,99,218,1ZHI,lightdock_4,4,4,-1000000.000000,0.003000,41.451218,37.370628,0.000000,unacceptable,0,done,,/root/PPCBench/dataset/DB5/structures/1ZHI/1ZHI_r_b.pdb,/root/PPCBench/results/DB5/lightdock_4/1ZHI/1ZHI_lightdock_4_id.pdb
DB5,holo,99,218,1ZHI,lightdock_5,5,5,-1000000.000000,0.002000,66.995346,58.451832,0.000000,unacceptable,0,done,,/root/PPCBench/dataset/DB5/structures/1ZHI/1ZHI_r_b.pdb,/root/PPCBench/results/DB5/lightdock_5/1ZHI/1ZHI_lightdock_5_id.pdb
DB5,holo,100,218,6EY6,lightdock_1,1,1,-1000000.000000,0.005000,37.061703,26.264999,0.000000,unacceptable,0,done,,/root/PPCBench/dataset/DB5/structures/6EY6/6EY6_r_b.pdb,/root/PPCBench/results/DB5/lightdock_1/6EY6/6EY6_lightdock_1_id.pdb
DB5,holo,100,218,6EY6,lightdock_2,2,2,-1000000.000000,0.003000,51.685822,39.834091,0.000000,unacceptable,0,done,,/root/PPCBench/dataset/DB5/structures/6EY6/6EY6_r_b.pdb,/root/PPCBench/results/DB5/lightdock_2/6EY6/6EY6_lightdock_2_id.pdb
DB5,holo,100,218,6EY6,lightdock_3,3,3,-1000000.000000,0.002000,54.765774,42.890709,0.000000,unacceptable,0,done,,/root/PPCBench/dataset/DB5/structures/6EY6/6EY6_r_b.pdb,/root/PPCBench/results/DB5/lightdock_3/6EY6/6EY6_lightdock_3_id.pdb
DB5,holo,100,218,6EY6,lightdock_4,4,4,-1000000.000000,0.002000,52.743572,38.703476,0.000000,unacceptable,0,done,,/root/PPCBench/dataset/DB5/structures/6EY6/6EY6_r_b.pdb,/root/PPCBench/results/DB5/lightdock_4/6EY6/6EY6_lightdock_4_id.pdb
DB5,holo,100,218,6EY6,lightdock_5,5,5,-1000000.000000,0.004000,30.579033,28.609377,0.000000,unacceptable,0,done,,/root/PPCBench/dataset/DB5/structures/6EY6/6EY6_r_b.pdb,/root/PPCBench/results/DB5/lightdock_5/6EY6/6EY6_lightdock_5_id.pdb
DB5,holo,101,218,1Y64,lightdock_1,1,1,-1000000.000000,0.001000,116.122734,109.374695,0.000000,unacceptable,0,done,,/root/PPCBench/dataset/DB5/structures/1Y64/1Y64_r_b.pdb,/root/PPCBench/results/DB5/lightdock_1/1Y64/1Y64_lightdock_1_id.pdb
DB5,holo,101,218,1Y64,lightdock_2,2,2,-1000000.000000,0.001000,65.231636,67.908157,0.000000,unacceptable,0,done,,/root/PPCBench/dataset/DB5/structures/1Y64/1Y64_r_b.pdb,/root/PPCBench/results/DB5/lightdock_2/1Y64/1Y64_lightdock_2_id.pdb
DB5,holo,101,218,1Y64,lightdock_3,3,3,-1000000.000000,0.001000,103.428673,111.014648,0.000000,unacceptable,0,done,,/root/PPCBench/dataset/DB5/structures/1Y64/1Y64_r_b.pdb,/root/PPCBench/results/DB5/lightdock_3/1Y64/1Y64_lightdock_3_id.pdb
DB5,holo,101,218,1Y64,lightdock_4,4,4,-1000000.000000,0.001000,118.253372,112.106453,0.000000,unacceptable,0,done,,/root/PPCBench/dataset/DB5/structures/1Y64/1Y64_r_b.pdb,/root/PPCBench/results/DB5/lightdock_4/1Y64/1Y64_lightdock_4_id.pdb
DB5,holo,101,218,1Y64,lightdock_5,5,5,-1000000.000000,0.001000,105.964745,112.307579,0.000000,unacceptable,0,done,,/root/PPCBench/dataset/DB5/structures/1Y64/1Y64_r_b.pdb,/root/PPCBench/results/DB5/lightdock_5/1Y64/1Y64_lightdock_5_id.pdb
DB5,holo,102,218,5GRJ,lightdock_1,1,2,-1000000.000000,0.003000,34.568516,27.024214,0.000000,unacceptable,0,done,,/root/PPCBench/dataset/DB5/structures/5GRJ/5GRJ_r_b.pdb,/root/PPCBench/results/DB5/lightdock_1/5GRJ/5GRJ_lightdock_1_id.pdb
DB5,holo,102,218,5GRJ,lightdock_2,2,1,-0.487806,0.004000,31.730555,23.314451,0.000000,unacceptable,0,done,,/root/PPCBench/dataset/DB5/structures/5GRJ/5GRJ_r_b.pdb,/root/PPCBench/results/DB5/lightdock_2/5GRJ/5GRJ_lightdock_2_id.pdb
DB5,holo,102,218,5GRJ,lightdock_3,3,3,-1000000.000000,0.002000,47.726780,35.290638,0.000000,unacceptable,0,done,,/root/PPCBench/dataset/DB5/structures/5GRJ/5GRJ_r_b.pdb,/root/PPCBench/results/DB5/lightdock_3/5GRJ/5GRJ_lightdock_3_id.pdb
DB5,holo,102,218,5GRJ,lightdock_4,4,4,-1000000.000000,0.002000,52.112476,36.401810,0.000000,unacceptable,0,done,,/root/PPCBench/dataset/DB5/structures/5GRJ/5GRJ_r_b.pdb,/root/PPCBench/results/DB5/lightdock_4/5GRJ/5GRJ_lightdock_4_id.pdb
DB5,holo,102,218,5GRJ,lightdock_5,5,5,-1000000.000000,0.004000,28.951876,23.403664,0.000000,unacceptable,0,done,,/root/PPCBench/dataset/DB5/structures/5GRJ/5GRJ_r_b.pdb,/root/PPCBench/results/DB5/lightdock_5/5GRJ/5GRJ_lightdock_5_id.pdb
DB5,holo,103,218,4H03,lightdock_1,1,1,-0.163913,0.005000,39.021320,29.119766,0.000000,unacceptable,0,done,,/root/PPCBench/dataset/DB5/structures/4H03/4H03_r_b.pdb,/root/PPCBench/results/DB5/lightdock_1/4H03/4H03_lightdock_1_id.pdb
DB5,holo,103,218,4H03,lightdock_2,2,3,-0.657164,0.013000,23.914644,22.411310,0.000000,unacceptable,0,done,,/root/PPCBench/dataset/DB5/structures/4H03/4H03_r_b.pdb,/root/PPCBench/results/DB5/lightdock_2/4H03/4H03_lightdock_2_id.pdb
DB5,holo,103,218,4H03,lightdock_3,3,2,-0.509621,0.017000,18.865465,15.665079,0.000000,unacceptable,0,done,,/root/PPCBench/dataset/DB5/structures/4H03/4H03_r_b.pdb,/root/PPCBench/results/DB5/lightdock_3/4H03/4H03_lightdock_3_id.pdb
DB5,holo,103,218,4H03,lightdock_4,4,4,-0.812969,0.014000,15.114186,20.540724,27.451927,unacceptable,0,done,,/root/PPCBench/dataset/DB5/structures/4H03/4H03_r_b.pdb,/root/PPCBench/results/DB5/lightdock_4/4H03/4H03_lightdock_4_id.pdb
DB5,holo,103,218,4H03,lightdock_5,5,5,-1000000.000000,0.005000,36.530857,28.052776,0.000000,unacceptable,0,done,,/root/PPCBench/dataset/DB5/structures/4H03/4H03_r_b.pdb,/root/PPCBench/results/DB5/lightdock_5/4H03/4H03_lightdock_5_id.pdb
DB5,holo,104,218,1EER,lightdock_1,1,1,-1000000.000000,0.002000,57.040924,48.116714,0.000000,unacceptable,0,done,,/root/PPCBench/dataset/DB5/structures/1EER/1EER_r_b.pdb,/root/PPCBench/results/DB5/lightdock_1/1EER/1EER_lightdock_1_id.pdb
DB5,holo,104,218,1EER,lightdock_2,2,2,-1000000.000000,0.003000,46.346664,40.111687,0.000000,unacceptable,0,done,,/root/PPCBench/dataset/DB5/structures/1EER/1EER_r_b.pdb,/root/PPCBench/results/DB5/lightdock_2/1EER/1EER_lightdock_2_id.pdb
DB5,holo,104,218,1EER,lightdock_3,3,3,-1000000.000000,0.002000,59.706684,50.180859,0.000000,unacceptable,0,done,,/root/PPCBench/dataset/DB5/structures/1EER/1EER_r_b.pdb,/root/PPCBench/results/DB5/lightdock_3/1EER/1EER_lightdock_3_id.pdb
DB5,holo,104,218,1EER,lightdock_4,4,4,-1000000.000000,0.001000,67.192818,54.178150,0.000000,unacceptable,0,done,,/root/PPCBench/dataset/DB5/structures/1EER/1EER_r_b.pdb,/root/PPCBench/results/DB5/lightdock_4/1EER/1EER_lightdock_4_id.pdb
DB5,holo,104,218,1EER,lightdock_5,5,5,-1000000.000000,0.002000,59.881138,50.399372,0.000000,unacceptable,0,done,,/root/PPCBench/dataset/DB5/structures/1EER/1EER_r_b.pdb,/root/PPCBench/results/DB5/lightdock_5/1EER/1EER_lightdock_5_id.pdb
DB5,holo,106,218,1S78,lightdock_1,1,1,-1000000.000000,0.000000,136.730362,97.422379,0.000000,unacceptable,0,done,,/root/PPCBench/dataset/DB5/structures/1S78/1S78_r_b.pdb,/root/PPCBench/results/DB5/lightdock_1/1S78/1S78_lightdock_1_id.pdb
DB5,holo,106,218,1S78,lightdock_2,2,2,-1000000.000000,0.001000,108.204750,80.443390,0.000000,unacceptable,0,done,,/root/PPCBench/dataset/DB5/structures/1S78/1S78_r_b.pdb,/root/PPCBench/results/DB5/lightdock_2/1S78/1S78_lightdock_2_id.pdb
DB5,holo,106,218,1S78,lightdock_3,3,3,-1000000.000000,0.000000,119.835457,91.451950,0.000000,unacceptable,0,done,,/root/PPCBench/dataset/DB5/structures/1S78/1S78_r_b.pdb,/root/PPCBench/results/DB5/lightdock_3/1S78/1S78_lightdock_3_id.pdb
DB5,holo,106,218,1S78,lightdock_4,4,4,-1000000.000000,0.001000,99.889786,76.766098,0.000000,unacceptable,0,done,,/root/PPCBench/dataset/DB5/structures/1S78/1S78_r_b.pdb,/root/PPCBench/results/DB5/lightdock_4/1S78/1S78_lightdock_4_id.pdb
DB5,holo,106,218,1S78,lightdock_5,5,5,-1000000.000000,0.001000,94.707260,72.815773,0.000000,unacceptable,0,done,,/root/PPCBench/dataset/DB5/structures/1S78/1S78_r_b.pdb,/root/PPCBench/results/DB5/lightdock_5/1S78/1S78_lightdock_5_id.pdb
DB5,holo,107,218,1SYX,lightdock_1,1,3,-0.735390,0.023000,16.795273,11.961344,0.000000,unacceptable,0,done,,/root/PPCBench/dataset/DB5/structures/1SYX/1SYX_r_b.pdb,/root/PPCBench/results/DB5/lightdock_1/1SYX/1SYX_lightdock_1_id.pdb
DB5,holo,107,218,1SYX,lightdock_2,2,1,-0.556863,0.019000,14.432259,12.877995,0.000000,unacceptable,0,done,,/root/PPCBench/dataset/DB5/structures/1SYX/1SYX_r_b.pdb,/root/PPCBench/results/DB5/lightdock_2/1SYX/1SYX_lightdock_2_id.pdb
DB5,holo,107,218,1SYX,lightdock_3,3,4,-0.769707,0.024000,17.086859,12.614799,0.000000,unacceptable,0,done,,/root/PPCBench/dataset/DB5/structures/1SYX/1SYX_r_b.pdb,/root/PPCBench/results/DB5/lightdock_3/1SYX/1SYX_lightdock_3_id.pdb
DB5,holo,107,218,1SYX,lightdock_4,4,5,-0.964643,0.169000,6.485313,8.603822,37.143277,unacceptable,0,done,,/root/PPCBench/dataset/DB5/structures/1SYX/1SYX_r_b.pdb,/root/PPCBench/results/DB5/lightdock_4/1SYX/1SYX_lightdock_4_id.pdb
DB5,holo,107,218,1SYX,lightdock_5,5,2,-0.713717,0.025000,12.366621,11.212551,0.000000,unacceptable,0,done,,/root/PPCBench/dataset/DB5/structures/1SYX/1SYX_r_b.pdb,/root/PPCBench/results/DB5/lightdock_5/1SYX/1SYX_lightdock_5_id.pdb
DB5,holo,108,218,2GTP,lightdock_1,1,5,-0.810210,0.010000,26.014933,18.218008,0.000000,unacceptable,0,done,,/root/PPCBench/dataset/DB5/structures/2GTP/2GTP_r_b.pdb,/root/PPCBench/results/DB5/lightdock_1/2GTP/2GTP_lightdock_1_id.pdb
DB5,holo,108,218,2GTP,lightdock_2,2,4,-0.767371,0.027000,14.920803,16.256405,4.350351,unacceptable,0,done,,/root/PPCBench/dataset/DB5/structures/2GTP/2GTP_r_b.pdb,/root/PPCBench/results/DB5/lightdock_2/2GTP/2GTP_lightdock_2_id.pdb
DB5,holo,108,218,2GTP,lightdock_3,3,1,-0.728240,0.064000,8.561568,9.394504,11.380307,unacceptable,0,done,,/root/PPCBench/dataset/DB5/structures/2GTP/2GTP_r_b.pdb,/root/PPCBench/results/DB5/lightdock_3/2GTP/2GTP_lightdock_3_id.pdb
DB5,holo,108,218,2GTP,lightdock_4,4,2,-0.730785,0.041000,12.477390,15.141151,1.416191,unacceptable,0,done,,/root/PPCBench/dataset/DB5/structures/2GTP/2GTP_r_b.pdb,/root/PPCBench/results/DB5/lightdock_4/2GTP/2GTP_lightdock_4_id.pdb
DB5,holo,108,218,2GTP,lightdock_5,5,3,-0.746240,0.040000,12.729095,15.250961,0.881394,unacceptable,0,done,,/root/PPCBench/dataset/DB5/structures/2GTP/2GTP_r_b.pdb,/root/PPCBench/results/DB5/lightdock_5/2GTP/2GTP_lightdock_5_id.pdb
DB5,holo,109,218,1DQJ,lightdock_1,1,1,-1000000.000000,0.003000,41.081871,30.030264,0.000000,unacceptable,0,done,,/root/PPCBench/dataset/DB5/structures/1DQJ/1DQJ_r_b.pdb,/root/PPCBench/results/DB5/lightdock_1/1DQJ/1DQJ_lightdock_1_id.pdb
DB5,holo,109,218,1DQJ,lightdock_2,2,2,-1000000.000000,0.003000,44.002121,31.051228,0.000000,unacceptable,0,done,,/root/PPCBench/dataset/DB5/structures/1DQJ/1DQJ_r_b.pdb,/root/PPCBench/results/DB5/lightdock_2/1DQJ/1DQJ_lightdock_2_id.pdb
DB5,holo,109,218,1DQJ,lightdock_3,3,3,-1000000.000000,0.008000,34.305363,21.698420,0.000000,unacceptable,0,done,,/root/PPCBench/dataset/DB5/structures/1DQJ/1DQJ_r_b.pdb,/root/PPCBench/results/DB5/lightdock_3/1DQJ/1DQJ_lightdock_3_id.pdb
DB5,holo,109,218,1DQJ,lightdock_4,4,4,-1000000.000000,0.006000,30.444275,23.353046,0.000000,unacceptable,0,done,,/root/PPCBench/dataset/DB5/structures/1DQJ/1DQJ_r_b.pdb,/root/PPCBench/results/DB5/lightdock_4/1DQJ/1DQJ_lightdock_4_id.pdb
DB5,holo,109,218,1DQJ,lightdock_5,5,5,-1000000.000000,0.006000,30.312407,24.022942,0.000000,unacceptable,0,done,,/root/PPCBench/dataset/DB5/structures/1DQJ/1DQJ_r_b.pdb,/root/PPCBench/results/DB5/lightdock_5/1DQJ/1DQJ_lightdock_5_id.pdb
DB5,holo,110,218,5CBA,lightdock_1,1,3,-1000000.000000,0.013000,25.197300,16.279097,0.000000,unacceptable,0,done,,/root/PPCBench/dataset/DB5/structures/5CBA/5CBA_r_b.pdb,/root/PPCBench/results/DB5/lightdock_1/5CBA/5CBA_lightdock_1_id.pdb
DB5,holo,110,218,5CBA,lightdock_2,2,4,-1000000.000000,0.014000,19.518833,15.321949,0.000000,unacceptable,0,done,,/root/PPCBench/dataset/DB5/structures/5CBA/5CBA_r_b.pdb,/root/PPCBench/results/DB5/lightdock_2/5CBA/5CBA_lightdock_2_id.pdb
DB5,holo,110,218,5CBA,lightdock_3,3,1,-0.442111,0.018000,19.552195,14.453470,0.000000,unacceptable,0,done,,/root/PPCBench/dataset/DB5/structures/5CBA/5CBA_r_b.pdb,/root/PPCBench/results/DB5/lightdock_3/5CBA/5CBA_lightdock_3_id.pdb
DB5,holo,110,218,5CBA,lightdock_4,4,2,-0.471038,0.012000,19.013269,15.870229,0.000000,unacceptable,0,done,,/root/PPCBench/dataset/DB5/structures/5CBA/5CBA_r_b.pdb,/root/PPCBench/results/DB5/lightdock_4/5CBA/5CBA_lightdock_4_id.pdb
DB5,holo,110,218,5CBA,lightdock_5,5,5,-1000000.000000,0.013000,21.697790,14.881666,0.000000,unacceptable,0,done,,/root/PPCBench/dataset/DB5/structures/5CBA/5CBA_r_b.pdb,/root/PPCBench/results/DB5/lightdock_5/5CBA/5CBA_lightdock_5_id.pdb
DB5,holo,111,218,4DN4,lightdock_1,1,1,-1000000.000000,0.005000,35.748207,19.497780,0.000000,unacceptable,0,done,,/root/PPCBench/dataset/DB5/structures/4DN4/4DN4_r_b.pdb,/root/PPCBench/results/DB5/lightdock_1/4DN4/4DN4_lightdock_1_id.pdb
DB5,holo,111,218,4DN4,lightdock_2,2,2,-1000000.000000,0.005000,28.317678,22.099977,0.000000,unacceptable,0,done,,/root/PPCBench/dataset/DB5/structures/4DN4/4DN4_r_b.pdb,/root/PPCBench/results/DB5/lightdock_2/4DN4/4DN4_lightdock_2_id.pdb
DB5,holo,111,218,4DN4,lightdock_3,3,3,-1000000.000000,0.007000,29.162798,17.078079,0.000000,unacceptable,0,done,,/root/PPCBench/dataset/DB5/structures/4DN4/4DN4_r_b.pdb,/root/PPCBench/results/DB5/lightdock_3/4DN4/4DN4_lightdock_3_id.pdb
DB5,holo,111,218,4DN4,lightdock_4,4,4,-1000000.000000,0.006000,24.480503,18.536974,0.000000,unacceptable,0,done,,/root/PPCBench/dataset/DB5/structures/4DN4/4DN4_r_b.pdb,/root/PPCBench/results/DB5/lightdock_4/4DN4/4DN4_lightdock_4_id.pdb
DB5,holo,111,218,4DN4,lightdock_5,5,5,-1000000.000000,0.003000,43.099327,30.259800,0.000000,unacceptable,0,done,,/root/PPCBench/dataset/DB5/structures/4DN4/4DN4_r_b.pdb,/root/PPCBench/results/DB5/lightdock_5/4DN4/4DN4_lightdock_5_id.pdb
DB5,holo,112,218,3AAD,lightdock_1,1,2,-1000000.000000,0.010000,27.636305,25.363400,0.000000,unacceptable,0,done,,/root/PPCBench/dataset/DB5/structures/3AAD/3AAD_r_b.pdb,/root/PPCBench/results/DB5/lightdock_1/3AAD/3AAD_lightdock_1_id.pdb
DB5,holo,112,218,3AAD,lightdock_2,2,3,-1000000.000000,0.010000,27.794626,25.304493,0.000000,unacceptable,0,done,,/root/PPCBench/dataset/DB5/structures/3AAD/3AAD_r_b.pdb,/root/PPCBench/results/DB5/lightdock_2/3AAD/3AAD_lightdock_2_id.pdb
DB5,holo,112,218,3AAD,lightdock_3,3,4,-1000000.000000,0.008000,36.256447,26.653429,0.000000,unacceptable,0,done,,/root/PPCBench/dataset/DB5/structures/3AAD/3AAD_r_b.pdb,/root/PPCBench/results/DB5/lightdock_3/3AAD/3AAD_lightdock_3_id.pdb
DB5,holo,112,218,3AAD,lightdock_4,4,1,-0.777034,0.023000,15.203247,16.321053,0.196609,unacceptable,0,done,,/root/PPCBench/dataset/DB5/structures/3AAD/3AAD_r_b.pdb,/root/PPCBench/results/DB5/lightdock_4/3AAD/3AAD_lightdock_4_id.pdb
DB5,holo,112,218,3AAD,lightdock_5,5,5,-1000000.000000,0.006000,34.889828,31.092825,0.000000,unacceptable,0,done,,/root/PPCBench/dataset/DB5/structures/3AAD/3AAD_r_b.pdb,/root/PPCBench/results/DB5/lightdock_5/3AAD/3AAD_lightdock_5_id.pdb
DB5,holo,113,218,2HRK,lightdock_1,1,4,-0.865682,0.167000,6.224520,12.495239,33.721898,unacceptable,0,done,,/root/PPCBench/dataset/DB5/structures/2HRK/2HRK_r_b.pdb,/root/PPCBench/results/DB5/lightdock_1/2HRK/2HRK_lightdock_1_id.pdb
DB5,holo,113,218,2HRK,lightdock_2,2,5,-0.897106,0.159000,6.245513,12.533330,33.866274,unacceptable,0,done,,/root/PPCBench/dataset/DB5/structures/2HRK/2HRK_r_b.pdb,/root/PPCBench/results/DB5/lightdock_2/2HRK/2HRK_lightdock_2_id.pdb
DB5,holo,113,218,2HRK,lightdock_3,3,2,-0.809125,0.012000,16.913813,22.397150,21.558095,unacceptable,0,done,,/root/PPCBench/dataset/DB5/structures/2HRK/2HRK_r_b.pdb,/root/PPCBench/results/DB5/lightdock_3/2HRK/2HRK_lightdock_3_id.pdb
DB5,holo,113,218,2HRK,lightdock_4,4,1,-0.773737,0.013000,18.206810,14.934034,0.000000,unacceptable,0,done,,/root/PPCBench/dataset/DB5/structures/2HRK/2HRK_r_b.pdb,/root/PPCBench/results/DB5/lightdock_4/2HRK/2HRK_lightdock_4_id.pdb
DB5,holo,113,218,2HRK,lightdock_5,5,3,-0.833937,0.016000,11.746572,22.465090,39.138757,unacceptable,0,done,,/root/PPCBench/dataset/DB5/structures/2HRK/2HRK_r_b.pdb,/root/PPCBench/results/DB5/lightdock_5/2HRK/2HRK_lightdock_5_id.pdb
DB5,holo,114,218,2A5T,lightdock_1,1,1,-1000000.000000,0.002000,49.570576,39.568775,0.000000,unacceptable,0,done,,/root/PPCBench/dataset/DB5/structures/2A5T/2A5T_r_b.pdb,/root/PPCBench/results/DB5/lightdock_1/2A5T/2A5T_lightdock_1_id.pdb
DB5,holo,114,218,2A5T,lightdock_2,2,2,-1000000.000000,0.002000,50.954437,42.255764,0.000000,unacceptable,0,done,,/root/PPCBench/dataset/DB5/structures/2A5T/2A5T_r_b.pdb,/root/PPCBench/results/DB5/lightdock_2/2A5T/2A5T_lightdock_2_id.pdb
DB5,holo,114,218,2A5T,lightdock_3,3,3,-1000000.000000,0.003000,39.232140,29.896929,0.000000,unacceptable,0,done,,/root/PPCBench/dataset/DB5/structures/2A5T/2A5T_r_b.pdb,/root/PPCBench/results/DB5/lightdock_3/2A5T/2A5T_lightdock_3_id.pdb
DB5,holo,114,218,2A5T,lightdock_4,4,4,-1000000.000000,0.004000,40.029861,38.259399,0.000000,unacceptable,0,done,,/root/PPCBench/dataset/DB5/structures/2A5T/2A5T_r_b.pdb,/root/PPCBench/results/DB5/lightdock_4/2A5T/2A5T_lightdock_4_id.pdb
DB5,holo,114,218,2A5T,lightdock_5,5,5,-1000000.000000,0.002000,43.324696,34.067894,0.000000,unacceptable,0,done,,/root/PPCBench/dataset/DB5/structures/2A5T/2A5T_r_b.pdb,/root/PPCBench/results/DB5/lightdock_5/2A5T/2A5T_lightdock_5_id.pdb
DB5,holo,115,218,3WD5,lightdock_1,1,4,-0.785095,0.052000,11.070832,15.314927,5.475012,unacceptable,0,done,,/root/PPCBench/dataset/DB5/structures/3WD5/3WD5_r_b.pdb,/root/PPCBench/results/DB5/lightdock_1/3WD5/3WD5_lightdock_1_id.pdb
DB5,holo,115,218,3WD5,lightdock_2,2,3,-0.726837,0.020000,14.353539,14.211660,0.837653,unacceptable,0,done,,/root/PPCBench/dataset/DB5/structures/3WD5/3WD5_r_b.pdb,/root/PPCBench/results/DB5/lightdock_2/3WD5/3WD5_lightdock_2_id.pdb
DB5,holo,115,218,3WD5,lightdock_3,3,1,-0.641986,0.009000,23.176888,17.985125,0.000000,unacceptable,0,done,,/root/PPCBench/dataset/DB5/structures/3WD5/3WD5_r_b.pdb,/root/PPCBench/results/DB5/lightdock_3/3WD5/3WD5_lightdock_3_id.pdb
DB5,holo,115,218,3WD5,lightdock_4,4,5,-0.843859,0.007000,15.232666,29.701841,25.945758,unacceptable,0,done,,/root/PPCBench/dataset/DB5/structures/3WD5/3WD5_r_b.pdb,/root/PPCBench/results/DB5/lightdock_4/3WD5/3WD5_lightdock_4_id.pdb
DB5,holo,115,218,3WD5,lightdock_5,5,2,-0.701768,0.008000,22.443434,24.250446,0.000000,unacceptable,0,done,,/root/PPCBench/dataset/DB5/structures/3WD5/3WD5_r_b.pdb,/root/PPCBench/results/DB5/lightdock_5/3WD5/3WD5_lightdock_5_id.pdb
DB5,holo,117,218,1JK9,lightdock_1,1,1,-1000000.000000,0.001000,97.937645,85.547920,0.000000,unacceptable,0,done,,/root/PPCBench/dataset/DB5/structures/1JK9/1JK9_r_b.pdb,/root/PPCBench/results/DB5/lightdock_1/1JK9/1JK9_lightdock_1_id.pdb
DB5,holo,117,218,1JK9,lightdock_2,2,2,-1000000.000000,0.001000,91.680580,79.935249,0.000000,unacceptable,0,done,,/root/PPCBench/dataset/DB5/structures/1JK9/1JK9_r_b.pdb,/root/PPCBench/results/DB5/lightdock_2/1JK9/1JK9_lightdock_2_id.pdb
DB5,holo,117,218,1JK9,lightdock_3,3,3,-1000000.000000,0.001000,94.034592,84.475891,0.000000,unacceptable,0,done,,/root/PPCBench/dataset/DB5/structures/1JK9/1JK9_r_b.pdb,/root/PPCBench/results/DB5/lightdock_3/1JK9/1JK9_lightdock_3_id.pdb
DB5,holo,117,218,1JK9,lightdock_4,4,4,-1000000.000000,0.001000,88.347923,82.510468,0.000000,unacceptable,0,done,,/root/PPCBench/dataset/DB5/structures/1JK9/1JK9_r_b.pdb,/root/PPCBench/results/DB5/lightdock_4/1JK9/1JK9_lightdock_4_id.pdb
DB5,holo,117,218,1JK9,lightdock_5,5,5,-1000000.000000,0.001000,87.840843,80.345802,0.000000,unacceptable,0,done,,/root/PPCBench/dataset/DB5/structures/1JK9/1JK9_r_b.pdb,/root/PPCBench/results/DB5/lightdock_5/1JK9/1JK9_lightdock_5_id.pdb
DB5,holo,118,218,1WEJ,lightdock_1,1,1,-0.724767,0.007000,29.479874,21.261551,0.000000,unacceptable,0,done,,/root/PPCBench/dataset/DB5/structures/1WEJ/1WEJ_r_b.pdb,/root/PPCBench/results/DB5/lightdock_1/1WEJ/1WEJ_lightdock_1_id.pdb
DB5,holo,118,218,1WEJ,lightdock_2,2,3,-0.780129,0.007000,30.191837,21.854445,0.000000,unacceptable,0,done,,/root/PPCBench/dataset/DB5/structures/1WEJ/1WEJ_r_b.pdb,/root/PPCBench/results/DB5/lightdock_2/1WEJ/1WEJ_lightdock_2_id.pdb
DB5,holo,118,218,1WEJ,lightdock_3,3,2,-0.772143,0.006000,29.726002,23.016947,0.000000,unacceptable,0,done,,/root/PPCBench/dataset/DB5/structures/1WEJ/1WEJ_r_b.pdb,/root/PPCBench/results/DB5/lightdock_3/1WEJ/1WEJ_lightdock_3_id.pdb
DB5,holo,118,218,1WEJ,lightdock_4,4,5,-0.795184,0.006000,31.489485,23.687204,0.016406,unacceptable,0,done,,/root/PPCBench/dataset/DB5/structures/1WEJ/1WEJ_r_b.pdb,/root/PPCBench/results/DB5/lightdock_4/1WEJ/1WEJ_lightdock_4_id.pdb
DB5,holo,118,218,1WEJ,lightdock_5,5,4,-0.782764,0.007000,25.688299,22.481466,3.696434,unacceptable,0,done,,/root/PPCBench/dataset/DB5/structures/1WEJ/1WEJ_r_b.pdb,/root/PPCBench/results/DB5/lightdock_5/1WEJ/1WEJ_lightdock_5_id.pdb
DB5,holo,119,218,1AZS,lightdock_1,1,1,0.394649,0.009000,36.082100,29.136522,0.000000,unacceptable,0,done,,/root/PPCBench/dataset/DB5/structures/1AZS/1AZS_r_b.pdb,/root/PPCBench/results/DB5/lightdock_1/1AZS/1AZS_lightdock_1_id.pdb
DB5,holo,119,218,1AZS,lightdock_2,2,3,-1000000.000000,0.008000,23.497593,30.005381,0.000000,unacceptable,0,done,,/root/PPCBench/dataset/DB5/structures/1AZS/1AZS_r_b.pdb,/root/PPCBench/results/DB5/lightdock_2/1AZS/1AZS_lightdock_2_id.pdb
DB5,holo,119,218,1AZS,lightdock_3,3,4,-1000000.000000,0.011000,32.080826,24.259125,0.000000,unacceptable,0,done,,/root/PPCBench/dataset/DB5/structures/1AZS/1AZS_r_b.pdb,/root/PPCBench/results/DB5/lightdock_3/1AZS/1AZS_lightdock_3_id.pdb
DB5,holo,119,218,1AZS,lightdock_4,4,5,-1000000.000000,0.008000,24.320221,31.566065,0.000000,unacceptable,0,done,,/root/PPCBench/dataset/DB5/structures/1AZS/1AZS_r_b.pdb,/root/PPCBench/results/DB5/lightdock_4/1AZS/1AZS_lightdock_4_id.pdb
DB5,holo,119,218,1AZS,lightdock_5,5,2,-0.703617,0.041000,12.764617,13.527188,0.017264,unacceptable,0,done,,/root/PPCBench/dataset/DB5/structures/1AZS/1AZS_r_b.pdb,/root/PPCBench/results/DB5/lightdock_5/1AZS/1AZS_lightdock_5_id.pdb
DB5,holo,120,218,1GCQ,lightdock_1,1,3,-0.755957,0.014000,18.734634,14.781960,0.164984,unacceptable,0,done,,/root/PPCBench/dataset/DB5/structures/1GCQ/1GCQ_r_b.pdb,/root/PPCBench/results/DB5/lightdock_1/1GCQ/1GCQ_lightdock_1_id.pdb
DB5,holo,120,218,1GCQ,lightdock_2,2,4,-0.761718,0.012000,21.354027,16.311529,0.000000,unacceptable,0,done,,/root/PPCBench/dataset/DB5/structures/1GCQ/1GCQ_r_b.pdb,/root/PPCBench/results/DB5/lightdock_2/1GCQ/1GCQ_lightdock_2_id.pdb
DB5,holo,120,218,1GCQ,lightdock_3,3,5,-0.786601,0.025000,14.557508,12.501522,0.000000,unacceptable,0,done,,/root/PPCBench/dataset/DB5/structures/1GCQ/1GCQ_r_b.pdb,/root/PPCBench/results/DB5/lightdock_3/1GCQ/1GCQ_lightdock_3_id.pdb
DB5,holo,120,218,1GCQ,lightdock_4,4,2,-0.733284,0.031000,14.255258,11.815767,0.000000,unacceptable,0,done,,/root/PPCBench/dataset/DB5/structures/1GCQ/1GCQ_r_b.pdb,/root/PPCBench/results/DB5/lightdock_4/1GCQ/1GCQ_lightdock_4_id.pdb
DB5,holo,120,218,1GCQ,lightdock_5,5,1,-0.717328,0.013000,17.751802,14.928896,0.000000,unacceptable,0,done,,/root/PPCBench/dataset/DB5/structures/1GCQ/1GCQ_r_b.pdb,/root/PPCBench/results/DB5/lightdock_5/1GCQ/1GCQ_lightdock_5_id.pdb
DB5,holo,121,218,1BVN,lightdock_1,1,1,-0.825983,0.020000,16.918926,11.793427,42.939539,unacceptable,0,done,,/root/PPCBench/dataset/DB5/structures/1BVN/1BVN_r_b.pdb,/root/PPCBench/results/DB5/lightdock_1/1BVN/1BVN_lightdock_1_id.pdb
DB5,holo,121,218,1BVN,lightdock_2,2,4,-0.883729,0.016000,21.690937,12.751149,12.975969,unacceptable,0,done,,/root/PPCBench/dataset/DB5/structures/1BVN/1BVN_r_b.pdb,/root/PPCBench/results/DB5/lightdock_2/1BVN/1BVN_lightdock_2_id.pdb
DB5,holo,121,218,1BVN,lightdock_3,3,2,-0.831931,0.014000,19.146133,13.881508,23.797402,unacceptable,0,done,,/root/PPCBench/dataset/DB5/structures/1BVN/1BVN_r_b.pdb,/root/PPCBench/results/DB5/lightdock_3/1BVN/1BVN_lightdock_3_id.pdb
DB5,holo,121,218,1BVN,lightdock_4,4,3,-0.873879,0.017000,19.159468,12.719172,33.881750,unacceptable,0,done,,/root/PPCBench/dataset/DB5/structures/1BVN/1BVN_r_b.pdb,/root/PPCBench/results/DB5/lightdock_4/1BVN/1BVN_lightdock_4_id.pdb
DB5,holo,121,218,1BVN,lightdock_5,5,5,-1000000.000000,0.004000,42.794468,24.936449,0.000000,unacceptable,0,done,,/root/PPCBench/dataset/DB5/structures/1BVN/1BVN_r_b.pdb,/root/PPCBench/results/DB5/lightdock_5/1BVN/1BVN_lightdock_5_id.pdb
DB5,holo,122,218,2DD8,lightdock_1,1,1,-0.731182,0.003000,48.979904,32.985394,0.000000,unacceptable,0,done,,/root/PPCBench/dataset/DB5/structures/2DD8/2DD8_r_b.pdb,/root/PPCBench/results/DB5/lightdock_1/2DD8/2DD8_lightdock_1_id.pdb
DB5,holo,122,218,2DD8,lightdock_2,2,2,-0.733766,0.003000,39.074867,32.031223,0.000000,unacceptable,0,done,,/root/PPCBench/dataset/DB5/structures/2DD8/2DD8_r_b.pdb,/root/PPCBench/results/DB5/lightdock_2/2DD8/2DD8_lightdock_2_id.pdb
DB5,holo,122,218,2DD8,lightdock_3,3,3,-1000000.000000,0.003000,46.343899,28.755238,0.000000,unacceptable,0,done,,/root/PPCBench/dataset/DB5/structures/2DD8/2DD8_r_b.pdb,/root/PPCBench/results/DB5/lightdock_3/2DD8/2DD8_lightdock_3_id.pdb
DB5,holo,122,218,2DD8,lightdock_4,4,4,-1000000.000000,0.003000,47.812851,33.502445,0.000000,unacceptable,0,done,,/root/PPCBench/dataset/DB5/structures/2DD8/2DD8_r_b.pdb,/root/PPCBench/results/DB5/lightdock_4/2DD8/2DD8_lightdock_4_id.pdb
DB5,holo,122,218,2DD8,lightdock_5,5,5,-1000000.000000,0.002000,56.065887,35.493996,0.000000,unacceptable,0,done,,/root/PPCBench/dataset/DB5/structures/2DD8/2DD8_r_b.pdb,/root/PPCBench/results/DB5/lightdock_5/2DD8/2DD8_lightdock_5_id.pdb
DB5,holo,123,218,2OOB,lightdock_1,1,2,-0.745398,0.025000,12.885037,11.846719,0.000000,unacceptable,0,done,,/root/PPCBench/dataset/DB5/structures/2OOB/2OOB_r_b.pdb,/root/PPCBench/results/DB5/lightdock_1/2OOB/2OOB_lightdock_1_id.pdb
DB5,holo,123,218,2OOB,lightdock_2,2,4,-0.916224,0.018000,14.742013,13.072496,0.080944,unacceptable,0,done,,/root/PPCBench/dataset/DB5/structures/2OOB/2OOB_r_b.pdb,/root/PPCBench/results/DB5/lightdock_2/2OOB/2OOB_lightdock_2_id.pdb
DB5,holo,123,218,2OOB,lightdock_3,3,5,-1.034096,0.017000,14.816940,13.210021,0.058679,unacceptable,0,done,,/root/PPCBench/dataset/DB5/structures/2OOB/2OOB_r_b.pdb,/root/PPCBench/results/DB5/lightdock_3/2OOB/2OOB_lightdock_3_id.pdb
DB5,holo,123,218,2OOB,lightdock_4,4,1,-0.688863,0.071000,8.898825,8.958182,0.117812,unacceptable,0,done,,/root/PPCBench/dataset/DB5/structures/2OOB/2OOB_r_b.pdb,/root/PPCBench/results/DB5/lightdock_4/2OOB/2OOB_lightdock_4_id.pdb
DB5,holo,123,218,2OOB,lightdock_5,5,3,-0.793349,0.044000,13.323693,10.472648,0.337699,unacceptable,0,done,,/root/PPCBench/dataset/DB5/structures/2OOB/2OOB_r_b.pdb,/root/PPCBench/results/DB5/lightdock_5/2OOB/2OOB_lightdock_5_id.pdb
DB5,holo,124,218,6CWG,lightdock_1,1,1,-1000000.000000,0.001000,63.876354,50.601307,0.000000,unacceptable,0,done,,/root/PPCBench/dataset/DB5/structures/6CWG/6CWG_r_b.pdb,/root/PPCBench/results/DB5/lightdock_1/6CWG/6CWG_lightdock_1_id.pdb
DB5,holo,124,218,6CWG,lightdock_2,2,2,-1000000.000000,0.001000,60.781483,48.301792,0.000000,unacceptable,0,done,,/root/PPCBench/dataset/DB5/structures/6CWG/6CWG_r_b.pdb,/root/PPCBench/results/DB5/lightdock_2/6CWG/6CWG_lightdock_2_id.pdb
DB5,holo,124,218,6CWG,lightdock_3,3,3,-1000000.000000,0.002000,56.269932,47.052040,0.000000,unacceptable,0,done,,/root/PPCBench/dataset/DB5/structures/6CWG/6CWG_r_b.pdb,/root/PPCBench/results/DB5/lightdock_3/6CWG/6CWG_lightdock_3_id.pdb
DB5,holo,124,218,6CWG,lightdock_4,4,4,-1000000.000000,0.001000,60.643810,48.246487,0.000000,unacceptable,0,done,,/root/PPCBench/dataset/DB5/structures/6CWG/6CWG_r_b.pdb,/root/PPCBench/results/DB5/lightdock_4/6CWG/6CWG_lightdock_4_id.pdb
DB5,holo,124,218,6CWG,lightdock_5,5,5,-1000000.000000,0.002000,57.292152,47.141197,0.000000,unacceptable,0,done,,/root/PPCBench/dataset/DB5/structures/6CWG/6CWG_r_b.pdb,/root/PPCBench/results/DB5/lightdock_5/6CWG/6CWG_lightdock_5_id.pdb
DB5,holo,125,218,5C7X,lightdock_1,1,1,-0.832430,0.005000,35.277477,31.280453,27.246961,unacceptable,0,done,,/root/PPCBench/dataset/DB5/structures/5C7X/5C7X_r_b.pdb,/root/PPCBench/results/DB5/lightdock_1/5C7X/5C7X_lightdock_1_id.pdb
DB5,holo,125,218,5C7X,lightdock_2,2,5,-0.855239,0.005000,36.298069,31.889935,26.058838,unacceptable,0,done,,/root/PPCBench/dataset/DB5/structures/5C7X/5C7X_r_b.pdb,/root/PPCBench/results/DB5/lightdock_2/5C7X/5C7X_lightdock_2_id.pdb
DB5,holo,125,218,5C7X,lightdock_3,3,2,-0.834019,0.010000,23.562469,20.464586,11.375737,unacceptable,0,done,,/root/PPCBench/dataset/DB5/structures/5C7X/5C7X_r_b.pdb,/root/PPCBench/results/DB5/lightdock_3/5C7X/5C7X_lightdock_3_id.pdb
DB5,holo,125,218,5C7X,lightdock_4,4,4,-0.852585,0.004000,31.024704,35.156307,11.125403,unacceptable,0,done,,/root/PPCBench/dataset/DB5/structures/5C7X/5C7X_r_b.pdb,/root/PPCBench/results/DB5/lightdock_4/5C7X/5C7X_lightdock_4_id.pdb
DB5,holo,125,218,5C7X,lightdock_5,5,3,-0.839457,0.004000,31.159565,35.216286,10.599764,unacceptable,0,done,,/root/PPCBench/dataset/DB5/structures/5C7X/5C7X_r_b.pdb,/root/PPCBench/results/DB5/lightdock_5/5C7X/5C7X_lightdock_5_id.pdb
DB5,holo,126,218,4ETQ,lightdock_1,1,4,-0.805187,0.006000,25.806522,30.143324,17.276779,unacceptable,0,done,,/root/PPCBench/dataset/DB5/structures/4ETQ/4ETQ_r_b.pdb,/root/PPCBench/results/DB5/lightdock_1/4ETQ/4ETQ_lightdock_1_id.pdb
DB5,holo,126,218,4ETQ,lightdock_2,2,1,-0.767038,0.004000,40.577263,36.583134,10.492564,unacceptable,0,done,,/root/PPCBench/dataset/DB5/structures/4ETQ/4ETQ_r_b.pdb,/root/PPCBench/results/DB5/lightdock_2/4ETQ/4ETQ_lightdock_2_id.pdb
DB5,holo,126,218,4ETQ,lightdock_3,3,5,-0.852547,0.022000,15.281714,18.773729,22.324492,unacceptable,0,done,,/root/PPCBench/dataset/DB5/structures/4ETQ/4ETQ_r_b.pdb,/root/PPCBench/results/DB5/lightdock_3/4ETQ/4ETQ_lightdock_3_id.pdb
DB5,holo,126,218,4ETQ,lightdock_4,4,2,-0.778061,0.004000,34.252914,37.010250,8.020762,unacceptable,0,done,,/root/PPCBench/dataset/DB5/structures/4ETQ/4ETQ_r_b.pdb,/root/PPCBench/results/DB5/lightdock_4/4ETQ/4ETQ_lightdock_4_id.pdb
DB5,holo,126,218,4ETQ,lightdock_5,5,3,-0.786445,0.004000,34.490398,36.350063,19.131045,unacceptable,0,done,,/root/PPCBench/dataset/DB5/structures/4ETQ/4ETQ_r_b.pdb,/root/PPCBench/results/DB5/lightdock_5/4ETQ/4ETQ_lightdock_5_id.pdb
DB5,holo,127,218,2ABZ,lightdock_1,1,1,-1000000.000000,0.002000,56.421959,37.119850,0.000000,unacceptable,0,done,,/root/PPCBench/dataset/DB5/structures/2ABZ/2ABZ_r_b.pdb,/root/PPCBench/results/DB5/lightdock_1/2ABZ/2ABZ_lightdock_1_id.pdb
DB5,holo,127,218,2ABZ,lightdock_2,2,2,-1000000.000000,0.004000,40.915432,26.143442,0.000000,unacceptable,0,done,,/root/PPCBench/dataset/DB5/structures/2ABZ/2ABZ_r_b.pdb,/root/PPCBench/results/DB5/lightdock_2/2ABZ/2ABZ_lightdock_2_id.pdb
DB5,holo,127,218,2ABZ,lightdock_3,3,3,-1000000.000000,0.003000,45.672955,28.804512,0.000000,unacceptable,0,done,,/root/PPCBench/dataset/DB5/structures/2ABZ/2ABZ_r_b.pdb,/root/PPCBench/results/DB5/lightdock_3/2ABZ/2ABZ_lightdock_3_id.pdb
DB5,holo,127,218,2ABZ,lightdock_4,4,4,-1000000.000000,0.004000,40.941772,26.266321,0.000000,unacceptable,0,done,,/root/PPCBench/dataset/DB5/structures/2ABZ/2ABZ_r_b.pdb,/root/PPCBench/results/DB5/lightdock_4/2ABZ/2ABZ_lightdock_4_id.pdb
DB5,holo,127,218,2ABZ,lightdock_5,5,5,-1000000.000000,0.005000,37.561775,23.738796,0.000000,unacceptable,0,done,,/root/PPCBench/dataset/DB5/structures/2ABZ/2ABZ_r_b.pdb,/root/PPCBench/results/DB5/lightdock_5/2ABZ/2ABZ_lightdock_5_id.pdb
DB5,holo,128,218,3BIW,lightdock_1,1,1,-1000000.000000,0.002000,54.473572,35.082329,0.000000,unacceptable,0,done,,/root/PPCBench/dataset/DB5/structures/3BIW/3BIW_r_b.pdb,/root/PPCBench/results/DB5/lightdock_1/3BIW/3BIW_lightdock_1_id.pdb
DB5,holo,128,218,3BIW,lightdock_2,2,2,-1000000.000000,0.002000,60.611538,36.774021,0.000000,unacceptable,0,done,,/root/PPCBench/dataset/DB5/structures/3BIW/3BIW_r_b.pdb,/root/PPCBench/results/DB5/lightdock_2/3BIW/3BIW_lightdock_2_id.pdb
DB5,holo,128,218,3BIW,lightdock_3,3,3,-1000000.000000,0.002000,47.965675,36.280094,0.000000,unacceptable,0,done,,/root/PPCBench/dataset/DB5/structures/3BIW/3BIW_r_b.pdb,/root/PPCBench/results/DB5/lightdock_3/3BIW/3BIW_lightdock_3_id.pdb
DB5,holo,128,218,3BIW,lightdock_4,4,4,-1000000.000000,0.002000,53.165623,36.856651,0.000000,unacceptable,0,done,,/root/PPCBench/dataset/DB5/structures/3BIW/3BIW_r_b.pdb,/root/PPCBench/results/DB5/lightdock_4/3BIW/3BIW_lightdock_4_id.pdb
DB5,holo,128,218,3BIW,lightdock_5,5,5,-1000000.000000,0.003000,42.375679,32.211090,0.000000,unacceptable,0,done,,/root/PPCBench/dataset/DB5/structures/3BIW/3BIW_r_b.pdb,/root/PPCBench/results/DB5/lightdock_5/3BIW/3BIW_lightdock_5_id.pdb
DB5,holo,129,218,5X0T,lightdock_1,1,1,-1000000.000000,0.001000,111.984512,76.055229,0.000000,unacceptable,0,done,,/root/PPCBench/dataset/DB5/structures/5X0T/5X0T_r_b.pdb,/root/PPCBench/results/DB5/lightdock_1/5X0T/5X0T_lightdock_1_id.pdb
DB5,holo,129,218,5X0T,lightdock_2,2,2,-1000000.000000,0.001000,112.308685,78.211334,0.000000,unacceptable,0,done,,/root/PPCBench/dataset/DB5/structures/5X0T/5X0T_r_b.pdb,/root/PPCBench/results/DB5/lightdock_2/5X0T/5X0T_lightdock_2_id.pdb
DB5,holo,129,218,5X0T,lightdock_3,3,3,-1000000.000000,0.001000,111.649185,76.003754,0.000000,unacceptable,0,done,,/root/PPCBench/dataset/DB5/structures/5X0T/5X0T_r_b.pdb,/root/PPCBench/results/DB5/lightdock_3/5X0T/5X0T_lightdock_3_id.pdb
DB5,holo,129,218,5X0T,lightdock_4,4,4,-1000000.000000,0.001000,114.907692,76.887184,0.000000,unacceptable,0,done,,/root/PPCBench/dataset/DB5/structures/5X0T/5X0T_r_b.pdb,/root/PPCBench/results/DB5/lightdock_4/5X0T/5X0T_lightdock_4_id.pdb
DB5,holo,129,218,5X0T,lightdock_5,5,5,-1000000.000000,0.001000,112.822800,77.878700,0.000000,unacceptable,0,done,,/root/PPCBench/dataset/DB5/structures/5X0T/5X0T_r_b.pdb,/root/PPCBench/results/DB5/lightdock_5/5X0T/5X0T_lightdock_5_id.pdb
DB5,holo,130,218,6BPC,lightdock_1,1,1,-1000000.000000,0.002000,57.633572,37.580177,0.000000,unacceptable,0,done,,/root/PPCBench/dataset/DB5/structures/6BPC/6BPC_r_b.pdb,/root/PPCBench/results/DB5/lightdock_1/6BPC/6BPC_lightdock_1_id.pdb
DB5,holo,130,218,6BPC,lightdock_2,2,2,-1000000.000000,0.004000,21.769453,25.095427,0.000000,unacceptable,0,done,,/root/PPCBench/dataset/DB5/structures/6BPC/6BPC_r_b.pdb,/root/PPCBench/results/DB5/lightdock_2/6BPC/6BPC_lightdock_2_id.pdb
DB5,holo,130,218,6BPC,lightdock_3,3,3,-1000000.000000,0.003000,39.597946,29.789467,0.000000,unacceptable,0,done,,/root/PPCBench/dataset/DB5/structures/6BPC/6BPC_r_b.pdb,/root/PPCBench/results/DB5/lightdock_3/6BPC/6BPC_lightdock_3_id.pdb
DB5,holo,130,218,6BPC,lightdock_4,4,4,-1000000.000000,0.002000,32.380241,31.577837,0.000000,unacceptable,0,done,,/root/PPCBench/dataset/DB5/structures/6BPC/6BPC_r_b.pdb,/root/PPCBench/results/DB5/lightdock_4/6BPC/6BPC_lightdock_4_id.pdb
DB5,holo,130,218,6BPC,lightdock_5,5,5,-1000000.000000,0.003000,47.673538,31.149508,0.000000,unacceptable,0,done,,/root/PPCBench/dataset/DB5/structures/6BPC/6BPC_r_b.pdb,/root/PPCBench/results/DB5/lightdock_5/6BPC/6BPC_lightdock_5_id.pdb
DB5,holo,131,218,2AYO,lightdock_1,1,1,-1000000.000000,0.003000,47.098877,37.538559,0.000000,unacceptable,0,done,,/root/PPCBench/dataset/DB5/structures/2AYO/2AYO_r_b.pdb,/root/PPCBench/results/DB5/lightdock_1/2AYO/2AYO_lightdock_1_id.pdb
DB5,holo,131,218,2AYO,lightdock_2,2,2,-1000000.000000,0.003000,53.079914,35.353245,0.000000,unacceptable,0,done,,/root/PPCBench/dataset/DB5/structures/2AYO/2AYO_r_b.pdb,/root/PPCBench/results/DB5/lightdock_2/2AYO/2AYO_lightdock_2_id.pdb
DB5,holo,131,218,2AYO,lightdock_3,3,3,-1000000.000000,0.003000,46.250870,37.050804,0.000000,unacceptable,0,done,,/root/PPCBench/dataset/DB5/structures/2AYO/2AYO_r_b.pdb,/root/PPCBench/results/DB5/lightdock_3/2AYO/2AYO_lightdock_3_id.pdb
DB5,holo,131,218,2AYO,lightdock_4,4,4,-1000000.000000,0.003000,45.540733,35.400303,0.000000,unacceptable,0,done,,/root/PPCBench/dataset/DB5/structures/2AYO/2AYO_r_b.pdb,/root/PPCBench/results/DB5/lightdock_4/2AYO/2AYO_lightdock_4_id.pdb
DB5,holo,131,218,2AYO,lightdock_5,5,5,-1000000.000000,0.003000,43.416805,33.071041,0.000000,unacceptable,0,done,,/root/PPCBench/dataset/DB5/structures/2AYO/2AYO_r_b.pdb,/root/PPCBench/results/DB5/lightdock_5/2AYO/2AYO_lightdock_5_id.pdb
DB5,holo,132,218,1FFW,lightdock_1,1,1,-0.456942,0.008000,23.898930,18.238585,0.000000,unacceptable,0,done,,/root/PPCBench/dataset/DB5/structures/1FFW/1FFW_r_b.pdb,/root/PPCBench/results/DB5/lightdock_1/1FFW/1FFW_lightdock_1_id.pdb
DB5,holo,132,218,1FFW,lightdock_2,2,2,-0.819294,0.009000,23.955357,17.345024,0.000000,unacceptable,0,done,,/root/PPCBench/dataset/DB5/structures/1FFW/1FFW_r_b.pdb,/root/PPCBench/results/DB5/lightdock_2/1FFW/1FFW_lightdock_2_id.pdb
DB5,holo,132,218,1FFW,lightdock_3,3,3,-1000000.000000,0.009000,19.638893,18.839516,0.000000,unacceptable,0,done,,/root/PPCBench/dataset/DB5/structures/1FFW/1FFW_r_b.pdb,/root/PPCBench/results/DB5/lightdock_3/1FFW/1FFW_lightdock_3_id.pdb
DB5,holo,132,218,1FFW,lightdock_4,4,4,-1000000.000000,0.007000,23.187201,20.216196,0.000000,unacceptable,0,done,,/root/PPCBench/dataset/DB5/structures/1FFW/1FFW_r_b.pdb,/root/PPCBench/results/DB5/lightdock_4/1FFW/1FFW_lightdock_4_id.pdb
DB5,holo,132,218,1FFW,lightdock_5,5,5,-1000000.000000,0.007000,27.811186,20.871397,0.000000,unacceptable,0,done,,/root/PPCBench/dataset/DB5/structures/1FFW/1FFW_r_b.pdb,/root/PPCBench/results/DB5/lightdock_5/1FFW/1FFW_lightdock_5_id.pdb
DB5,holo,133,218,1DFJ,lightdock_1,1,3,-0.858591,0.024000,18.234734,14.309667,25.863361,unacceptable,0,done,,/root/PPCBench/dataset/DB5/structures/1DFJ/1DFJ_r_b.pdb,/root/PPCBench/results/DB5/lightdock_1/1DFJ/1DFJ_lightdock_1_id.pdb
DB5,holo,133,218,1DFJ,lightdock_2,2,5,-1.006780,0.020000,25.388147,14.118726,0.900359,unacceptable,0,done,,/root/PPCBench/dataset/DB5/structures/1DFJ/1DFJ_r_b.pdb,/root/PPCBench/results/DB5/lightdock_2/1DFJ/1DFJ_lightdock_2_id.pdb
DB5,holo,133,218,1DFJ,lightdock_3,3,4,-0.902555,0.011000,27.203852,18.812994,14.806296,unacceptable,0,done,,/root/PPCBench/dataset/DB5/structures/1DFJ/1DFJ_r_b.pdb,/root/PPCBench/results/DB5/lightdock_3/1DFJ/1DFJ_lightdock_3_id.pdb
DB5,holo,133,218,1DFJ,lightdock_4,4,2,-0.795123,0.009000,29.596680,20.241520,0.000000,unacceptable,0,done,,/root/PPCBench/dataset/DB5/structures/1DFJ/1DFJ_r_b.pdb,/root/PPCBench/results/DB5/lightdock_4/1DFJ/1DFJ_lightdock_4_id.pdb
DB5,holo,133,218,1DFJ,lightdock_5,5,1,-0.462795,0.021000,23.204071,14.729347,0.000000,unacceptable,0,done,,/root/PPCBench/dataset/DB5/structures/1DFJ/1DFJ_r_b.pdb,/root/PPCBench/results/DB5/lightdock_5/1DFJ/1DFJ_lightdock_5_id.pdb
DB5,holo,135,218,1XD3,lightdock_1,1,1,-0.693669,0.010000,29.148113,17.373466,0.000000,unacceptable,0,done,,/root/PPCBench/dataset/DB5/structures/1XD3/1XD3_r_b.pdb,/root/PPCBench/results/DB5/lightdock_1/1XD3/1XD3_lightdock_1_id.pdb
DB5,holo,135,218,1XD3,lightdock_2,2,2,-1000000.000000,0.004000,42.212006,26.003765,0.000000,unacceptable,0,done,,/root/PPCBench/dataset/DB5/structures/1XD3/1XD3_r_b.pdb,/root/PPCBench/results/DB5/lightdock_2/1XD3/1XD3_lightdock_2_id.pdb
DB5,holo,135,218,1XD3,lightdock_3,3,3,-1000000.000000,0.004000,38.367680,26.552174,0.000000,unacceptable,0,done,,/root/PPCBench/dataset/DB5/structures/1XD3/1XD3_r_b.pdb,/root/PPCBench/results/DB5/lightdock_3/1XD3/1XD3_lightdock_3_id.pdb
DB5,holo,135,218,1XD3,lightdock_4,4,4,-1000000.000000,0.004000,40.836681,26.607651,0.000000,unacceptable,0,done,,/root/PPCBench/dataset/DB5/structures/1XD3/1XD3_r_b.pdb,/root/PPCBench/results/DB5/lightdock_4/1XD3/1XD3_lightdock_4_id.pdb
DB5,holo,135,218,1XD3,lightdock_5,5,5,-1000000.000000,0.004000,31.418911,25.039173,0.000000,unacceptable,0,done,,/root/PPCBench/dataset/DB5/structures/1XD3/1XD3_r_b.pdb,/root/PPCBench/results/DB5/lightdock_5/1XD3/1XD3_lightdock_5_id.pdb
DB5,holo,136,218,4M76,lightdock_1,1,4,-0.884261,0.008000,21.990675,26.992277,31.484046,unacceptable,0,done,,/root/PPCBench/dataset/DB5/structures/4M76/4M76_r_b.pdb,/root/PPCBench/results/DB5/lightdock_1/4M76/4M76_lightdock_1_id.pdb
DB5,holo,136,218,4M76,lightdock_2,2,3,-0.878556,0.025000,14.825213,14.336226,0.000000,unacceptable,0,done,,/root/PPCBench/dataset/DB5/structures/4M76/4M76_r_b.pdb,/root/PPCBench/results/DB5/lightdock_2/4M76/4M76_lightdock_2_id.pdb
DB5,holo,136,218,4M76,lightdock_3,3,2,-0.727302,0.006000,25.235609,20.501814,0.000000,unacceptable,0,done,,/root/PPCBench/dataset/DB5/structures/4M76/4M76_r_b.pdb,/root/PPCBench/results/DB5/lightdock_3/4M76/4M76_lightdock_3_id.pdb
DB5,holo,136,218,4M76,lightdock_4,4,5,-0.894985,0.009000,18.440142,23.464027,19.193311,unacceptable,0,done,,/root/PPCBench/dataset/DB5/structures/4M76/4M76_r_b.pdb,/root/PPCBench/results/DB5/lightdock_4/4M76/4M76_lightdock_4_id.pdb
DB5,holo,136,218,4M76,lightdock_5,5,1,-0.721455,0.005000,32.499271,21.583689,0.000000,unacceptable,0,done,,/root/PPCBench/dataset/DB5/structures/4M76/4M76_r_b.pdb,/root/PPCBench/results/DB5/lightdock_5/4M76/4M76_lightdock_5_id.pdb
DB5,holo,138,218,2A9K,lightdock_1,1,2,-0.782486,0.038000,16.557194,15.306301,2.933665,unacceptable,0,done,,/root/PPCBench/dataset/DB5/structures/2A9K/2A9K_r_b.pdb,/root/PPCBench/results/DB5/lightdock_1/2A9K/2A9K_lightdock_1_id.pdb
DB5,holo,138,218,2A9K,lightdock_2,2,1,-0.759245,0.038000,16.674881,15.313784,2.841896,unacceptable,0,done,,/root/PPCBench/dataset/DB5/structures/2A9K/2A9K_r_b.pdb,/root/PPCBench/results/DB5/lightdock_2/2A9K/2A9K_lightdock_2_id.pdb
DB5,holo,138,218,2A9K,lightdock_3,3,5,-0.843585,0.032000,12.945994,14.417549,40.673248,unacceptable,0,done,,/root/PPCBench/dataset/DB5/structures/2A9K/2A9K_r_b.pdb,/root/PPCBench/results/DB5/lightdock_3/2A9K/2A9K_lightdock_3_id.pdb
DB5,holo,138,218,2A9K,lightdock_4,4,3,-0.832452,0.032000,13.031380,14.348510,40.762799,unacceptable,0,done,,/root/PPCBench/dataset/DB5/structures/2A9K/2A9K_r_b.pdb,/root/PPCBench/results/DB5/lightdock_4/2A9K/2A9K_lightdock_4_id.pdb
DB5,holo,138,218,2A9K,lightdock_5,5,4,-0.840484,0.012000,15.377810,21.316462,30.730614,unacceptable,0,done,,/root/PPCBench/dataset/DB5/structures/2A9K/2A9K_r_b.pdb,/root/PPCBench/results/DB5/lightdock_5/2A9K/2A9K_lightdock_5_id.pdb
DB5,holo,139,218,1B6C,lightdock_1,1,1,0.118837,0.005000,30.255350,25.310923,0.000000,unacceptable,0,done,,/root/PPCBench/dataset/DB5/structures/1B6C/1B6C_r_b.pdb,/root/PPCBench/results/DB5/lightdock_1/1B6C/1B6C_lightdock_1_id.pdb
DB5,holo,139,218,1B6C,lightdock_2,2,4,-1000000.000000,0.007000,22.634680,19.028080,0.000000,unacceptable,0,done,,/root/PPCBench/dataset/DB5/structures/1B6C/1B6C_r_b.pdb,/root/PPCBench/results/DB5/lightdock_2/1B6C/1B6C_lightdock_2_id.pdb
DB5,holo,139,218,1B6C,lightdock_3,3,3,-0.797624,0.025000,16.899805,12.832666,0.000000,unacceptable,0,done,,/root/PPCBench/dataset/DB5/structures/1B6C/1B6C_r_b.pdb,/root/PPCBench/results/DB5/lightdock_3/1B6C/1B6C_lightdock_3_id.pdb
DB5,holo,139,218,1B6C,lightdock_4,4,2,-0.691149,0.022000,16.834097,13.626464,0.000000,unacceptable,0,done,,/root/PPCBench/dataset/DB5/structures/1B6C/1B6C_r_b.pdb,/root/PPCBench/results/DB5/lightdock_4/1B6C/1B6C_lightdock_4_id.pdb
DB5,holo,139,218,1B6C,lightdock_5,5,5,-1000000.000000,0.003000,34.054012,29.036062,0.000000,unacceptable,0,done,,/root/PPCBench/dataset/DB5/structures/1B6C/1B6C_r_b.pdb,/root/PPCBench/results/DB5/lightdock_5/1B6C/1B6C_lightdock_5_id.pdb
DB5,holo,140,218,3DAW,lightdock_1,1,5,-1.034204,0.012000,24.023134,17.885612,2.953261,unacceptable,0,done,,/root/PPCBench/dataset/DB5/structures/3DAW/3DAW_r_b.pdb,/root/PPCBench/results/DB5/lightdock_1/3DAW/3DAW_lightdock_1_id.pdb
DB5,holo,140,218,3DAW,lightdock_2,2,1,-0.770951,0.016000,22.279701,16.156437,3.218928,unacceptable,0,done,,/root/PPCBench/dataset/DB5/structures/3DAW/3DAW_r_b.pdb,/root/PPCBench/results/DB5/lightdock_2/3DAW/3DAW_lightdock_2_id.pdb
DB5,holo,140,218,3DAW,lightdock_3,3,2,-0.827502,0.016000,16.562483,16.047045,6.427810,unacceptable,0,done,,/root/PPCBench/dataset/DB5/structures/3DAW/3DAW_r_b.pdb,/root/PPCBench/results/DB5/lightdock_3/3DAW/3DAW_lightdock_3_id.pdb
DB5,holo,140,218,3DAW,lightdock_4,4,3,-0.858198,0.014000,16.830980,16.237030,3.555650,unacceptable,0,done,,/root/PPCBench/dataset/DB5/structures/3DAW/3DAW_r_b.pdb,/root/PPCBench/results/DB5/lightdock_4/3DAW/3DAW_lightdock_4_id.pdb
DB5,holo,140,218,3DAW,lightdock_5,5,4,-0.900539,0.020000,18.526896,14.362497,12.226576,unacceptable,0,done,,/root/PPCBench/dataset/DB5/structures/3DAW/3DAW_r_b.pdb,/root/PPCBench/results/DB5/lightdock_5/3DAW/3DAW_lightdock_5_id.pdb
DB5,holo,141,218,2SNI,lightdock_1,1,1,-0.806930,0.055000,12.809018,9.675287,18.943258,unacceptable,0,done,,/root/PPCBench/dataset/DB5/structures/2SNI/2SNI_r_b.pdb,/root/PPCBench/results/DB5/lightdock_1/2SNI/2SNI_lightdock_1_id.pdb
DB5,holo,141,218,2SNI,lightdock_2,2,5,-0.913599,0.019000,13.950041,14.974040,54.346144,unacceptable,0,done,,/root/PPCBench/dataset/DB5/structures/2SNI/2SNI_r_b.pdb,/root/PPCBench/results/DB5/lightdock_2/2SNI/2SNI_lightdock_2_id.pdb
DB5,holo,141,218,2SNI,lightdock_3,3,2,-0.869285,0.016000,16.127415,15.853412,32.415899,unacceptable,0,done,,/root/PPCBench/dataset/DB5/structures/2SNI/2SNI_r_b.pdb,/root/PPCBench/results/DB5/lightdock_3/2SNI/2SNI_lightdock_3_id.pdb
DB5,holo,141,218,2SNI,lightdock_4,4,3,-0.875560,0.031000,16.029192,10.504368,24.006977,unacceptable,0,done,,/root/PPCBench/dataset/DB5/structures/2SNI/2SNI_r_b.pdb,/root/PPCBench/results/DB5/lightdock_4/2SNI/2SNI_lightdock_4_id.pdb
DB5,holo,141,218,2SNI,lightdock_5,5,4,-0.902285,0.067000,10.392267,11.330019,35.226597,unacceptable,0,done,,/root/PPCBench/dataset/DB5/structures/2SNI/2SNI_r_b.pdb,/root/PPCBench/results/DB5/lightdock_5/2SNI/2SNI_lightdock_5_id.pdb
DB5,holo,142,218,5VNW,lightdock_1,1,1,-1000000.000000,0.002000,57.708546,35.114525,0.000000,unacceptable,0,done,,/root/PPCBench/dataset/DB5/structures/5VNW/5VNW_r_b.pdb,/root/PPCBench/results/DB5/lightdock_1/5VNW/5VNW_lightdock_1_id.pdb
DB5,holo,142,218,5VNW,lightdock_2,2,2,-1000000.000000,0.002000,57.308956,35.355549,0.000000,unacceptable,0,done,,/root/PPCBench/dataset/DB5/structures/5VNW/5VNW_r_b.pdb,/root/PPCBench/results/DB5/lightdock_2/5VNW/5VNW_lightdock_2_id.pdb
DB5,holo,142,218,5VNW,lightdock_3,3,3,-1000000.000000,0.002000,62.925945,33.988365,0.000000,unacceptable,0,done,,/root/PPCBench/dataset/DB5/structures/5VNW/5VNW_r_b.pdb,/root/PPCBench/results/DB5/lightdock_3/5VNW/5VNW_lightdock_3_id.pdb
DB5,holo,142,218,5VNW,lightdock_4,4,4,-1000000.000000,0.002000,55.460152,36.147949,0.000000,unacceptable,0,done,,/root/PPCBench/dataset/DB5/structures/5VNW/5VNW_r_b.pdb,/root/PPCBench/results/DB5/lightdock_4/5VNW/5VNW_lightdock_4_id.pdb
DB5,holo,142,218,5VNW,lightdock_5,5,5,-1000000.000000,0.002000,57.140800,34.950657,0.000000,unacceptable,0,done,,/root/PPCBench/dataset/DB5/structures/5VNW/5VNW_r_b.pdb,/root/PPCBench/results/DB5/lightdock_5/5VNW/5VNW_lightdock_5_id.pdb
DB5,holo,143,218,3D5S,lightdock_1,1,5,-0.922963,0.012000,19.901861,17.077791,5.776755,unacceptable,0,done,,/root/PPCBench/dataset/DB5/structures/3D5S/3D5S_r_b.pdb,/root/PPCBench/results/DB5/lightdock_1/3D5S/3D5S_lightdock_1_id.pdb
DB5,holo,143,218,3D5S,lightdock_2,2,3,-0.832234,0.009000,25.749319,19.393761,12.672545,unacceptable,0,done,,/root/PPCBench/dataset/DB5/structures/3D5S/3D5S_r_b.pdb,/root/PPCBench/results/DB5/lightdock_2/3D5S/3D5S_lightdock_2_id.pdb
DB5,holo,143,218,3D5S,lightdock_3,3,2,-0.830502,0.009000,26.113590,19.283596,11.382195,unacceptable,0,done,,/root/PPCBench/dataset/DB5/structures/3D5S/3D5S_r_b.pdb,/root/PPCBench/results/DB5/lightdock_3/3D5S/3D5S_lightdock_3_id.pdb
DB5,holo,143,218,3D5S,lightdock_4,4,4,-0.833105,0.047000,12.602993,9.017468,9.013751,unacceptable,0,done,,/root/PPCBench/dataset/DB5/structures/3D5S/3D5S_r_b.pdb,/root/PPCBench/results/DB5/lightdock_4/3D5S/3D5S_lightdock_4_id.pdb
DB5,holo,143,218,3D5S,lightdock_5,5,1,-0.789204,0.048000,12.272405,8.959788,10.646440,unacceptable,0,done,,/root/PPCBench/dataset/DB5/structures/3D5S/3D5S_r_b.pdb,/root/PPCBench/results/DB5/lightdock_5/3D5S/3D5S_lightdock_5_id.pdb
DB5,holo,144,218,1ZHH,lightdock_1,1,1,-1000000.000000,0.002000,52.322025,43.643909,0.000000,unacceptable,0,done,,/root/PPCBench/dataset/DB5/structures/1ZHH/1ZHH_r_b.pdb,/root/PPCBench/results/DB5/lightdock_1/1ZHH/1ZHH_lightdock_1_id.pdb
DB5,holo,144,218,1ZHH,lightdock_2,2,2,-1000000.000000,0.002000,58.278511,43.487579,0.000000,unacceptable,0,done,,/root/PPCBench/dataset/DB5/structures/1ZHH/1ZHH_r_b.pdb,/root/PPCBench/results/DB5/lightdock_2/1ZHH/1ZHH_lightdock_2_id.pdb
DB5,holo,144,218,1ZHH,lightdock_3,3,3,-1000000.000000,0.005000,29.001461,25.985043,0.000000,unacceptable,0,done,,/root/PPCBench/dataset/DB5/structures/1ZHH/1ZHH_r_b.pdb,/root/PPCBench/results/DB5/lightdock_3/1ZHH/1ZHH_lightdock_3_id.pdb
DB5,holo,144,218,1ZHH,lightdock_4,4,4,-1000000.000000,0.005000,36.696621,26.625330,0.000000,unacceptable,0,done,,/root/PPCBench/dataset/DB5/structures/1ZHH/1ZHH_r_b.pdb,/root/PPCBench/results/DB5/lightdock_4/1ZHH/1ZHH_lightdock_4_id.pdb
DB5,holo,144,218,1ZHH,lightdock_5,5,5,-1000000.000000,0.002000,55.773895,41.479355,0.000000,unacceptable,0,done,,/root/PPCBench/dataset/DB5/structures/1ZHH/1ZHH_r_b.pdb,/root/PPCBench/results/DB5/lightdock_5/1ZHH/1ZHH_lightdock_5_id.pdb
DB5,holo,145,218,1FAK,lightdock_1,1,1,-1000000.000000,0.003000,49.921974,40.218067,0.000000,unacceptable,0,done,,/root/PPCBench/dataset/DB5/structures/1FAK/1FAK_r_b.pdb,/root/PPCBench/results/DB5/lightdock_1/1FAK/1FAK_lightdock_1_id.pdb
DB5,holo,145,218,1FAK,lightdock_2,2,2,-1000000.000000,0.003000,51.162891,40.724140,0.000000,unacceptable,0,done,,/root/PPCBench/dataset/DB5/structures/1FAK/1FAK_r_b.pdb,/root/PPCBench/results/DB5/lightdock_2/1FAK/1FAK_lightdock_2_id.pdb
DB5,holo,145,218,1FAK,lightdock_3,3,3,-1000000.000000,0.002000,57.569889,48.147579,0.000000,unacceptable,0,done,,/root/PPCBench/dataset/DB5/structures/1FAK/1FAK_r_b.pdb,/root/PPCBench/results/DB5/lightdock_3/1FAK/1FAK_lightdock_3_id.pdb
DB5,holo,145,218,1FAK,lightdock_4,4,4,-1000000.000000,0.003000,47.616673,38.484940,0.000000,unacceptable,0,done,,/root/PPCBench/dataset/DB5/structures/1FAK/1FAK_r_b.pdb,/root/PPCBench/results/DB5/lightdock_4/1FAK/1FAK_lightdock_4_id.pdb
DB5,holo,145,218,1FAK,lightdock_5,5,5,-1000000.000000,0.002000,58.437874,47.540951,0.000000,unacceptable,0,done,,/root/PPCBench/dataset/DB5/structures/1FAK/1FAK_r_b.pdb,/root/PPCBench/results/DB5/lightdock_5/1FAK/1FAK_lightdock_5_id.pdb
DB5,holo,146,218,1CLV,lightdock_1,1,5,-0.813202,0.012000,24.109493,11.536179,0.000000,unacceptable,0,done,,/root/PPCBench/dataset/DB5/structures/1CLV/1CLV_r_b.pdb,/root/PPCBench/results/DB5/lightdock_1/1CLV/1CLV_lightdock_1_id.pdb
DB5,holo,146,218,1CLV,lightdock_2,2,4,-0.713869,0.012000,22.488064,11.639494,0.000000,unacceptable,0,done,,/root/PPCBench/dataset/DB5/structures/1CLV/1CLV_r_b.pdb,/root/PPCBench/results/DB5/lightdock_2/1CLV/1CLV_lightdock_2_id.pdb
DB5,holo,146,218,1CLV,lightdock_3,3,2,-0.687047,0.013000,21.165598,11.324367,2.319227,unacceptable,0,done,,/root/PPCBench/dataset/DB5/structures/1CLV/1CLV_r_b.pdb,/root/PPCBench/results/DB5/lightdock_3/1CLV/1CLV_lightdock_3_id.pdb
DB5,holo,146,218,1CLV,lightdock_4,4,1,-0.681140,0.011000,22.202940,11.996968,0.000000,unacceptable,0,done,,/root/PPCBench/dataset/DB5/structures/1CLV/1CLV_r_b.pdb,/root/PPCBench/results/DB5/lightdock_4/1CLV/1CLV_lightdock_4_id.pdb
DB5,holo,146,218,1CLV,lightdock_5,5,3,-0.703877,0.009000,24.948830,13.116247,0.000000,unacceptable,0,done,,/root/PPCBench/dataset/DB5/structures/1CLV/1CLV_r_b.pdb,/root/PPCBench/results/DB5/lightdock_5/1CLV/1CLV_lightdock_5_id.pdb
DB5,holo,147,218,3U7Y,lightdock_1,1,2,-0.708812,0.005000,27.436068,24.644268,0.013381,unacceptable,0,done,,/root/PPCBench/dataset/DB5/structures/3U7Y/3U7Y_r_b.pdb,/root/PPCBench/results/DB5/lightdock_1/3U7Y/3U7Y_lightdock_1_id.pdb
DB5,holo,147,218,3U7Y,lightdock_2,2,3,-0.726270,0.004000,30.866961,27.177385,0.001389,unacceptable,0,done,,/root/PPCBench/dataset/DB5/structures/3U7Y/3U7Y_r_b.pdb,/root/PPCBench/results/DB5/lightdock_2/3U7Y/3U7Y_lightdock_2_id.pdb
DB5,holo,147,218,3U7Y,lightdock_3,3,4,-0.764257,0.015000,26.742065,23.226192,2.707561,unacceptable,0,done,,/root/PPCBench/dataset/DB5/structures/3U7Y/3U7Y_r_b.pdb,/root/PPCBench/results/DB5/lightdock_3/3U7Y/3U7Y_lightdock_3_id.pdb
DB5,holo,147,218,3U7Y,lightdock_4,4,5,-0.775766,0.015000,26.685953,23.198936,2.685480,unacceptable,0,done,,/root/PPCBench/dataset/DB5/structures/3U7Y/3U7Y_r_b.pdb,/root/PPCBench/results/DB5/lightdock_4/3U7Y/3U7Y_lightdock_4_id.pdb
DB5,holo,147,218,3U7Y,lightdock_5,5,1,-0.701021,0.004000,39.842949,31.326756,0.062035,unacceptable,0,done,,/root/PPCBench/dataset/DB5/structures/3U7Y/3U7Y_r_b.pdb,/root/PPCBench/results/DB5/lightdock_5/3U7Y/3U7Y_lightdock_5_id.pdb
DB5,holo,148,218,1HE1,lightdock_1,1,4,-1000000.000000,0.015000,23.588514,21.472176,0.000000,unacceptable,0,done,,/root/PPCBench/dataset/DB5/structures/1HE1/1HE1_r_b.pdb,/root/PPCBench/results/DB5/lightdock_1/1HE1/1HE1_lightdock_1_id.pdb
DB5,holo,148,218,1HE1,lightdock_2,2,2,-0.626095,0.007000,28.914368,21.860247,0.000000,unacceptable,0,done,,/root/PPCBench/dataset/DB5/structures/1HE1/1HE1_r_b.pdb,/root/PPCBench/results/DB5/lightdock_2/1HE1/1HE1_lightdock_2_id.pdb
DB5,holo,148,218,1HE1,lightdock_3,3,5,-1000000.000000,0.021000,21.964436,18.851952,0.000000,unacceptable,0,done,,/root/PPCBench/dataset/DB5/structures/1HE1/1HE1_r_b.pdb,/root/PPCBench/results/DB5/lightdock_3/1HE1/1HE1_lightdock_3_id.pdb
DB5,holo,148,218,1HE1,lightdock_4,4,3,-0.657252,0.015000,22.144472,18.232956,0.000000,unacceptable,0,done,,/root/PPCBench/dataset/DB5/structures/1HE1/1HE1_r_b.pdb,/root/PPCBench/results/DB5/lightdock_4/1HE1/1HE1_lightdock_4_id.pdb
DB5,holo,148,218,1HE1,lightdock_5,5,1,-0.568760,0.022000,20.123741,17.206074,0.000000,unacceptable,0,done,,/root/PPCBench/dataset/DB5/structures/1HE1/1HE1_r_b.pdb,/root/PPCBench/results/DB5/lightdock_5/1HE1/1HE1_lightdock_5_id.pdb
DB5,holo,149,218,1OC0,lightdock_1,1,4,-0.490961,0.017000,18.034567,10.265058,0.000000,unacceptable,0,done,,/root/PPCBench/dataset/DB5/structures/1OC0/1OC0_r_b.pdb,/root/PPCBench/results/DB5/lightdock_1/1OC0/1OC0_lightdock_1_id.pdb
DB5,holo,149,218,1OC0,lightdock_2,2,1,0.047919,0.005000,34.038990,20.865423,0.000000,unacceptable,0,done,,/root/PPCBench/dataset/DB5/structures/1OC0/1OC0_r_b.pdb,/root/PPCBench/results/DB5/lightdock_2/1OC0/1OC0_lightdock_2_id.pdb
DB5,holo,149,218,1OC0,lightdock_3,3,3,-0.287284,0.005000,35.909451,20.413019,0.000000,unacceptable,0,done,,/root/PPCBench/dataset/DB5/structures/1OC0/1OC0_r_b.pdb,/root/PPCBench/results/DB5/lightdock_3/1OC0/1OC0_lightdock_3_id.pdb
DB5,holo,149,218,1OC0,lightdock_4,4,2,-0.125342,0.015000,21.261589,10.760681,0.000000,unacceptable,0,done,,/root/PPCBench/dataset/DB5/structures/1OC0/1OC0_r_b.pdb,/root/PPCBench/results/DB5/lightdock_4/1OC0/1OC0_lightdock_4_id.pdb
DB5,holo,149,218,1OC0,lightdock_5,5,5,-0.702521,0.006000,33.526527,19.145426,0.000000,unacceptable,0,done,,/root/PPCBench/dataset/DB5/structures/1OC0/1OC0_r_b.pdb,/root/PPCBench/results/DB5/lightdock_5/1OC0/1OC0_lightdock_5_id.pdb
DB5,holo,150,218,4DW2,lightdock_1,1,4,-0.797047,0.007000,20.425785,29.049944,24.965963,unacceptable,0,done,,/root/PPCBench/dataset/DB5/structures/4DW2/4DW2_r_b.pdb,/root/PPCBench/results/DB5/lightdock_1/4DW2/4DW2_lightdock_1_id.pdb
DB5,holo,150,218,4DW2,lightdock_2,2,3,-0.792789,0.007000,25.021683,26.501568,28.320274,unacceptable,0,done,,/root/PPCBench/dataset/DB5/structures/4DW2/4DW2_r_b.pdb,/root/PPCBench/results/DB5/lightdock_2/4DW2/4DW2_lightdock_2_id.pdb
DB5,holo,150,218,4DW2,lightdock_3,3,1,-0.785748,0.008000,17.621281,27.259972,19.606624,unacceptable,0,done,,/root/PPCBench/dataset/DB5/structures/4DW2/4DW2_r_b.pdb,/root/PPCBench/results/DB5/lightdock_3/4DW2/4DW2_lightdock_3_id.pdb
DB5,holo,150,218,4DW2,lightdock_4,4,5,-0.945093,0.009000,18.403950,21.279675,0.235089,unacceptable,0,done,,/root/PPCBench/dataset/DB5/structures/4DW2/4DW2_r_b.pdb,/root/PPCBench/results/DB5/lightdock_4/4DW2/4DW2_lightdock_4_id.pdb
DB5,holo,150,218,4DW2,lightdock_5,5,2,-0.789396,0.018000,12.624332,15.287413,11.169895,unacceptable,0,done,,/root/PPCBench/dataset/DB5/structures/4DW2/4DW2_r_b.pdb,/root/PPCBench/results/DB5/lightdock_5/4DW2/4DW2_lightdock_5_id.pdb
DB5,holo,151,218,3AAA,lightdock_1,1,1,-0.269024,0.004000,29.034527,26.401781,0.000000,unacceptable,0,done,,/root/PPCBench/dataset/DB5/structures/3AAA/3AAA_r_b.pdb,/root/PPCBench/results/DB5/lightdock_1/3AAA/3AAA_lightdock_1_id.pdb
DB5,holo,151,218,3AAA,lightdock_2,2,2,-0.614770,0.006000,33.361530,21.921759,0.000000,unacceptable,0,done,,/root/PPCBench/dataset/DB5/structures/3AAA/3AAA_r_b.pdb,/root/PPCBench/results/DB5/lightdock_2/3AAA/3AAA_lightdock_2_id.pdb
DB5,holo,151,218,3AAA,lightdock_3,3,3,-0.651401,0.006000,33.459736,21.969713,0.000000,unacceptable,0,done,,/root/PPCBench/dataset/DB5/structures/3AAA/3AAA_r_b.pdb,/root/PPCBench/results/DB5/lightdock_3/3AAA/3AAA_lightdock_3_id.pdb
DB5,holo,151,218,3AAA,lightdock_4,4,4,-0.862405,0.004000,39.418819,29.992149,0.000000,unacceptable,0,done,,/root/PPCBench/dataset/DB5/structures/3AAA/3AAA_r_b.pdb,/root/PPCBench/results/DB5/lightdock_4/3AAA/3AAA_lightdock_4_id.pdb
DB5,holo,151,218,3AAA,lightdock_5,5,5,-0.913432,0.006000,33.441067,20.837019,0.000000,unacceptable,0,done,,/root/PPCBench/dataset/DB5/structures/3AAA/3AAA_r_b.pdb,/root/PPCBench/results/DB5/lightdock_5/3AAA/3AAA_lightdock_5_id.pdb
DB5,holo,152,218,1EWY,lightdock_1,1,2,-0.591360,0.012000,18.234081,17.260490,0.000000,unacceptable,0,done,,/root/PPCBench/dataset/DB5/structures/1EWY/1EWY_r_b.pdb,/root/PPCBench/results/DB5/lightdock_1/1EWY/1EWY_lightdock_1_id.pdb
DB5,holo,152,218,1EWY,lightdock_2,2,5,-1000000.000000,0.017000,26.293694,16.087387,0.000000,unacceptable,0,done,,/root/PPCBench/dataset/DB5/structures/1EWY/1EWY_r_b.pdb,/root/PPCBench/results/DB5/lightdock_2/1EWY/1EWY_lightdock_2_id.pdb
DB5,holo,152,218,1EWY,lightdock_3,3,1,-0.200457,0.011000,23.497475,18.662207,0.000000,unacceptable,0,done,,/root/PPCBench/dataset/DB5/structures/1EWY/1EWY_r_b.pdb,/root/PPCBench/results/DB5/lightdock_3/1EWY/1EWY_lightdock_3_id.pdb
DB5,holo,152,218,1EWY,lightdock_4,4,4,-0.727162,0.181000,5.078838,7.085531,13.177679,unacceptable,0,done,,/root/PPCBench/dataset/DB5/structures/1EWY/1EWY_r_b.pdb,/root/PPCBench/results/DB5/lightdock_4/1EWY/1EWY_lightdock_4_id.pdb
DB5,holo,152,218,1EWY,lightdock_5,5,3,-0.716936,0.165000,5.217590,7.169576,13.340480,unacceptable,0,done,,/root/PPCBench/dataset/DB5/structures/1EWY/1EWY_r_b.pdb,/root/PPCBench/results/DB5/lightdock_5/1EWY/1EWY_lightdock_5_id.pdb
DB5,holo,153,218,3L5W,lightdock_1,1,2,-1000000.000000,0.012000,19.255608,16.772705,0.000000,unacceptable,0,done,,/root/PPCBench/dataset/DB5/structures/3L5W/3L5W_r_b.pdb,/root/PPCBench/results/DB5/lightdock_1/3L5W/3L5W_lightdock_1_id.pdb
DB5,holo,153,218,3L5W,lightdock_2,2,3,-1000000.000000,0.014000,31.444950,16.098326,0.000000,unacceptable,0,done,,/root/PPCBench/dataset/DB5/structures/3L5W/3L5W_r_b.pdb,/root/PPCBench/results/DB5/lightdock_2/3L5W/3L5W_lightdock_2_id.pdb
DB5,holo,153,218,3L5W,lightdock_3,3,4,-1000000.000000,0.015000,31.219683,15.676602,0.000000,unacceptable,0,done,,/root/PPCBench/dataset/DB5/structures/3L5W/3L5W_r_b.pdb,/root/PPCBench/results/DB5/lightdock_3/3L5W/3L5W_lightdock_3_id.pdb
DB5,holo,153,218,3L5W,lightdock_4,4,1,-0.665802,0.007000,27.410608,19.791790,0.000000,unacceptable,0,done,,/root/PPCBench/dataset/DB5/structures/3L5W/3L5W_r_b.pdb,/root/PPCBench/results/DB5/lightdock_4/3L5W/3L5W_lightdock_4_id.pdb
DB5,holo,153,218,3L5W,lightdock_5,5,5,-1000000.000000,0.006000,24.735382,21.000784,0.000000,unacceptable,0,done,,/root/PPCBench/dataset/DB5/structures/3L5W/3L5W_r_b.pdb,/root/PPCBench/results/DB5/lightdock_5/3L5W/3L5W_lightdock_5_id.pdb
DB5,holo,154,218,1VFB,lightdock_1,1,4,-1000000.000000,0.007000,24.154572,20.360022,0.000000,unacceptable,0,done,,/root/PPCBench/dataset/DB5/structures/1VFB/1VFB_r_b.pdb,/root/PPCBench/results/DB5/lightdock_1/1VFB/1VFB_lightdock_1_id.pdb
DB5,holo,154,218,1VFB,lightdock_2,2,5,-1000000.000000,0.008000,22.136951,19.010469,0.000000,unacceptable,0,done,,/root/PPCBench/dataset/DB5/structures/1VFB/1VFB_r_b.pdb,/root/PPCBench/results/DB5/lightdock_2/1VFB/1VFB_lightdock_2_id.pdb
DB5,holo,154,218,1VFB,lightdock_3,3,1,-0.691917,0.015000,10.404953,17.950394,3.777948,unacceptable,0,done,,/root/PPCBench/dataset/DB5/structures/1VFB/1VFB_r_b.pdb,/root/PPCBench/results/DB5/lightdock_3/1VFB/1VFB_lightdock_3_id.pdb
DB5,holo,154,218,1VFB,lightdock_4,4,2,-0.729032,0.015000,12.641609,15.216428,4.641446,unacceptable,0,done,,/root/PPCBench/dataset/DB5/structures/1VFB/1VFB_r_b.pdb,/root/PPCBench/results/DB5/lightdock_4/1VFB/1VFB_lightdock_4_id.pdb
DB5,holo,154,218,1VFB,lightdock_5,5,3,-0.740064,0.013000,22.818048,16.056711,0.000000,unacceptable,0,done,,/root/PPCBench/dataset/DB5/structures/1VFB/1VFB_r_b.pdb,/root/PPCBench/results/DB5/lightdock_5/1VFB/1VFB_lightdock_5_id.pdb
DB5,holo,155,218,3VLB,lightdock_1,1,2,-0.691371,0.005000,28.020044,26.285074,0.651992,unacceptable,0,done,,/root/PPCBench/dataset/DB5/structures/3VLB/3VLB_r_b.pdb,/root/PPCBench/results/DB5/lightdock_1/3VLB/3VLB_lightdock_1_id.pdb
DB5,holo,155,218,3VLB,lightdock_2,2,1,-0.675085,0.004000,36.396362,27.523485,0.000000,unacceptable,0,done,,/root/PPCBench/dataset/DB5/structures/3VLB/3VLB_r_b.pdb,/root/PPCBench/results/DB5/lightdock_2/3VLB/3VLB_lightdock_2_id.pdb
DB5,holo,155,218,3VLB,lightdock_3,3,3,-0.731378,0.014000,20.182447,19.786674,0.000000,unacceptable,0,done,,/root/PPCBench/dataset/DB5/structures/3VLB/3VLB_r_b.pdb,/root/PPCBench/results/DB5/lightdock_3/3VLB/3VLB_lightdock_3_id.pdb
DB5,holo,155,218,3VLB,lightdock_4,4,4,-0.908822,0.011000,21.275402,22.586807,53.733028,unacceptable,0,done,,/root/PPCBench/dataset/DB5/structures/3VLB/3VLB_r_b.pdb,/root/PPCBench/results/DB5/lightdock_4/3VLB/3VLB_lightdock_4_id.pdb
DB5,holo,155,218,3VLB,lightdock_5,5,5,-0.914007,0.010000,25.478973,26.216995,46.420493,unacceptable,0,done,,/root/PPCBench/dataset/DB5/structures/3VLB/3VLB_r_b.pdb,/root/PPCBench/results/DB5/lightdock_5/3VLB/3VLB_lightdock_5_id.pdb
DB5,holo,156,218,1MAH,lightdock_1,1,1,-1000000.000000,0.001000,76.085564,42.365166,0.000000,unacceptable,0,done,,/root/PPCBench/dataset/DB5/structures/1MAH/1MAH_r_b.pdb,/root/PPCBench/results/DB5/lightdock_1/1MAH/1MAH_lightdock_1_id.pdb
DB5,holo,156,218,1MAH,lightdock_2,2,2,-1000000.000000,0.001000,79.280258,45.900997,0.000000,unacceptable,0,done,,/root/PPCBench/dataset/DB5/structures/1MAH/1MAH_r_b.pdb,/root/PPCBench/results/DB5/lightdock_2/1MAH/1MAH_lightdock_2_id.pdb
DB5,holo,156,218,1MAH,lightdock_3,3,3,-1000000.000000,0.001000,85.048553,49.656044,0.000000,unacceptable,0,done,,/root/PPCBench/dataset/DB5/structures/1MAH/1MAH_r_b.pdb,/root/PPCBench/results/DB5/lightdock_3/1MAH/1MAH_lightdock_3_id.pdb
DB5,holo,156,218,1MAH,lightdock_4,4,4,-1000000.000000,0.001000,91.607925,54.593937,0.000000,unacceptable,0,done,,/root/PPCBench/dataset/DB5/structures/1MAH/1MAH_r_b.pdb,/root/PPCBench/results/DB5/lightdock_4/1MAH/1MAH_lightdock_4_id.pdb
DB5,holo,156,218,1MAH,lightdock_5,5,5,-1000000.000000,0.001000,87.610291,47.885319,0.000000,unacceptable,0,done,,/root/PPCBench/dataset/DB5/structures/1MAH/1MAH_r_b.pdb,/root/PPCBench/results/DB5/lightdock_5/1MAH/1MAH_lightdock_5_id.pdb
DB5,holo,157,218,5O14,lightdock_1,1,1,-1000000.000000,0.014000,23.022444,18.803675,0.000000,unacceptable,0,done,,/root/PPCBench/dataset/DB5/structures/5O14/5O14_r_b.pdb,/root/PPCBench/results/DB5/lightdock_1/5O14/5O14_lightdock_1_id.pdb
DB5,holo,157,218,5O14,lightdock_2,2,2,-1000000.000000,0.013000,25.400597,20.058758,0.000000,unacceptable,0,done,,/root/PPCBench/dataset/DB5/structures/5O14/5O14_r_b.pdb,/root/PPCBench/results/DB5/lightdock_2/5O14/5O14_lightdock_2_id.pdb
DB5,holo,157,218,5O14,lightdock_3,3,3,-1000000.000000,0.006000,36.637192,30.674259,0.000000,unacceptable,0,done,,/root/PPCBench/dataset/DB5/structures/5O14/5O14_r_b.pdb,/root/PPCBench/results/DB5/lightdock_3/5O14/5O14_lightdock_3_id.pdb
DB5,holo,157,218,5O14,lightdock_4,4,4,-1000000.000000,0.005000,36.252495,35.797203,0.000000,unacceptable,0,done,,/root/PPCBench/dataset/DB5/structures/5O14/5O14_r_b.pdb,/root/PPCBench/results/DB5/lightdock_4/5O14/5O14_lightdock_4_id.pdb
DB5,holo,157,218,5O14,lightdock_5,5,5,-1000000.000000,0.012000,19.815201,21.079620,0.000000,unacceptable,0,done,,/root/PPCBench/dataset/DB5/structures/5O14/5O14_r_b.pdb,/root/PPCBench/results/DB5/lightdock_5/5O14/5O14_lightdock_5_id.pdb
DB5,holo,158,218,1J2J,lightdock_1,1,5,-1000000.000000,0.005000,33.113510,22.663239,0.000000,unacceptable,0,done,,/root/PPCBench/dataset/DB5/structures/1J2J/1J2J_r_b.pdb,/root/PPCBench/results/DB5/lightdock_1/1J2J/1J2J_lightdock_1_id.pdb
DB5,holo,158,218,1J2J,lightdock_2,2,3,-0.817751,0.015000,16.082359,14.426625,4.600667,unacceptable,0,done,,/root/PPCBench/dataset/DB5/structures/1J2J/1J2J_r_b.pdb,/root/PPCBench/results/DB5/lightdock_2/1J2J/1J2J_lightdock_2_id.pdb
DB5,holo,158,218,1J2J,lightdock_3,3,2,-0.759353,0.015000,16.786783,15.923345,7.888552,unacceptable,0,done,,/root/PPCBench/dataset/DB5/structures/1J2J/1J2J_r_b.pdb,/root/PPCBench/results/DB5/lightdock_3/1J2J/1J2J_lightdock_3_id.pdb
DB5,holo,158,218,1J2J,lightdock_4,4,4,-0.892289,0.017000,15.483394,15.386346,13.614683,unacceptable,0,done,,/root/PPCBench/dataset/DB5/structures/1J2J/1J2J_r_b.pdb,/root/PPCBench/results/DB5/lightdock_4/1J2J/1J2J_lightdock_4_id.pdb
DB5,holo,158,218,1J2J,lightdock_5,5,1,-0.469296,0.010000,22.983643,16.163633,0.000000,unacceptable,0,done,,/root/PPCBench/dataset/DB5/structures/1J2J/1J2J_r_b.pdb,/root/PPCBench/results/DB5/lightdock_5/1J2J/1J2J_lightdock_5_id.pdb
DB5,holo,159,218,1WQ1,lightdock_1,1,2,-0.670535,0.010000,16.946455,19.653025,0.055403,unacceptable,0,done,,/root/PPCBench/dataset/DB5/structures/1WQ1/1WQ1_r_b.pdb,/root/PPCBench/results/DB5/lightdock_1/1WQ1/1WQ1_lightdock_1_id.pdb
DB5,holo,159,218,1WQ1,lightdock_2,2,1,-0.653857,0.011000,22.055925,17.999390,0.000000,unacceptable,0,done,,/root/PPCBench/dataset/DB5/structures/1WQ1/1WQ1_r_b.pdb,/root/PPCBench/results/DB5/lightdock_2/1WQ1/1WQ1_lightdock_2_id.pdb
DB5,holo,159,218,1WQ1,lightdock_3,3,3,-0.671836,0.011000,22.551479,18.209646,0.000000,unacceptable,0,done,,/root/PPCBench/dataset/DB5/structures/1WQ1/1WQ1_r_b.pdb,/root/PPCBench/results/DB5/lightdock_3/1WQ1/1WQ1_lightdock_3_id.pdb
DB5,holo,159,218,1WQ1,lightdock_4,4,5,-0.857137,0.052000,9.549840,10.844648,3.076743,unacceptable,0,done,,/root/PPCBench/dataset/DB5/structures/1WQ1/1WQ1_r_b.pdb,/root/PPCBench/results/DB5/lightdock_4/1WQ1/1WQ1_lightdock_4_id.pdb
DB5,holo,159,218,1WQ1,lightdock_5,5,4,-0.844076,0.040000,16.090359,12.028083,0.000000,unacceptable,0,done,,/root/PPCBench/dataset/DB5/structures/1WQ1/1WQ1_r_b.pdb,/root/PPCBench/results/DB5/lightdock_5/1WQ1/1WQ1_lightdock_5_id.pdb
DB5,holo,160,218,1BKD,lightdock_1,1,1,-1000000.000000,0.002000,52.484898,43.246147,0.000000,unacceptable,0,done,,/root/PPCBench/dataset/DB5/structures/1BKD/1BKD_r_b.pdb,/root/PPCBench/results/DB5/lightdock_1/1BKD/1BKD_lightdock_1_id.pdb
DB5,holo,160,218,1BKD,lightdock_2,2,2,-1000000.000000,0.002000,47.828945,39.937565,0.000000,unacceptable,0,done,,/root/PPCBench/dataset/DB5/structures/1BKD/1BKD_r_b.pdb,/root/PPCBench/results/DB5/lightdock_2/1BKD/1BKD_lightdock_2_id.pdb
DB5,holo,160,218,1BKD,lightdock_3,3,3,-1000000.000000,0.002000,59.631641,42.928619,0.000000,unacceptable,0,done,,/root/PPCBench/dataset/DB5/structures/1BKD/1BKD_r_b.pdb,/root/PPCBench/results/DB5/lightdock_3/1BKD/1BKD_lightdock_3_id.pdb
DB5,holo,160,218,1BKD,lightdock_4,4,4,-1000000.000000,0.001000,67.187447,52.688469,0.000000,unacceptable,0,done,,/root/PPCBench/dataset/DB5/structures/1BKD/1BKD_r_b.pdb,/root/PPCBench/results/DB5/lightdock_4/1BKD/1BKD_lightdock_4_id.pdb
DB5,holo,160,218,1BKD,lightdock_5,5,5,-1000000.000000,0.002000,50.214859,39.295734,0.000000,unacceptable,0,done,,/root/PPCBench/dataset/DB5/structures/1BKD/1BKD_r_b.pdb,/root/PPCBench/results/DB5/lightdock_5/1BKD/1BKD_lightdock_5_id.pdb
DB5,holo,161,218,4FZA,lightdock_1,1,1,-1000000.000000,0.003000,37.225590,27.555988,0.000000,unacceptable,0,done,,/root/PPCBench/dataset/DB5/structures/4FZA/4FZA_r_b.pdb,/root/PPCBench/results/DB5/lightdock_1/4FZA/4FZA_lightdock_1_id.pdb
DB5,holo,161,218,4FZA,lightdock_2,2,2,-1000000.000000,0.003000,37.429470,27.627146,0.000000,unacceptable,0,done,,/root/PPCBench/dataset/DB5/structures/4FZA/4FZA_r_b.pdb,/root/PPCBench/results/DB5/lightdock_2/4FZA/4FZA_lightdock_2_id.pdb
DB5,holo,161,218,4FZA,lightdock_3,3,3,-1000000.000000,0.002000,46.427090,40.359737,0.000000,unacceptable,0,done,,/root/PPCBench/dataset/DB5/structures/4FZA/4FZA_r_b.pdb,/root/PPCBench/results/DB5/lightdock_3/4FZA/4FZA_lightdock_3_id.pdb
DB5,holo,161,218,4FZA,lightdock_4,4,4,-1000000.000000,0.002000,60.822132,43.395988,0.000000,unacceptable,0,done,,/root/PPCBench/dataset/DB5/structures/4FZA/4FZA_r_b.pdb,/root/PPCBench/results/DB5/lightdock_4/4FZA/4FZA_lightdock_4_id.pdb
DB5,holo,161,218,4FZA,lightdock_5,5,5,-1000000.000000,0.002000,53.357044,35.926205,0.000000,unacceptable,0,done,,/root/PPCBench/dataset/DB5/structures/4FZA/4FZA_r_b.pdb,/root/PPCBench/results/DB5/lightdock_5/4FZA/4FZA_lightdock_5_id.pdb
DB5,holo,162,218,2VDB,lightdock_1,1,1,-0.601135,0.005000,35.759792,19.584616,0.000000,unacceptable,0,done,,/root/PPCBench/dataset/DB5/structures/2VDB/2VDB_r_b.pdb,/root/PPCBench/results/DB5/lightdock_1/2VDB/2VDB_lightdock_1_id.pdb
DB5,holo,162,218,2VDB,lightdock_2,2,4,-0.772717,0.005000,35.452644,19.549301,0.000000,unacceptable,0,done,,/root/PPCBench/dataset/DB5/structures/2VDB/2VDB_r_b.pdb,/root/PPCBench/results/DB5/lightdock_2/2VDB/2VDB_lightdock_2_id.pdb
DB5,holo,162,218,2VDB,lightdock_3,3,2,-0.692721,0.022000,17.186478,9.093898,0.000000,unacceptable,0,done,,/root/PPCBench/dataset/DB5/structures/2VDB/2VDB_r_b.pdb,/root/PPCBench/results/DB5/lightdock_3/2VDB/2VDB_lightdock_3_id.pdb
DB5,holo,162,218,2VDB,lightdock_4,4,3,-0.729961,0.016000,18.689959,11.536174,1.816421,unacceptable,0,done,,/root/PPCBench/dataset/DB5/structures/2VDB/2VDB_r_b.pdb,/root/PPCBench/results/DB5/lightdock_4/2VDB/2VDB_lightdock_4_id.pdb
DB5,holo,162,218,2VDB,lightdock_5,5,5,-0.851607,0.012000,20.613464,13.294258,29.450450,unacceptable,0,done,,/root/PPCBench/dataset/DB5/structures/2VDB/2VDB_r_b.pdb,/root/PPCBench/results/DB5/lightdock_5/2VDB/2VDB_lightdock_5_id.pdb
DB5,holo,163,218,1T6B,lightdock_1,1,3,-1000000.000000,0.017000,26.760027,14.489572,0.000000,unacceptable,0,done,,/root/PPCBench/dataset/DB5/structures/1T6B/1T6B_r_b.pdb,/root/PPCBench/results/DB5/lightdock_1/1T6B/1T6B_lightdock_1_id.pdb
DB5,holo,163,218,1T6B,lightdock_2,2,2,-0.529609,0.048000,12.980679,9.060400,0.000000,unacceptable,0,done,,/root/PPCBench/dataset/DB5/structures/1T6B/1T6B_r_b.pdb,/root/PPCBench/results/DB5/lightdock_2/1T6B/1T6B_lightdock_2_id.pdb
DB5,holo,163,218,1T6B,lightdock_3,3,1,-0.522584,0.045000,13.324317,9.432507,0.000000,unacceptable,0,done,,/root/PPCBench/dataset/DB5/structures/1T6B/1T6B_r_b.pdb,/root/PPCBench/results/DB5/lightdock_3/1T6B/1T6B_lightdock_3_id.pdb
DB5,holo,163,218,1T6B,lightdock_4,4,4,-1000000.000000,0.013000,32.828728,17.340036,0.000000,unacceptable,0,done,,/root/PPCBench/dataset/DB5/structures/1T6B/1T6B_r_b.pdb,/root/PPCBench/results/DB5/lightdock_4/1T6B/1T6B_lightdock_4_id.pdb
DB5,holo,163,218,1T6B,lightdock_5,5,5,-1000000.000000,0.015000,20.830036,16.047527,0.000000,unacceptable,0,done,,/root/PPCBench/dataset/DB5/structures/1T6B/1T6B_r_b.pdb,/root/PPCBench/results/DB5/lightdock_5/1T6B/1T6B_lightdock_5_id.pdb
DB5,holo,164,218,2PCC,lightdock_1,1,1,-0.737662,0.023000,12.903569,11.551852,0.000000,unacceptable,0,done,,/root/PPCBench/dataset/DB5/structures/2PCC/2PCC_r_b.pdb,/root/PPCBench/results/DB5/lightdock_1/2PCC/2PCC_lightdock_1_id.pdb
DB5,holo,164,218,2PCC,lightdock_2,2,5,-0.818280,0.022000,15.361381,12.315541,0.000000,unacceptable,0,done,,/root/PPCBench/dataset/DB5/structures/2PCC/2PCC_r_b.pdb,/root/PPCBench/results/DB5/lightdock_2/2PCC/2PCC_lightdock_2_id.pdb
DB5,holo,164,218,2PCC,lightdock_3,3,4,-0.763867,0.008000,25.240517,19.953491,0.000000,unacceptable,0,done,,/root/PPCBench/dataset/DB5/structures/2PCC/2PCC_r_b.pdb,/root/PPCBench/results/DB5/lightdock_3/2PCC/2PCC_lightdock_3_id.pdb
DB5,holo,164,218,2PCC,lightdock_4,4,3,-0.749064,0.008000,25.323126,19.953791,0.000000,unacceptable,0,done,,/root/PPCBench/dataset/DB5/structures/2PCC/2PCC_r_b.pdb,/root/PPCBench/results/DB5/lightdock_4/2PCC/2PCC_lightdock_4_id.pdb
DB5,holo,164,218,2PCC,lightdock_5,5,2,-0.744131,0.021000,15.766887,14.046690,1.534536,unacceptable,0,done,,/root/PPCBench/dataset/DB5/structures/2PCC/2PCC_r_b.pdb,/root/PPCBench/results/DB5/lightdock_5/2PCC/2PCC_lightdock_5_id.pdb
DB5,holo,165,218,4G6J,lightdock_1,1,4,-1000000.000000,0.004000,49.273693,36.256607,0.000000,unacceptable,0,done,,/root/PPCBench/dataset/DB5/structures/4G6J/4G6J_r_b.pdb,/root/PPCBench/results/DB5/lightdock_1/4G6J/4G6J_lightdock_1_id.pdb
DB5,holo,165,218,4G6J,lightdock_2,2,5,-1000000.000000,0.004000,45.998585,35.104069,0.000000,unacceptable,0,done,,/root/PPCBench/dataset/DB5/structures/4G6J/4G6J_r_b.pdb,/root/PPCBench/results/DB5/lightdock_2/4G6J/4G6J_lightdock_2_id.pdb
DB5,holo,165,218,4G6J,lightdock_3,3,1,-0.674746,0.022000,18.282623,14.094857,0.232865,unacceptable,0,done,,/root/PPCBench/dataset/DB5/structures/4G6J/4G6J_r_b.pdb,/root/PPCBench/results/DB5/lightdock_3/4G6J/4G6J_lightdock_3_id.pdb
DB5,holo,165,218,4G6J,lightdock_4,4,3,-0.733368,0.028000,15.630482,12.167315,0.000000,unacceptable,0,done,,/root/PPCBench/dataset/DB5/structures/4G6J/4G6J_r_b.pdb,/root/PPCBench/results/DB5/lightdock_4/4G6J/4G6J_lightdock_4_id.pdb
DB5,holo,165,218,4G6J,lightdock_5,5,2,-0.690925,0.036000,14.712451,12.651896,0.000000,unacceptable,0,done,,/root/PPCBench/dataset/DB5/structures/4G6J/4G6J_r_b.pdb,/root/PPCBench/results/DB5/lightdock_5/4G6J/4G6J_lightdock_5_id.pdb
DB5,holo,166,218,1GXD,lightdock_1,1,2,-1000000.000000,0.003000,39.308434,25.558731,0.000000,unacceptable,0,done,,/root/PPCBench/dataset/DB5/structures/1GXD/1GXD_r_b.pdb,/root/PPCBench/results/DB5/lightdock_1/1GXD/1GXD_lightdock_1_id.pdb
DB5,holo,166,218,1GXD,lightdock_2,2,1,-0.705295,0.014000,18.105459,13.719180,0.265373,unacceptable,0,done,,/root/PPCBench/dataset/DB5/structures/1GXD/1GXD_r_b.pdb,/root/PPCBench/results/DB5/lightdock_2/1GXD/1GXD_lightdock_2_id.pdb
DB5,holo,166,218,1GXD,lightdock_3,3,3,-1000000.000000,0.003000,46.780369,26.887474,0.000000,unacceptable,0,done,,/root/PPCBench/dataset/DB5/structures/1GXD/1GXD_r_b.pdb,/root/PPCBench/results/DB5/lightdock_3/1GXD/1GXD_lightdock_3_id.pdb
DB5,holo,166,218,1GXD,lightdock_4,4,4,-1000000.000000,0.003000,45.947491,27.590693,0.000000,unacceptable,0,done,,/root/PPCBench/dataset/DB5/structures/1GXD/1GXD_r_b.pdb,/root/PPCBench/results/DB5/lightdock_4/1GXD/1GXD_lightdock_4_id.pdb
DB5,holo,166,218,1GXD,lightdock_5,5,5,-1000000.000000,0.003000,44.058918,28.681580,0.000000,unacceptable,0,done,,/root/PPCBench/dataset/DB5/structures/1GXD/1GXD_r_b.pdb,/root/PPCBench/results/DB5/lightdock_5/1GXD/1GXD_lightdock_5_id.pdb
DB5,holo,167,218,1QA9,lightdock_1,1,1,0.539996,0.009000,24.703943,20.999598,0.000000,unacceptable,0,done,,/root/PPCBench/dataset/DB5/structures/1QA9/1QA9_r_b.pdb,/root/PPCBench/results/DB5/lightdock_1/1QA9/1QA9_lightdock_1_id.pdb
DB5,holo,167,218,1QA9,lightdock_2,2,4,-0.739582,0.014000,20.334036,17.650257,0.000000,unacceptable,0,done,,/root/PPCBench/dataset/DB5/structures/1QA9/1QA9_r_b.pdb,/root/PPCBench/results/DB5/lightdock_2/1QA9/1QA9_lightdock_2_id.pdb
DB5,holo,167,218,1QA9,lightdock_3,3,3,-0.717269,0.014000,20.315487,17.628448,0.000000,unacceptable,0,done,,/root/PPCBench/dataset/DB5/structures/1QA9/1QA9_r_b.pdb,/root/PPCBench/results/DB5/lightdock_3/1QA9/1QA9_lightdock_3_id.pdb
DB5,holo,167,218,1QA9,lightdock_4,4,2,-0.704857,0.017000,16.275087,15.766523,0.000000,unacceptable,0,done,,/root/PPCBench/dataset/DB5/structures/1QA9/1QA9_r_b.pdb,/root/PPCBench/results/DB5/lightdock_4/1QA9/1QA9_lightdock_4_id.pdb
DB5,holo,167,218,1QA9,lightdock_5,5,5,-0.760459,0.019000,14.906281,14.658625,5.385376,unacceptable,0,done,,/root/PPCBench/dataset/DB5/structures/1QA9/1QA9_r_b.pdb,/root/PPCBench/results/DB5/lightdock_5/1QA9/1QA9_lightdock_5_id.pdb
DB5,holo,168,218,1GL1,lightdock_1,1,1,-1000000.000000,0.004000,42.235062,25.953621,0.000000,unacceptable,0,done,,/root/PPCBench/dataset/DB5/structures/1GL1/1GL1_r_b.pdb,/root/PPCBench/results/DB5/lightdock_1/1GL1/1GL1_lightdock_1_id.pdb
DB5,holo,168,218,1GL1,lightdock_2,2,2,-1000000.000000,0.007000,26.691549,18.972435,0.000000,unacceptable,0,done,,/root/PPCBench/dataset/DB5/structures/1GL1/1GL1_r_b.pdb,/root/PPCBench/results/DB5/lightdock_2/1GL1/1GL1_lightdock_2_id.pdb
DB5,holo,168,218,1GL1,lightdock_3,3,3,-1000000.000000,0.004000,42.185577,25.678947,0.000000,unacceptable,0,done,,/root/PPCBench/dataset/DB5/structures/1GL1/1GL1_r_b.pdb,/root/PPCBench/results/DB5/lightdock_3/1GL1/1GL1_lightdock_3_id.pdb
DB5,holo,168,218,1GL1,lightdock_4,4,4,-1000000.000000,0.007000,26.843437,19.023157,0.000000,unacceptable,0,done,,/root/PPCBench/dataset/DB5/structures/1GL1/1GL1_r_b.pdb,/root/PPCBench/results/DB5/lightdock_4/1GL1/1GL1_lightdock_4_id.pdb
DB5,holo,168,218,1GL1,lightdock_5,5,5,-1000000.000000,0.006000,28.264812,22.737452,0.000000,unacceptable,0,done,,/root/PPCBench/dataset/DB5/structures/1GL1/1GL1_r_b.pdb,/root/PPCBench/results/DB5/lightdock_5/1GL1/1GL1_lightdock_5_id.pdb
DB5,holo,169,218,3BX7,lightdock_1,1,1,-1000000.000000,0.007000,38.718613,31.821991,0.000000,unacceptable,0,done,,/root/PPCBench/dataset/DB5/structures/3BX7/3BX7_r_b.pdb,/root/PPCBench/results/DB5/lightdock_1/3BX7/3BX7_lightdock_1_id.pdb
DB5,holo,169,218,3BX7,lightdock_2,2,2,-1000000.000000,0.007000,38.661255,31.781017,0.000000,unacceptable,0,done,,/root/PPCBench/dataset/DB5/structures/3BX7/3BX7_r_b.pdb,/root/PPCBench/results/DB5/lightdock_2/3BX7/3BX7_lightdock_2_id.pdb
DB5,holo,169,218,3BX7,lightdock_3,3,3,-1000000.000000,0.003000,49.235966,41.551548,0.000000,unacceptable,0,done,,/root/PPCBench/dataset/DB5/structures/3BX7/3BX7_r_b.pdb,/root/PPCBench/results/DB5/lightdock_3/3BX7/3BX7_lightdock_3_id.pdb
DB5,holo,169,218,3BX7,lightdock_4,4,4,-1000000.000000,0.006000,43.319954,31.900784,0.000000,unacceptable,0,done,,/root/PPCBench/dataset/DB5/structures/3BX7/3BX7_r_b.pdb,/root/PPCBench/results/DB5/lightdock_4/3BX7/3BX7_lightdock_4_id.pdb
DB5,holo,169,218,3BX7,lightdock_5,5,5,-1000000.000000,0.003000,59.200596,44.137211,0.000000,unacceptable,0,done,,/root/PPCBench/dataset/DB5/structures/3BX7/3BX7_r_b.pdb,/root/PPCBench/results/DB5/lightdock_5/3BX7/3BX7_lightdock_5_id.pdb
DB5,holo,170,218,2NZ8,lightdock_1,1,3,-0.786255,0.007000,32.644707,25.760273,0.078799,unacceptable,0,done,,/root/PPCBench/dataset/DB5/structures/2NZ8/2NZ8_r_b.pdb,/root/PPCBench/results/DB5/lightdock_1/2NZ8/2NZ8_lightdock_1_id.pdb
DB5,holo,170,218,2NZ8,lightdock_2,2,2,-0.722913,0.007000,33.571663,25.080580,0.000000,unacceptable,0,done,,/root/PPCBench/dataset/DB5/structures/2NZ8/2NZ8_r_b.pdb,/root/PPCBench/results/DB5/lightdock_2/2NZ8/2NZ8_lightdock_2_id.pdb
DB5,holo,170,218,2NZ8,lightdock_3,3,5,-1000000.000000,0.005000,29.580011,28.337725,0.000000,unacceptable,0,done,,/root/PPCBench/dataset/DB5/structures/2NZ8/2NZ8_r_b.pdb,/root/PPCBench/results/DB5/lightdock_3/2NZ8/2NZ8_lightdock_3_id.pdb
DB5,holo,170,218,2NZ8,lightdock_4,4,1,-0.645145,0.006000,26.768116,26.068764,0.000000,unacceptable,0,done,,/root/PPCBench/dataset/DB5/structures/2NZ8/2NZ8_r_b.pdb,/root/PPCBench/results/DB5/lightdock_4/2NZ8/2NZ8_lightdock_4_id.pdb
DB5,holo,170,218,2NZ8,lightdock_5,5,4,-0.795208,0.015000,16.630199,20.524015,22.181636,unacceptable,0,done,,/root/PPCBench/dataset/DB5/structures/2NZ8/2NZ8_r_b.pdb,/root/PPCBench/results/DB5/lightdock_5/2NZ8/2NZ8_lightdock_5_id.pdb
DB5,holo,171,218,1H9D,lightdock_1,1,1,-1000000.000000,0.001000,92.643776,87.650612,0.000000,unacceptable,0,done,,/root/PPCBench/dataset/DB5/structures/1H9D/1H9D_r_b.pdb,/root/PPCBench/results/DB5/lightdock_1/1H9D/1H9D_lightdock_1_id.pdb
DB5,holo,171,218,1H9D,lightdock_2,2,2,-1000000.000000,0.001000,89.966553,84.066391,0.000000,unacceptable,0,done,,/root/PPCBench/dataset/DB5/structures/1H9D/1H9D_r_b.pdb,/root/PPCBench/results/DB5/lightdock_2/1H9D/1H9D_lightdock_2_id.pdb
DB5,holo,171,218,1H9D,lightdock_3,3,3,-1000000.000000,0.001000,91.874184,88.177055,0.000000,unacceptable,0,done,,/root/PPCBench/dataset/DB5/structures/1H9D/1H9D_r_b.pdb,/root/PPCBench/results/DB5/lightdock_3/1H9D/1H9D_lightdock_3_id.pdb
DB5,holo,171,218,1H9D,lightdock_4,4,4,-1000000.000000,0.001000,98.958603,88.532784,0.000000,unacceptable,0,done,,/root/PPCBench/dataset/DB5/structures/1H9D/1H9D_r_b.pdb,/root/PPCBench/results/DB5/lightdock_4/1H9D/1H9D_lightdock_4_id.pdb
DB5,holo,171,218,1H9D,lightdock_5,5,5,-1000000.000000,0.001000,92.403854,87.737648,0.000000,unacceptable,0,done,,/root/PPCBench/dataset/DB5/structures/1H9D/1H9D_r_b.pdb,/root/PPCBench/results/DB5/lightdock_5/1H9D/1H9D_lightdock_5_id.pdb
DB5,holo,172,218,1Z0K,lightdock_1,1,1,-1000000.000000,0.008000,26.004601,20.675104,0.000000,unacceptable,0,done,,/root/PPCBench/dataset/DB5/structures/1Z0K/1Z0K_r_b.pdb,/root/PPCBench/results/DB5/lightdock_1/1Z0K/1Z0K_lightdock_1_id.pdb
DB5,holo,172,218,1Z0K,lightdock_2,2,2,-1000000.000000,0.005000,40.951859,29.435858,0.000000,unacceptable,0,done,,/root/PPCBench/dataset/DB5/structures/1Z0K/1Z0K_r_b.pdb,/root/PPCBench/results/DB5/lightdock_2/1Z0K/1Z0K_lightdock_2_id.pdb
DB5,holo,172,218,1Z0K,lightdock_3,3,3,-1000000.000000,0.005000,38.833744,28.449324,0.000000,unacceptable,0,done,,/root/PPCBench/dataset/DB5/structures/1Z0K/1Z0K_r_b.pdb,/root/PPCBench/results/DB5/lightdock_3/1Z0K/1Z0K_lightdock_3_id.pdb
DB5,holo,172,218,1Z0K,lightdock_4,4,4,-1000000.000000,0.005000,41.067680,30.292576,0.000000,unacceptable,0,done,,/root/PPCBench/dataset/DB5/structures/1Z0K/1Z0K_r_b.pdb,/root/PPCBench/results/DB5/lightdock_4/1Z0K/1Z0K_lightdock_4_id.pdb
DB5,holo,172,218,1Z0K,lightdock_5,5,5,-1000000.000000,0.005000,38.710251,28.246111,0.000000,unacceptable,0,done,,/root/PPCBench/dataset/DB5/structures/1Z0K/1Z0K_r_b.pdb,/root/PPCBench/results/DB5/lightdock_5/1Z0K/1Z0K_lightdock_5_id.pdb
DB5,holo,173,218,1JTD,lightdock_1,1,2,-0.646447,0.015000,16.203806,17.307886,0.000000,unacceptable,0,done,,/root/PPCBench/dataset/DB5/structures/1JTD/1JTD_r_b.pdb,/root/PPCBench/results/DB5/lightdock_1/1JTD/1JTD_lightdock_1_id.pdb
DB5,holo,173,218,1JTD,lightdock_2,2,1,-0.382299,0.016000,16.334436,16.502451,0.000000,unacceptable,0,done,,/root/PPCBench/dataset/DB5/structures/1JTD/1JTD_r_b.pdb,/root/PPCBench/results/DB5/lightdock_2/1JTD/1JTD_lightdock_2_id.pdb
DB5,holo,173,218,1JTD,lightdock_3,3,5,-1000000.000000,0.015000,23.606840,21.068201,0.000000,unacceptable,0,done,,/root/PPCBench/dataset/DB5/structures/1JTD/1JTD_r_b.pdb,/root/PPCBench/results/DB5/lightdock_3/1JTD/1JTD_lightdock_3_id.pdb
DB5,holo,173,218,1JTD,lightdock_4,4,3,-0.722250,0.016000,19.402243,20.880787,0.000000,unacceptable,0,done,,/root/PPCBench/dataset/DB5/structures/1JTD/1JTD_r_b.pdb,/root/PPCBench/results/DB5/lightdock_4/1JTD/1JTD_lightdock_4_id.pdb
DB5,holo,173,218,1JTD,lightdock_5,5,4,-0.778696,0.036000,15.688096,15.436800,6.544809,unacceptable,0,done,,/root/PPCBench/dataset/DB5/structures/1JTD/1JTD_r_b.pdb,/root/PPCBench/results/DB5/lightdock_5/1JTD/1JTD_lightdock_5_id.pdb
DB5,holo,174,218,1E6E,lightdock_1,1,1,-1000000.000000,0.001000,73.688797,53.306988,0.000000,unacceptable,0,done,,/root/PPCBench/dataset/DB5/structures/1E6E/1E6E_r_b.pdb,/root/PPCBench/results/DB5/lightdock_1/1E6E/1E6E_lightdock_1_id.pdb
DB5,holo,174,218,1E6E,lightdock_2,2,2,-1000000.000000,0.001000,71.539253,53.827820,0.000000,unacceptable,0,done,,/root/PPCBench/dataset/DB5/structures/1E6E/1E6E_r_b.pdb,/root/PPCBench/results/DB5/lightdock_2/1E6E/1E6E_lightdock_2_id.pdb
DB5,holo,174,218,1E6E,lightdock_3,3,3,-1000000.000000,0.001000,67.989861,52.428242,0.000000,unacceptable,0,done,,/root/PPCBench/dataset/DB5/structures/1E6E/1E6E_r_b.pdb,/root/PPCBench/results/DB5/lightdock_3/1E6E/1E6E_lightdock_3_id.pdb
DB5,holo,174,218,1E6E,lightdock_4,4,4,-1000000.000000,0.001000,73.885498,57.016415,0.000000,unacceptable,0,done,,/root/PPCBench/dataset/DB5/structures/1E6E/1E6E_r_b.pdb,/root/PPCBench/results/DB5/lightdock_4/1E6E/1E6E_lightdock_4_id.pdb
DB5,holo,174,218,1E6E,lightdock_5,5,5,-1000000.000000,0.001000,71.743683,54.722519,0.000000,unacceptable,0,done,,/root/PPCBench/dataset/DB5/structures/1E6E/1E6E_r_b.pdb,/root/PPCBench/results/DB5/lightdock_5/1E6E/1E6E_lightdock_5_id.pdb
DB5,holo,175,218,1AKJ,lightdock_1,1,1,-1000000.000000,0.011000,23.946045,20.574135,0.000000,unacceptable,0,done,,/root/PPCBench/dataset/DB5/structures/1AKJ/1AKJ_r_b.pdb,/root/PPCBench/results/DB5/lightdock_1/1AKJ/1AKJ_lightdock_1_id.pdb
DB5,holo,175,218,1AKJ,lightdock_2,2,2,-1000000.000000,0.011000,21.335064,19.450783,0.000000,unacceptable,0,done,,/root/PPCBench/dataset/DB5/structures/1AKJ/1AKJ_r_b.pdb,/root/PPCBench/results/DB5/lightdock_2/1AKJ/1AKJ_lightdock_2_id.pdb
DB5,holo,175,218,1AKJ,lightdock_3,3,3,-1000000.000000,0.007000,37.466484,26.881086,0.000000,unacceptable,0,done,,/root/PPCBench/dataset/DB5/structures/1AKJ/1AKJ_r_b.pdb,/root/PPCBench/results/DB5/lightdock_3/1AKJ/1AKJ_lightdock_3_id.pdb
DB5,holo,175,218,1AKJ,lightdock_4,4,4,-1000000.000000,0.011000,31.977093,22.921833,0.000000,unacceptable,0,done,,/root/PPCBench/dataset/DB5/structures/1AKJ/1AKJ_r_b.pdb,/root/PPCBench/results/DB5/lightdock_4/1AKJ/1AKJ_lightdock_4_id.pdb
DB5,holo,175,218,1AKJ,lightdock_5,5,5,-1000000.000000,0.005000,36.846058,28.872087,0.000000,unacceptable,0,done,,/root/PPCBench/dataset/DB5/structures/1AKJ/1AKJ_r_b.pdb,/root/PPCBench/results/DB5/lightdock_5/1AKJ/1AKJ_lightdock_5_id.pdb
DB5,holo,176,218,2O8V,lightdock_1,1,1,-1000000.000000,0.020000,22.044378,16.734198,0.000000,unacceptable,0,done,,/root/PPCBench/dataset/DB5/structures/2O8V/2O8V_r_b.pdb,/root/PPCBench/results/DB5/lightdock_1/2O8V/2O8V_lightdock_1_id.pdb
DB5,holo,176,218,2O8V,lightdock_2,2,2,-1000000.000000,0.012000,26.619577,22.749788,0.000000,unacceptable,0,done,,/root/PPCBench/dataset/DB5/structures/2O8V/2O8V_r_b.pdb,/root/PPCBench/results/DB5/lightdock_2/2O8V/2O8V_lightdock_2_id.pdb
DB5,holo,176,218,2O8V,lightdock_3,3,3,-1000000.000000,0.011000,27.390162,23.347200,0.000000,unacceptable,0,done,,/root/PPCBench/dataset/DB5/structures/2O8V/2O8V_r_b.pdb,/root/PPCBench/results/DB5/lightdock_3/2O8V/2O8V_lightdock_3_id.pdb
DB5,holo,176,218,2O8V,lightdock_4,4,4,-1000000.000000,0.014000,24.517109,20.491035,0.000000,unacceptable,0,done,,/root/PPCBench/dataset/DB5/structures/2O8V/2O8V_r_b.pdb,/root/PPCBench/results/DB5/lightdock_4/2O8V/2O8V_lightdock_4_id.pdb
DB5,holo,176,218,2O8V,lightdock_5,5,5,-1000000.000000,0.014000,22.934547,20.671476,0.000000,unacceptable,0,done,,/root/PPCBench/dataset/DB5/structures/2O8V/2O8V_r_b.pdb,/root/PPCBench/results/DB5/lightdock_5/2O8V/2O8V_lightdock_5_id.pdb
DB5,holo,177,218,5JMO,lightdock_1,1,2,-1000000.000000,0.003000,41.467632,28.776468,0.000000,unacceptable,0,done,,/root/PPCBench/dataset/DB5/structures/5JMO/5JMO_r_b.pdb,/root/PPCBench/results/DB5/lightdock_1/5JMO/5JMO_lightdock_1_id.pdb
DB5,holo,177,218,5JMO,lightdock_2,2,3,-1000000.000000,0.003000,37.411076,26.993910,0.000000,unacceptable,0,done,,/root/PPCBench/dataset/DB5/structures/5JMO/5JMO_r_b.pdb,/root/PPCBench/results/DB5/lightdock_2/5JMO/5JMO_lightdock_2_id.pdb
DB5,holo,177,218,5JMO,lightdock_3,3,4,-1000000.000000,0.003000,37.250717,28.323332,0.000000,unacceptable,0,done,,/root/PPCBench/dataset/DB5/structures/5JMO/5JMO_r_b.pdb,/root/PPCBench/results/DB5/lightdock_3/5JMO/5JMO_lightdock_3_id.pdb
DB5,holo,177,218,5JMO,lightdock_4,4,5,-1000000.000000,0.008000,22.120945,19.257286,0.000000,unacceptable,0,done,,/root/PPCBench/dataset/DB5/structures/5JMO/5JMO_r_b.pdb,/root/PPCBench/results/DB5/lightdock_4/5JMO/5JMO_lightdock_4_id.pdb
DB5,holo,177,218,5JMO,lightdock_5,5,1,-0.652999,0.021000,13.160787,11.383977,0.000000,unacceptable,0,done,,/root/PPCBench/dataset/DB5/structures/5JMO/5JMO_r_b.pdb,/root/PPCBench/results/DB5/lightdock_5/5JMO/5JMO_lightdock_5_id.pdb
DB5,holo,178,218,4Y7M,lightdock_1,1,1,-0.773703,0.050000,9.222625,11.677187,3.024727,unacceptable,0,done,,/root/PPCBench/dataset/DB5/structures/4Y7M/4Y7M_r_b.pdb,/root/PPCBench/results/DB5/lightdock_1/4Y7M/4Y7M_lightdock_1_id.pdb
DB5,holo,178,218,4Y7M,lightdock_2,2,2,-0.784214,0.050000,9.276337,11.669564,2.803534,unacceptable,0,done,,/root/PPCBench/dataset/DB5/structures/4Y7M/4Y7M_r_b.pdb,/root/PPCBench/results/DB5/lightdock_2/4Y7M/4Y7M_lightdock_2_id.pdb
DB5,holo,178,218,4Y7M,lightdock_3,3,4,-0.828111,0.045000,12.094364,13.349260,12.011847,unacceptable,0,done,,/root/PPCBench/dataset/DB5/structures/4Y7M/4Y7M_r_b.pdb,/root/PPCBench/results/DB5/lightdock_3/4Y7M/4Y7M_lightdock_3_id.pdb
DB5,holo,178,218,4Y7M,lightdock_4,4,5,-1.054077,0.009000,23.127316,18.109415,1.023796,unacceptable,0,done,,/root/PPCBench/dataset/DB5/structures/4Y7M/4Y7M_r_b.pdb,/root/PPCBench/results/DB5/lightdock_4/4Y7M/4Y7M_lightdock_4_id.pdb
DB5,holo,178,218,4Y7M,lightdock_5,5,3,-0.821598,0.007000,29.588514,21.761230,0.000000,unacceptable,0,done,,/root/PPCBench/dataset/DB5/structures/4Y7M/4Y7M_r_b.pdb,/root/PPCBench/results/DB5/lightdock_5/4Y7M/4Y7M_lightdock_5_id.pdb
DB5,holo,179,218,3SZK,lightdock_1,1,1,-0.691808,0.006000,24.010143,23.070406,0.000000,unacceptable,0,done,,/root/PPCBench/dataset/DB5/structures/3SZK/3SZK_r_b.pdb,/root/PPCBench/results/DB5/lightdock_1/3SZK/3SZK_lightdock_1_id.pdb
DB5,holo,179,218,3SZK,lightdock_2,2,3,-0.730083,0.006000,24.682146,21.671711,0.000000,unacceptable,0,done,,/root/PPCBench/dataset/DB5/structures/3SZK/3SZK_r_b.pdb,/root/PPCBench/results/DB5/lightdock_2/3SZK/3SZK_lightdock_2_id.pdb
DB5,holo,179,218,3SZK,lightdock_3,3,2,-0.729984,0.006000,24.777529,21.727766,0.000000,unacceptable,0,done,,/root/PPCBench/dataset/DB5/structures/3SZK/3SZK_r_b.pdb,/root/PPCBench/results/DB5/lightdock_3/3SZK/3SZK_lightdock_3_id.pdb
DB5,holo,179,218,3SZK,lightdock_4,4,4,-0.769828,0.006000,30.495199,24.132919,0.221875,unacceptable,0,done,,/root/PPCBench/dataset/DB5/structures/3SZK/3SZK_r_b.pdb,/root/PPCBench/results/DB5/lightdock_4/3SZK/3SZK_lightdock_4_id.pdb
DB5,holo,179,218,3SZK,lightdock_5,5,5,-0.814808,0.008000,23.085667,19.606018,1.595472,unacceptable,0,done,,/root/PPCBench/dataset/DB5/structures/3SZK/3SZK_r_b.pdb,/root/PPCBench/results/DB5/lightdock_5/3SZK/3SZK_lightdock_5_id.pdb
DB5,holo,180,218,3HI6,lightdock_1,1,1,-1000000.000000,0.003000,41.936058,31.183723,0.000000,unacceptable,0,done,,/root/PPCBench/dataset/DB5/structures/3HI6/3HI6_r_b.pdb,/root/PPCBench/results/DB5/lightdock_1/3HI6/3HI6_lightdock_1_id.pdb
DB5,holo,180,218,3HI6,lightdock_2,2,2,-1000000.000000,0.003000,45.954853,33.315331,0.000000,unacceptable,0,done,,/root/PPCBench/dataset/DB5/structures/3HI6/3HI6_r_b.pdb,/root/PPCBench/results/DB5/lightdock_2/3HI6/3HI6_lightdock_2_id.pdb
DB5,holo,180,218,3HI6,lightdock_3,3,3,-1000000.000000,0.003000,40.758736,28.705175,0.000000,unacceptable,0,done,,/root/PPCBench/dataset/DB5/structures/3HI6/3HI6_r_b.pdb,/root/PPCBench/results/DB5/lightdock_3/3HI6/3HI6_lightdock_3_id.pdb
DB5,holo,180,218,3HI6,lightdock_4,4,4,-1000000.000000,0.003000,42.361809,30.758059,0.000000,unacceptable,0,done,,/root/PPCBench/dataset/DB5/structures/3HI6/3HI6_r_b.pdb,/root/PPCBench/results/DB5/lightdock_4/3HI6/3HI6_lightdock_4_id.pdb
DB5,holo,180,218,3HI6,lightdock_5,5,5,-1000000.000000,0.003000,44.331860,28.565287,0.000000,unacceptable,0,done,,/root/PPCBench/dataset/DB5/structures/3HI6/3HI6_r_b.pdb,/root/PPCBench/results/DB5/lightdock_5/3HI6/3HI6_lightdock_5_id.pdb
DB5,holo,182,218,5E5M,lightdock_1,1,5,-1000000.000000,0.005000,35.617462,22.440100,0.000000,unacceptable,0,done,,/root/PPCBench/dataset/DB5/structures/5E5M/5E5M_r_b.pdb,/root/PPCBench/results/DB5/lightdock_1/5E5M/5E5M_lightdock_1_id.pdb
DB5,holo,182,218,5E5M,lightdock_2,2,4,-0.852156,0.015000,18.499481,18.751328,10.647198,unacceptable,0,done,,/root/PPCBench/dataset/DB5/structures/5E5M/5E5M_r_b.pdb,/root/PPCBench/results/DB5/lightdock_2/5E5M/5E5M_lightdock_2_id.pdb
DB5,holo,182,218,5E5M,lightdock_3,3,3,-0.838316,0.008000,27.166958,21.235069,6.903145,unacceptable,0,done,,/root/PPCBench/dataset/DB5/structures/5E5M/5E5M_r_b.pdb,/root/PPCBench/results/DB5/lightdock_3/5E5M/5E5M_lightdock_3_id.pdb
DB5,holo,182,218,5E5M,lightdock_4,4,2,0.086178,0.009000,26.509647,19.493204,0.000000,unacceptable,0,done,,/root/PPCBench/dataset/DB5/structures/5E5M/5E5M_r_b.pdb,/root/PPCBench/results/DB5/lightdock_4/5E5M/5E5M_lightdock_4_id.pdb
DB5,holo,182,218,5E5M,lightdock_5,5,1,0.152624,0.009000,26.550085,19.501797,0.000000,unacceptable,0,done,,/root/PPCBench/dataset/DB5/structures/5E5M/5E5M_r_b.pdb,/root/PPCBench/results/DB5/lightdock_5/5E5M/5E5M_lightdock_5_id.pdb
DB5,holo,183,218,3MJ9,lightdock_1,1,2,-0.640476,0.007000,24.569313,26.076641,0.000000,unacceptable,0,done,,/root/PPCBench/dataset/DB5/structures/3MJ9/3MJ9_r_b.pdb,/root/PPCBench/results/DB5/lightdock_1/3MJ9/3MJ9_lightdock_1_id.pdb
DB5,holo,183,218,3MJ9,lightdock_2,2,5,-0.841797,0.009000,21.647938,27.982262,18.916583,unacceptable,0,done,,/root/PPCBench/dataset/DB5/structures/3MJ9/3MJ9_r_b.pdb,/root/PPCBench/results/DB5/lightdock_2/3MJ9/3MJ9_lightdock_2_id.pdb
DB5,holo,183,218,3MJ9,lightdock_3,3,4,-0.703363,0.013000,21.379496,24.386946,3.859953,unacceptable,0,done,,/root/PPCBench/dataset/DB5/structures/3MJ9/3MJ9_r_b.pdb,/root/PPCBench/results/DB5/lightdock_3/3MJ9/3MJ9_lightdock_3_id.pdb
DB5,holo,183,218,3MJ9,lightdock_4,4,3,-0.671925,0.007000,31.584896,27.375027,0.000000,unacceptable,0,done,,/root/PPCBench/dataset/DB5/structures/3MJ9/3MJ9_r_b.pdb,/root/PPCBench/results/DB5/lightdock_4/3MJ9/3MJ9_lightdock_4_id.pdb
DB5,holo,183,218,3MJ9,lightdock_5,5,1,-0.106610,0.007000,28.700912,24.481403,0.000000,unacceptable,0,done,,/root/PPCBench/dataset/DB5/structures/3MJ9/3MJ9_r_b.pdb,/root/PPCBench/results/DB5/lightdock_5/3MJ9/3MJ9_lightdock_5_id.pdb
DB5,holo,184,218,1KTZ,lightdock_1,1,1,-1000000.000000,0.004000,39.996449,39.568176,0.000000,unacceptable,0,done,,/root/PPCBench/dataset/DB5/structures/1KTZ/1KTZ_r_b.pdb,/root/PPCBench/results/DB5/lightdock_1/1KTZ/1KTZ_lightdock_1_id.pdb
DB5,holo,184,218,1KTZ,lightdock_2,2,2,-1000000.000000,0.001000,63.953091,54.597969,0.000000,unacceptable,0,done,,/root/PPCBench/dataset/DB5/structures/1KTZ/1KTZ_r_b.pdb,/root/PPCBench/results/DB5/lightdock_2/1KTZ/1KTZ_lightdock_2_id.pdb
DB5,holo,184,218,1KTZ,lightdock_3,3,3,-1000000.000000,0.003000,38.634972,34.957031,0.000000,unacceptable,0,done,,/root/PPCBench/dataset/DB5/structures/1KTZ/1KTZ_r_b.pdb,/root/PPCBench/results/DB5/lightdock_3/1KTZ/1KTZ_lightdock_3_id.pdb
DB5,holo,184,218,1KTZ,lightdock_4,4,4,-1000000.000000,0.001000,57.760624,52.798504,0.000000,unacceptable,0,done,,/root/PPCBench/dataset/DB5/structures/1KTZ/1KTZ_r_b.pdb,/root/PPCBench/results/DB5/lightdock_4/1KTZ/1KTZ_lightdock_4_id.pdb
DB5,holo,184,218,1KTZ,lightdock_5,5,5,-1000000.000000,0.002000,47.228024,41.021240,0.000000,unacceptable,0,done,,/root/PPCBench/dataset/DB5/structures/1KTZ/1KTZ_r_b.pdb,/root/PPCBench/results/DB5/lightdock_5/1KTZ/1KTZ_lightdock_5_id.pdb
DB5,holo,185,218,1GHQ,lightdock_1,1,1,-1000000.000000,0.003000,45.144066,36.934879,0.000000,unacceptable,0,done,,/root/PPCBench/dataset/DB5/structures/1GHQ/1GHQ_r_b.pdb,/root/PPCBench/results/DB5/lightdock_1/1GHQ/1GHQ_lightdock_1_id.pdb
DB5,holo,185,218,1GHQ,lightdock_2,2,2,-1000000.000000,0.002000,63.268032,46.488499,0.000000,unacceptable,0,done,,/root/PPCBench/dataset/DB5/structures/1GHQ/1GHQ_r_b.pdb,/root/PPCBench/results/DB5/lightdock_2/1GHQ/1GHQ_lightdock_2_id.pdb
DB5,holo,185,218,1GHQ,lightdock_3,3,3,-1000000.000000,0.002000,66.880226,54.335640,0.000000,unacceptable,0,done,,/root/PPCBench/dataset/DB5/structures/1GHQ/1GHQ_r_b.pdb,/root/PPCBench/results/DB5/lightdock_3/1GHQ/1GHQ_lightdock_3_id.pdb
DB5,holo,185,218,1GHQ,lightdock_4,4,4,-1000000.000000,0.002000,58.060638,44.809219,0.000000,unacceptable,0,done,,/root/PPCBench/dataset/DB5/structures/1GHQ/1GHQ_r_b.pdb,/root/PPCBench/results/DB5/lightdock_4/1GHQ/1GHQ_lightdock_4_id.pdb
DB5,holo,185,218,1GHQ,lightdock_5,5,5,-1000000.000000,0.002000,66.991371,54.277161,0.000000,unacceptable,0,done,,/root/PPCBench/dataset/DB5/structures/1GHQ/1GHQ_r_b.pdb,/root/PPCBench/results/DB5/lightdock_5/1GHQ/1GHQ_lightdock_5_id.pdb
DB5,holo,186,218,4HX3,lightdock_1,1,1,-0.790004,0.025000,16.679756,14.086921,6.360791,unacceptable,0,done,,/root/PPCBench/dataset/DB5/structures/4HX3/4HX3_r_b.pdb,/root/PPCBench/results/DB5/lightdock_1/4HX3/4HX3_lightdock_1_id.pdb
DB5,holo,186,218,4HX3,lightdock_2,2,2,-1000000.000000,0.011000,26.867071,21.942226,0.000000,unacceptable,0,done,,/root/PPCBench/dataset/DB5/structures/4HX3/4HX3_r_b.pdb,/root/PPCBench/results/DB5/lightdock_2/4HX3/4HX3_lightdock_2_id.pdb
DB5,holo,186,218,4HX3,lightdock_3,3,3,-1000000.000000,0.012000,22.246374,19.292097,0.000000,unacceptable,0,done,,/root/PPCBench/dataset/DB5/structures/4HX3/4HX3_r_b.pdb,/root/PPCBench/results/DB5/lightdock_3/4HX3/4HX3_lightdock_3_id.pdb
DB5,holo,186,218,4HX3,lightdock_4,4,4,-1000000.000000,0.009000,29.433798,24.095278,0.000000,unacceptable,0,done,,/root/PPCBench/dataset/DB5/structures/4HX3/4HX3_r_b.pdb,/root/PPCBench/results/DB5/lightdock_4/4HX3/4HX3_lightdock_4_id.pdb
DB5,holo,186,218,4HX3,lightdock_5,5,5,-1000000.000000,0.006000,31.853991,25.919254,0.000000,unacceptable,0,done,,/root/PPCBench/dataset/DB5/structures/4HX3/4HX3_r_b.pdb,/root/PPCBench/results/DB5/lightdock_5/4HX3/4HX3_lightdock_5_id.pdb
DB5,holo,187,218,3EOA,lightdock_1,1,4,-0.755834,0.010000,22.693693,19.131937,0.000000,unacceptable,0,done,,/root/PPCBench/dataset/DB5/structures/3EOA/3EOA_r_b.pdb,/root/PPCBench/results/DB5/lightdock_1/3EOA/3EOA_lightdock_1_id.pdb
DB5,holo,187,218,3EOA,lightdock_2,2,3,-0.728832,0.010000,22.762957,19.100096,0.000000,unacceptable,0,done,,/root/PPCBench/dataset/DB5/structures/3EOA/3EOA_r_b.pdb,/root/PPCBench/results/DB5/lightdock_2/3EOA/3EOA_lightdock_2_id.pdb
DB5,holo,187,218,3EOA,lightdock_3,3,5,-0.801331,0.006000,24.502884,26.530481,0.010753,unacceptable,0,done,,/root/PPCBench/dataset/DB5/structures/3EOA/3EOA_r_b.pdb,/root/PPCBench/results/DB5/lightdock_3/3EOA/3EOA_lightdock_3_id.pdb
DB5,holo,187,218,3EOA,lightdock_4,4,1,-0.716111,0.013000,23.156551,14.850266,0.276413,unacceptable,0,done,,/root/PPCBench/dataset/DB5/structures/3EOA/3EOA_r_b.pdb,/root/PPCBench/results/DB5/lightdock_4/3EOA/3EOA_lightdock_4_id.pdb
DB5,holo,187,218,3EOA,lightdock_5,5,2,-0.720747,0.012000,19.618109,15.567318,0.119641,unacceptable,0,done,,/root/PPCBench/dataset/DB5/structures/3EOA/3EOA_r_b.pdb,/root/PPCBench/results/DB5/lightdock_5/3EOA/3EOA_lightdock_5_id.pdb
DB5,holo,188,218,1K5D,lightdock_1,1,3,-0.796230,0.015000,15.054330,20.504669,44.666744,unacceptable,0,done,,/root/PPCBench/dataset/DB5/structures/1K5D/1K5D_r_b.pdb,/root/PPCBench/results/DB5/lightdock_1/1K5D/1K5D_lightdock_1_id.pdb
DB5,holo,188,218,1K5D,lightdock_2,2,4,-0.800872,0.015000,15.108115,20.739275,45.739757,unacceptable,0,done,,/root/PPCBench/dataset/DB5/structures/1K5D/1K5D_r_b.pdb,/root/PPCBench/results/DB5/lightdock_2/1K5D/1K5D_lightdock_2_id.pdb
DB5,holo,188,218,1K5D,lightdock_3,3,1,0.020836,0.010000,21.820816,27.469467,0.000000,unacceptable,0,done,,/root/PPCBench/dataset/DB5/structures/1K5D/1K5D_r_b.pdb,/root/PPCBench/results/DB5/lightdock_3/1K5D/1K5D_lightdock_3_id.pdb
DB5,holo,188,218,1K5D,lightdock_4,4,5,-0.804896,0.015000,12.754339,20.578356,13.901251,unacceptable,0,done,,/root/PPCBench/dataset/DB5/structures/1K5D/1K5D_r_b.pdb,/root/PPCBench/results/DB5/lightdock_4/1K5D/1K5D_lightdock_4_id.pdb
DB5,holo,188,218,1K5D,lightdock_5,5,2,-0.351970,0.023000,23.889696,18.849394,0.000000,unacceptable,0,done,,/root/PPCBench/dataset/DB5/structures/1K5D/1K5D_r_b.pdb,/root/PPCBench/results/DB5/lightdock_5/1K5D/1K5D_lightdock_5_id.pdb
DB5,holo,189,218,1AY7,lightdock_1,1,4,-1.013780,0.028000,12.184149,16.134085,38.897568,unacceptable,0,done,,/root/PPCBench/dataset/DB5/structures/1AY7/1AY7_r_b.pdb,/root/PPCBench/results/DB5/lightdock_1/1AY7/1AY7_lightdock_1_id.pdb
DB5,holo,189,218,1AY7,lightdock_2,2,1,-0.879733,0.144000,5.285467,15.632094,42.721772,unacceptable,0,done,,/root/PPCBench/dataset/DB5/structures/1AY7/1AY7_r_b.pdb,/root/PPCBench/results/DB5/lightdock_2/1AY7/1AY7_lightdock_2_id.pdb
DB5,holo,189,218,1AY7,lightdock_3,3,2,-0.928196,0.135000,5.206432,15.551888,41.666973,unacceptable,0,done,,/root/PPCBench/dataset/DB5/structures/1AY7/1AY7_r_b.pdb,/root/PPCBench/results/DB5/lightdock_3/1AY7/1AY7_lightdock_3_id.pdb
DB5,holo,189,218,1AY7,lightdock_4,4,5,-1.084596,0.014000,19.287380,17.951363,0.000000,unacceptable,0,done,,/root/PPCBench/dataset/DB5/structures/1AY7/1AY7_r_b.pdb,/root/PPCBench/results/DB5/lightdock_4/1AY7/1AY7_lightdock_4_id.pdb
DB5,holo,189,218,1AY7,lightdock_5,5,3,-0.969404,0.030000,12.254065,14.047999,24.670025,unacceptable,0,done,,/root/PPCBench/dataset/DB5/structures/1AY7/1AY7_r_b.pdb,/root/PPCBench/results/DB5/lightdock_5/1AY7/1AY7_lightdock_5_id.pdb
DB5,holo,190,218,3F1P,lightdock_1,1,3,-1000000.000000,0.007000,29.214333,21.751070,0.000000,unacceptable,0,done,,/root/PPCBench/dataset/DB5/structures/3F1P/3F1P_r_b.pdb,/root/PPCBench/results/DB5/lightdock_1/3F1P/3F1P_lightdock_1_id.pdb
DB5,holo,190,218,3F1P,lightdock_2,2,2,-0.805059,0.007000,26.318272,19.494654,0.000000,unacceptable,0,done,,/root/PPCBench/dataset/DB5/structures/3F1P/3F1P_r_b.pdb,/root/PPCBench/results/DB5/lightdock_2/3F1P/3F1P_lightdock_2_id.pdb
DB5,holo,190,218,3F1P,lightdock_3,3,4,-1000000.000000,0.004000,33.141438,28.058996,0.000000,unacceptable,0,done,,/root/PPCBench/dataset/DB5/structures/3F1P/3F1P_r_b.pdb,/root/PPCBench/results/DB5/lightdock_3/3F1P/3F1P_lightdock_3_id.pdb
DB5,holo,190,218,3F1P,lightdock_4,4,1,-0.630339,0.008000,26.946638,21.680206,0.000000,unacceptable,0,done,,/root/PPCBench/dataset/DB5/structures/3F1P/3F1P_r_b.pdb,/root/PPCBench/results/DB5/lightdock_4/3F1P/3F1P_lightdock_4_id.pdb
DB5,holo,190,218,3F1P,lightdock_5,5,5,-1000000.000000,0.006000,30.456478,22.651405,0.000000,unacceptable,0,done,,/root/PPCBench/dataset/DB5/structures/3F1P/3F1P_r_b.pdb,/root/PPCBench/results/DB5/lightdock_5/3F1P/3F1P_lightdock_5_id.pdb
DB5,holo,191,218,1BUH,lightdock_1,1,2,-0.717364,0.008000,22.619017,22.284990,4.238231,unacceptable,0,done,,/root/PPCBench/dataset/DB5/structures/1BUH/1BUH_r_b.pdb,/root/PPCBench/results/DB5/lightdock_1/1BUH/1BUH_lightdock_1_id.pdb
DB5,holo,191,218,1BUH,lightdock_2,2,1,-0.709578,0.008000,22.645294,22.309765,4.204649,unacceptable,0,done,,/root/PPCBench/dataset/DB5/structures/1BUH/1BUH_r_b.pdb,/root/PPCBench/results/DB5/lightdock_2/1BUH/1BUH_lightdock_2_id.pdb
DB5,holo,191,218,1BUH,lightdock_3,3,4,-0.731444,0.010000,18.617043,19.054604,3.479973,unacceptable,0,done,,/root/PPCBench/dataset/DB5/structures/1BUH/1BUH_r_b.pdb,/root/PPCBench/results/DB5/lightdock_3/1BUH/1BUH_lightdock_3_id.pdb
DB5,holo,191,218,1BUH,lightdock_4,4,3,-0.720601,0.008000,22.520329,24.241959,4.688219,unacceptable,0,done,,/root/PPCBench/dataset/DB5/structures/1BUH/1BUH_r_b.pdb,/root/PPCBench/results/DB5/lightdock_4/1BUH/1BUH_lightdock_4_id.pdb
DB5,holo,191,218,1BUH,lightdock_5,5,5,-0.765865,0.010000,24.135403,18.373505,8.623187,unacceptable,0,done,,/root/PPCBench/dataset/DB5/structures/1BUH/1BUH_r_b.pdb,/root/PPCBench/results/DB5/lightdock_5/1BUH/1BUH_lightdock_5_id.pdb
DB5,holo,192,218,1K74,lightdock_1,1,2,-0.757684,0.012000,21.334461,17.837360,2.545154,unacceptable,0,done,,/root/PPCBench/dataset/DB5/structures/1K74/1K74_r_b.pdb,/root/PPCBench/results/DB5/lightdock_1/1K74/1K74_lightdock_1_id.pdb
DB5,holo,192,218,1K74,lightdock_2,2,1,-0.739179,0.017000,18.145966,16.936743,2.452500,unacceptable,0,done,,/root/PPCBench/dataset/DB5/structures/1K74/1K74_r_b.pdb,/root/PPCBench/results/DB5/lightdock_2/1K74/1K74_lightdock_2_id.pdb
DB5,holo,192,218,1K74,lightdock_3,3,4,-1000000.000000,0.009000,25.738274,27.528263,0.000000,unacceptable,0,done,,/root/PPCBench/dataset/DB5/structures/1K74/1K74_r_b.pdb,/root/PPCBench/results/DB5/lightdock_3/1K74/1K74_lightdock_3_id.pdb
DB5,holo,192,218,1K74,lightdock_4,4,5,-1000000.000000,0.004000,31.419861,27.631836,0.000000,unacceptable,0,done,,/root/PPCBench/dataset/DB5/structures/1K74/1K74_r_b.pdb,/root/PPCBench/results/DB5/lightdock_4/1K74/1K74_lightdock_4_id.pdb
DB5,holo,192,218,1K74,lightdock_5,5,3,-0.816330,0.008000,19.608515,20.036844,1.017697,unacceptable,0,done,,/root/PPCBench/dataset/DB5/structures/1K74/1K74_r_b.pdb,/root/PPCBench/results/DB5/lightdock_5/1K74/1K74_lightdock_5_id.pdb
DB5,holo,193,218,1UDI,lightdock_1,1,1,-1000000.000000,0.004000,36.904228,25.740995,0.000000,unacceptable,0,done,,/root/PPCBench/dataset/DB5/structures/1UDI/1UDI_r_b.pdb,/root/PPCBench/results/DB5/lightdock_1/1UDI/1UDI_lightdock_1_id.pdb
DB5,holo,193,218,1UDI,lightdock_2,2,2,-1000000.000000,0.002000,48.353214,37.276432,0.000000,unacceptable,0,done,,/root/PPCBench/dataset/DB5/structures/1UDI/1UDI_r_b.pdb,/root/PPCBench/results/DB5/lightdock_2/1UDI/1UDI_lightdock_2_id.pdb
DB5,holo,193,218,1UDI,lightdock_3,3,3,-1000000.000000,0.002000,53.161495,38.282585,0.000000,unacceptable,0,done,,/root/PPCBench/dataset/DB5/structures/1UDI/1UDI_r_b.pdb,/root/PPCBench/results/DB5/lightdock_3/1UDI/1UDI_lightdock_3_id.pdb
DB5,holo,193,218,1UDI,lightdock_4,4,4,-1000000.000000,0.004000,38.778732,29.057970,0.000000,unacceptable,0,done,,/root/PPCBench/dataset/DB5/structures/1UDI/1UDI_r_b.pdb,/root/PPCBench/results/DB5/lightdock_4/1UDI/1UDI_lightdock_4_id.pdb
DB5,holo,193,218,1UDI,lightdock_5,5,5,-1000000.000000,0.002000,54.147923,38.077946,0.000000,unacceptable,0,done,,/root/PPCBench/dataset/DB5/structures/1UDI/1UDI_r_b.pdb,/root/PPCBench/results/DB5/lightdock_5/1UDI/1UDI_lightdock_5_id.pdb
DB5,holo,194,218,1HIA,lightdock_1,1,4,-0.732143,0.026000,18.970247,10.813386,0.891874,unacceptable,0,done,,/root/PPCBench/dataset/DB5/structures/1HIA/1HIA_r_b.pdb,/root/PPCBench/results/DB5/lightdock_1/1HIA/1HIA_lightdock_1_id.pdb
DB5,holo,194,218,1HIA,lightdock_2,2,1,-0.682567,0.028000,12.397181,9.847756,0.000000,unacceptable,0,done,,/root/PPCBench/dataset/DB5/structures/1HIA/1HIA_r_b.pdb,/root/PPCBench/results/DB5/lightdock_2/1HIA/1HIA_lightdock_2_id.pdb
DB5,holo,194,218,1HIA,lightdock_3,3,5,-0.778513,0.021000,13.112224,12.172036,0.000000,unacceptable,0,done,,/root/PPCBench/dataset/DB5/structures/1HIA/1HIA_r_b.pdb,/root/PPCBench/results/DB5/lightdock_3/1HIA/1HIA_lightdock_3_id.pdb
DB5,holo,194,218,1HIA,lightdock_4,4,3,-0.728244,0.021000,13.176377,12.233438,0.000000,unacceptable,0,done,,/root/PPCBench/dataset/DB5/structures/1HIA/1HIA_r_b.pdb,/root/PPCBench/results/DB5/lightdock_4/1HIA/1HIA_lightdock_4_id.pdb
DB5,holo,194,218,1HIA,lightdock_5,5,2,-0.717171,0.033000,10.966292,9.943877,0.801368,unacceptable,0,done,,/root/PPCBench/dataset/DB5/structures/1HIA/1HIA_r_b.pdb,/root/PPCBench/results/DB5/lightdock_5/1HIA/1HIA_lightdock_5_id.pdb
DB5,holo,195,218,1EFN,lightdock_1,1,1,-1000000.000000,0.015000,20.865105,19.633230,0.000000,unacceptable,0,done,,/root/PPCBench/dataset/DB5/structures/1EFN/1EFN_r_b.pdb,/root/PPCBench/results/DB5/lightdock_1/1EFN/1EFN_lightdock_1_id.pdb
DB5,holo,195,218,1EFN,lightdock_2,2,2,-1000000.000000,0.016000,21.133972,16.395298,0.000000,unacceptable,0,done,,/root/PPCBench/dataset/DB5/structures/1EFN/1EFN_r_b.pdb,/root/PPCBench/results/DB5/lightdock_2/1EFN/1EFN_lightdock_2_id.pdb
DB5,holo,195,218,1EFN,lightdock_3,3,3,-1000000.000000,0.015000,20.834717,19.690434,0.000000,unacceptable,0,done,,/root/PPCBench/dataset/DB5/structures/1EFN/1EFN_r_b.pdb,/root/PPCBench/results/DB5/lightdock_3/1EFN/1EFN_lightdock_3_id.pdb
DB5,holo,195,218,1EFN,lightdock_4,4,4,-1000000.000000,0.012000,26.994169,22.758108,0.000000,unacceptable,0,done,,/root/PPCBench/dataset/DB5/structures/1EFN/1EFN_r_b.pdb,/root/PPCBench/results/DB5/lightdock_4/1EFN/1EFN_lightdock_4_id.pdb
DB5,holo,195,218,1EFN,lightdock_5,5,5,-1000000.000000,0.012000,23.075869,19.523870,0.000000,unacceptable,0,done,,/root/PPCBench/dataset/DB5/structures/1EFN/1EFN_r_b.pdb,/root/PPCBench/results/DB5/lightdock_5/1EFN/1EFN_lightdock_5_id.pdb
DB5,holo,196,218,1AHW,lightdock_1,1,3,-0.758123,0.004000,39.895733,34.082405,15.221148,unacceptable,0,done,,/root/PPCBench/dataset/DB5/structures/1AHW/1AHW_r_b.pdb,/root/PPCBench/results/DB5/lightdock_1/1AHW/1AHW_lightdock_1_id.pdb
DB5,holo,196,218,1AHW,lightdock_2,2,1,-0.701291,0.004000,33.903996,29.246866,0.000000,unacceptable,0,done,,/root/PPCBench/dataset/DB5/structures/1AHW/1AHW_r_b.pdb,/root/PPCBench/results/DB5/lightdock_2/1AHW/1AHW_lightdock_2_id.pdb
DB5,holo,196,218,1AHW,lightdock_3,3,4,-0.803906,0.045000,12.053350,11.925866,21.099748,unacceptable,0,done,,/root/PPCBench/dataset/DB5/structures/1AHW/1AHW_r_b.pdb,/root/PPCBench/results/DB5/lightdock_3/1AHW/1AHW_lightdock_3_id.pdb
DB5,holo,196,218,1AHW,lightdock_4,4,5,-0.806490,0.006000,23.396873,26.096445,27.192759,unacceptable,0,done,,/root/PPCBench/dataset/DB5/structures/1AHW/1AHW_r_b.pdb,/root/PPCBench/results/DB5/lightdock_4/1AHW/1AHW_lightdock_4_id.pdb
DB5,holo,196,218,1AHW,lightdock_5,5,2,-0.748732,0.004000,31.492178,30.913109,0.021636,unacceptable,0,done,,/root/PPCBench/dataset/DB5/structures/1AHW/1AHW_r_b.pdb,/root/PPCBench/results/DB5/lightdock_5/1AHW/1AHW_lightdock_5_id.pdb
DB5,holo,197,218,2FD6,lightdock_1,1,5,-0.863735,0.004000,30.434536,36.788162,22.538352,unacceptable,0,done,,/root/PPCBench/dataset/DB5/structures/2FD6/2FD6_r_b.pdb,/root/PPCBench/results/DB5/lightdock_1/2FD6/2FD6_lightdock_1_id.pdb
DB5,holo,197,218,2FD6,lightdock_2,2,4,-0.862247,0.004000,30.507271,36.778625,22.316412,unacceptable,0,done,,/root/PPCBench/dataset/DB5/structures/2FD6/2FD6_r_b.pdb,/root/PPCBench/results/DB5/lightdock_2/2FD6/2FD6_lightdock_2_id.pdb
DB5,holo,197,218,2FD6,lightdock_3,3,3,-0.819839,0.004000,35.957764,37.283833,26.373636,unacceptable,0,done,,/root/PPCBench/dataset/DB5/structures/2FD6/2FD6_r_b.pdb,/root/PPCBench/results/DB5/lightdock_3/2FD6/2FD6_lightdock_3_id.pdb
DB5,holo,197,218,2FD6,lightdock_4,4,2,-0.802793,0.006000,22.993670,37.406555,36.337941,unacceptable,0,done,,/root/PPCBench/dataset/DB5/structures/2FD6/2FD6_r_b.pdb,/root/PPCBench/results/DB5/lightdock_4/2FD6/2FD6_lightdock_4_id.pdb
DB5,holo,197,218,2FD6,lightdock_5,5,1,-0.788247,0.007000,20.265781,23.612459,7.952558,unacceptable,0,done,,/root/PPCBench/dataset/DB5/structures/2FD6/2FD6_r_b.pdb,/root/PPCBench/results/DB5/lightdock_5/2FD6/2FD6_lightdock_5_id.pdb
DB5,holo,198,218,2C0L,lightdock_1,1,3,-0.765373,0.020000,21.030161,14.741858,0.000000,unacceptable,0,done,,/root/PPCBench/dataset/DB5/structures/2C0L/2C0L_r_b.pdb,/root/PPCBench/results/DB5/lightdock_1/2C0L/2C0L_lightdock_1_id.pdb
DB5,holo,198,218,2C0L,lightdock_2,2,2,-0.720048,0.023000,14.769495,11.484907,0.000000,unacceptable,0,done,,/root/PPCBench/dataset/DB5/structures/2C0L/2C0L_r_b.pdb,/root/PPCBench/results/DB5/lightdock_2/2C0L/2C0L_lightdock_2_id.pdb
DB5,holo,198,218,2C0L,lightdock_3,3,4,-1000000.000000,0.004000,43.998993,31.327248,0.000000,unacceptable,0,done,,/root/PPCBench/dataset/DB5/structures/2C0L/2C0L_r_b.pdb,/root/PPCBench/results/DB5/lightdock_3/2C0L/2C0L_lightdock_3_id.pdb
DB5,holo,198,218,2C0L,lightdock_4,4,5,-1000000.000000,0.004000,44.388786,31.294874,0.000000,unacceptable,0,done,,/root/PPCBench/dataset/DB5/structures/2C0L/2C0L_r_b.pdb,/root/PPCBench/results/DB5/lightdock_4/2C0L/2C0L_lightdock_4_id.pdb
DB5,holo,198,218,2C0L,lightdock_5,5,1,-0.643082,0.018000,24.819437,14.946648,0.000000,unacceptable,0,done,,/root/PPCBench/dataset/DB5/structures/2C0L/2C0L_r_b.pdb,/root/PPCBench/results/DB5/lightdock_5/2C0L/2C0L_lightdock_5_id.pdb
DB5,holo,200,218,2OUL,lightdock_1,1,1,-1000000.000000,0.000000,126.527328,101.898026,0.000000,unacceptable,0,done,,/root/PPCBench/dataset/DB5/structures/2OUL/2OUL_r_b.pdb,/root/PPCBench/results/DB5/lightdock_1/2OUL/2OUL_lightdock_1_id.pdb
DB5,holo,200,218,2OUL,lightdock_2,2,2,-1000000.000000,0.000000,127.061646,101.996666,0.000000,unacceptable,0,done,,/root/PPCBench/dataset/DB5/structures/2OUL/2OUL_r_b.pdb,/root/PPCBench/results/DB5/lightdock_2/2OUL/2OUL_lightdock_2_id.pdb
DB5,holo,200,218,2OUL,lightdock_3,3,3,-1000000.000000,0.001000,111.078529,88.257187,0.000000,unacceptable,0,done,,/root/PPCBench/dataset/DB5/structures/2OUL/2OUL_r_b.pdb,/root/PPCBench/results/DB5/lightdock_3/2OUL/2OUL_lightdock_3_id.pdb
DB5,holo,200,218,2OUL,lightdock_4,4,4,-1000000.000000,0.001000,111.011406,88.183945,0.000000,unacceptable,0,done,,/root/PPCBench/dataset/DB5/structures/2OUL/2OUL_r_b.pdb,/root/PPCBench/results/DB5/lightdock_4/2OUL/2OUL_lightdock_4_id.pdb
DB5,holo,200,218,2OUL,lightdock_5,5,5,-1000000.000000,0.000000,135.523315,106.108467,0.000000,unacceptable,0,done,,/root/PPCBench/dataset/DB5/structures/2OUL/2OUL_r_b.pdb,/root/PPCBench/results/DB5/lightdock_5/2OUL/2OUL_lightdock_5_id.pdb
DB5,holo,201,218,3FN1,lightdock_1,1,3,-0.587283,0.026000,17.015114,13.243898,0.000000,unacceptable,0,done,,/root/PPCBench/dataset/DB5/structures/3FN1/3FN1_r_b.pdb,/root/PPCBench/results/DB5/lightdock_1/3FN1/3FN1_lightdock_1_id.pdb
DB5,holo,201,218,3FN1,lightdock_2,2,4,-0.657124,0.026000,16.936995,13.198678,0.000000,unacceptable,0,done,,/root/PPCBench/dataset/DB5/structures/3FN1/3FN1_r_b.pdb,/root/PPCBench/results/DB5/lightdock_2/3FN1/3FN1_lightdock_2_id.pdb
DB5,holo,201,218,3FN1,lightdock_3,3,2,-0.555193,0.012000,23.141367,15.851073,0.000000,unacceptable,0,done,,/root/PPCBench/dataset/DB5/structures/3FN1/3FN1_r_b.pdb,/root/PPCBench/results/DB5/lightdock_3/3FN1/3FN1_lightdock_3_id.pdb
DB5,holo,201,218,3FN1,lightdock_4,4,5,-0.879141,0.009000,26.081537,21.932968,10.505294,unacceptable,0,done,,/root/PPCBench/dataset/DB5/structures/3FN1/3FN1_r_b.pdb,/root/PPCBench/results/DB5/lightdock_4/3FN1/3FN1_lightdock_4_id.pdb
DB5,holo,201,218,3FN1,lightdock_5,5,1,0.281792,0.012000,23.057423,16.034576,0.000000,unacceptable,0,done,,/root/PPCBench/dataset/DB5/structures/3FN1/3FN1_r_b.pdb,/root/PPCBench/results/DB5/lightdock_5/3FN1/3FN1_lightdock_5_id.pdb
DB5,holo,202,218,1JZD,lightdock_1,1,2,-0.620556,0.013000,26.030842,16.350124,0.000000,unacceptable,0,done,,/root/PPCBench/dataset/DB5/structures/1JZD/1JZD_r_b.pdb,/root/PPCBench/results/DB5/lightdock_1/1JZD/1JZD_lightdock_1_id.pdb
DB5,holo,202,218,1JZD,lightdock_2,2,4,-0.739715,0.013000,23.051060,17.069761,0.198612,unacceptable,0,done,,/root/PPCBench/dataset/DB5/structures/1JZD/1JZD_r_b.pdb,/root/PPCBench/results/DB5/lightdock_2/1JZD/1JZD_lightdock_2_id.pdb
DB5,holo,202,218,1JZD,lightdock_3,3,1,-0.576727,0.009000,24.557978,19.554848,0.000000,unacceptable,0,done,,/root/PPCBench/dataset/DB5/structures/1JZD/1JZD_r_b.pdb,/root/PPCBench/results/DB5/lightdock_3/1JZD/1JZD_lightdock_3_id.pdb
DB5,holo,202,218,1JZD,lightdock_4,4,3,-0.692555,0.009000,28.922670,19.621471,0.000000,unacceptable,0,done,,/root/PPCBench/dataset/DB5/structures/1JZD/1JZD_r_b.pdb,/root/PPCBench/results/DB5/lightdock_4/1JZD/1JZD_lightdock_4_id.pdb
DB5,holo,202,218,1JZD,lightdock_5,5,5,-1000000.000000,0.005000,35.863342,27.176437,0.000000,unacceptable,0,done,,/root/PPCBench/dataset/DB5/structures/1JZD/1JZD_r_b.pdb,/root/PPCBench/results/DB5/lightdock_5/1JZD/1JZD_lightdock_5_id.pdb
DB5,holo,203,218,2G77,lightdock_1,1,2,-0.827770,0.012000,27.787960,18.510216,1.275550,unacceptable,0,done,,/root/PPCBench/dataset/DB5/structures/2G77/2G77_r_b.pdb,/root/PPCBench/results/DB5/lightdock_1/2G77/2G77_lightdock_1_id.pdb
DB5,holo,203,218,2G77,lightdock_2,2,5,-1000000.000000,0.018000,17.402754,17.028187,0.000000,unacceptable,0,done,,/root/PPCBench/dataset/DB5/structures/2G77/2G77_r_b.pdb,/root/PPCBench/results/DB5/lightdock_2/2G77/2G77_lightdock_2_id.pdb
DB5,holo,203,218,2G77,lightdock_3,3,1,-0.093526,0.018000,18.734364,16.720291,0.000000,unacceptable,0,done,,/root/PPCBench/dataset/DB5/structures/2G77/2G77_r_b.pdb,/root/PPCBench/results/DB5/lightdock_3/2G77/2G77_lightdock_3_id.pdb
DB5,holo,203,218,2G77,lightdock_4,4,4,-0.905811,0.012000,20.859594,18.260332,4.508676,unacceptable,0,done,,/root/PPCBench/dataset/DB5/structures/2G77/2G77_r_b.pdb,/root/PPCBench/results/DB5/lightdock_4/2G77/2G77_lightdock_4_id.pdb
DB5,holo,203,218,2G77,lightdock_5,5,3,-0.854951,0.028000,18.038660,14.104632,11.254303,unacceptable,0,done,,/root/PPCBench/dataset/DB5/structures/2G77/2G77_r_b.pdb,/root/PPCBench/results/DB5/lightdock_5/2G77/2G77_lightdock_5_id.pdb
DB5,holo,204,218,3SE8,lightdock_1,1,1,-0.750536,0.073000,15.800714,22.052435,23.271261,unacceptable,0,done,,/root/PPCBench/dataset/DB5/structures/3SE8/3SE8_r_b.pdb,/root/PPCBench/results/DB5/lightdock_1/3SE8/3SE8_lightdock_1_id.pdb
DB5,holo,204,218,3SE8,lightdock_2,2,2,-0.763500,0.073000,15.773996,21.996700,23.041804,unacceptable,0,done,,/root/PPCBench/dataset/DB5/structures/3SE8/3SE8_r_b.pdb,/root/PPCBench/results/DB5/lightdock_2/3SE8/3SE8_lightdock_2_id.pdb
DB5,holo,204,218,3SE8,lightdock_3,3,5,-0.797060,0.008000,16.985090,28.017935,18.900641,unacceptable,0,done,,/root/PPCBench/dataset/DB5/structures/3SE8/3SE8_r_b.pdb,/root/PPCBench/results/DB5/lightdock_3/3SE8/3SE8_lightdock_3_id.pdb
DB5,holo,204,218,3SE8,lightdock_4,4,3,-0.791384,0.012000,17.658154,23.061138,19.356770,unacceptable,0,done,,/root/PPCBench/dataset/DB5/structures/3SE8/3SE8_r_b.pdb,/root/PPCBench/results/DB5/lightdock_4/3SE8/3SE8_lightdock_4_id.pdb
DB5,holo,204,218,3SE8,lightdock_5,5,4,-0.792448,0.012000,17.520575,23.134521,19.393554,unacceptable,0,done,,/root/PPCBench/dataset/DB5/structures/3SE8/3SE8_r_b.pdb,/root/PPCBench/results/DB5/lightdock_5/3SE8/3SE8_lightdock_5_id.pdb
DB5,holo,206,218,2BTF,lightdock_1,1,1,-1000000.000000,0.002000,47.087978,34.015800,0.000000,unacceptable,0,done,,/root/PPCBench/dataset/DB5/structures/2BTF/2BTF_r_b.pdb,/root/PPCBench/results/DB5/lightdock_1/2BTF/2BTF_lightdock_1_id.pdb
DB5,holo,206,218,2BTF,lightdock_2,2,2,-1000000.000000,0.002000,44.981812,33.571579,0.000000,unacceptable,0,done,,/root/PPCBench/dataset/DB5/structures/2BTF/2BTF_r_b.pdb,/root/PPCBench/results/DB5/lightdock_2/2BTF/2BTF_lightdock_2_id.pdb
DB5,holo,206,218,2BTF,lightdock_3,3,3,-1000000.000000,0.001000,65.526886,42.086105,0.000000,unacceptable,0,done,,/root/PPCBench/dataset/DB5/structures/2BTF/2BTF_r_b.pdb,/root/PPCBench/results/DB5/lightdock_3/2BTF/2BTF_lightdock_3_id.pdb
DB5,holo,206,218,2BTF,lightdock_4,4,4,-1000000.000000,0.002000,54.112148,36.799698,0.000000,unacceptable,0,done,,/root/PPCBench/dataset/DB5/structures/2BTF/2BTF_r_b.pdb,/root/PPCBench/results/DB5/lightdock_4/2BTF/2BTF_lightdock_4_id.pdb
DB5,holo,206,218,2BTF,lightdock_5,5,5,-1000000.000000,0.002000,48.944012,36.419357,0.000000,unacceptable,0,done,,/root/PPCBench/dataset/DB5/structures/2BTF/2BTF_r_b.pdb,/root/PPCBench/results/DB5/lightdock_5/2BTF/2BTF_lightdock_5_id.pdb
DB5,holo,207,218,2HQS,lightdock_1,1,1,-0.732434,0.024000,17.256552,13.213690,2.245461,unacceptable,0,done,,/root/PPCBench/dataset/DB5/structures/2HQS/2HQS_r_b.pdb,/root/PPCBench/results/DB5/lightdock_1/2HQS/2HQS_lightdock_1_id.pdb
DB5,holo,207,218,2HQS,lightdock_2,2,2,-0.735414,0.030000,15.809142,13.794205,2.699822,unacceptable,0,done,,/root/PPCBench/dataset/DB5/structures/2HQS/2HQS_r_b.pdb,/root/PPCBench/results/DB5/lightdock_2/2HQS/2HQS_lightdock_2_id.pdb
DB5,holo,207,218,2HQS,lightdock_3,3,5,-0.830499,0.016000,18.292433,15.897802,18.621996,unacceptable,0,done,,/root/PPCBench/dataset/DB5/structures/2HQS/2HQS_r_b.pdb,/root/PPCBench/results/DB5/lightdock_3/2HQS/2HQS_lightdock_3_id.pdb
DB5,holo,207,218,2HQS,lightdock_4,4,3,-0.802688,0.018000,13.950253,17.694798,19.780822,unacceptable,0,done,,/root/PPCBench/dataset/DB5/structures/2HQS/2HQS_r_b.pdb,/root/PPCBench/results/DB5/lightdock_4/2HQS/2HQS_lightdock_4_id.pdb
DB5,holo,207,218,2HQS,lightdock_5,5,4,-0.816586,0.018000,14.099646,18.008108,19.089806,unacceptable,0,done,,/root/PPCBench/dataset/DB5/structures/2HQS/2HQS_r_b.pdb,/root/PPCBench/results/DB5/lightdock_5/2HQS/2HQS_lightdock_5_id.pdb
DB5,holo,208,218,5WK3,lightdock_1,1,2,-0.840674,0.006000,25.991283,24.304712,33.375103,unacceptable,0,done,,/root/PPCBench/dataset/DB5/structures/5WK3/5WK3_r_b.pdb,/root/PPCBench/results/DB5/lightdock_1/5WK3/5WK3_lightdock_1_id.pdb
DB5,holo,208,218,5WK3,lightdock_2,2,3,-0.851824,0.006000,25.634733,23.542191,32.091753,unacceptable,0,done,,/root/PPCBench/dataset/DB5/structures/5WK3/5WK3_r_b.pdb,/root/PPCBench/results/DB5/lightdock_2/5WK3/5WK3_lightdock_2_id.pdb
DB5,holo,208,218,5WK3,lightdock_3,3,1,-0.831053,0.006000,27.428955,23.652803,38.287271,unacceptable,0,done,,/root/PPCBench/dataset/DB5/structures/5WK3/5WK3_r_b.pdb,/root/PPCBench/results/DB5/lightdock_3/5WK3/5WK3_lightdock_3_id.pdb
DB5,holo,208,218,5WK3,lightdock_4,4,4,-1000000.000000,0.004000,35.608147,25.280167,0.000000,unacceptable,0,done,,/root/PPCBench/dataset/DB5/structures/5WK3/5WK3_r_b.pdb,/root/PPCBench/results/DB5/lightdock_4/5WK3/5WK3_lightdock_4_id.pdb
DB5,holo,208,218,5WK3,lightdock_5,5,5,-1000000.000000,0.004000,36.634644,24.486536,0.000000,unacceptable,0,done,,/root/PPCBench/dataset/DB5/structures/5WK3/5WK3_r_b.pdb,/root/PPCBench/results/DB5/lightdock_5/5WK3/5WK3_lightdock_5_id.pdb
DB5,holo,209,218,1R6Q,lightdock_1,1,2,-1000000.000000,0.005000,29.554504,23.996656,0.000000,unacceptable,0,done,,/root/PPCBench/dataset/DB5/structures/1R6Q/1R6Q_r_b.pdb,/root/PPCBench/results/DB5/lightdock_1/1R6Q/1R6Q_lightdock_1_id.pdb
DB5,holo,209,218,1R6Q,lightdock_2,2,1,0.028464,0.007000,23.773550,20.723614,0.000000,unacceptable,0,done,,/root/PPCBench/dataset/DB5/structures/1R6Q/1R6Q_r_b.pdb,/root/PPCBench/results/DB5/lightdock_2/1R6Q/1R6Q_lightdock_2_id.pdb
DB5,holo,209,218,1R6Q,lightdock_3,3,3,-1000000.000000,0.005000,28.208967,23.126644,0.000000,unacceptable,0,done,,/root/PPCBench/dataset/DB5/structures/1R6Q/1R6Q_r_b.pdb,/root/PPCBench/results/DB5/lightdock_3/1R6Q/1R6Q_lightdock_3_id.pdb
DB5,holo,209,218,1R6Q,lightdock_4,4,4,-1000000.000000,0.003000,40.037148,30.572266,0.000000,unacceptable,0,done,,/root/PPCBench/dataset/DB5/structures/1R6Q/1R6Q_r_b.pdb,/root/PPCBench/results/DB5/lightdock_4/1R6Q/1R6Q_lightdock_4_id.pdb
DB5,holo,209,218,1R6Q,lightdock_5,5,5,-1000000.000000,0.003000,40.456638,30.370571,0.000000,unacceptable,0,done,,/root/PPCBench/dataset/DB5/structures/1R6Q/1R6Q_r_b.pdb,/root/PPCBench/results/DB5/lightdock_5/1R6Q/1R6Q_lightdock_5_id.pdb
DB5,holo,210,218,1R0R,lightdock_1,1,2,-1000000.000000,0.005000,45.923344,25.688025,0.000000,unacceptable,0,done,,/root/PPCBench/dataset/DB5/structures/1R0R/1R0R_r_b.pdb,/root/PPCBench/results/DB5/lightdock_1/1R0R/1R0R_lightdock_1_id.pdb
DB5,holo,210,218,1R0R,lightdock_2,2,3,-1000000.000000,0.004000,45.576141,25.523008,0.000000,unacceptable,0,done,,/root/PPCBench/dataset/DB5/structures/1R0R/1R0R_r_b.pdb,/root/PPCBench/results/DB5/lightdock_2/1R0R/1R0R_lightdock_2_id.pdb
DB5,holo,210,218,1R0R,lightdock_3,3,4,-1000000.000000,0.004000,43.485966,25.675337,0.000000,unacceptable,0,done,,/root/PPCBench/dataset/DB5/structures/1R0R/1R0R_r_b.pdb,/root/PPCBench/results/DB5/lightdock_3/1R0R/1R0R_lightdock_3_id.pdb
DB5,holo,210,218,1R0R,lightdock_4,4,1,-0.015393,0.021000,23.881830,11.846318,0.000000,unacceptable,0,done,,/root/PPCBench/dataset/DB5/structures/1R0R/1R0R_r_b.pdb,/root/PPCBench/results/DB5/lightdock_4/1R0R/1R0R_lightdock_4_id.pdb
DB5,holo,210,218,1R0R,lightdock_5,5,5,-1000000.000000,0.013000,22.997717,15.051702,0.000000,unacceptable,0,done,,/root/PPCBench/dataset/DB5/structures/1R0R/1R0R_r_b.pdb,/root/PPCBench/results/DB5/lightdock_5/1R0R/1R0R_lightdock_5_id.pdb
DB5,holo,211,218,1R8S,lightdock_1,1,3,-1000000.000000,0.003000,34.776855,30.788504,0.000000,unacceptable,0,done,,/root/PPCBench/dataset/DB5/structures/1R8S/1R8S_r_b.pdb,/root/PPCBench/results/DB5/lightdock_1/1R8S/1R8S_lightdock_1_id.pdb
DB5,holo,211,218,1R8S,lightdock_2,2,4,-1000000.000000,0.005000,27.031067,25.027584,0.000000,unacceptable,0,done,,/root/PPCBench/dataset/DB5/structures/1R8S/1R8S_r_b.pdb,/root/PPCBench/results/DB5/lightdock_2/1R8S/1R8S_lightdock_2_id.pdb
DB5,holo,211,218,1R8S,lightdock_3,3,2,-0.750929,0.011000,15.111573,18.801546,6.844363,unacceptable,0,done,,/root/PPCBench/dataset/DB5/structures/1R8S/1R8S_r_b.pdb,/root/PPCBench/results/DB5/lightdock_3/1R8S/1R8S_lightdock_3_id.pdb
DB5,holo,211,218,1R8S,lightdock_4,4,5,-1000000.000000,0.011000,24.660980,23.581959,0.000000,unacceptable,0,done,,/root/PPCBench/dataset/DB5/structures/1R8S/1R8S_r_b.pdb,/root/PPCBench/results/DB5/lightdock_4/1R8S/1R8S_lightdock_4_id.pdb
DB5,holo,211,218,1R8S,lightdock_5,5,1,-0.671831,0.007000,20.422447,17.373098,0.197481,unacceptable,0,done,,/root/PPCBench/dataset/DB5/structures/1R8S/1R8S_r_b.pdb,/root/PPCBench/results/DB5/lightdock_5/1R8S/1R8S_lightdock_5_id.pdb
DB5,holo,212,218,1FCC,lightdock_1,1,1,-0.832371,0.023000,13.498136,10.491915,16.729926,unacceptable,0,done,,/root/PPCBench/dataset/DB5/structures/1FCC/1FCC_r_b.pdb,/root/PPCBench/results/DB5/lightdock_1/1FCC/1FCC_lightdock_1_id.pdb
DB5,holo,212,218,1FCC,lightdock_2,2,3,-0.874687,0.027000,11.811996,10.079669,24.819854,unacceptable,0,done,,/root/PPCBench/dataset/DB5/structures/1FCC/1FCC_r_b.pdb,/root/PPCBench/results/DB5/lightdock_2/1FCC/1FCC_lightdock_2_id.pdb
DB5,holo,212,218,1FCC,lightdock_3,3,4,-1000000.000000,0.019000,20.580280,11.628870,0.000000,unacceptable,0,done,,/root/PPCBench/dataset/DB5/structures/1FCC/1FCC_r_b.pdb,/root/PPCBench/results/DB5/lightdock_3/1FCC/1FCC_lightdock_3_id.pdb
DB5,holo,212,218,1FCC,lightdock_4,4,2,-0.869695,0.030000,12.761676,9.557202,29.326878,unacceptable,0,done,,/root/PPCBench/dataset/DB5/structures/1FCC/1FCC_r_b.pdb,/root/PPCBench/results/DB5/lightdock_4/1FCC/1FCC_lightdock_4_id.pdb
DB5,holo,212,218,1FCC,lightdock_5,5,5,-1000000.000000,0.013000,24.311497,13.987735,0.000000,unacceptable,0,done,,/root/PPCBench/dataset/DB5/structures/1FCC/1FCC_r_b.pdb,/root/PPCBench/results/DB5/lightdock_5/1FCC/1FCC_lightdock_5_id.pdb
DB5,holo,213,218,3G6D,lightdock_1,1,5,-0.881078,0.008000,26.555410,23.317966,21.249783,unacceptable,0,done,,/root/PPCBench/dataset/DB5/structures/3G6D/3G6D_r_b.pdb,/root/PPCBench/results/DB5/lightdock_1/3G6D/3G6D_lightdock_1_id.pdb
DB5,holo,213,218,3G6D,lightdock_2,2,3,-0.835684,0.003000,41.958080,35.770725,6.904127,unacceptable,0,done,,/root/PPCBench/dataset/DB5/structures/3G6D/3G6D_r_b.pdb,/root/PPCBench/results/DB5/lightdock_2/3G6D/3G6D_lightdock_2_id.pdb
DB5,holo,213,218,3G6D,lightdock_3,3,4,-0.843588,0.008000,20.904783,23.113792,16.201591,unacceptable,0,done,,/root/PPCBench/dataset/DB5/structures/3G6D/3G6D_r_b.pdb,/root/PPCBench/results/DB5/lightdock_3/3G6D/3G6D_lightdock_3_id.pdb
DB5,holo,213,218,3G6D,lightdock_4,4,1,-0.761068,0.003000,43.441280,37.739727,4.890686,unacceptable,0,done,,/root/PPCBench/dataset/DB5/structures/3G6D/3G6D_r_b.pdb,/root/PPCBench/results/DB5/lightdock_4/3G6D/3G6D_lightdock_4_id.pdb
DB5,holo,213,218,3G6D,lightdock_5,5,2,-0.831067,0.008000,21.281187,23.337870,18.280154,unacceptable,0,done,,/root/PPCBench/dataset/DB5/structures/3G6D/3G6D_r_b.pdb,/root/PPCBench/results/DB5/lightdock_5/3G6D/3G6D_lightdock_5_id.pdb
DB5,holo,214,218,1ZM4,lightdock_1,1,1,-0.579633,0.003000,31.954922,29.921551,0.000000,unacceptable,0,done,,/root/PPCBench/dataset/DB5/structures/1ZM4/1ZM4_r_b.pdb,/root/PPCBench/results/DB5/lightdock_1/1ZM4/1ZM4_lightdock_1_id.pdb
DB5,holo,214,218,1ZM4,lightdock_2,2,2,-0.606486,0.004000,30.126020,29.214252,0.000000,unacceptable,0,done,,/root/PPCBench/dataset/DB5/structures/1ZM4/1ZM4_r_b.pdb,/root/PPCBench/results/DB5/lightdock_2/1ZM4/1ZM4_lightdock_2_id.pdb
DB5,holo,214,218,1ZM4,lightdock_3,3,3,-0.701983,0.004000,30.957455,29.014393,0.000000,unacceptable,0,done,,/root/PPCBench/dataset/DB5/structures/1ZM4/1ZM4_r_b.pdb,/root/PPCBench/results/DB5/lightdock_3/1ZM4/1ZM4_lightdock_3_id.pdb
DB5,holo,214,218,1ZM4,lightdock_4,4,4,-0.775527,0.010000,20.808151,19.780935,9.368015,unacceptable,0,done,,/root/PPCBench/dataset/DB5/structures/1ZM4/1ZM4_r_b.pdb,/root/PPCBench/results/DB5/lightdock_4/1ZM4/1ZM4_lightdock_4_id.pdb
DB5,holo,214,218,1ZM4,lightdock_5,5,5,-0.811949,0.003000,49.855087,32.722275,0.000000,unacceptable,0,done,,/root/PPCBench/dataset/DB5/structures/1ZM4/1ZM4_r_b.pdb,/root/PPCBench/results/DB5/lightdock_5/1ZM4/1ZM4_lightdock_5_id.pdb
DB5,holo,215,218,1XU1,lightdock_1,1,3,-0.913397,0.041000,13.786179,7.687093,50.389677,unacceptable,0,done,,/root/PPCBench/dataset/DB5/structures/1XU1/1XU1_r_b.pdb,/root/PPCBench/results/DB5/lightdock_1/1XU1/1XU1_lightdock_1_id.pdb
DB5,holo,215,218,1XU1,lightdock_2,2,5,-0.932418,0.055000,9.474612,7.353670,48.922694,unacceptable,0,done,,/root/PPCBench/dataset/DB5/structures/1XU1/1XU1_r_b.pdb,/root/PPCBench/results/DB5/lightdock_2/1XU1/1XU1_lightdock_2_id.pdb
DB5,holo,215,218,1XU1,lightdock_3,3,2,-0.885752,0.022000,13.261642,9.925434,46.292901,unacceptable,0,done,,/root/PPCBench/dataset/DB5/structures/1XU1/1XU1_r_b.pdb,/root/PPCBench/results/DB5/lightdock_3/1XU1/1XU1_lightdock_3_id.pdb
DB5,holo,215,218,1XU1,lightdock_4,4,1,-0.879032,0.087000,10.573563,8.826653,52.980802,unacceptable,0,done,,/root/PPCBench/dataset/DB5/structures/1XU1/1XU1_r_b.pdb,/root/PPCBench/results/DB5/lightdock_4/1XU1/1XU1_lightdock_4_id.pdb
DB5,holo,215,218,1XU1,lightdock_5,5,4,-0.930541,0.115000,9.571498,8.750163,53.014532,unacceptable,0,done,,/root/PPCBench/dataset/DB5/structures/1XU1/1XU1_r_b.pdb,/root/PPCBench/results/DB5/lightdock_5/1XU1/1XU1_lightdock_5_id.pdb
DB5,holo,216,218,1KKL,lightdock_1,1,1,-0.203707,0.003000,45.937206,29.934166,0.000000,unacceptable,0,done,,/root/PPCBench/dataset/DB5/structures/1KKL/1KKL_r_b.pdb,/root/PPCBench/results/DB5/lightdock_1/1KKL/1KKL_lightdock_1_id.pdb
DB5,holo,216,218,1KKL,lightdock_2,2,5,-0.971617,0.009000,28.741852,19.812183,49.429101,unacceptable,0,done,,/root/PPCBench/dataset/DB5/structures/1KKL/1KKL_r_b.pdb,/root/PPCBench/results/DB5/lightdock_2/1KKL/1KKL_lightdock_2_id.pdb
DB5,holo,216,218,1KKL,lightdock_3,3,2,-0.560893,0.003000,40.385349,29.507399,0.000000,unacceptable,0,done,,/root/PPCBench/dataset/DB5/structures/1KKL/1KKL_r_b.pdb,/root/PPCBench/results/DB5/lightdock_3/1KKL/1KKL_lightdock_3_id.pdb
DB5,holo,216,218,1KKL,lightdock_4,4,4,-0.915665,0.010000,29.032814,18.834972,51.730179,unacceptable,0,done,,/root/PPCBench/dataset/DB5/structures/1KKL/1KKL_r_b.pdb,/root/PPCBench/results/DB5/lightdock_4/1KKL/1KKL_lightdock_4_id.pdb
DB5,holo,216,218,1KKL,lightdock_5,5,3,-0.900746,0.008000,25.086985,21.495234,26.661128,unacceptable,0,done,,/root/PPCBench/dataset/DB5/structures/1KKL/1KKL_r_b.pdb,/root/PPCBench/results/DB5/lightdock_5/1KKL/1KKL_lightdock_5_id.pdb
DB5,holo,217,218,1FQJ,lightdock_1,1,1,-1000000.000000,0.002000,47.081665,36.471821,0.000000,unacceptable,0,done,,/root/PPCBench/dataset/DB5/structures/1FQJ/1FQJ_r_b.pdb,/root/PPCBench/results/DB5/lightdock_1/1FQJ/1FQJ_lightdock_1_id.pdb
DB5,holo,217,218,1FQJ,lightdock_2,2,2,-1000000.000000,0.002000,52.418221,39.303112,0.000000,unacceptable,0,done,,/root/PPCBench/dataset/DB5/structures/1FQJ/1FQJ_r_b.pdb,/root/PPCBench/results/DB5/lightdock_2/1FQJ/1FQJ_lightdock_2_id.pdb
DB5,holo,217,218,1FQJ,lightdock_3,3,3,-1000000.000000,0.002000,44.989506,37.498760,0.000000,unacceptable,0,done,,/root/PPCBench/dataset/DB5/structures/1FQJ/1FQJ_r_b.pdb,/root/PPCBench/results/DB5/lightdock_3/1FQJ/1FQJ_lightdock_3_id.pdb
DB5,holo,217,218,1FQJ,lightdock_4,4,4,-1000000.000000,0.002000,49.340385,42.767467,0.000000,unacceptable,0,done,,/root/PPCBench/dataset/DB5/structures/1FQJ/1FQJ_r_b.pdb,/root/PPCBench/results/DB5/lightdock_4/1FQJ/1FQJ_lightdock_4_id.pdb
DB5,holo,217,218,1FQJ,lightdock_5,5,5,-1000000.000000,0.002000,49.436279,42.834930,0.000000,unacceptable,0,done,,/root/PPCBench/dataset/DB5/structures/1FQJ/1FQJ_r_b.pdb,/root/PPCBench/results/DB5/lightdock_5/1FQJ/1FQJ_lightdock_5_id.pdb
DB5,holo,218,218,2B4J,lightdock_1,1,4,-0.845365,0.014000,23.221928,12.909943,0.000000,unacceptable,0,done,,/root/PPCBench/dataset/DB5/structures/2B4J/2B4J_r_b.pdb,/root/PPCBench/results/DB5/lightdock_1/2B4J/2B4J_lightdock_1_id.pdb
DB5,holo,218,218,2B4J,lightdock_2,2,3,-0.813994,0.015000,15.857053,13.910020,0.000000,unacceptable,0,done,,/root/PPCBench/dataset/DB5/structures/2B4J/2B4J_r_b.pdb,/root/PPCBench/results/DB5/lightdock_2/2B4J/2B4J_lightdock_2_id.pdb
DB5,holo,218,218,2B4J,lightdock_3,3,1,-0.655526,0.008000,27.222618,17.752337,0.000000,unacceptable,0,done,,/root/PPCBench/dataset/DB5/structures/2B4J/2B4J_r_b.pdb,/root/PPCBench/results/DB5/lightdock_3/2B4J/2B4J_lightdock_3_id.pdb
DB5,holo,218,218,2B4J,lightdock_4,4,5,-0.919026,0.013000,17.122786,21.090498,42.882233,unacceptable,0,done,,/root/PPCBench/dataset/DB5/structures/2B4J/2B4J_r_b.pdb,/root/PPCBench/results/DB5/lightdock_4/2B4J/2B4J_lightdock_4_id.pdb
DB5,holo,218,218,2B4J,lightdock_5,5,2,-0.700444,0.015000,11.449850,14.674995,0.000000,unacceptable,0,done,,/root/PPCBench/dataset/DB5/structures/2B4J/2B4J_r_b.pdb,/root/PPCBench/results/DB5/lightdock_5/2B4J/2B4J_lightdock_5_id.pdb
