target,model_id,score,dockq,fnat,lrms,irms,classification,identification
S-T154.1,1992,-1.696469783782959,0.0066,0.0,72.8849,18.7493,incorrect,T154_S02.M01
S-T154.1,1993,-1.6828128099441528,0.0066,0.0,73.0715,18.7328,incorrect,T154_S02.M02
S-T154.1,1994,-1.6715683937072754,0.0074,0.0,70.0699,17.187,incorrect,T154_S02.M03
S-T154.1,1995,-1.591214656829834,0.0052,0.0,75.5246,26.7384,incorrect,T154_S02.M04
S-T154.1,1996,-1.6428108215332031,0.0073,0.0,70.6818,17.036,incorrect,T154_S02.M05
S-T154.1,1997,-1.633089303970337,0.0073,0.0,70.6499,17.1289,incorrect,T154_S02.M06
S-T154.1,1998,-1.6862229108810425,0.0074,0.0,69.9966,17.1031,incorrect,T154_S02.M07
S-T154.1,1999,-1.6102402210235596,0.0051,0.0,75.6406,27.525,incorrect,T154_S02.M08
S-T154.1,2000,-1.64315664768219,0.007,0.0,71.9479,17.4607,incorrect,T154_S02.M09
S-T154.1,2001,-1.6531498432159424,0.0071,0.0,71.6571,17.3615,incorrect,T154_S02.M10
S-T154.1,2002,-1.4956576824188232,0.0904,0.0724,21.9722,5.5096,incorrect,T154_S05.M01
S-T154.1,2003,-1.4494515657424927,0.0062,0.0,77.6523,18.1145,incorrect,T154_S05.M02
S-T154.1,2004,-1.4740829467773438,0.0252,0.0,34.787,10.7427,incorrect,T154_S05.M03
S-T154.1,2005,-1.5246392488479614,0.0163,0.0,48.3825,10.8327,incorrect,T154_S05.M04
S-T154.1,2006,-1.4621249437332153,0.0091,0.0,59.0432,17.8627,incorrect,T154_S05.M05
S-T154.1,2007,-1.5066167116165161,0.008,0.0,70.8563,15.0169,incorrect,T154_S05.M06
S-T154.1,2008,-1.4953083992004395,0.016,0.0,48.4397,11.0228,incorrect,T154_S05.M07
S-T154.1,2009,-1.4569182395935059,0.024,0.0,38.9835,9.0815,incorrect,T154_S05.M08
S-T154.1,2010,-1.4975340366363525,0.0098,0.0,60.0863,15.0418,incorrect,T154_S05.M09
S-T154.1,2011,-1.450251817703247,0.0092,0.0066,72.81,17.6838,incorrect,T154_S05.M10
S-T154.1,2012,-1.5050581693649292,0.0986,0.0592,22.1984,4.2916,incorrect,T154_S06.M01
S-T154.1,2013,-1.4682197570800781,0.0468,0.05,29.1987,13.4703,incorrect,T154_S06.M02
S-T154.1,2014,-1.5290316343307495,0.0063,0.0,72.7397,20.2621,incorrect,T154_S06.M03
S-T154.1,2015,-1.4805387258529663,0.0637,0.0,19.7023,7.9842,incorrect,T154_S06.M04
S-T154.1,2016,-1.481410026550293,0.0143,0.0,47.6811,13.5201,incorrect,T154_S06.M05
S-T154.1,2017,-1.4884074926376343,0.0563,0.0132,26.4433,5.8238,incorrect,T154_S06.M06
S-T154.1,2018,-1.5083616971969604,0.0594,0.0066,24.0734,5.9176,incorrect,T154_S06.M07
S-T154.1,2019,-1.5182578563690186,0.0721,0.0592,27.6092,5.4426,incorrect,T154_S06.M08
S-T154.1,2020,-1.4953649044036865,0.0254,0.0,35.9482,9.6955,incorrect,T154_S06.M09
S-T154.1,2021,-1.4850265979766846,0.1319,0.0066,12.8335,4.9585,incorrect,T154_S06.M10
S-T154.1,2022,-1.5050580501556396,0.0986,0.0592,22.1984,4.2916,incorrect,T154_S07.M01
S-T154.1,2023,-1.5319483280181885,0.0063,0.0,72.7397,20.2621,incorrect,T154_S07.M02
S-T154.1,2024,-1.4813936948776245,0.0637,0.0,19.7023,7.9841,incorrect,T154_S07.M03
S-T154.1,2025,-1.48126220703125,0.0143,0.0,47.6813,13.5201,incorrect,T154_S07.M04
S-T154.1,2026,-1.4881911277770996,0.0563,0.0132,26.4432,5.8238,incorrect,T154_S07.M05
S-T154.1,2027,-1.5039039850234985,0.0594,0.0066,24.0735,5.9175,incorrect,T154_S07.M06
S-T154.1,2028,-1.5178014039993286,0.0721,0.0592,27.6093,5.4427,incorrect,T154_S07.M07
S-T154.1,2029,-1.4426982402801514,0.0567,0.0,21.3002,8.136,incorrect,T154_S07.M09
S-T154.1,2030,-1.4983526468276978,0.1319,0.0066,12.8333,4.9585,incorrect,T154_S07.M10
S-T154.1,2031,-1.5148303508758545,0.0686,0.0263,25.7226,5.0448,incorrect,T154_S08.M01
S-T154.1,2032,-1.5492665767669678,0.0767,0.0197,22.727,4.8438,incorrect,T154_S08.M02
S-T154.1,2033,-1.5273869037628174,0.0523,0.0,27.0737,5.5886,incorrect,T154_S08.M03
S-T154.1,2034,-1.489127278327942,0.038,0.0,26.2105,10.7934,incorrect,T154_S08.M04
S-T154.1,2035,-1.4526376724243164,0.0088,0.0,60.3361,17.8189,incorrect,T154_S08.M05
S-T154.1,2036,-1.4742039442062378,0.0606,0.0077,25.4185,5.3375,incorrect,T154_S08.M06
S-T154.1,2037,-1.4639191627502441,0.0064,0.0,78.3034,17.0744,incorrect,T154_S08.M07
S-T154.1,2038,-1.437365174293518,0.0327,0.0,30.3678,9.2962,incorrect,T154_S08.M08
S-T154.1,2039,-1.4920471906661987,0.0043,0.0,91.2757,22.7516,incorrect,T154_S08.M09
S-T154.1,2040,-1.4856171607971191,0.0032,0.0,104.0907,27.5879,incorrect,T154_S08.M10
S-T154.1,2041,-1.514830470085144,0.0686,0.0263,25.7226,5.0448,incorrect,T154_S09.M01
S-T154.1,2042,-1.527387261390686,0.0523,0.0,27.0737,5.5886,incorrect,T154_S09.M02
S-T154.1,2043,-1.489127516746521,0.038,0.0,26.2105,10.7934,incorrect,T154_S09.M03
S-T154.1,2044,-1.4526379108428955,0.0088,0.0,60.3361,17.8189,incorrect,T154_S09.M04
S-T154.1,2045,-1.5018271207809448,0.1683,0.0724,11.2351,5.5153,incorrect,T154_S09.M05
S-T154.1,2046,-1.4639191627502441,0.0064,0.0,78.3034,17.0744,incorrect,T154_S09.M06
S-T154.1,2047,-1.4920474290847778,0.0043,0.0,91.2757,22.7516,incorrect,T154_S09.M08
S-T154.1,2048,-1.4856170415878296,0.0032,0.0,104.0907,27.5879,incorrect,T154_S09.M09
S-T154.1,2049,-1.467315673828125,0.0782,0.0724,25.0616,5.9619,incorrect,T154_S09.M10
S-T154.1,2050,-1.5123157501220703,0.0563,0.0132,26.4807,5.8027,incorrect,T154_S10.M01
S-T154.1,2051,-1.513867974281311,0.0676,0.0263,25.866,5.115,incorrect,T154_S10.M02
S-T154.1,2052,-1.4339500665664673,0.0679,0.0329,25.6759,5.3822,incorrect,T154_S10.M03
S-T154.1,2053,-1.4311177730560303,0.0671,0.0197,25.3165,5.0907,incorrect,T154_S10.M04
S-T154.1,2054,-1.4656723737716675,0.0707,0.0263,22.8943,5.691,incorrect,T154_S10.M05
S-T154.1,2055,-1.4688786268234253,0.0644,0.0197,25.7438,5.2756,incorrect,T154_S10.M07
S-T154.1,2056,-1.4804105758666992,0.0181,0.0395,83.4139,21.1664,incorrect,T154_S10.M08
S-T154.1,2057,-1.472612977027893,0.0825,0.0855,25.1763,5.9335,incorrect,T154_S10.M09
S-T154.1,2058,-1.4994678497314453,0.0938,0.04,21.0778,4.4601,incorrect,T154_S10.M10
S-T154.1,2059,-1.5524170398712158,0.0921,0.0461,22.3256,4.4109,incorrect,T154_S12.M01
S-T154.1,2060,-1.5106825828552246,0.0594,0.0132,25.5234,5.672,incorrect,T154_S12.M02
S-T154.1,2061,-1.4809592962265015,0.0593,0.0132,25.3345,5.7478,incorrect,T154_S12.M03
S-T154.1,2062,-1.4959592819213867,0.0206,0.0,39.2176,11.4713,incorrect,T154_S12.M04
S-T154.1,2063,-1.5054352283477783,0.0933,0.0789,22.3324,5.2933,incorrect,T154_S12.M05
S-T154.1,2064,-1.5083235502243042,0.0602,0.0132,25.5251,5.5672,incorrect,T154_S12.M06
S-T154.1,2065,-1.5713176727294922,0.071,0.0197,24.5668,4.8875,incorrect,T154_S12.M07
S-T154.1,2066,-1.4861341714859009,0.0061,0.0,81.8458,17.0732,incorrect,T154_S12.M08
S-T154.1,2067,-1.4597752094268799,0.057,0.0132,26.3811,5.7366,incorrect,T154_S12.M09
S-T154.1,2068,-1.433326244354248,0.0077,0.0066,82.6918,19.8825,incorrect,T154_S12.M10
S-T154.1,2069,-1.4857397079467773,0.0215,0.0263,49.7293,14.8987,incorrect,T154_S15.M01
S-T154.1,2070,-1.4697343111038208,0.0639,0.0197,25.9031,5.2831,incorrect,T154_S15.M03
S-T154.1,2071,-1.4657692909240723,0.0212,0.0,37.7655,12.0065,incorrect,T154_S15.M05
S-T154.1,2072,-1.550207495689392,0.0215,0.0263,56.5471,11.6387,incorrect,T154_S15.M07
S-T154.1,2073,-1.4802236557006836,0.0031,0.0,106.7636,27.3905,incorrect,T154_S15.M08
S-T154.1,2074,-1.4902613162994385,0.0306,0.0,33.8515,8.1975,incorrect,T154_S15.M09
S-T154.1,2075,-1.5308679342269897,0.0058,0.0,74.9192,21.9572,incorrect,T154_S15.M10
S-T154.1,2076,-1.5874744653701782,0.0762,0.0592,26.4275,5.2322,incorrect,T154_S16.M01
S-T154.1,2077,-1.6305689811706543,0.0723,0.0526,27.0463,5.3022,incorrect,T154_S16.M02
S-T154.1,2078,-1.4763052463531494,0.0252,0.0,34.787,10.7427,incorrect,T154_S16.M03
S-T154.1,2079,-1.5143022537231445,0.092,0.0395,22.5998,4.1987,incorrect,T154_S16.M04
S-T154.1,2080,-1.5084346532821655,0.0179,0.0,43.7123,11.315,incorrect,T154_S16.M05
S-T154.1,2081,-1.5732654333114624,0.0197,0.0,39.8742,11.8654,incorrect,T154_S16.M06
S-T154.1,2082,-1.4610408544540405,0.0091,0.0,59.0431,17.8627,incorrect,T154_S16.M07
S-T154.1,2083,-1.458842396736145,0.0061,0.0,81.8458,17.0732,incorrect,T154_S16.M08
S-T154.1,2084,-1.4983453750610352,0.0207,0.0,38.7897,11.6455,incorrect,T154_S16.M10
S-T154.1,2085,-1.4642614126205444,0.0145,0.0,47.179,13.5763,incorrect,T154_S18.M01
S-T154.1,2086,-1.457940697669983,0.0884,0.0329,19.4829,5.3733,incorrect,T154_S18.M02
S-T154.1,2087,-1.5453238487243652,0.3151,0.1842,8.1015,2.6891,acceptable,T154_S18.M03
S-T154.1,2088,-1.4967000484466553,0.0125,0.0,53.6814,13.1025,incorrect,T154_S18.M04
S-T154.1,2089,-1.4705893993377686,0.0234,0.0132,44.9605,9.8578,incorrect,T154_S18.M05
S-T154.1,2090,-1.41570246219635,0.0065,0.0,72.0096,19.8495,incorrect,T154_S18.M06
S-T154.1,2091,-1.5032793283462524,0.0194,0.0,39.8261,12.3334,incorrect,T154_S18.M07
S-T154.1,2092,-1.4851948022842407,0.0055,0.0,78.8608,21.181,incorrect,T154_S18.M08
S-T154.1,2093,-1.462569236755371,0.0082,0.0,62.4421,18.6707,incorrect,T154_S18.M09
S-T154.1,2094,-1.4454346895217896,0.0201,0.0,37.725,13.6944,incorrect,T154_S18.M10
S-T154.1,2095,-1.5035406351089478,0.0609,0.0132,25.2759,5.5472,incorrect,T154_S19.M01
S-T154.1,2096,-1.461456537246704,0.0181,0.0,42.6115,11.7692,incorrect,T154_S19.M02
S-T154.1,2097,-1.470708966255188,0.0055,0.0,81.1562,19.9451,incorrect,T154_S19.M03
S-T154.1,2098,-1.4853843450546265,0.0605,0.0329,28.5388,5.6,incorrect,T154_S19.M04
S-T154.1,2099,-1.4398140907287598,0.0055,0.0,78.88,21.2221,incorrect,T154_S19.M06
S-T154.1,2100,-1.5615595579147339,0.014,0.0,49.4893,12.8756,incorrect,T154_S19.M07
S-T154.1,2101,-1.5305548906326294,0.0254,0.0,36.4893,9.4294,incorrect,T154_S19.M08
S-T154.1,2102,-1.5221302509307861,0.0377,0.0,28.9115,8.0588,incorrect,T154_S19.M10
S-T154.1,2103,-1.5482432842254639,0.018,0.0,42.9395,11.7068,incorrect,T154_S20.M01
S-T154.1,2104,-1.53604257106781,0.018,0.0,42.7973,11.7285,incorrect,T154_S20.M02
S-T154.1,2105,-1.5509692430496216,0.0181,0.0,42.5525,11.7782,incorrect,T154_S20.M04
S-T154.1,2106,-1.553512692451477,0.0207,0.0,38.7897,11.6455,incorrect,T154_S20.M05
S-T154.1,2107,-1.5435007810592651,0.0168,0.0,44.6026,12.0595,incorrect,T154_S20.M06
S-T154.1,2108,-1.503985047340393,0.0204,0.0,39.2705,11.6096,incorrect,T154_S20.M07
S-T154.1,2109,-1.4583131074905396,0.0903,0.0395,22.6871,4.2928,incorrect,T154_S20.M08
S-T154.1,2110,-1.4918253421783447,0.092,0.0395,22.5998,4.1987,incorrect,T154_S20.M09
S-T154.1,2111,-1.4401402473449707,0.0602,0.0132,25.1843,5.6796,incorrect,T154_S20.M10
S-T154.1,2112,-1.5266079902648926,0.0179,0.0,42.9188,11.7293,incorrect,T154_S21.M01
S-T154.1,2113,-1.4769026041030884,0.0593,0.0066,24.0792,5.9296,incorrect,T154_S21.M03
S-T154.1,2114,-1.4613879919052124,0.076,0.0526,26.0125,5.1376,incorrect,T154_S21.M04
S-T154.1,2115,-1.4981372356414795,0.0561,0.0132,26.7093,5.7651,incorrect,T154_S21.M05
S-T154.1,2116,-1.4244263172149658,0.0623,0.0197,25.2044,5.6962,incorrect,T154_S21.M06
S-T154.1,2117,-1.44331955909729,0.0441,0.0263,28.8682,9.0741,incorrect,T154_S21.M07
S-T154.1,2118,-1.5080140829086304,0.0991,0.0592,22.1751,4.2623,incorrect,T154_S21.M08
S-T154.1,2119,-1.5095733404159546,0.0947,0.0066,17.3529,4.9641,incorrect,T154_S21.M09
S-T154.1,2120,-1.51204514503479,0.0204,0.0,39.23,11.6307,incorrect,T154_S21.M10
S-T154.1,2121,-1.4450922012329102,0.0082,0.0,62.5015,18.6887,incorrect,T154_S25.M01
S-T154.1,2122,-1.5333491563796997,0.0045,0.0,91.3429,21.5352,incorrect,T154_S25.M02
S-T154.1,2123,-1.4487801790237427,0.0212,0.0,37.7735,12.0261,incorrect,T154_S25.M03
S-T154.1,2124,-1.4905439615249634,0.0206,0.0,37.2019,13.476,incorrect,T154_S25.M04
S-T154.1,2125,-1.4868348836898804,0.0056,0.0,78.0293,21.2661,incorrect,T154_S25.M05
S-T154.1,2126,-1.468756914138794,0.0144,0.0,47.6006,13.4971,incorrect,T154_S25.M06
S-T154.1,2127,-1.4449456930160522,0.0065,0.0,72.1283,19.8694,incorrect,T154_S25.M07
S-T154.1,2128,-1.4965170621871948,0.0874,0.0263,19.7423,5.0958,incorrect,T154_S25.M08
S-T154.1,2129,-1.5515737533569336,0.0095,0.0,61.4078,15.2336,incorrect,T154_S25.M09
S-T154.1,2130,-1.4560039043426514,0.0082,0.0,62.5151,18.6873,incorrect,T154_S26.M01
S-T154.1,2131,-1.4732704162597656,0.0045,0.0,91.3429,21.5411,incorrect,T154_S26.M02
S-T154.1,2132,-1.4828137159347534,0.0212,0.0,37.7702,12.0113,incorrect,T154_S26.M03
S-T154.1,2133,-1.4740564823150635,0.0206,0.0,37.2258,13.4873,incorrect,T154_S26.M04
S-T154.1,2134,-1.475178837776184,0.0056,0.0,78.0414,21.2557,incorrect,T154_S26.M05
S-T154.1,2135,-1.4947891235351562,0.0144,0.0,47.6128,13.5008,incorrect,T154_S26.M06
S-T154.1,2136,-1.4464877843856812,0.0065,0.0,72.1354,19.867,incorrect,T154_S26.M09
S-T154.1,2137,-1.4860572814941406,0.0877,0.0263,19.7093,5.0806,incorrect,T154_S26.M10
S-T154.1,2138,-1.4723652601242065,0.0252,0.0,34.787,10.7427,incorrect,T154_S28.M01
S-T154.1,2139,-1.495192527770996,0.0904,0.0724,21.9721,5.5096,incorrect,T154_S28.M02
S-T154.1,2140,-1.5311826467514038,0.0088,0.0,67.2286,14.4713,incorrect,T154_S28.M03
S-T154.1,2141,-1.4901005029678345,0.0061,0.0,81.8458,17.0733,incorrect,T154_S28.M04
S-T154.1,2142,-1.4957817792892456,0.0092,0.0,64.1697,14.7298,incorrect,T154_S28.M05
S-T154.1,2143,-1.5886322259902954,0.0052,0.0,75.1046,27.1794,incorrect,T154_S28.M06
S-T154.1,2144,-1.5160280466079712,0.009,0.0,63.4234,15.5591,incorrect,T154_S28.M07
S-T154.1,2145,-1.5065940618515015,0.0144,0.0,47.5967,13.473,incorrect,T154_S28.M08
S-T154.1,2146,-1.5715280771255493,0.0052,0.0,75.5388,27.2765,incorrect,T154_S28.M09
S-T154.1,2147,-1.4830501079559326,0.0074,0.0,71.6521,16.4284,incorrect,T154_S28.M10
S-T154.1,2148,-1.4697374105453491,0.0662,0.0,20.2611,6.6187,incorrect,T154_S35.M01
S-T154.1,2149,-1.5074816942214966,0.1367,0.0,11.9088,5.3571,incorrect,T154_S35.M02
S-T154.1,2150,-1.468339443206787,0.0167,0.0,45.6955,11.5448,incorrect,T154_S35.M03
S-T154.1,2151,-1.4546576738357544,0.0059,0.0,75.442,20.9328,incorrect,T154_S35.M04
S-T154.1,2152,-1.4455145597457886,0.0031,0.0,104.6382,28.0436,incorrect,T154_S35.M05
S-T154.1,2153,-1.4663593769073486,0.0068,0.0,68.4515,20.9108,incorrect,T154_S35.M06
S-T154.1,2154,-1.540148377418518,0.0849,0.0724,25.9588,4.8921,incorrect,T154_S35.M07
S-T154.1,2155,-1.5379987955093384,0.0052,0.0,81.7683,21.2477,incorrect,T154_S35.M08
S-T154.1,2156,-1.5071557760238647,0.0374,0.0,28.0668,8.8137,incorrect,T154_S35.M09
S-T154.1,2157,-1.5622180700302124,0.0094,0.0,58.6527,17.1688,incorrect,T154_S35.M10
S-T158.1,1376,-1.9608105421066284,0.5594,0.6212,4.3088,2.5204,medium,T158_S05.M02
S-T158.1,1377,-1.9909294843673706,0.3488,0.3485,7.3175,3.987,acceptable,T158_S05.M03
S-T158.1,1378,-1.991895318031311,0.2171,0.197,10.2993,6.5898,incorrect,T158_S05.M04
S-T158.1,1379,-2.0120880603790283,0.2399,0.0455,7.2419,4.6191,incorrect,T158_S05.M05
S-T158.1,1380,-1.9808740615844727,0.511,0.5455,5.1758,2.5478,acceptable,T158_S05.M06
S-T158.1,1381,-1.9852124452590942,0.0444,0.0,22.3344,18.1735,incorrect,T158_S05.M07
S-T158.1,1382,-1.9784517288208008,0.3877,0.3636,6.7184,3.1636,acceptable,T158_S05.M08
S-T158.1,1383,-1.9742237329483032,0.5392,0.4848,3.9312,2.2439,medium,T158_S05.M09
S-T158.1,1384,-1.9665321111679077,0.0632,0.0,20.1529,7.4796,incorrect,T158_S05.M10
S-T158.1,1385,-1.9965277910232544,0.5162,0.6061,6.0136,2.4291,acceptable,T158_S06.M01
S-T158.1,1386,-1.986736536026001,0.5629,0.697,5.1535,2.5271,acceptable,T158_S06.M02
S-T158.1,1387,-1.9601489305496216,0.5866,0.6667,4.4958,2.2301,medium,T158_S06.M03
S-T158.1,1388,-1.9874683618545532,0.6191,0.6212,4.1613,1.7285,medium,T158_S06.M04
S-T158.1,1389,-1.9886631965637207,0.4651,0.5909,8.7706,2.1859,acceptable,T158_S06.M05
S-T158.1,1390,-1.958433747291565,0.6161,0.7121,4.2658,2.1014,medium,T158_S06.M06
S-T158.1,1391,-2.0033936500549316,0.5831,0.5152,3.813,1.8295,medium,T158_S06.M07
S-T158.1,1392,-1.983880639076233,0.6159,0.6515,4.2145,1.8637,medium,T158_S06.M08
S-T158.1,1393,-1.9391926527023315,0.6309,0.7273,4.2652,1.9707,medium,T158_S06.M09
S-T158.1,1394,-1.981127142906189,0.3544,0.3939,7.8444,3.8934,acceptable,T158_S06.M10
S-T158.1,1395,-1.9867366552352905,0.5629,0.697,5.1535,2.5271,acceptable,T158_S07.M01
S-T158.1,1396,-1.9965277910232544,0.5162,0.6061,6.0136,2.4291,acceptable,T158_S07.M02
S-T158.1,1397,-1.9601489305496216,0.5866,0.6667,4.4958,2.2301,medium,T158_S07.M03
S-T158.1,1398,-1.9874683618545532,0.6191,0.6212,4.1613,1.7285,medium,T158_S07.M04
S-T158.1,1399,-1.9886634349822998,0.4651,0.5909,8.7706,2.1859,acceptable,T158_S07.M05
S-T158.1,1400,-1.958433747291565,0.6161,0.7121,4.2658,2.1014,medium,T158_S07.M06
S-T158.1,1401,-2.0033936500549316,0.5831,0.5152,3.813,1.8295,medium,T158_S07.M07
S-T158.1,1402,-1.983880639076233,0.6159,0.6515,4.2145,1.8637,medium,T158_S07.M08
S-T158.1,1403,-1.9391926527023315,0.6309,0.7273,4.2652,1.9707,medium,T158_S07.M09
S-T158.1,1404,-1.981127381324768,0.3544,0.3939,7.8444,3.8934,acceptable,T158_S07.M10
S-T158.1,1405,-1.983420491218567,0.469,0.6061,8.7618,2.2057,acceptable,T158_S08.M01
S-T158.1,1406,-1.977399230003357,0.6393,0.6667,3.9965,1.7201,medium,T158_S08.M02
S-T158.1,1407,-1.9714844226837158,0.4025,0.3485,5.7005,3.3191,acceptable,T158_S08.M03
S-T158.1,1408,-1.9943066835403442,0.5314,0.6061,4.6966,2.808,medium,T158_S08.M04
S-T158.1,1409,-1.94434654712677,0.2364,0.0303,6.9249,5.1557,incorrect,T158_S08.M05
S-T158.1,1410,-2.010700225830078,0.5985,0.5606,4.2523,1.7109,medium,T158_S08.M06
S-T158.1,1411,-2.003575325012207,0.5174,0.6061,5.9976,2.4134,acceptable,T158_S08.M07
S-T158.1,1412,-1.9708296060562134,0.6144,0.697,4.3545,2.0255,medium,T158_S08.M08
S-T158.1,1413,-1.9981672763824463,0.3371,0.3485,7.878,3.9611,acceptable,T158_S08.M09
S-T158.1,1414,-2.0056681632995605,0.2447,0.0606,6.8765,5.5216,incorrect,T158_S08.M10
S-T158.1,1415,-2.014246940612793,0.6154,0.697,4.8807,1.8479,medium,T158_S09.M01
S-T158.1,1416,-1.971484661102295,0.4025,0.3485,5.7005,3.3191,acceptable,T158_S09.M02
S-T158.1,1417,-1.9420417547225952,0.482,0.5758,6.7765,2.5402,acceptable,T158_S09.M03
S-T158.1,1418,-1.9943066835403442,0.5314,0.6061,4.6966,2.808,medium,T158_S09.M04
S-T158.1,1419,-1.9443466663360596,0.2364,0.0303,6.9249,5.1557,incorrect,T158_S09.M05
S-T158.1,1420,-2.003575325012207,0.5174,0.6061,5.9976,2.4134,acceptable,T158_S09.M06
S-T158.1,1421,-1.970829725265503,0.6144,0.697,4.3545,2.0255,medium,T158_S09.M07
S-T158.1,1422,-1.9557180404663086,0.5744,0.4697,3.4661,1.8528,medium,T158_S09.M08
S-T158.1,1423,-1.9981672763824463,0.3371,0.3485,7.878,3.9611,acceptable,T158_S09.M09
S-T158.1,1424,-2.0056681632995605,0.2447,0.0606,6.8765,5.5216,incorrect,T158_S09.M10
S-T158.1,1425,-1.9001003503799438,0.6021,0.5152,3.9977,1.5846,medium,T158_S10.M01
S-T158.1,1426,-1.84563410282135,0.6116,0.5455,4.1165,1.5649,medium,T158_S10.M02
S-T158.1,1427,-1.9656683206558228,0.5671,0.7121,5.1815,2.5292,acceptable,T158_S10.M03
S-T158.1,1428,-1.8775990009307861,0.3546,0.2576,6.0773,3.6567,acceptable,T158_S10.M04
S-T158.1,1429,-1.9770667552947998,0.6195,0.6212,3.8815,1.7986,medium,T158_S10.M05
S-T158.1,1430,-1.9866183996200562,0.6193,0.6364,4.1651,1.7795,medium,T158_S10.M06
S-T158.1,1431,-1.9884910583496094,0.477,0.3788,4.6955,2.3712,medium,T158_S10.M07
S-T158.1,1432,-1.9847229719161987,0.5134,0.5,4.5684,2.5015,medium,T158_S10.M08
S-T158.1,1433,-1.9822999238967896,0.6018,0.5758,3.8952,1.8262,medium,T158_S10.M09
S-T158.1,1434,-1.9791045188903809,0.6162,0.6515,4.175,1.872,medium,T158_S10.M10
S-T158.1,1435,-2.004734516143799,0.6344,0.697,3.9789,1.8918,medium,T158_S12.M01
S-T158.1,1436,-1.977681279182434,0.5666,0.7121,5.1898,2.5346,acceptable,T158_S12.M02
S-T158.1,1437,-1.989173173904419,0.6229,0.6667,4.1343,1.8641,medium,T158_S12.M03
S-T158.1,1438,-1.9916143417358398,0.0544,0.0303,24.9032,8.7216,incorrect,T158_S12.M04
S-T158.1,1439,-1.9999967813491821,0.5952,0.5909,4.085,1.9073,medium,T158_S12.M05
S-T158.1,1440,-2.008469820022583,0.0652,0.0152,20.5118,8.0009,incorrect,T158_S12.M06
S-T158.1,1441,-1.9881600141525269,0.61,0.6364,4.2056,1.8727,medium,T158_S12.M07
S-T158.1,1442,-1.9757298231124878,0.0576,0.0152,22.0661,8.7669,incorrect,T158_S12.M08
S-T158.1,1443,-1.941369652748108,0.5973,0.5606,3.9404,1.8079,medium,T158_S12.M09
S-T158.1,1444,-1.9786014556884766,0.6195,0.6212,3.8815,1.7986,medium,T158_S15.M01
S-T158.1,1445,-1.9999967813491821,0.5952,0.5909,4.085,1.9073,medium,T158_S15.M02
S-T158.1,1446,-1.9886279106140137,0.6689,0.6818,4.065,1.4679,medium,T158_S15.M03
S-T158.1,1447,-1.9596352577209473,0.0245,0.0,34.8528,11.2758,incorrect,T158_S15.M04
S-T158.1,1448,-1.954245686531067,0.56,0.5909,4.5182,2.2409,medium,T158_S15.M05
S-T158.1,1449,-1.9745055437088013,0.0757,0.0758,25.0933,6.6718,incorrect,T158_S15.M06
S-T158.1,1450,-1.9451534748077393,0.482,0.5758,6.7766,2.5402,acceptable,T158_S15.M07
S-T158.1,1451,-1.9589364528656006,0.6799,0.697,3.9728,1.4346,medium,T158_S15.M08
S-T158.1,1452,-1.9635463953018188,0.6794,0.697,3.9716,1.4395,medium,T158_S15.M09
S-T158.1,1453,-1.9518558979034424,0.6792,0.697,4.0022,1.4346,medium,T158_S15.M10
S-T158.1,1454,-1.9765034914016724,0.0544,0.0303,24.9032,8.7216,incorrect,T158_S16.M01
S-T158.1,1455,-2.0208938121795654,0.5512,0.6364,4.5347,2.6749,medium,T158_S16.M02
S-T158.1,1456,-1.9972788095474243,0.5591,0.4242,3.466,1.8528,medium,T158_S16.M03
S-T158.1,1457,-1.9334616661071777,0.0591,0.0303,23.8057,7.969,incorrect,T158_S16.M04
S-T158.1,1458,-1.9647448062896729,0.2128,0.197,10.6076,6.5034,incorrect,T158_S16.M05
S-T158.1,1459,-1.9578099250793457,0.0605,0.0606,27.6701,7.947,incorrect,T158_S16.M06
S-T158.1,1460,-1.9422911405563354,0.067,0.0,18.9278,8.1151,incorrect,T158_S16.M07
S-T158.1,1461,-1.9940426349639893,0.2467,0.0606,6.8004,5.5002,incorrect,T158_S16.M08
S-T158.1,1462,-1.986865520477295,0.5353,0.4848,4.0811,2.2474,medium,T158_S16.M09
S-T158.1,1463,-1.9569172859191895,0.0893,0.0606,21.0788,5.6022,incorrect,T158_S16.M10
S-T158.1,1464,-2.0093953609466553,0.1048,0.1364,24.4658,5.4371,incorrect,T158_S18.M01
S-T158.1,1465,-1.9742580652236938,0.4291,0.4697,6.5749,3.0823,acceptable,T158_S18.M02
S-T158.1,1466,-2.001676559448242,0.5414,0.6667,5.7261,2.4699,acceptable,T158_S18.M03
S-T158.1,1467,-1.981164813041687,0.0532,0.0,21.8742,8.7692,incorrect,T158_S18.M04
S-T158.1,1468,-1.957220196723938,0.4681,0.5152,6.5283,2.5278,acceptable,T158_S18.M05
S-T158.1,1469,-1.9614999294281006,0.0551,0.0303,23.5101,10.5744,incorrect,T158_S18.M06
S-T158.1,1470,-2.0346434116363525,0.0055,0.0,75.8861,23.7838,incorrect,T158_S18.M07
S-T158.1,1471,-1.9923754930496216,0.3917,0.4242,6.9682,3.53,acceptable,T158_S18.M08
S-T158.1,1472,-2.019486427307129,0.5909,0.6061,4.1924,1.9902,medium,T158_S18.M09
S-T158.1,1473,-1.9862658977508545,0.0041,0.0,78.8469,48.9094,incorrect,T158_S18.M10
S-T158.1,1474,-1.970868706703186,0.6113,0.6364,4.134,1.8788,medium,T158_S19.M01
S-T158.1,1475,-1.966500997543335,0.6111,0.6364,4.1594,1.8737,medium,T158_S19.M02
S-T158.1,1476,-1.9726734161376953,0.6121,0.6364,4.1314,1.8712,medium,T158_S19.M03
S-T158.1,1477,-1.979675531387329,0.586,0.5303,3.7807,1.8639,medium,T158_S19.M04
S-T158.1,1478,-1.9945917129516602,0.6337,0.6364,3.6555,1.7591,medium,T158_S19.M05
S-T158.1,1479,-1.8701719045639038,0.3573,0.2576,5.9237,3.7029,acceptable,T158_S19.M06
S-T158.1,1480,-1.9899097681045532,0.4835,0.5152,5.1833,2.9411,acceptable,T158_S19.M07
S-T158.1,1481,-2.017383337020874,0.4995,0.4091,5.2017,1.992,medium,T158_S19.M08
S-T158.1,1482,-1.9906387329101562,0.4643,0.3788,5.8335,2.1168,acceptable,T158_S19.M09
S-T158.1,1483,-1.9845701456069946,0.5632,0.4545,4.0047,1.7761,medium,T158_S19.M10
S-T158.1,1484,-1.8489710092544556,0.5954,0.5152,4.1381,1.616,medium,T158_S20.M01
S-T158.1,1485,-1.8489711284637451,0.5954,0.5152,4.1381,1.616,medium,T158_S20.M02
S-T158.1,1486,-1.8489710092544556,0.5954,0.5152,4.1381,1.616,medium,T158_S20.M03
S-T158.1,1487,-1.8489710092544556,0.5954,0.5152,4.1381,1.616,medium,T158_S20.M04
S-T158.1,1488,-1.8370213508605957,0.6116,0.5455,4.1165,1.5649,medium,T158_S20.M05
S-T158.1,1489,-1.8370213508605957,0.6116,0.5455,4.1165,1.5649,medium,T158_S20.M06
S-T158.1,1490,-1.8370213508605957,0.6116,0.5455,4.1165,1.5649,medium,T158_S20.M07
S-T158.1,1491,-1.8370213508605957,0.6116,0.5455,4.1165,1.5649,medium,T158_S20.M08
S-T158.1,1492,-1.901318073272705,0.6021,0.5152,3.9977,1.5846,medium,T158_S20.M09
S-T158.1,1493,-1.901318073272705,0.6021,0.5152,3.9977,1.5846,medium,T158_S20.M10
S-T158.1,1494,-1.979777216911316,0.5741,0.4697,3.4777,1.8538,medium,T158_S21.M01
S-T158.1,1495,-1.9977866411209106,0.5778,0.5,3.8021,1.8374,medium,T158_S21.M02
S-T158.1,1496,-1.9611066579818726,0.5207,0.6515,5.4419,2.9924,acceptable,T158_S21.M03
S-T158.1,1497,-1.999142050743103,0.5121,0.6212,5.4309,2.9514,acceptable,T158_S21.M04
S-T158.1,1498,-1.9879679679870605,0.6151,0.6364,4.4304,1.7517,medium,T158_S21.M05
S-T158.1,1499,-1.968981146812439,0.6087,0.6061,4.1066,1.8019,medium,T158_S21.M06
S-T158.1,1500,-1.9783838987350464,0.564,0.697,5.1077,2.5289,acceptable,T158_S21.M07
S-T158.1,1501,-2.039151191711426,0.5292,0.5455,4.3888,2.5832,medium,T158_S21.M08
S-T158.1,1502,-1.9713239669799805,0.0259,0.0,31.228,15.9363,incorrect,T158_S21.M09
S-T158.1,1503,-1.975304126739502,0.479,0.5303,5.4726,2.9991,acceptable,T158_S21.M10
S-T158.1,1504,-1.9412015676498413,0.6745,0.6818,3.9451,1.4446,medium,T158_S25.M01
S-T158.1,1505,-1.9799795150756836,0.0245,0.0,34.8332,11.2789,incorrect,T158_S25.M02
S-T158.1,1506,-1.9746283292770386,0.0267,0.0,33.0809,11.0251,incorrect,T158_S25.M03
S-T158.1,1507,-1.9692909717559814,0.0287,0.0,31.6401,10.81,incorrect,T158_S25.M04
S-T158.1,1508,-2.003746509552002,0.0348,0.0,28.3894,9.9551,incorrect,T158_S25.M05
S-T158.1,1509,-1.975150465965271,0.015,0.0,44.4983,15.0283,incorrect,T158_S25.M06
S-T158.1,1510,-1.938725233078003,0.0063,0.0,68.4534,24.1679,incorrect,T158_S25.M07
S-T158.1,1511,-1.9572107791900635,0.0092,0.0,56.6402,19.7741,incorrect,T158_S25.M08
S-T158.1,1512,-1.9784666299819946,0.0154,0.0,43.9171,14.9194,incorrect,T158_S25.M09
S-T158.1,1513,-2.0061206817626953,0.5145,0.5909,5.9201,2.411,acceptable,T158_S25.M10
S-T158.1,1514,-2.004423141479492,0.5478,0.6667,5.6354,2.3962,acceptable,T158_S26.M01
S-T158.1,1515,-2.004423141479492,0.5478,0.6667,5.6354,2.3962,acceptable,T158_S26.M02
S-T158.1,1516,-1.9984380006790161,0.5213,0.6212,5.8946,2.4813,acceptable,T158_S26.M03
S-T158.1,1517,-1.9503170251846313,0.0588,0.0152,23.13,7.1367,incorrect,T158_S26.M04
S-T158.1,1518,-1.9866695404052734,0.5183,0.6364,6.2852,2.4518,acceptable,T158_S26.M05
S-T158.1,1519,-2.0061206817626953,0.5145,0.5909,5.9201,2.411,acceptable,T158_S26.M06
S-T158.1,1520,-1.984729528427124,0.5318,0.6667,6.1603,2.4485,acceptable,T158_S26.M07
S-T158.1,1521,-1.984729528427124,0.5318,0.6667,6.1603,2.4485,acceptable,T158_S26.M08
S-T158.1,1522,-2.00799822807312,0.5406,0.6818,5.9887,2.4573,acceptable,T158_S26.M09
S-T158.1,1523,-2.00799822807312,0.5406,0.6818,5.9887,2.4573,acceptable,T158_S26.M10
S-T158.1,1524,-1.9745291471481323,0.5273,0.5455,4.7112,2.4604,medium,T158_S28.M01
S-T158.1,1525,-1.9906864166259766,0.3938,0.3939,6.8428,3.193,acceptable,T158_S28.M02
S-T158.1,1526,-1.9911938905715942,0.5863,0.6212,3.9208,2.2195,medium,T158_S28.M03
S-T158.1,1527,-1.9966481924057007,0.6022,0.7121,4.4392,2.2431,medium,T158_S28.M04
S-T158.1,1528,-2.001803398132324,0.5647,0.6515,4.5553,2.4963,medium,T158_S28.M05
S-T158.1,1529,-2.014890432357788,0.5647,0.6515,4.0289,2.78,medium,T158_S28.M06
S-T158.1,1530,-1.9844801425933838,0.603,0.6364,4.227,1.9522,medium,T158_S28.M07
S-T158.1,1531,-1.9885448217391968,0.5166,0.5152,3.9992,2.8573,medium,T158_S28.M08
S-T158.1,1532,-1.9933689832687378,0.251,0.0758,7.2114,4.6141,incorrect,T158_S28.M09
S-T158.1,1533,-1.992693543434143,0.5125,0.6061,5.2772,2.911,acceptable,T158_S28.M10
S-T159.1,1048,-1.5685604810714722,0.5108,0.4202,4.4424,2.1517,medium,T159_S05.M01
S-T159.1,1049,-1.5294007062911987,0.5099,0.4202,4.4612,2.1581,medium,T159_S05.M02
S-T159.1,1050,-1.5669236183166504,0.5134,0.4286,4.4819,2.1443,medium,T159_S05.M03
S-T159.1,1051,-1.580701231956482,0.5156,0.4286,4.3675,2.1541,medium,T159_S05.M04
S-T159.1,1052,-1.5329883098602295,0.5197,0.437,4.3321,2.1461,medium,T159_S05.M05
S-T159.1,1053,-1.4707450866699219,0.496,0.2857,3.2261,2.1479,acceptable,T159_S05.M06
S-T159.1,1054,-1.5288074016571045,0.6418,0.437,1.9168,1.3927,medium,T159_S05.M07
S-T159.1,1055,-1.547471046447754,0.5207,0.437,4.2865,2.1482,medium,T159_S05.M08
S-T159.1,1056,-1.4752382040023804,0.5016,0.3109,3.2924,2.166,medium,T159_S05.M09
S-T159.1,1057,-1.4821670055389404,0.3968,0.2857,6.9262,2.2734,acceptable,T159_S05.M10
S-T159.1,1058,-1.5103759765625,0.7474,0.7647,1.9339,1.4225,medium,T159_S06.M01
S-T159.1,1059,-1.4971727132797241,0.3482,0.2424,5.8242,4.0227,acceptable,T159_S06.M02
S-T159.1,1060,-1.526211142539978,0.5182,0.4454,5.0474,1.9565,medium,T159_S06.M03
S-T159.1,1061,-1.5012210607528687,0.3516,0.2626,5.9849,3.9976,acceptable,T159_S06.M04
S-T159.1,1062,-1.499224066734314,0.3245,0.202,6.1771,4.1203,acceptable,T159_S06.M05
S-T159.1,1063,-1.4678785800933838,0.3572,0.2525,5.6377,3.9647,acceptable,T159_S06.M06
S-T159.1,1064,-1.5482428073883057,0.3424,0.2323,5.939,4.002,acceptable,T159_S06.M07
S-T159.1,1065,-1.4955958127975464,0.6837,0.6218,3.1108,1.3639,medium,T159_S06.M08
S-T159.1,1066,-1.4983184337615967,0.3439,0.2323,5.909,3.9582,acceptable,T159_S06.M09
S-T159.1,1067,-1.446996808052063,0.1664,0.0505,11.0855,5.1638,incorrect,T159_S06.M10
S-T159.1,1068,-1.5103760957717896,0.7474,0.7647,1.9339,1.4225,medium,T159_S07.M01
S-T159.1,1069,-1.4971727132797241,0.3482,0.2424,5.8242,4.0227,acceptable,T159_S07.M02
S-T159.1,1070,-1.5262110233306885,0.5182,0.4454,5.0474,1.9565,medium,T159_S07.M03
S-T159.1,1071,-1.5012210607528687,0.3516,0.2626,5.9849,3.9976,acceptable,T159_S07.M04
S-T159.1,1072,-1.4678785800933838,0.3572,0.2525,5.6377,3.9647,acceptable,T159_S07.M05
S-T159.1,1073,-1.495595932006836,0.6837,0.6218,3.1108,1.3639,medium,T159_S07.M06
S-T159.1,1074,-1.4992241859436035,0.3245,0.202,6.1771,4.1203,acceptable,T159_S07.M07
S-T159.1,1075,-1.5482428073883057,0.3424,0.2323,5.939,4.002,acceptable,T159_S07.M08
S-T159.1,1076,-1.4983184337615967,0.3439,0.2323,5.909,3.9582,acceptable,T159_S07.M09
S-T159.1,1077,-1.4469974040985107,0.1664,0.0505,11.0855,5.1638,incorrect,T159_S07.M10
S-T159.1,1078,-1.4373561143875122,0.5446,0.6134,5.7549,2.1128,acceptable,T159_S08.M01
S-T159.1,1079,-1.446825385093689,0.6944,0.6471,3.0509,1.3562,medium,T159_S08.M02
S-T159.1,1080,-1.4523471593856812,0.5878,0.5126,3.669,1.8093,medium,T159_S08.M03
S-T159.1,1081,-1.4465978145599365,0.6944,0.6471,3.051,1.3562,medium,T159_S08.M04
S-T159.1,1082,-1.4469038248062134,0.6944,0.6471,3.051,1.3562,medium,T159_S08.M05
S-T159.1,1083,-1.5453274250030518,0.7295,0.7311,2.2658,1.4295,medium,T159_S08.M06
S-T159.1,1084,-1.4956762790679932,0.5812,0.4874,3.5062,1.8292,medium,T159_S08.M07
S-T159.1,1085,-1.5169168710708618,0.7269,0.6975,1.7912,1.4233,medium,T159_S08.M08
S-T159.1,1086,-1.5224262475967407,0.5844,0.4874,3.4849,1.7992,medium,T159_S08.M09
S-T159.1,1087,-1.4468168020248413,0.6944,0.6471,3.0509,1.3562,medium,T159_S08.M10
S-T159.1,1088,-1.513547420501709,0.6134,0.5294,3.2616,1.694,medium,T159_S09.M01
S-T159.1,1089,-1.4523447751998901,0.5878,0.5126,3.669,1.8093,medium,T159_S09.M02
S-T159.1,1090,-1.547169804573059,0.7295,0.7311,2.2658,1.4295,medium,T159_S09.M03
S-T159.1,1091,-1.5180394649505615,0.7269,0.6975,1.7912,1.4233,medium,T159_S09.M04
S-T159.1,1092,-1.5224100351333618,0.5844,0.4874,3.4849,1.7992,medium,T159_S09.M05
S-T159.1,1093,-1.4964109659194946,0.5812,0.4874,3.5062,1.8292,medium,T159_S09.M06
S-T159.1,1094,-1.44704270362854,0.6944,0.6471,3.0509,1.3562,medium,T159_S09.M07
S-T159.1,1095,-1.447123408317566,0.6944,0.6471,3.0509,1.3562,medium,T159_S09.M08
S-T159.1,1096,-1.4334464073181152,0.5446,0.6134,5.7549,2.1128,acceptable,T159_S09.M09
S-T159.1,1097,-1.4471253156661987,0.6944,0.6471,3.0509,1.3562,medium,T159_S09.M10
S-T159.1,1098,-1.4853802919387817,0.7295,0.6891,1.7358,1.3863,medium,T159_S12.M01
S-T159.1,1099,-1.4318419694900513,0.7446,0.7311,1.9183,1.3526,medium,T159_S12.M02
S-T159.1,1100,-1.4603123664855957,0.7506,0.7143,1.5587,1.302,medium,T159_S12.M03
S-T159.1,1101,-1.5196541547775269,0.5694,0.437,3.7383,1.7161,medium,T159_S12.M04
S-T159.1,1102,-1.5368151664733887,0.7512,0.7311,1.933,1.2984,medium,T159_S12.M05
S-T159.1,1103,-1.465427041053772,0.2107,0.1092,9.5596,5.0325,acceptable,T159_S12.M06
S-T159.1,1104,-1.4788800477981567,0.744,0.7227,1.8671,1.3427,medium,T159_S12.M07
S-T159.1,1105,-1.5295735597610474,0.1609,0.0672,11.7853,5.3266,incorrect,T159_S12.M08
S-T159.1,1106,-1.4997483491897583,0.7249,0.6639,1.6232,1.3684,medium,T159_S12.M09
S-T159.1,1107,-1.4441286325454712,0.5448,0.6134,5.7458,2.1135,acceptable,T159_S12.M10
S-T159.1,1108,-1.5149480104446411,0.7197,0.7143,2.0446,1.5013,medium,T159_S15.M01
S-T159.1,1109,-1.484139323234558,0.7295,0.6891,1.7358,1.3863,medium,T159_S15.M02
S-T159.1,1110,-1.476014494895935,0.7114,0.6303,1.6599,1.3818,medium,T159_S15.M03
S-T159.1,1111,-1.4775782823562622,0.7171,0.6807,1.8804,1.45,medium,T159_S15.M04
S-T159.1,1112,-1.505294680595398,0.7316,0.7227,1.767,1.4613,medium,T159_S15.M05
S-T159.1,1113,-1.4623570442199707,0.7186,0.6891,1.7767,1.4743,medium,T159_S15.M06
S-T159.1,1114,-1.4963593482971191,0.7335,0.7059,1.7169,1.4016,medium,T159_S15.M07
S-T159.1,1115,-1.491809368133545,0.7171,0.6723,1.8672,1.4262,medium,T159_S15.M08
S-T159.1,1116,-1.4936200380325317,0.7246,0.6723,1.7852,1.3733,medium,T159_S15.M09
S-T159.1,1117,-1.4750962257385254,0.7198,0.6975,1.94,1.4651,medium,T159_S15.M10
S-T159.1,1118,-1.4946253299713135,0.738,0.7311,1.8669,1.4155,medium,T159_S16.M01
S-T159.1,1119,-1.5182403326034546,0.7271,0.7143,2.0764,1.4309,medium,T159_S16.M02
S-T159.1,1120,-1.4574453830718994,0.7308,0.6891,1.5071,1.4015,medium,T159_S16.M03
S-T159.1,1121,-1.4302301406860352,0.718,0.7143,2.6024,1.4255,medium,T159_S16.M04
S-T159.1,1122,-1.506537914276123,0.7252,0.6807,1.7169,1.4016,medium,T159_S16.M05
S-T159.1,1123,-1.5053415298461914,0.5718,0.437,3.4518,1.7627,medium,T159_S16.M06
S-T159.1,1124,-1.4789623022079468,0.7165,0.6303,1.6498,1.3415,medium,T159_S16.M07
S-T159.1,1125,-1.4938091039657593,0.7535,0.6975,1.4818,1.2433,medium,T159_S16.M08
S-T159.1,1126,-1.4867242574691772,0.7243,0.6891,1.7912,1.4232,medium,T159_S16.M09
S-T159.1,1127,-1.492322325706482,0.7318,0.6303,1.5896,1.2267,medium,T159_S16.M10
S-T159.1,1128,-1.5056926012039185,0.721,0.6387,1.8258,1.3076,medium,T159_S18.M01
S-T159.1,1129,-1.501549482345581,0.6931,0.6639,2.3093,1.5485,medium,T159_S18.M02
S-T159.1,1130,-1.5078060626983643,0.7214,0.6303,2.0774,1.2493,medium,T159_S18.M03
S-T159.1,1131,-1.5439536571502686,0.6832,0.6218,2.5256,1.4742,medium,T159_S18.M04
S-T159.1,1132,-1.4675167798995972,0.7079,0.6639,2.1676,1.4387,medium,T159_S18.M05
S-T159.1,1133,-1.495298981666565,0.6985,0.6218,1.9229,1.4355,medium,T159_S18.M06
S-T159.1,1134,-1.4910968542099,0.6972,0.6218,1.8776,1.4521,medium,T159_S18.M07
S-T159.1,1135,-1.518014907836914,0.7305,0.6555,1.7639,1.2819,medium,T159_S18.M08
S-T159.1,1136,-1.4683971405029297,0.7075,0.6471,1.9146,1.4297,medium,T159_S18.M09
S-T159.1,1137,-1.5660585165023804,0.0465,0.0,23.0864,10.4838,incorrect,T159_S18.M10
S-T159.1,1138,-1.4545449018478394,0.6427,0.605,3.8091,1.5287,medium,T159_S19.M01
S-T159.1,1139,-1.4587774276733398,0.6427,0.605,3.809,1.5286,medium,T159_S19.M02
S-T159.1,1140,-1.4790143966674805,0.2189,0.1429,9.2404,6.204,acceptable,T159_S19.M03
S-T159.1,1141,-1.4790829420089722,0.2189,0.1429,9.2404,6.204,acceptable,T159_S19.M04
S-T159.1,1142,-1.4790138006210327,0.2189,0.1429,9.2404,6.204,acceptable,T159_S19.M05
S-T159.1,1143,-1.4790138006210327,0.2189,0.1429,9.2404,6.204,acceptable,T159_S19.M06
S-T159.1,1144,-1.4790081977844238,0.2189,0.1429,9.2404,6.204,acceptable,T159_S19.M07
S-T159.1,1145,-1.4489662647247314,0.6427,0.605,3.809,1.5287,medium,T159_S19.M08
S-T159.1,1146,-1.4576085805892944,0.6427,0.605,3.809,1.5287,medium,T159_S19.M09
S-T159.1,1147,-1.480391502380371,0.2189,0.1429,9.2404,6.204,acceptable,T159_S19.M10
S-T159.1,1148,-1.5205875635147095,0.5343,0.5714,4.9633,2.3694,medium,T159_S20.M01
S-T159.1,1149,-1.4469021558761597,0.6944,0.6471,3.0509,1.3562,medium,T159_S20.M02
S-T159.1,1150,-1.4469045400619507,0.6944,0.6471,3.051,1.3562,medium,T159_S20.M03
S-T159.1,1151,-1.446823239326477,0.6944,0.6471,3.051,1.3562,medium,T159_S20.M04
S-T159.1,1152,-1.4471219778060913,0.6944,0.6471,3.051,1.3562,medium,T159_S20.M05
S-T159.1,1153,-1.446906566619873,0.6944,0.6471,3.0509,1.3562,medium,T159_S20.M06
S-T159.1,1154,-1.4469077587127686,0.6944,0.6471,3.0509,1.3562,medium,T159_S20.M07
S-T159.1,1155,-1.4465405941009521,0.6944,0.6471,3.0509,1.3562,medium,T159_S20.M08
S-T159.1,1156,-1.447122573852539,0.6944,0.6471,3.051,1.3562,medium,T159_S20.M09
S-T159.1,1157,-1.4469159841537476,0.6944,0.6471,3.051,1.3562,medium,T159_S20.M10
S-T159.1,1158,-1.5191513299942017,0.5334,0.563,4.9287,2.3536,medium,T159_S21.M01
S-T159.1,1159,-1.5309550762176514,0.5377,0.563,4.8518,2.3135,medium,T159_S21.M02
S-T159.1,1160,-1.5527054071426392,0.5342,0.563,4.9179,2.3442,medium,T159_S21.M03
S-T159.1,1161,-1.464609980583191,0.6974,0.6471,3.0134,1.3385,medium,T159_S21.M04
S-T159.1,1162,-1.4945213794708252,0.5463,0.3782,3.2623,1.8788,medium,T159_S21.M05
S-T159.1,1163,-1.5012810230255127,0.5445,0.3697,3.2586,1.8693,medium,T159_S21.M06
S-T159.1,1164,-1.5212947130203247,0.5461,0.3782,3.2873,1.875,medium,T159_S21.M07
S-T159.1,1165,-1.505717396736145,0.5485,0.3782,3.2345,1.8602,medium,T159_S21.M08
S-T159.1,1166,-1.522182822227478,0.5498,0.3866,3.2687,1.8707,medium,T159_S21.M09
S-T159.1,1167,-1.520142912864685,0.5445,0.3782,3.3339,1.8803,medium,T159_S21.M10
S-T159.1,1168,-1.4721416234970093,0.7114,0.7059,2.5707,1.4643,medium,T159_S25.M01
S-T159.1,1169,-1.4735764265060425,0.7225,0.6975,1.8441,1.4535,medium,T159_S25.M02
S-T159.1,1170,-1.4874873161315918,0.7446,0.7143,1.6305,1.3423,medium,T159_S25.M03
S-T159.1,1171,-1.5290225744247437,0.7087,0.6975,2.6317,1.4515,medium,T159_S25.M04
S-T159.1,1172,-1.4223781824111938,0.6995,0.6639,2.0029,1.539,medium,T159_S25.M05
S-T159.1,1173,-1.4892464876174927,0.7316,0.6891,1.8397,1.3553,medium,T159_S25.M06
S-T159.1,1174,-1.522689700126648,0.7402,0.7143,1.9207,1.3429,medium,T159_S25.M07
S-T159.1,1175,-1.436802864074707,0.7205,0.6975,2.0478,1.4428,medium,T159_S25.M08
S-T159.1,1176,-1.4696041345596313,0.7408,0.7479,2.2934,1.378,medium,T159_S25.M09
S-T159.1,1177,-1.4778814315795898,0.7288,0.6975,1.9484,1.3863,medium,T159_S25.M10
S-T159.1,1178,-1.4974260330200195,0.726,0.6975,1.9528,1.4091,medium,T159_S26.M01
S-T159.1,1179,-1.4974278211593628,0.726,0.6975,1.9528,1.4091,medium,T159_S26.M02
S-T159.1,1180,-1.5176501274108887,0.7301,0.7479,2.0633,1.5055,medium,T159_S26.M03
S-T159.1,1181,-1.5080597400665283,0.7171,0.7227,2.5955,1.4597,medium,T159_S26.M04
S-T159.1,1182,-1.5091290473937988,0.7296,0.7227,2.0845,1.4339,medium,T159_S26.M05
S-T159.1,1183,-1.4238990545272827,0.7443,0.6975,1.7296,1.2881,medium,T159_S26.M06
S-T159.1,1184,-1.5038727521896362,0.7215,0.6975,1.886,1.4575,medium,T159_S26.M07
S-T159.1,1185,-1.5213634967803955,0.7345,0.7479,2.273,1.4355,medium,T159_S26.M08
S-T159.1,1186,-1.5339586734771729,0.7213,0.7059,1.868,1.4882,medium,T159_S26.M09
S-T159.1,1187,-1.521360993385315,0.7345,0.7479,2.273,1.4355,medium,T159_S26.M10
S-T159.1,1188,-1.451532244682312,0.7236,0.6807,1.6581,1.4231,medium,T159_S28.M01
S-T159.1,1189,-1.5183496475219727,0.7308,0.6218,1.5589,1.2169,medium,T159_S28.M02
S-T159.1,1190,-1.470526099205017,0.7232,0.7311,2.5466,1.4384,medium,T159_S28.M03
S-T159.1,1191,-1.509010910987854,0.7206,0.6891,1.8007,1.4526,medium,T159_S28.M04
S-T159.1,1192,-1.481257438659668,0.7666,0.7395,1.8379,1.211,medium,T159_S28.M05
S-T159.1,1193,-1.4974291324615479,0.7056,0.6387,1.9467,1.419,medium,T159_S28.M06
S-T159.1,1194,-1.492942214012146,0.7456,0.7227,1.6174,1.3596,medium,T159_S28.M07
S-T159.1,1195,-1.485371708869934,0.7341,0.6471,1.5584,1.2563,medium,T159_S28.M08
S-T159.1,1196,-1.4987237453460693,0.7076,0.7059,2.3179,1.5428,medium,T159_S28.M09
S-T159.1,1197,-1.463002324104309,0.7318,0.6975,1.8699,1.3722,medium,T159_S28.M10
S-T159.2,740,-1.4504436254501343,0.059,0.0312,21.578,13.7655,incorrect,T159_S05.M01
S-T159.2,741,-1.4214487075805664,0.0583,0.0312,21.7691,13.886,incorrect,T159_S05.M02
S-T159.2,742,-1.4535146951675415,0.0581,0.0312,21.8165,13.8919,incorrect,T159_S05.M03
S-T159.2,743,-1.4833250045776367,0.0295,0.0,28.344,19.4287,incorrect,T159_S05.M04
S-T159.2,744,-1.4434340000152588,0.0295,0.0,28.3568,19.4484,incorrect,T159_S05.M05
S-T159.2,745,-1.4450291395187378,0.0545,0.0208,21.8404,14.2843,incorrect,T159_S05.M06
S-T159.2,746,-1.4323480129241943,0.048,0.0104,22.6274,14.5847,incorrect,T159_S05.M07
S-T159.2,747,-1.4166569709777832,0.0293,0.0,28.4383,19.418,incorrect,T159_S05.M08
S-T159.2,748,-1.4497307538986206,0.055,0.0208,21.7009,14.1722,incorrect,T159_S05.M09
S-T159.2,749,-1.481620192527771,0.0399,0.0,24.1751,15.1312,incorrect,T159_S05.M10
S-T159.2,750,-1.4623491764068604,0.0189,0.0,35.6535,27.071,incorrect,T159_S06.M01
S-T159.2,751,-1.4297220706939697,0.0531,0.0833,32.33,13.8158,incorrect,T159_S06.M08
S-T159.2,752,-1.4623490571975708,0.0189,0.0,35.6535,27.071,incorrect,T159_S07.M01
S-T159.2,753,-1.4297223091125488,0.0531,0.0833,32.33,13.8158,incorrect,T159_S07.M06
S-T159.2,754,-1.4693676233291626,0.0403,0.0222,28.509,11.3246,incorrect,T159_S08.M02
S-T159.2,755,-1.5152127742767334,0.0326,0.0104,28.7856,17.206,incorrect,T159_S08.M03
S-T159.2,756,-1.4387401342391968,0.0531,0.0833,32.3225,13.8023,incorrect,T159_S08.M04
S-T159.2,757,-1.5508958101272583,0.0155,0.0,40.9469,20.6575,incorrect,T159_S08.M05
S-T159.2,758,-1.5189088582992554,0.0194,0.0,35.1648,26.8507,incorrect,T159_S08.M06
S-T159.2,759,-1.6214419603347778,0.0092,0.0,53.6769,26.9504,incorrect,T159_S08.M07
S-T159.2,760,-1.4965591430664062,0.0178,0.0,36.9267,27.6562,incorrect,T159_S08.M08
S-T159.2,761,-1.621809720993042,0.0086,0.0,56.0009,26.5168,incorrect,T159_S08.M09
S-T159.2,762,-1.5511094331741333,0.0155,0.0,40.9469,20.6575,incorrect,T159_S08.M10
S-T159.2,763,-1.654478669166565,0.0155,0.0104,49.7308,16.5739,incorrect,T159_S09.M01
S-T159.2,764,-1.5153155326843262,0.0326,0.0104,28.7856,17.206,incorrect,T159_S09.M02
S-T159.2,765,-1.5189085006713867,0.0194,0.0,35.1648,26.8507,incorrect,T159_S09.M03
S-T159.2,766,-1.4967846870422363,0.0178,0.0,36.9266,27.6562,incorrect,T159_S09.M04
S-T159.2,767,-1.6219791173934937,0.0086,0.0,56.0009,26.5168,incorrect,T159_S09.M05
S-T159.2,768,-1.626469612121582,0.0092,0.0,53.6768,26.9504,incorrect,T159_S09.M06
S-T159.2,769,-1.427595853805542,0.0531,0.0833,32.3225,13.8023,incorrect,T159_S09.M07
S-T159.2,770,-1.4324314594268799,0.0531,0.0833,32.3225,13.8023,incorrect,T159_S09.M08
S-T159.2,771,-1.5470317602157593,0.0155,0.0,40.9469,20.6575,incorrect,T159_S09.M10
S-T159.2,772,-1.5747789144515991,0.0191,0.0,35.457,27.269,incorrect,T159_S12.M01
S-T159.2,773,-1.4998277425765991,0.0189,0.0,35.6717,27.2127,incorrect,T159_S12.M02
S-T159.2,774,-1.573799729347229,0.0183,0.0,36.2714,27.5145,incorrect,T159_S12.M03
S-T159.2,775,-1.4713977575302124,0.0194,0.0208,48.5706,17.1831,incorrect,T159_S12.M04
S-T159.2,776,-1.4998480081558228,0.0189,0.0,35.6817,27.3461,incorrect,T159_S12.M05
S-T159.2,777,-1.5201789140701294,0.0189,0.0,35.6806,27.3039,incorrect,T159_S12.M07
S-T159.2,778,-1.5279046297073364,0.0189,0.0,35.7257,27.2193,incorrect,T159_S12.M09
S-T159.2,779,-1.5531907081604004,0.0188,0.0,35.8255,27.287,incorrect,T159_S15.M01
S-T159.2,780,-1.5749430656433105,0.0191,0.0,35.457,27.269,incorrect,T159_S15.M02
S-T159.2,781,-1.5205893516540527,0.0186,0.0,36.0017,27.4332,incorrect,T159_S15.M03
S-T159.2,782,-1.5048304796218872,0.019,0.0,35.5518,27.063,incorrect,T159_S15.M04
S-T159.2,783,-1.5331730842590332,0.019,0.0,35.6126,27.3258,incorrect,T159_S15.M05
S-T159.2,784,-1.4763598442077637,0.019,0.0,35.5837,27.4279,incorrect,T159_S15.M06
S-T159.2,785,-1.5227680206298828,0.0187,0.0,35.8286,27.5054,incorrect,T159_S15.M07
S-T159.2,786,-1.5034738779067993,0.019,0.0,35.5797,27.2673,incorrect,T159_S15.M08
S-T159.2,787,-1.4790858030319214,0.0192,0.0,35.42,27.2852,incorrect,T159_S15.M09
S-T159.2,788,-1.496937870979309,0.0188,0.0,35.746,27.3571,incorrect,T159_S15.M10
S-T159.2,789,-1.5794744491577148,0.019,0.0,35.5909,27.0197,incorrect,T159_S16.M01
S-T159.2,790,-1.523758888244629,0.019,0.0,35.5416,27.2476,incorrect,T159_S16.M02
S-T159.2,791,-1.5374090671539307,0.0187,0.0,35.9069,27.4663,incorrect,T159_S16.M03
S-T159.2,792,-1.5309500694274902,0.0182,0.0,36.4163,27.256,incorrect,T159_S16.M04
S-T159.2,793,-1.57798433303833,0.0187,0.0,35.8286,27.5054,incorrect,T159_S16.M05
S-T159.2,794,-1.6372407674789429,0.0458,0.0729,34.276,18.5113,incorrect,T159_S16.M06
S-T159.2,795,-1.4672341346740723,0.0182,0.0,36.4384,27.6723,incorrect,T159_S16.M07
S-T159.2,796,-1.5602658987045288,0.0184,0.0,36.2116,27.6265,incorrect,T159_S16.M08
S-T159.2,797,-1.51579749584198,0.0178,0.0,36.9266,27.6562,incorrect,T159_S16.M09
S-T159.2,798,-1.5437700748443604,0.0185,0.0,36.0619,27.4899,incorrect,T159_S16.M10
S-T159.2,799,-1.4977048635482788,0.0193,0.0,35.2884,27.1143,incorrect,T159_S18.M01
S-T159.2,800,-1.4711439609527588,0.0178,0.0,36.7929,28.016,incorrect,T159_S18.M02
S-T159.2,801,-1.5164787769317627,0.0182,0.0,36.4029,27.4712,incorrect,T159_S18.M03
S-T159.2,802,-1.5508958101272583,0.0177,0.0,36.9949,27.3423,incorrect,T159_S18.M04
S-T159.2,803,-1.5021229982376099,0.019,0.0,35.6272,27.2662,incorrect,T159_S18.M05
S-T159.2,804,-1.5078630447387695,0.0191,0.0,35.4805,27.279,incorrect,T159_S18.M06
S-T159.2,805,-1.4358904361724854,0.019,0.0,35.5947,27.5847,incorrect,T159_S18.M07
S-T159.2,806,-1.4996600151062012,0.0185,0.0,36.0476,27.6013,incorrect,T159_S18.M08
S-T159.2,807,-1.5039730072021484,0.0187,0.0,35.9041,27.5056,incorrect,T159_S18.M09
S-T159.2,808,-1.5179499387741089,0.0219,0.0,33.799,18.8867,incorrect,T159_S19.M01
S-T159.2,809,-1.5256412029266357,0.0219,0.0,33.799,18.8867,incorrect,T159_S19.M02
S-T159.2,810,-1.485985517501831,0.0104,0.0,50.3934,24.8505,incorrect,T159_S19.M08
S-T159.2,811,-1.525814175605774,0.0219,0.0,33.799,18.8867,incorrect,T159_S19.M09
S-T159.2,812,-1.5470608472824097,0.0155,0.0,40.9469,20.6575,incorrect,T159_S20.M02
S-T159.2,813,-1.422460913658142,0.0531,0.0833,32.3225,13.8022,incorrect,T159_S20.M03
S-T159.2,814,-1.5511380434036255,0.0155,0.0,40.9469,20.6575,incorrect,T159_S20.M04
S-T159.2,815,-1.4320653676986694,0.0531,0.0833,32.3225,13.8023,incorrect,T159_S20.M05
S-T159.2,816,-1.5482362508773804,0.0155,0.0,40.9469,20.6575,incorrect,T159_S20.M06
S-T159.2,817,-1.4824062585830688,0.0403,0.0222,28.509,11.3246,incorrect,T159_S20.M07
S-T159.2,818,-1.4278910160064697,0.0531,0.0833,32.3225,13.8023,incorrect,T159_S20.M08
S-T159.2,819,-1.4374510049819946,0.0531,0.0833,32.3224,13.8022,incorrect,T159_S20.M09
S-T159.2,820,-1.482478141784668,0.0403,0.0222,28.509,11.3246,incorrect,T159_S20.M10
S-T159.2,821,-1.441760540008545,0.0531,0.0833,32.3395,13.8016,incorrect,T159_S21.M04
S-T159.2,822,-1.4274382591247559,0.0062,0.0,66.9016,29.4107,incorrect,T159_S21.M08
S-T159.2,823,-1.3999308347702026,0.0062,0.0,66.8968,29.4113,incorrect,T159_S21.M09
S-T159.2,824,-1.4239567518234253,0.0062,0.0,66.889,29.42,incorrect,T159_S21.M10
S-T159.2,825,-1.5494509935379028,0.0195,0.0,35.0716,26.966,incorrect,T159_S25.M01
S-T159.2,826,-1.5605826377868652,0.0177,0.0,36.9309,27.6577,incorrect,T159_S25.M02
S-T159.2,827,-1.5142691135406494,0.0185,0.0,36.1145,27.7435,incorrect,T159_S25.M03
S-T159.2,828,-1.5275473594665527,0.0182,0.0,36.4228,27.2535,incorrect,T159_S25.M04
S-T159.2,829,-1.5320980548858643,0.0185,0.0,36.1045,27.5212,incorrect,T159_S25.M05
S-T159.2,830,-1.503531575202942,0.0193,0.0,35.2549,26.8755,incorrect,T159_S25.M06
S-T159.2,831,-1.526902675628662,0.0189,0.0,35.6805,27.2137,incorrect,T159_S25.M07
S-T159.2,832,-1.5746955871582031,0.0187,0.0,35.8873,27.1124,incorrect,T159_S25.M08
S-T159.2,833,-1.5161466598510742,0.0183,0.0,36.3354,27.7308,incorrect,T159_S25.M09
S-T159.2,834,-1.5751240253448486,0.0184,0.0,36.2057,27.5433,incorrect,T159_S25.M10
S-T159.2,835,-1.5403000116348267,0.0184,0.0,36.2023,27.5451,incorrect,T159_S26.M01
S-T159.2,836,-1.5401309728622437,0.0184,0.0,36.2023,27.5451,incorrect,T159_S26.M02
S-T159.2,837,-1.576257348060608,0.0188,0.0,35.8333,27.2918,incorrect,T159_S26.M03
S-T159.2,838,-1.5391898155212402,0.0195,0.0,35.073,26.9567,incorrect,T159_S26.M04
S-T159.2,839,-1.5207250118255615,0.019,0.0,35.5553,27.2421,incorrect,T159_S26.M05
S-T159.2,840,-1.5154623985290527,0.0186,0.0,36.0349,27.5224,incorrect,T159_S26.M06
S-T159.2,841,-1.5383836030960083,0.019,0.0,35.5552,27.0601,incorrect,T159_S26.M07
S-T159.2,842,-1.4935173988342285,0.0194,0.0,35.1737,26.8578,incorrect,T159_S26.M08
S-T159.2,843,-1.5092833042144775,0.0193,0.0,35.2942,27.0584,incorrect,T159_S26.M09
S-T159.2,844,-1.493519902229309,0.0194,0.0,35.1737,26.8578,incorrect,T159_S26.M10
S-T159.2,845,-1.5124496221542358,0.0185,0.0,36.0522,27.4623,incorrect,T159_S28.M01
S-T159.2,846,-1.4714241027832031,0.0185,0.0,36.0568,27.4945,incorrect,T159_S28.M02
S-T159.2,847,-1.495530366897583,0.0195,0.0,35.1018,27.0017,incorrect,T159_S28.M03
S-T159.2,848,-1.4940663576126099,0.0188,0.0,35.7873,27.4028,incorrect,T159_S28.M04
S-T159.2,849,-1.5179015398025513,0.0193,0.0,35.3151,27.0829,incorrect,T159_S28.M05
S-T159.2,850,-1.5387307405471802,0.0188,0.0,35.8127,27.4091,incorrect,T159_S28.M06
S-T159.2,851,-1.5497595071792603,0.0182,0.0,36.4115,27.6268,incorrect,T159_S28.M07
S-T159.2,852,-1.4883975982666016,0.0191,0.0,35.4293,27.3285,incorrect,T159_S28.M08
S-T159.2,853,-1.4819161891937256,0.0191,0.0,35.4721,27.3053,incorrect,T159_S28.M09
S-T159.2,854,-1.5318645238876343,0.0186,0.0,35.9369,27.5267,incorrect,T159_S28.M10
S-T159.3,771,-1.5263665914535522,0.0052,0.0,75.275,26.7453,incorrect,T159_S06.M01
S-T159.3,772,-1.5367307662963867,0.0042,0.0,89.5358,24.6276,incorrect,T159_S06.M02
S-T159.3,773,-1.5973432064056396,0.0032,0.0,94.7037,37.8951,incorrect,T159_S06.M03
S-T159.3,774,-1.5463995933532715,0.0042,0.0,86.2339,28.0204,incorrect,T159_S06.M04
S-T159.3,775,-1.451935887336731,0.0036,0.0,89.5676,33.9812,incorrect,T159_S06.M05
S-T159.3,776,-1.5727235078811646,0.0033,0.0,94.9488,34.2022,incorrect,T159_S06.M06
S-T159.3,777,-1.5958976745605469,0.0048,0.0,86.5867,21.4532,incorrect,T159_S06.M07
S-T159.3,778,-1.5662260055541992,0.0043,0.0,89.2675,24.3934,incorrect,T159_S06.M08
S-T159.3,779,-1.512620210647583,0.0041,0.0,87.6076,27.5438,incorrect,T159_S06.M09
S-T159.3,780,-1.565333604812622,0.0037,0.0,92.2971,29.5591,incorrect,T159_S06.M10
S-T159.3,781,-1.5263665914535522,0.0052,0.0,75.275,26.7453,incorrect,T159_S07.M01
S-T159.3,782,-1.5367307662963867,0.0042,0.0,89.5358,24.6276,incorrect,T159_S07.M02
S-T159.3,783,-1.5973432064056396,0.0032,0.0,94.7037,37.8951,incorrect,T159_S07.M03
S-T159.3,784,-1.5463995933532715,0.0042,0.0,86.2339,28.0204,incorrect,T159_S07.M04
S-T159.3,785,-1.572723627090454,0.0033,0.0,94.9488,34.2022,incorrect,T159_S07.M05
S-T159.3,786,-1.5662261247634888,0.0043,0.0,89.2675,24.3934,incorrect,T159_S07.M06
S-T159.3,787,-1.451935887336731,0.0036,0.0,89.5676,33.9812,incorrect,T159_S07.M07
S-T159.3,788,-1.5958974361419678,0.0048,0.0,86.5867,21.4532,incorrect,T159_S07.M08
S-T159.3,789,-1.5126203298568726,0.0041,0.0,87.6076,27.5438,incorrect,T159_S07.M09
S-T159.3,790,-1.565333604812622,0.0037,0.0,92.2971,29.5591,incorrect,T159_S07.M10
S-T159.3,791,-1.5253502130508423,0.0038,0.0,85.1862,37.6698,incorrect,T159_S08.M01
S-T159.3,792,-1.6209094524383545,0.0178,0.0,38.4655,18.1447,incorrect,T159_S08.M03
S-T159.3,793,-1.5618659257888794,0.0043,0.0,89.2332,24.3925,incorrect,T159_S08.M04
S-T159.3,794,-1.5072376728057861,0.005,0.0,82.2352,22.4686,incorrect,T159_S08.M05
S-T159.3,795,-1.4902675151824951,0.0053,0.0,75.1496,25.6408,incorrect,T159_S08.M06
S-T159.3,796,-1.5390130281448364,0.0193,0.0,36.4611,18.8678,incorrect,T159_S08.M07
S-T159.3,797,-1.4533133506774902,0.017,0.0,38.2378,23.6924,incorrect,T159_S08.M08
S-T159.3,798,-1.576391339302063,0.0174,0.0,38.7865,18.7878,incorrect,T159_S08.M09
S-T159.3,799,-1.5362322330474854,0.0048,0.0,83.4999,22.931,incorrect,T159_S08.M10
S-T159.3,800,-1.6514464616775513,0.0061,0.0,68.3456,27.4038,incorrect,T159_S09.M01
S-T159.3,801,-1.6209094524383545,0.0178,0.0,38.4655,18.1447,incorrect,T159_S09.M02
S-T159.3,802,-1.4902673959732056,0.0053,0.0,75.1496,25.6408,incorrect,T159_S09.M03
S-T159.3,803,-1.4533132314682007,0.017,0.0,38.2378,23.6924,incorrect,T159_S09.M04
S-T159.3,804,-1.576391577720642,0.0174,0.0,38.7865,18.7878,incorrect,T159_S09.M05
S-T159.3,805,-1.539013147354126,0.0193,0.0,36.4611,18.8678,incorrect,T159_S09.M06
S-T159.3,806,-1.5453050136566162,0.0044,0.0,88.7705,23.5158,incorrect,T159_S09.M07
S-T159.3,807,-1.5253502130508423,0.0038,0.0,85.1862,37.6698,incorrect,T159_S09.M09
S-T159.3,808,-1.5072380304336548,0.005,0.0,82.2352,22.4686,incorrect,T159_S09.M10
S-T159.3,809,-1.5001174211502075,0.0045,0.0,81.3839,28.9032,incorrect,T159_S12.M02
S-T159.3,810,-1.5446974039077759,0.0184,0.0,36.9079,21.304,incorrect,T159_S12.M04
S-T159.3,811,-1.462984561920166,0.0024,0.0,112.9376,38.9382,incorrect,T159_S12.M06
S-T159.3,812,-1.4505659341812134,0.0023,0.0,113.632,39.3593,incorrect,T159_S12.M08
S-T159.3,813,-1.5155203342437744,0.0075,0.0,63.4074,21.189,incorrect,T159_S12.M10
S-T159.3,814,-1.5297244787216187,0.0053,0.0,75.2222,26.681,incorrect,T159_S16.M01
S-T159.3,815,-1.526250958442688,0.0052,0.0,75.631,26.6622,incorrect,T159_S16.M02
S-T159.3,816,-1.5098668336868286,0.0188,0.0,36.1586,23.4244,incorrect,T159_S16.M04
S-T159.3,817,-1.6262232065200806,0.0175,0.0,38.3699,19.6176,incorrect,T159_S16.M06
S-T159.3,818,-1.4985865354537964,0.0053,0.0,74.9261,26.4824,incorrect,T159_S16.M07
S-T159.3,819,-1.4882081747055054,0.0052,0.0,75.7928,26.9834,incorrect,T159_S16.M08
S-T159.3,820,-1.5719107389450073,0.017,0.0,38.2378,23.6924,incorrect,T159_S16.M09
S-T159.3,821,-1.504093885421753,0.0051,0.0,76.6706,26.8534,incorrect,T159_S16.M10
S-T159.3,822,-1.5123564004898071,0.0054,0.0,74.7223,25.7036,incorrect,T159_S18.M01
S-T159.3,823,-1.4634567499160767,0.0053,0.0,74.9082,26.306,incorrect,T159_S18.M02
S-T159.3,824,-1.474454402923584,0.0045,0.0,81.3618,28.7062,incorrect,T159_S18.M03
S-T159.3,825,-1.5697916746139526,0.0173,0.0,37.9397,23.7183,incorrect,T159_S18.M04
S-T159.3,826,-1.4876548051834106,0.0046,0.0,80.7913,28.7624,incorrect,T159_S18.M05
S-T159.3,827,-1.5933715105056763,0.009,0.0,53.4803,31.2819,incorrect,T159_S18.M10
S-T159.3,828,-1.4372282028198242,0.0036,0.0,94.2852,29.057,incorrect,T159_S19.M03
S-T159.3,829,-1.4584572315216064,0.0038,0.0,94.6461,25.799,incorrect,T159_S19.M04
S-T159.3,830,-1.4716711044311523,0.0034,0.0,92.4237,34.2993,incorrect,T159_S19.M05
S-T159.3,831,-1.5039170980453491,0.0038,0.0,91.5142,27.7919,incorrect,T159_S19.M06
S-T159.3,832,-1.5021371841430664,0.0028,0.0,102.2001,40.1903,incorrect,T159_S19.M07
S-T159.3,833,-1.5238099098205566,0.0117,0.0,47.2099,24.5714,incorrect,T159_S19.M08
S-T159.3,834,-1.423600196838379,0.0039,0.0,89.6976,28.6672,incorrect,T159_S19.M10
S-T159.3,835,-1.4616538286209106,0.0127,0.019,68.483,24.0814,incorrect,T159_S20.M01
S-T159.3,836,-1.5208998918533325,0.0048,0.0,83.5824,23.0176,incorrect,T159_S20.M02
S-T159.3,837,-1.5882649421691895,0.0044,0.0,88.8087,23.467,incorrect,T159_S20.M03
S-T159.3,838,-1.5362319946289062,0.0048,0.0,83.4999,22.931,incorrect,T159_S20.M04
S-T159.3,839,-1.5683826208114624,0.0044,0.0,88.8799,23.5249,incorrect,T159_S20.M05
S-T159.3,840,-1.5472098588943481,0.0049,0.0,83.1908,22.9818,incorrect,T159_S20.M06
S-T159.3,841,-1.5551669597625732,0.0046,0.0,88.6667,22.1762,incorrect,T159_S20.M07
S-T159.3,842,-1.5453048944473267,0.0044,0.0,88.7705,23.5158,incorrect,T159_S20.M08
S-T159.3,843,-1.573060393333435,0.0044,0.0,88.2792,23.3862,incorrect,T159_S20.M09
S-T159.3,844,-1.5551671981811523,0.0046,0.0,88.6667,22.1762,incorrect,T159_S20.M10
S-T159.3,845,-1.4017243385314941,0.0063,0.0,69.3156,23.4471,incorrect,T159_S21.M01
S-T159.3,846,-1.4963260889053345,0.0063,0.0,69.1419,23.512,incorrect,T159_S21.M02
S-T159.3,847,-1.4675861597061157,0.0128,0.019,67.9604,23.853,incorrect,T159_S21.M03
S-T159.3,848,-1.5825427770614624,0.01,0.0,52.1515,23.6104,incorrect,T159_S21.M05
S-T159.3,849,-1.6044566631317139,0.01,0.0,52.1362,23.6017,incorrect,T159_S21.M06
S-T159.3,850,-1.610499620437622,0.01,0.0,52.1568,23.6003,incorrect,T159_S21.M07
S-T159.3,851,-1.532945990562439,0.0054,0.0,74.395,25.6646,incorrect,T159_S25.M01
S-T159.3,852,-1.5916022062301636,0.017,0.0,38.2392,23.689,incorrect,T159_S25.M02
S-T159.3,853,-1.6028943061828613,0.0044,0.0,82.3569,29.087,incorrect,T159_S25.M03
S-T159.3,854,-1.5411150455474854,0.0188,0.0,36.1737,23.4378,incorrect,T159_S25.M04
S-T159.3,855,-1.5507203340530396,0.0043,0.0,82.852,29.9115,incorrect,T159_S25.M05
S-T159.3,856,-1.4962968826293945,0.0044,0.0,82.2203,28.8462,incorrect,T159_S25.M06
S-T159.3,857,-1.5649020671844482,0.0045,0.0,81.3889,28.9132,incorrect,T159_S25.M07
S-T159.3,858,-1.479111671447754,0.0054,0.0,74.8659,25.8253,incorrect,T159_S25.M08
S-T159.3,859,-1.5707772970199585,0.0052,0.0,75.8399,26.6957,incorrect,T159_S25.M09
S-T159.3,860,-1.518393635749817,0.0054,0.0,74.4037,25.669,incorrect,T159_S26.M04
S-T159.3,861,-1.477615237236023,0.0052,0.0,75.6365,26.6694,incorrect,T159_S26.M05
S-T159.3,862,-1.4723949432373047,0.0054,0.0,75.0184,25.6261,incorrect,T159_S26.M06
S-T159.3,863,-1.4983071088790894,0.0053,0.0,75.1574,25.6476,incorrect,T159_S26.M08
S-T159.3,864,-1.4493776559829712,0.0053,0.0,75.3142,25.7402,incorrect,T159_S26.M09
S-T159.3,865,-1.498307228088379,0.0053,0.0,75.1574,25.6476,incorrect,T159_S26.M10
S-T159.3,866,-1.499254822731018,0.0051,0.0,76.8394,26.7922,incorrect,T159_S28.M02
S-T159.3,867,-1.5220668315887451,0.0054,0.0,74.5715,25.7278,incorrect,T159_S28.M03
S-T159.3,868,-1.4447282552719116,0.0053,0.0,75.4962,25.817,incorrect,T159_S28.M05
S-T159.3,869,-1.5108720064163208,0.0052,0.0,75.6575,26.2141,incorrect,T159_S28.M08
S-T159.4,436,-1.6254440546035767,0.0197,0.0,41.7588,10.6495,incorrect,T159_S05.M03
S-T159.4,437,-1.4214881658554077,0.0127,0.0,59.4333,11.0323,incorrect,T159_S06.M01
S-T159.4,438,-1.4214880466461182,0.0127,0.0,59.4333,11.0323,incorrect,T159_S07.M01
S-T159.4,439,-1.498679518699646,0.0441,0.0213,29.3394,8.0168,incorrect,T159_S08.M03
S-T159.4,440,-1.4482989311218262,0.0132,0.0,56.1657,11.3412,incorrect,T159_S08.M06
S-T159.4,441,-1.5903851985931396,0.0213,0.0,37.525,12.1003,incorrect,T159_S08.M08
S-T159.4,442,-1.6679339408874512,0.0081,0.0,80.8337,12.861,incorrect,T159_S08.M09
S-T159.4,443,-1.5381715297698975,0.0086,0.0,65.6644,15.4208,incorrect,T159_S09.M01
S-T159.4,444,-1.498679518699646,0.0441,0.0213,29.3394,8.0168,incorrect,T159_S09.M02
S-T159.4,445,-1.4482989311218262,0.0132,0.0,56.1657,11.3412,incorrect,T159_S09.M03
S-T159.4,446,-1.590384840965271,0.0213,0.0,37.525,12.1003,incorrect,T159_S09.M04
S-T159.4,447,-1.6679339408874512,0.0081,0.0,80.8337,12.861,incorrect,T159_S09.M05
S-T159.4,448,-1.4841599464416504,0.0124,0.0,67.9929,10.0529,incorrect,T159_S09.M07
S-T159.4,449,-1.4135733842849731,0.0141,0.0,58.454,10.1085,incorrect,T159_S12.M01
S-T159.4,450,-1.422905445098877,0.014,0.0,58.2725,10.2259,incorrect,T159_S12.M03
S-T159.4,451,-1.6143296957015991,0.0163,0.0,53.248,9.5723,incorrect,T159_S12.M04
S-T159.4,452,-1.4150546789169312,0.0134,0.0,58.5958,10.6054,incorrect,T159_S12.M05
S-T159.4,453,-1.4925968647003174,0.0128,0.0,49.0451,15.4196,incorrect,T159_S12.M06
S-T159.4,454,-1.5534005165100098,0.0144,0.0,65.45,9.092,incorrect,T159_S12.M07
S-T159.4,455,-1.449062705039978,0.0146,0.0,57.0749,9.9986,incorrect,T159_S12.M09
S-T159.4,456,-1.4469051361083984,0.0145,0.0,57.66,9.9378,incorrect,T159_S15.M01
S-T159.4,457,-1.4135732650756836,0.0141,0.0,58.454,10.1085,incorrect,T159_S15.M02
S-T159.4,458,-1.4776535034179688,0.0146,0.0,57.4633,9.9069,incorrect,T159_S15.M03
S-T159.4,459,-1.4911130666732788,0.0145,0.0,58.6166,9.8252,incorrect,T159_S15.M04
S-T159.4,460,-1.3965327739715576,0.0145,0.0,58.8895,9.7655,incorrect,T159_S15.M05
S-T159.4,461,-1.427653193473816,0.0149,0.0,57.189,9.7904,incorrect,T159_S15.M06
S-T159.4,462,-1.4281333684921265,0.0141,0.0,57.9829,10.1572,incorrect,T159_S15.M07
S-T159.4,463,-1.4579399824142456,0.0147,0.0,58.1652,9.7258,incorrect,T159_S15.M08
S-T159.4,464,-1.3866157531738281,0.0148,0.0,56.902,9.9015,incorrect,T159_S15.M09
S-T159.4,465,-1.4610878229141235,0.0146,0.0,58.9092,9.7146,incorrect,T159_S15.M10
S-T159.4,466,-1.4864641427993774,0.0128,0.0,59.4744,10.9806,incorrect,T159_S16.M01
S-T159.4,467,-1.4360413551330566,0.0131,0.0,57.7164,11.0827,incorrect,T159_S16.M02
S-T159.4,468,-1.4005322456359863,0.0146,0.0,57.4433,9.9192,incorrect,T159_S16.M03
S-T159.4,469,-1.52534818649292,0.0243,0.0,34.0254,12.5408,incorrect,T159_S16.M04
S-T159.4,470,-1.473403811454773,0.0141,0.0,57.9829,10.1572,incorrect,T159_S16.M05
S-T159.4,471,-1.5662776231765747,0.0411,0.0,25.4731,9.7322,incorrect,T159_S16.M06
S-T159.4,472,-1.411324143409729,0.0133,0.0,58.0078,10.8471,incorrect,T159_S16.M07
S-T159.4,473,-1.4714593887329102,0.0133,0.0,57.8693,10.8061,incorrect,T159_S16.M08
S-T159.4,474,-1.5895428657531738,0.0213,0.0,37.5251,12.1002,incorrect,T159_S16.M09
S-T159.4,475,-1.4829680919647217,0.0134,0.0,58.4128,10.6241,incorrect,T159_S16.M10
S-T159.4,476,-1.4982218742370605,0.0125,0.0,60.4911,11.0712,incorrect,T159_S18.M01
S-T159.4,477,-1.446677565574646,0.0143,0.0,54.9387,10.6184,incorrect,T159_S18.M02
S-T159.4,478,-1.567029595375061,0.0214,0.0,37.325,12.1943,incorrect,T159_S18.M04
S-T159.4,479,-1.4300538301467896,0.0142,0.0,58.9895,9.955,incorrect,T159_S18.M06
S-T159.4,480,-1.389629602432251,0.013,0.0,59.7866,10.7162,incorrect,T159_S18.M07
S-T159.4,481,-1.5058680772781372,0.0153,0.0,62.6605,8.8631,incorrect,T159_S18.M08
S-T159.4,482,-1.5816452503204346,0.0145,0.0,64.2528,9.1211,incorrect,T159_S18.M09
S-T159.4,483,-1.4897758960723877,0.0226,0.0,38.3314,10.267,incorrect,T159_S18.M10
S-T159.4,484,-1.6053229570388794,0.027,0.0,32.2508,11.7183,incorrect,T159_S20.M01
S-T159.4,485,-1.50163996219635,0.0126,0.0,67.3384,9.9919,incorrect,T159_S20.M03
S-T159.4,486,-1.5320112705230713,0.0125,0.0,67.6251,10.0383,incorrect,T159_S20.M05
S-T159.4,487,-1.4841595888137817,0.0124,0.0,67.9929,10.0529,incorrect,T159_S20.M08
S-T159.4,488,-1.464097023010254,0.0127,0.0,67.0718,9.9357,incorrect,T159_S20.M09
S-T159.4,489,-1.6017186641693115,0.0423,0.0,24.6709,10.3209,incorrect,T159_S21.M01
S-T159.4,490,-1.4376115798950195,0.0412,0.0213,31.3755,7.9861,incorrect,T159_S21.M05
S-T159.4,491,-1.565589189529419,0.0096,0.0,86.2002,10.6962,incorrect,T159_S21.M09
S-T159.4,492,-1.5382530689239502,0.0096,0.0,86.1843,10.6927,incorrect,T159_S21.M10
S-T159.4,493,-1.4762852191925049,0.013,0.0,58.2444,11.0456,incorrect,T159_S25.M01
S-T159.4,494,-1.5531073808670044,0.0213,0.0,37.5265,12.1101,incorrect,T159_S25.M02
S-T159.4,495,-1.5419890880584717,0.0243,0.0,33.9994,12.5481,incorrect,T159_S25.M04
S-T159.4,496,-1.4112600088119507,0.0131,0.0,57.8564,10.9866,incorrect,T159_S25.M08
S-T159.4,497,-1.3749701976776123,0.0133,0.0,57.1749,10.9526,incorrect,T159_S25.M09
S-T159.4,498,-1.4001615047454834,0.0147,0.0,57.0869,9.9241,incorrect,T159_S25.M10
S-T159.4,499,-1.428136944770813,0.0147,0.0,57.1178,9.9239,incorrect,T159_S26.M01
S-T159.4,500,-1.4281368255615234,0.0147,0.0,57.1178,9.9239,incorrect,T159_S26.M02
S-T159.4,501,-1.4246714115142822,0.0145,0.0,57.655,9.9241,incorrect,T159_S26.M03
S-T159.4,502,-1.4205949306488037,0.013,0.0,58.2292,11.0589,incorrect,T159_S26.M04
S-T159.4,503,-1.4549978971481323,0.0131,0.0,57.7125,11.0872,incorrect,T159_S26.M05
S-T159.4,504,-1.4722058773040771,0.0134,0.0,57.9254,10.7027,incorrect,T159_S26.M06
S-T159.4,505,-1.5082826614379883,0.0145,0.0,58.6269,9.818,incorrect,T159_S26.M07
S-T159.4,506,-1.4730103015899658,0.0132,0.0,56.17,11.3513,incorrect,T159_S26.M08
S-T159.4,507,-1.5158681869506836,0.0131,0.0,58.3288,10.8963,incorrect,T159_S26.M09
S-T159.4,508,-1.4730101823806763,0.0132,0.0,56.17,11.3513,incorrect,T159_S26.M10
S-T159.4,509,-1.4875537157058716,0.0146,0.0,64.1466,9.0675,incorrect,T159_S28.M01
S-T159.4,510,-1.4381786584854126,0.0133,0.0,58.5743,10.6892,incorrect,T159_S28.M02
S-T159.4,511,-1.3773804903030396,0.0129,0.0,58.331,11.0864,incorrect,T159_S28.M03
S-T159.4,512,-1.45932936668396,0.0145,0.0,58.9175,9.7453,incorrect,T159_S28.M04
S-T159.4,513,-1.4482288360595703,0.0132,0.0,58.634,10.7575,incorrect,T159_S28.M05
S-T159.4,514,-1.4483402967453003,0.0146,0.0,58.2408,9.7653,incorrect,T159_S28.M06
S-T159.4,515,-1.5202080011367798,0.0147,0.0,62.4559,9.2024,incorrect,T159_S28.M07
S-T159.4,516,-1.483056664466858,0.0131,0.0,57.567,11.0679,incorrect,T159_S28.M08
S-T159.4,517,-1.4701104164123535,0.0131,0.0,59.9986,10.5651,incorrect,T159_S28.M09
S-T159.4,518,-1.525946021080017,0.015,0.0,64.0889,8.8676,incorrect,T159_S28.M10
S-T159.5,436,-1.5815787315368652,0.0387,0.0,24.6925,14.8357,incorrect,T159_S05.M03
S-T159.5,437,-1.493227243423462,0.0055,0.0,71.2329,30.0708,incorrect,T159_S06.M01
S-T159.5,438,-1.4932271242141724,0.0055,0.0,71.2329,30.0708,incorrect,T159_S07.M01
S-T159.5,439,-1.5208537578582764,0.0514,0.0286,23.2183,18.0373,incorrect,T159_S08.M03
S-T159.5,440,-1.3946187496185303,0.0056,0.0,70.5572,29.4792,incorrect,T159_S08.M06
S-T159.5,441,-1.5099339485168457,0.0398,0.0,23.9124,17.4416,incorrect,T159_S08.M08
S-T159.5,442,-1.5149824619293213,0.0085,0.0,58.0557,22.6148,incorrect,T159_S08.M09
S-T159.5,443,-1.408746600151062,0.0049,0.0,76.391,30.248,incorrect,T159_S09.M01
S-T159.5,444,-1.5208537578582764,0.0514,0.0286,23.2183,18.0373,incorrect,T159_S09.M02
S-T159.5,445,-1.3946186304092407,0.0056,0.0,70.5572,29.4792,incorrect,T159_S09.M03
S-T159.5,446,-1.5099343061447144,0.0398,0.0,23.9124,17.4416,incorrect,T159_S09.M04
S-T159.5,447,-1.5149827003479004,0.0085,0.0,58.0557,22.6148,incorrect,T159_S09.M05
S-T159.5,448,-1.4487268924713135,0.0129,0.0,45.0566,22.7503,incorrect,T159_S09.M07
S-T159.5,449,-1.4688726663589478,0.0074,0.0,64.6217,21.0325,incorrect,T159_S12.M01
S-T159.5,450,-1.464393973350525,0.0548,0.1429,64.5721,22.8749,incorrect,T159_S12.M03
S-T159.5,451,-1.6661286354064941,0.0198,0.0,36.9536,15.4828,incorrect,T159_S12.M04
S-T159.5,452,-1.4457389116287231,0.017,0.0286,64.1032,21.7011,incorrect,T159_S12.M05
S-T159.5,453,-1.4741886854171753,0.0162,0.0,39.7203,21.5047,incorrect,T159_S12.M06
S-T159.5,454,-1.586191177368164,0.0166,0.0286,65.5316,23.2358,incorrect,T159_S12.M07
S-T159.5,455,-1.477085828781128,0.0073,0.0,64.8542,21.121,incorrect,T159_S12.M09
S-T159.5,456,-1.4410228729248047,0.0075,0.0,63.9382,21.0048,incorrect,T159_S15.M01
S-T159.5,457,-1.4688724279403687,0.0074,0.0,64.6217,21.0325,incorrect,T159_S15.M02
S-T159.5,458,-1.4785866737365723,0.0547,0.1429,64.8636,22.9329,incorrect,T159_S15.M03
S-T159.5,459,-1.554244875907898,0.0074,0.0,64.6029,21.041,incorrect,T159_S15.M04
S-T159.5,460,-1.5081614255905151,0.0074,0.0,64.6378,20.9461,incorrect,T159_S15.M05
S-T159.5,461,-1.4546443223953247,0.0073,0.0,64.7455,20.9676,incorrect,T159_S15.M06
S-T159.5,462,-1.487626314163208,0.0074,0.0,64.7034,20.9795,incorrect,T159_S15.M07
S-T159.5,463,-1.4963147640228271,0.0548,0.1429,64.3149,23.1528,incorrect,T159_S15.M08
S-T159.5,464,-1.4480758905410767,0.0358,0.0857,64.1136,23.0156,incorrect,T159_S15.M09
S-T159.5,465,-1.514002799987793,0.0075,0.0,64.2064,20.8938,incorrect,T159_S15.M10
S-T159.5,466,-1.4663379192352295,0.0055,0.0,71.2031,30.0228,incorrect,T159_S16.M01
S-T159.5,467,-1.4435577392578125,0.0056,0.0,70.868,29.3759,incorrect,T159_S16.M02
S-T159.5,468,-1.4805749654769897,0.0073,0.0,64.6825,21.1037,incorrect,T159_S16.M03
S-T159.5,469,-1.473242163658142,0.0397,0.0,23.9575,17.5721,incorrect,T159_S16.M04
S-T159.5,470,-1.567711353302002,0.0074,0.0,64.7034,20.9795,incorrect,T159_S16.M05
S-T159.5,471,-1.560336947441101,0.046,0.0286,25.0294,19.8526,incorrect,T159_S16.M06
S-T159.5,472,-1.4164961576461792,0.0056,0.0,71.0562,29.5975,incorrect,T159_S16.M07
S-T159.5,473,-1.414547085762024,0.0056,0.0,70.6567,29.395,incorrect,T159_S16.M08
S-T159.5,474,-1.5269829034805298,0.0398,0.0,23.9124,17.4416,incorrect,T159_S16.M09
S-T159.5,475,-1.394254207611084,0.0056,0.0,70.7661,29.5454,incorrect,T159_S16.M10
S-T159.5,476,-1.422674536705017,0.0054,0.0,71.6727,30.1418,incorrect,T159_S18.M01
S-T159.5,477,-1.3939778804779053,0.0058,0.0,69.3753,29.1026,incorrect,T159_S18.M02
S-T159.5,478,-1.5084774494171143,0.0379,0.0,24.6389,17.5098,incorrect,T159_S18.M04
S-T159.5,479,-1.4192768335342407,0.0074,0.0,63.9987,21.2034,incorrect,T159_S18.M06
S-T159.5,480,-1.5011236667633057,0.017,0.0286,63.9843,21.8051,incorrect,T159_S18.M07
S-T159.5,481,-1.4971379041671753,0.007,0.0,65.1937,23.1698,incorrect,T159_S18.M08
S-T159.5,482,-1.5000144243240356,0.0166,0.0286,64.9389,23.6671,incorrect,T159_S18.M09
S-T159.5,483,-1.4744263887405396,0.0166,0.0,39.3538,20.754,incorrect,T159_S18.M10
S-T159.5,484,-1.517382264137268,0.0128,0.0,45.1479,23.4536,incorrect,T159_S20.M01
S-T159.5,485,-1.4830584526062012,0.0132,0.0,44.5626,22.6156,incorrect,T159_S20.M03
S-T159.5,486,-1.4516396522521973,0.013,0.0,44.8599,22.7268,incorrect,T159_S20.M05
S-T159.5,487,-1.4487265348434448,0.0129,0.0,45.0566,22.7503,incorrect,T159_S20.M08
S-T159.5,488,-1.467039704322815,0.0135,0.0,44.0251,22.4063,incorrect,T159_S20.M09
S-T159.5,489,-1.5350736379623413,0.0323,0.0,27.0234,18.227,incorrect,T159_S21.M01
S-T159.5,490,-1.5028076171875,0.0272,0.0,29.8094,18.5299,incorrect,T159_S21.M05
S-T159.5,491,-1.4997373819351196,0.0082,0.0,60.4328,20.6748,incorrect,T159_S21.M09
S-T159.5,492,-1.5460823774337769,0.0083,0.0,60.2902,20.5084,incorrect,T159_S21.M10
S-T159.5,493,-1.421511173248291,0.0057,0.0,69.8397,29.6777,incorrect,T159_S25.M01
S-T159.5,494,-1.5524388551712036,0.0397,0.0,23.9657,17.4581,incorrect,T159_S25.M02
S-T159.5,495,-1.5400456190109253,0.0397,0.0,23.9503,17.5814,incorrect,T159_S25.M04
S-T159.5,496,-1.3724642992019653,0.0055,0.0,71.4669,30.0982,incorrect,T159_S25.M08
S-T159.5,497,-1.4146512746810913,0.0055,0.0,71.5787,29.7058,incorrect,T159_S25.M09
S-T159.5,498,-1.4260597229003906,0.0548,0.1429,64.1838,22.8911,incorrect,T159_S25.M10
S-T159.5,499,-1.4613715410232544,0.0452,0.1143,64.1866,22.8905,incorrect,T159_S26.M01
S-T159.5,500,-1.4613711833953857,0.0452,0.1143,64.1866,22.8905,incorrect,T159_S26.M02
S-T159.5,501,-1.5301381349563599,0.0075,0.0,63.9515,21.0318,incorrect,T159_S26.M03
S-T159.5,502,-1.432983160018921,0.0057,0.0,69.8372,29.6884,incorrect,T159_S26.M04
S-T159.5,503,-1.5054821968078613,0.0056,0.0,70.861,29.395,incorrect,T159_S26.M05
S-T159.5,504,-1.479280710220337,0.0056,0.0,70.7544,29.7863,incorrect,T159_S26.M06
S-T159.5,505,-1.5233579874038696,0.0074,0.0,64.6012,21.049,incorrect,T159_S26.M07
S-T159.5,506,-1.470115065574646,0.0056,0.0,70.5591,29.4953,incorrect,T159_S26.M08
S-T159.5,507,-1.4002052545547485,0.0055,0.0,71.4992,29.8932,incorrect,T159_S26.M09
S-T159.5,508,-1.470114827156067,0.0056,0.0,70.5591,29.4953,incorrect,T159_S26.M10
S-T159.5,509,-1.5312914848327637,0.0068,0.0,65.9861,23.5856,incorrect,T159_S28.M01
S-T159.5,510,-1.4264079332351685,0.0056,0.0,71.0596,29.6822,incorrect,T159_S28.M02
S-T159.5,511,-1.4523495435714722,0.0057,0.0,70.1069,29.7627,incorrect,T159_S28.M03
S-T159.5,512,-1.481771469116211,0.0074,0.0,64.3806,20.9364,incorrect,T159_S28.M04
S-T159.5,513,-1.5462901592254639,0.0055,0.0,71.697,29.9763,incorrect,T159_S28.M05
S-T159.5,514,-1.4832295179367065,0.0074,0.0,64.4807,21.0701,incorrect,T159_S28.M06
S-T159.5,515,-1.5018402338027954,0.0167,0.0286,64.7437,23.1013,incorrect,T159_S28.M07
S-T159.5,516,-1.5603704452514648,0.0056,0.0,70.6234,29.4899,incorrect,T159_S28.M08
S-T159.5,517,-1.5686746835708618,0.0074,0.0,63.7264,21.8145,incorrect,T159_S28.M09
S-T159.5,518,-1.4821559190750122,0.0257,0.0571,66.3883,23.4694,incorrect,T159_S28.M10
S-T159.6,746,-1.5160192251205444,0.5131,0.641,6.2998,2.579,acceptable,T159_S06.M01
S-T159.6,747,-1.461085319519043,0.004,0.0,104.2645,20.092,incorrect,T159_S06.M08
S-T159.6,748,-1.5160192251205444,0.5131,0.641,6.2998,2.579,acceptable,T159_S07.M01
S-T159.6,749,-1.554857611656189,0.6579,0.8462,4.2115,2.1619,medium,T159_S07.M06
S-T159.6,750,-1.6128368377685547,0.6236,0.6154,3.21,1.9129,medium,T159_S08.M01
S-T159.6,751,-1.5063406229019165,0.6521,0.8205,4.2007,2.1295,medium,T159_S08.M02
S-T159.6,752,-1.5814411640167236,0.4476,0.641,7.7723,3.4718,acceptable,T159_S08.M03
S-T159.6,753,-1.506340742111206,0.6521,0.8205,4.2007,2.1295,medium,T159_S08.M04
S-T159.6,754,-1.5063409805297852,0.6521,0.8205,4.2007,2.1295,medium,T159_S08.M05
S-T159.6,755,-1.455031394958496,0.4888,0.5641,5.9948,2.709,acceptable,T159_S08.M06
S-T159.6,756,-1.5716112852096558,0.4871,0.6923,6.9234,3.3358,acceptable,T159_S08.M07
S-T159.6,757,-1.4326398372650146,0.4338,0.641,8.4021,3.5074,acceptable,T159_S08.M08
S-T159.6,758,-1.575655221939087,0.4939,0.7179,7.0692,3.2842,acceptable,T159_S08.M09
S-T159.6,759,-1.5063408613204956,0.6521,0.8205,4.2007,2.1295,medium,T159_S08.M10
S-T159.6,760,-1.6158318519592285,0.3159,0.2308,6.8084,4.3241,acceptable,T159_S09.M01
S-T159.6,761,-1.581441044807434,0.4476,0.641,7.7723,3.4718,acceptable,T159_S09.M02
S-T159.6,762,-1.455031394958496,0.4888,0.5641,5.9948,2.709,acceptable,T159_S09.M03
S-T159.6,763,-1.4326395988464355,0.4338,0.641,8.4021,3.5074,acceptable,T159_S09.M04
S-T159.6,764,-1.5756549835205078,0.4939,0.7179,7.0692,3.2842,acceptable,T159_S09.M05
S-T159.6,765,-1.5716110467910767,0.4871,0.6923,6.9234,3.3358,acceptable,T159_S09.M06
S-T159.6,766,-1.506340742111206,0.6521,0.8205,4.2007,2.1295,medium,T159_S09.M07
S-T159.6,767,-1.5063409805297852,0.6521,0.8205,4.2007,2.1295,medium,T159_S09.M08
S-T159.6,768,-1.6128365993499756,0.6236,0.6154,3.21,1.9129,medium,T159_S09.M09
S-T159.6,769,-1.5063410997390747,0.6521,0.8205,4.2007,2.1295,medium,T159_S09.M10
S-T159.6,770,-1.5297318696975708,0.4905,0.4615,5.8628,2.1279,acceptable,T159_S12.M01
S-T159.6,771,-1.537527084350586,0.4915,0.641,7.0127,2.6814,acceptable,T159_S12.M02
S-T159.6,772,-1.5141606330871582,0.51,0.6667,6.9221,2.5202,acceptable,T159_S12.M03
S-T159.6,773,-1.483036994934082,0.487,0.7179,7.2849,3.3574,acceptable,T159_S12.M04
S-T159.6,774,-1.503717303276062,0.4452,0.6667,8.5998,3.2633,acceptable,T159_S12.M05
S-T159.6,775,-1.456714391708374,0.0109,0.0,61.749,12.4868,incorrect,T159_S12.M06
S-T159.6,776,-1.50459623336792,0.529,0.641,5.755,2.5295,acceptable,T159_S12.M07
S-T159.6,777,-1.4869858026504517,0.0109,0.0,61.478,12.5552,incorrect,T159_S12.M08
S-T159.6,778,-1.5507994890213013,0.5255,0.641,5.9545,2.5005,acceptable,T159_S12.M09
S-T159.6,779,-1.6141471862792969,0.6219,0.6154,3.2497,1.9227,medium,T159_S12.M10
S-T159.6,780,-1.4992902278900146,0.4942,0.641,7.0467,2.6053,acceptable,T159_S15.M01
S-T159.6,781,-1.5297317504882812,0.4905,0.4615,5.8628,2.1279,acceptable,T159_S15.M02
S-T159.6,782,-1.4903795719146729,0.4578,0.6154,7.4857,3.0459,acceptable,T159_S15.M03
S-T159.6,783,-1.3979319334030151,0.5146,0.6667,6.8218,2.4748,acceptable,T159_S15.M04
S-T159.6,784,-1.4921480417251587,0.408,0.6667,10.4189,3.4696,acceptable,T159_S15.M05
S-T159.6,785,-1.5280735492706299,0.5331,0.6667,5.549,2.7353,acceptable,T159_S15.M06
S-T159.6,786,-1.4194687604904175,0.4442,0.641,8.7112,2.9649,acceptable,T159_S15.M07
S-T159.6,787,-1.5076003074645996,0.4725,0.6667,8.0956,2.7741,acceptable,T159_S15.M08
S-T159.6,788,-1.4975899457931519,0.5566,0.7179,6.5445,2.1656,acceptable,T159_S15.M09
S-T159.6,789,-1.5349700450897217,0.5049,0.6667,6.3129,2.9687,acceptable,T159_S15.M10
S-T159.6,790,-1.5580161809921265,0.5252,0.6667,6.2474,2.5354,acceptable,T159_S16.M01
S-T159.6,791,-1.4805073738098145,0.4836,0.641,6.7361,3.043,acceptable,T159_S16.M02
S-T159.6,792,-1.4818836450576782,0.5396,0.6667,6.3529,2.2367,acceptable,T159_S16.M03
S-T159.6,793,-1.4601211547851562,0.4545,0.5385,6.2435,3.2459,acceptable,T159_S16.M04
S-T159.6,794,-1.4985873699188232,0.4355,0.6154,8.7112,2.9649,acceptable,T159_S16.M05
S-T159.6,795,-1.5630823373794556,0.4872,0.7179,7.3531,3.2965,acceptable,T159_S16.M06
S-T159.6,796,-1.471652865409851,0.6112,0.7179,4.8543,1.9926,medium,T159_S16.M07
S-T159.6,797,-1.5127017498016357,0.5288,0.7179,6.7469,2.5636,acceptable,T159_S16.M08
S-T159.6,798,-1.4614624977111816,0.4425,0.6667,8.4021,3.5073,acceptable,T159_S16.M09
S-T159.6,799,-1.4629638195037842,0.5065,0.5128,4.7139,2.6572,medium,T159_S16.M10
S-T159.6,800,-1.4585678577423096,0.557,0.6667,5.5666,2.2694,acceptable,T159_S18.M01
S-T159.6,801,-1.5589599609375,0.4722,0.5641,7.115,2.5005,acceptable,T159_S18.M02
S-T159.6,802,-1.475447416305542,0.4537,0.5385,6.5422,3.0462,acceptable,T159_S18.M03
S-T159.6,803,-1.4162927865982056,0.4861,0.6667,6.7272,3.2405,acceptable,T159_S18.M04
S-T159.6,804,-1.503167748451233,0.4378,0.5641,7.8488,2.9121,acceptable,T159_S18.M05
S-T159.6,805,-1.512549877166748,0.3443,0.4615,9.9763,3.5671,acceptable,T159_S18.M06
S-T159.6,806,-1.5330815315246582,0.5528,0.6667,4.7565,2.7461,medium,T159_S18.M07
S-T159.6,807,-1.4622020721435547,0.5648,0.7179,6.0674,2.2181,acceptable,T159_S18.M08
S-T159.6,808,-1.5023032426834106,0.5532,0.6667,6.6731,1.9411,medium,T159_S18.M09
S-T159.6,809,-1.5437736511230469,0.5587,0.5641,3.7617,2.4295,medium,T159_S19.M01
S-T159.6,810,-1.5279029607772827,0.5587,0.5641,3.7617,2.4295,medium,T159_S19.M02
S-T159.6,811,-1.5437735319137573,0.5587,0.5641,3.7617,2.4295,medium,T159_S19.M08
S-T159.6,812,-1.5437735319137573,0.5587,0.5641,3.7617,2.4295,medium,T159_S19.M09
S-T159.6,813,-1.613483190536499,0.014,0.0,55.0679,10.8947,incorrect,T159_S20.M01
S-T159.6,814,-1.5063408613204956,0.6521,0.8205,4.2007,2.1295,medium,T159_S20.M02
S-T159.6,815,-1.5063408613204956,0.6521,0.8205,4.2007,2.1295,medium,T159_S20.M03
S-T159.6,816,-1.5063408613204956,0.6521,0.8205,4.2007,2.1295,medium,T159_S20.M04
S-T159.6,817,-1.5063408613204956,0.6521,0.8205,4.2007,2.1295,medium,T159_S20.M05
S-T159.6,818,-1.506340742111206,0.6521,0.8205,4.2007,2.1295,medium,T159_S20.M06
S-T159.6,819,-1.5063406229019165,0.6521,0.8205,4.2007,2.1295,medium,T159_S20.M07
S-T159.6,820,-1.5063406229019165,0.6521,0.8205,4.2007,2.1295,medium,T159_S20.M08
S-T159.6,821,-1.5063408613204956,0.6521,0.8205,4.2007,2.1295,medium,T159_S20.M09
S-T159.6,822,-1.5063408613204956,0.6521,0.8205,4.2007,2.1295,medium,T159_S20.M10
S-T159.6,823,-1.4615445137023926,0.008,0.0,65.5219,17.3294,incorrect,T159_S21.M01
S-T159.6,824,-1.5297201871871948,0.6495,0.8205,4.1949,2.1701,medium,T159_S21.M04
S-T159.6,825,-1.5968652963638306,0.0037,0.0,109.6031,20.7378,incorrect,T159_S21.M06
S-T159.6,826,-1.5459119081497192,0.3598,0.2821,7.0498,2.9546,acceptable,T159_S21.M07
S-T159.6,827,-1.5240854024887085,0.3596,0.2821,7.0613,2.9544,acceptable,T159_S21.M08
S-T159.6,828,-1.5364586114883423,0.3597,0.2821,7.0566,2.954,acceptable,T159_S21.M09
S-T159.6,829,-1.5410164594650269,0.3598,0.2821,7.0524,2.9532,acceptable,T159_S21.M10
S-T159.6,830,-1.5458241701126099,0.5564,0.641,4.9283,2.4074,medium,T159_S25.M01
S-T159.6,831,-1.5041086673736572,0.4329,0.641,8.4176,3.5298,acceptable,T159_S25.M02
S-T159.6,832,-1.5299018621444702,0.5123,0.5641,5.6027,2.4296,acceptable,T159_S25.M03
S-T159.6,833,-1.5212316513061523,0.4616,0.5641,6.2517,3.291,acceptable,T159_S25.M04
S-T159.6,834,-1.5628724098205566,0.4866,0.5897,7.2422,2.3444,acceptable,T159_S25.M05
S-T159.6,835,-1.5074660778045654,0.5066,0.5385,6.0914,2.1807,acceptable,T159_S25.M06
S-T159.6,836,-1.5412631034851074,0.4814,0.6154,7.0517,2.6926,acceptable,T159_S25.M07
S-T159.6,837,-1.501182198524475,0.6056,0.7436,4.3889,2.3851,medium,T159_S25.M08
S-T159.6,838,-1.504002571105957,0.4552,0.5897,7.7894,2.7285,acceptable,T159_S25.M09
S-T159.6,839,-1.4925283193588257,0.5533,0.5897,5.6256,1.9381,medium,T159_S25.M10
S-T159.6,840,-1.5006572008132935,0.5543,0.5897,5.6064,1.9319,medium,T159_S26.M01
S-T159.6,841,-1.500657558441162,0.5543,0.5897,5.6064,1.9319,medium,T159_S26.M02
S-T159.6,842,-1.490341305732727,0.4923,0.641,7.0877,2.625,acceptable,T159_S26.M03
S-T159.6,843,-1.4795258045196533,0.5561,0.641,4.9442,2.4054,medium,T159_S26.M04
S-T159.6,844,-1.4986841678619385,0.4739,0.6154,6.7484,3.0648,acceptable,T159_S26.M05
S-T159.6,845,-1.5445064306259155,0.5428,0.641,6.5737,1.9934,medium,T159_S26.M06
S-T159.6,846,-1.4769428968429565,0.5042,0.641,6.8353,2.5025,acceptable,T159_S26.M07
S-T159.6,847,-1.5156731605529785,0.4873,0.5641,6.0105,2.7358,acceptable,T159_S26.M08
S-T159.6,848,-1.5305309295654297,0.6185,0.6667,4.043,1.9453,medium,T159_S26.M09
S-T159.6,849,-1.5156731605529785,0.4873,0.5641,6.0105,2.7358,acceptable,T159_S26.M10
S-T159.6,850,-1.4646836519241333,0.502,0.5641,5.7568,2.5546,acceptable,T159_S28.M01
S-T159.6,851,-1.5296134948730469,0.527,0.5641,4.5655,2.6616,medium,T159_S28.M02
S-T159.6,852,-1.5052653551101685,0.562,0.641,4.7788,2.375,medium,T159_S28.M03
S-T159.6,853,-1.5238333940505981,0.5097,0.6667,6.1188,2.969,acceptable,T159_S28.M04
S-T159.6,854,-1.5111085176467896,0.6316,0.6923,3.8903,1.9331,medium,T159_S28.M05
S-T159.6,855,-1.4569883346557617,0.6432,0.8205,5.0689,1.9528,medium,T159_S28.M06
S-T159.6,856,-1.4873701333999634,0.5552,0.641,5.7373,2.1012,acceptable,T159_S28.M07
S-T159.6,857,-1.593357801437378,0.5826,0.6923,4.8381,2.2891,medium,T159_S28.M08
S-T159.6,858,-1.6369693279266357,0.5733,0.7179,5.001,2.5358,acceptable,T159_S28.M09
S-T159.6,859,-1.5754295587539673,0.4694,0.6667,7.4007,3.2867,acceptable,T159_S28.M10
S-T159.7,890,-1.7605749368667603,0.4266,0.1875,4.1947,2.3599,acceptable,T159_S05.M01
S-T159.7,891,-1.6745355129241943,0.3195,0.0625,5.4627,3.1091,incorrect,T159_S05.M02
S-T159.7,892,-1.6542483568191528,0.2286,0.0312,7.9916,3.9857,incorrect,T159_S05.M03
S-T159.7,893,-1.6504653692245483,0.3922,0.0938,4.1821,2.4201,incorrect,T159_S05.M04
S-T159.7,894,-1.669600486755371,0.2768,0.0625,6.6927,3.5564,incorrect,T159_S05.M05
S-T159.7,895,-1.6237632036209106,0.1473,0.0625,13.2336,4.8303,incorrect,T159_S05.M06
S-T159.7,896,-1.5954982042312622,0.319,0.0938,6.4362,2.7644,incorrect,T159_S05.M07
S-T159.7,897,-1.6790002584457397,0.2393,0.0625,7.9749,3.9866,incorrect,T159_S05.M08
S-T159.7,898,-1.5926448106765747,0.2458,0.0625,7.7199,3.9252,incorrect,T159_S05.M09
S-T159.7,899,-1.641682505607605,0.3929,0.2812,6.5454,2.4668,acceptable,T159_S05.M10
S-T159.7,900,-1.5191580057144165,0.4119,0.2188,4.2579,2.8483,acceptable,T159_S06.M01
S-T159.7,901,-1.5545276403427124,0.0757,0.0625,21.0984,9.2794,incorrect,T159_S06.M02
S-T159.7,902,-1.6321555376052856,0.3501,0.2812,7.5653,2.8984,acceptable,T159_S06.M03
S-T159.7,903,-1.605576753616333,0.0625,0.0,21.0709,6.7232,incorrect,T159_S06.M04
S-T159.7,904,-1.724600076675415,0.3299,0.2812,9.0208,2.6798,acceptable,T159_S06.M05
S-T159.7,905,-1.5383869409561157,0.0874,0.0,16.433,6.4665,incorrect,T159_S06.M06
S-T159.7,906,-1.5850368738174438,0.0566,0.0,20.2044,10.6697,incorrect,T159_S06.M07
S-T159.7,907,-1.509433627128601,0.0668,0.0625,23.4625,9.9112,incorrect,T159_S06.M08
S-T159.7,908,-1.585639476776123,0.0429,0.0,25.3409,8.9073,incorrect,T159_S06.M09
S-T159.7,909,-1.7311789989471436,0.374,0.25,6.3974,2.7159,acceptable,T159_S06.M10
S-T159.7,910,-1.519157886505127,0.4119,0.2188,4.2579,2.8483,acceptable,T159_S07.M01
S-T159.7,911,-1.5545275211334229,0.0757,0.0625,21.0984,9.2794,incorrect,T159_S07.M02
S-T159.7,912,-1.6321555376052856,0.3501,0.2812,7.5653,2.8984,acceptable,T159_S07.M03
S-T159.7,913,-1.6055768728256226,0.0625,0.0,21.0709,6.7232,incorrect,T159_S07.M04
S-T159.7,914,-1.5383868217468262,0.0874,0.0,16.433,6.4665,incorrect,T159_S07.M05
S-T159.7,915,-1.4961869716644287,0.0668,0.0625,23.448,9.9168,incorrect,T159_S07.M06
S-T159.7,916,-1.724600076675415,0.3299,0.2812,9.0208,2.6798,acceptable,T159_S07.M07
S-T159.7,917,-1.5850368738174438,0.0566,0.0,20.2044,10.6697,incorrect,T159_S07.M08
S-T159.7,918,-1.585639476776123,0.0429,0.0,25.3409,8.9073,incorrect,T159_S07.M09
S-T159.7,919,-1.731179118156433,0.374,0.25,6.3974,2.7159,acceptable,T159_S07.M10
S-T159.7,920,-1.507157802581787,0.2684,0.0625,7.0895,3.5209,incorrect,T159_S08.M01
S-T159.7,921,-1.4717284440994263,0.0668,0.0625,23.4493,9.9097,incorrect,T159_S08.M02
S-T159.7,922,-1.6083732843399048,0.0131,0.0,45.7527,19.5195,incorrect,T159_S08.M03
S-T159.7,923,-1.4717284440994263,0.0668,0.0625,23.4493,9.9097,incorrect,T159_S08.M04
S-T159.7,924,-1.4717286825180054,0.0668,0.0625,23.4493,9.9097,incorrect,T159_S08.M05
S-T159.7,925,-1.4597491025924683,0.3385,0.1562,5.6119,3.3986,acceptable,T159_S08.M06
S-T159.7,926,-1.6305080652236938,0.013,0.0,46.031,19.1368,incorrect,T159_S08.M07
S-T159.7,927,-1.5501600503921509,0.6544,0.6875,2.1066,2.1232,medium,T159_S08.M08
S-T159.7,928,-1.6219946146011353,0.0138,0.0,44.599,18.6117,incorrect,T159_S08.M09
S-T159.7,929,-1.4717286825180054,0.0668,0.0625,23.4493,9.9097,incorrect,T159_S08.M10
S-T159.7,930,-1.5573115348815918,0.2006,0.0625,9.7239,4.3441,incorrect,T159_S09.M01
S-T159.7,931,-1.6083731651306152,0.0131,0.0,45.7527,19.5195,incorrect,T159_S09.M02
S-T159.7,932,-1.4597492218017578,0.3385,0.1562,5.6119,3.3986,acceptable,T159_S09.M03
S-T159.7,933,-1.5501601696014404,0.6544,0.6875,2.1066,2.1232,medium,T159_S09.M04
S-T159.7,934,-1.6219947338104248,0.0138,0.0,44.599,18.6117,incorrect,T159_S09.M05
S-T159.7,935,-1.6305080652236938,0.013,0.0,46.031,19.1368,incorrect,T159_S09.M06
S-T159.7,936,-1.471728801727295,0.0668,0.0625,23.4493,9.9097,incorrect,T159_S09.M07
S-T159.7,937,-1.4717286825180054,0.0668,0.0625,23.4493,9.9097,incorrect,T159_S09.M08
S-T159.7,938,-1.5071576833724976,0.2684,0.0625,7.0895,3.5209,incorrect,T159_S09.M09
S-T159.7,939,-1.4717284440994263,0.0668,0.0625,23.4493,9.9097,incorrect,T159_S09.M10
S-T159.7,940,-1.5400733947753906,0.324,0.2188,6.9839,3.488,acceptable,T159_S12.M01
S-T159.7,941,-1.5480282306671143,0.374,0.1562,4.212,3.398,acceptable,T159_S12.M02
S-T159.7,942,-1.4791667461395264,0.3947,0.25,4.7346,3.3038,acceptable,T159_S12.M03
S-T159.7,943,-1.5548020601272583,0.0131,0.0,45.9683,19.1076,incorrect,T159_S12.M04
S-T159.7,944,-1.5373876094818115,0.3598,0.2188,5.5533,3.444,acceptable,T159_S12.M05
S-T159.7,945,-1.5489803552627563,0.381,0.2188,4.8587,3.3121,acceptable,T159_S12.M07
S-T159.7,946,-1.4613791704177856,0.3597,0.25,5.9184,3.4942,acceptable,T159_S12.M09
S-T159.7,947,-1.5308090448379517,0.2682,0.0625,7.1174,3.5042,incorrect,T159_S12.M10
S-T159.7,948,-1.5080323219299316,0.3846,0.1875,4.2724,3.3435,acceptable,T159_S15.M01
S-T159.7,949,-1.540073275566101,0.324,0.2188,6.9839,3.488,acceptable,T159_S15.M02
S-T159.7,950,-1.4374974966049194,0.3369,0.1875,6.2187,3.2987,acceptable,T159_S15.M03
S-T159.7,951,-1.5470749139785767,0.4,0.2188,4.3917,3.0801,acceptable,T159_S15.M04
S-T159.7,952,-1.5477592945098877,0.3115,0.2188,7.2603,3.7617,acceptable,T159_S15.M05
S-T159.7,953,-1.521334171295166,0.3061,0.1562,6.7745,3.559,acceptable,T159_S15.M06
S-T159.7,954,-1.509226679801941,0.3151,0.2188,7.4014,3.4704,acceptable,T159_S15.M07
S-T159.7,955,-1.5887037515640259,0.2968,0.2188,8.0303,3.6709,acceptable,T159_S15.M08
S-T159.7,956,-1.5325170755386353,0.3098,0.1875,6.851,3.7943,acceptable,T159_S15.M09
S-T159.7,957,-1.4935071468353271,0.3506,0.1562,5.017,3.5126,acceptable,T159_S15.M10
S-T159.7,958,-1.587062120437622,0.4021,0.1875,4.2677,2.8276,acceptable,T159_S16.M01
S-T159.7,959,-1.4594966173171997,0.3927,0.1562,3.5903,3.2754,acceptable,T159_S16.M02
S-T159.7,960,-1.54734468460083,0.3797,0.25,5.1603,3.4578,acceptable,T159_S16.M03
S-T159.7,961,-1.4951237440109253,0.3311,0.0938,5.0439,3.4387,incorrect,T159_S16.M04
S-T159.7,962,-1.5611544847488403,0.3047,0.1875,7.4014,3.4704,acceptable,T159_S16.M05
S-T159.7,963,-1.5411311388015747,0.013,0.0,46.1921,19.0097,incorrect,T159_S16.M06
S-T159.7,964,-1.5492641925811768,0.35,0.2188,6.0066,3.3864,acceptable,T159_S16.M07
S-T159.7,965,-1.5515563488006592,0.3788,0.1875,4.5297,3.3187,acceptable,T159_S16.M08
S-T159.7,966,-1.5973693132400513,0.6437,0.6562,2.1066,2.1232,medium,T159_S16.M09
S-T159.7,967,-1.6325434446334839,0.3532,0.1875,5.1796,3.6828,acceptable,T159_S16.M10
S-T159.7,968,-1.5063821077346802,0.4012,0.25,4.2541,3.518,acceptable,T159_S18.M01
S-T159.7,969,-1.6066724061965942,0.3579,0.25,6.1736,3.326,acceptable,T159_S18.M02
S-T159.7,970,-1.5379390716552734,0.3623,0.25,5.6444,3.6743,acceptable,T159_S18.M03
S-T159.7,971,-1.5726183652877808,0.6235,0.625,2.6407,2.1209,medium,T159_S18.M04
S-T159.7,972,-1.5203099250793457,0.3631,0.1562,4.6815,3.3627,acceptable,T159_S18.M05
S-T159.7,973,-1.627094030380249,0.3219,0.25,7.467,3.5519,acceptable,T159_S18.M06
S-T159.7,974,-1.4583330154418945,0.3479,0.1562,5.3496,3.296,acceptable,T159_S18.M07
S-T159.7,975,-1.5645191669464111,0.3706,0.1562,4.1108,3.6393,acceptable,T159_S18.M08
S-T159.7,976,-1.5442343950271606,0.3143,0.1562,6.3863,3.6025,acceptable,T159_S18.M09
S-T159.7,977,-1.5000646114349365,0.3752,0.2188,4.9419,3.4483,acceptable,T159_S18.M10
S-T159.7,978,-1.8180006742477417,0.2019,0.0625,8.8248,5.8144,incorrect,T159_S19.M03
S-T159.7,979,-1.8180007934570312,0.2019,0.0625,8.8248,5.8144,incorrect,T159_S19.M04
S-T159.7,980,-1.8180006742477417,0.2019,0.0625,8.8248,5.8144,incorrect,T159_S19.M05
S-T159.7,981,-1.8180006742477417,0.2019,0.0625,8.8248,5.8144,incorrect,T159_S19.M06
S-T159.7,982,-1.8180007934570312,0.2019,0.0625,8.8248,5.8144,incorrect,T159_S19.M07
S-T159.7,983,-1.5635637044906616,0.0451,0.0625,33.5548,13.0727,incorrect,T159_S19.M09
S-T159.7,984,-1.8180007934570312,0.2019,0.0625,8.8248,5.8144,incorrect,T159_S19.M10
S-T159.7,985,-1.5154685974121094,0.0493,0.0,21.9192,11.3521,incorrect,T159_S20.M01
S-T159.7,986,-1.4717284440994263,0.0668,0.0625,23.4493,9.9097,incorrect,T159_S20.M02
S-T159.7,987,-1.4717285633087158,0.0668,0.0625,23.4493,9.9097,incorrect,T159_S20.M03
S-T159.7,988,-1.4717286825180054,0.0668,0.0625,23.4493,9.9097,incorrect,T159_S20.M04
S-T159.7,989,-1.4717284440994263,0.0668,0.0625,23.4493,9.9097,incorrect,T159_S20.M05
S-T159.7,990,-1.4717285633087158,0.0668,0.0625,23.4493,9.9097,incorrect,T159_S20.M06
S-T159.7,991,-1.4717286825180054,0.0668,0.0625,23.4493,9.9097,incorrect,T159_S20.M07
S-T159.7,992,-1.4717289209365845,0.0668,0.0625,23.4493,9.9097,incorrect,T159_S20.M08
S-T159.7,993,-1.4717284440994263,0.0668,0.0625,23.4493,9.9097,incorrect,T159_S20.M09
S-T159.7,994,-1.4717284440994263,0.0668,0.0625,23.4493,9.9097,incorrect,T159_S20.M10
S-T159.7,995,-1.6138534545898438,0.0362,0.0,27.4051,10.3095,incorrect,T159_S21.M01
S-T159.7,996,-1.5678629875183105,0.0124,0.0,47.8148,18.3468,incorrect,T159_S21.M02
S-T159.7,997,-1.5611979961395264,0.0183,0.0,40.9366,12.7444,incorrect,T159_S21.M03
S-T159.7,998,-1.5017788410186768,0.0669,0.0625,23.4472,9.9079,incorrect,T159_S21.M04
S-T159.7,999,-1.6317557096481323,0.1364,0.0,12.0403,5.2063,incorrect,T159_S21.M05
S-T159.7,1000,-1.5334599018096924,0.0499,0.0,22.6204,9.1625,incorrect,T159_S21.M07
S-T159.7,1001,-1.6115477085113525,0.0741,0.0,17.7673,7.7729,incorrect,T159_S21.M09
S-T159.7,1002,-1.6626683473587036,0.0742,0.0,17.7349,7.7728,incorrect,T159_S21.M10
S-T159.7,1003,-1.5299327373504639,0.5024,0.3438,2.9997,2.4408,medium,T159_S25.M01
S-T159.7,1004,-1.6369519233703613,0.6435,0.6562,2.0946,2.1285,medium,T159_S25.M02
S-T159.7,1005,-1.579482078552246,0.3929,0.2188,4.4261,3.2795,acceptable,T159_S25.M03
S-T159.7,1006,-1.528283953666687,0.3409,0.125,5.0665,3.4397,acceptable,T159_S25.M04
S-T159.7,1007,-1.5661537647247314,0.4151,0.2188,3.7382,3.1148,acceptable,T159_S25.M05
S-T159.7,1008,-1.4494967460632324,0.3366,0.1562,5.9569,3.1657,acceptable,T159_S25.M06
S-T159.7,1009,-1.497719645500183,0.3741,0.1562,4.2095,3.3957,acceptable,T159_S25.M07
S-T159.7,1010,-1.4841840267181396,0.338,0.125,5.1183,3.5014,acceptable,T159_S25.M08
S-T159.7,1011,-1.5402110815048218,0.3468,0.1875,5.7767,3.3322,acceptable,T159_S25.M09
S-T159.7,1012,-1.5148507356643677,0.3672,0.2188,5.3694,3.3417,acceptable,T159_S25.M10
S-T159.7,1013,-1.537825107574463,0.357,0.1875,5.3679,3.336,acceptable,T159_S26.M01
S-T159.7,1014,-1.537825345993042,0.357,0.1875,5.3679,3.336,acceptable,T159_S26.M02
S-T159.7,1015,-1.5631860494613647,0.3844,0.1875,4.2782,3.3467,acceptable,T159_S26.M03
S-T159.7,1016,-1.556469202041626,0.5229,0.4062,2.9988,2.4446,medium,T159_S26.M04
S-T159.7,1017,-1.5303230285644531,0.3916,0.1562,3.6115,3.294,acceptable,T159_S26.M05
S-T159.7,1018,-1.5592609643936157,0.3574,0.1562,4.8975,3.3674,acceptable,T159_S26.M06
S-T159.7,1019,-1.5785943269729614,0.431,0.3125,4.3853,3.0838,medium,T159_S26.M07
S-T159.7,1020,-1.507014274597168,0.3374,0.1562,5.6432,3.4099,acceptable,T159_S26.M08
S-T159.7,1021,-1.5628029108047485,0.3808,0.1562,4.1148,3.2437,acceptable,T159_S26.M09
S-T159.7,1022,-1.5070143938064575,0.3374,0.1562,5.6432,3.4099,acceptable,T159_S26.M10
S-T159.7,1023,-1.5520249605178833,0.4292,0.25,4.0033,2.8312,acceptable,T159_S28.M01
S-T159.7,1024,-1.3852086067199707,0.3416,0.1562,5.2112,3.6866,acceptable,T159_S28.M02
S-T159.7,1025,-1.5286848545074463,0.4999,0.3438,3.1856,2.4122,medium,T159_S28.M03
S-T159.7,1026,-1.5074924230575562,0.3528,0.1562,4.9504,3.4923,acceptable,T159_S28.M04
S-T159.7,1027,-1.521189570426941,0.3836,0.1562,4.0406,3.2121,acceptable,T159_S28.M05
S-T159.7,1028,-1.5073531866073608,0.3595,0.25,6.0091,3.4158,acceptable,T159_S28.M06
S-T159.7,1029,-1.523019790649414,0.3761,0.1875,4.6346,3.3193,acceptable,T159_S28.M07
S-T159.7,1030,-1.5516188144683838,0.3659,0.2188,5.3988,3.3593,acceptable,T159_S28.M08
S-T159.7,1031,-1.5136845111846924,0.3808,0.1562,4.2561,3.1276,acceptable,T159_S28.M09
S-T159.7,1032,-1.481062889099121,0.3924,0.125,3.2384,3.2125,acceptable,T159_S28.M10
S-T164.1,1640,-1.529639482498169,0.5166,0.3826,3.7033,2.1563,medium,T164_S02.M01
S-T164.1,1641,-1.4671974182128906,0.4577,0.5826,6.9905,3.0622,acceptable,T164_S02.M02
S-T164.1,1642,-1.5075500011444092,0.4575,0.6,7.1194,3.1519,acceptable,T164_S02.M03
S-T164.1,1643,-1.4852503538131714,0.4574,0.5826,6.9345,3.1104,acceptable,T164_S02.M04
S-T164.1,1644,-1.5022594928741455,0.4595,0.5739,6.7752,3.0662,acceptable,T164_S02.M05
S-T164.1,1645,-1.4649348258972168,0.3849,0.513,8.6238,3.5854,acceptable,T164_S02.M06
S-T164.1,1646,-1.5138731002807617,0.4536,0.5913,7.0734,3.2126,acceptable,T164_S02.M07
S-T164.1,1647,-1.476800560951233,0.4524,0.5652,6.947,3.0711,acceptable,T164_S02.M08
S-T164.1,1648,-1.5031646490097046,0.4135,0.5304,7.8082,3.3377,acceptable,T164_S02.M09
S-T164.1,1649,-1.5010162591934204,0.4079,0.5478,8.2627,3.4174,acceptable,T164_S02.M10
S-T164.1,1650,-1.5152137279510498,0.4104,0.5304,7.8266,3.4353,acceptable,T164_S03.M01
S-T164.1,1651,-1.5063247680664062,0.2282,0.3043,13.1389,4.9043,incorrect,T164_S03.M02
S-T164.1,1652,-1.5217052698135376,0.4473,0.5739,7.1708,3.1631,acceptable,T164_S03.M03
S-T164.1,1653,-1.4620530605316162,0.4111,0.2609,5.452,2.5062,acceptable,T164_S03.M04
S-T164.1,1654,-1.6401556730270386,0.383,0.3391,5.9876,3.6929,acceptable,T164_S03.M05
S-T164.1,1655,-1.5193777084350586,0.4199,0.4696,6.8842,3.1411,acceptable,T164_S03.M06
S-T164.1,1656,-1.5083945989608765,0.4248,0.4174,5.9382,3.1446,acceptable,T164_S03.M07
S-T164.1,1657,-1.4835909605026245,0.3823,0.4348,7.1948,3.8905,acceptable,T164_S03.M08
S-T164.1,1658,-1.6566078662872314,0.0034,0.0,90.6393,38.2019,incorrect,T164_S03.M09
S-T164.1,1659,-1.5423552989959717,0.3306,0.4609,9.9354,4.3071,acceptable,T164_S03.M10
S-T164.1,1660,-1.4925566911697388,0.4408,0.5304,6.9215,3.0867,acceptable,T164_S06.M01
S-T164.1,1661,-1.5426173210144043,0.4054,0.3739,5.8635,3.3798,acceptable,T164_S06.M02
S-T164.1,1662,-1.5094258785247803,0.2351,0.3043,12.5231,4.892,incorrect,T164_S06.M03
S-T164.1,1663,-1.5303826332092285,0.3811,0.3739,7.0169,3.2617,acceptable,T164_S06.M04
S-T164.1,1664,-1.502210259437561,0.3701,0.3304,6.8849,3.2406,acceptable,T164_S06.M05
S-T164.1,1665,-1.5297119617462158,0.377,0.3565,6.8565,3.3231,acceptable,T164_S06.M06
S-T164.1,1666,-1.4524257183074951,0.351,0.3391,7.5907,3.4675,acceptable,T164_S06.M07
S-T164.1,1667,-1.462058663368225,0.3304,0.4174,9.3085,4.0738,acceptable,T164_S06.M08
S-T164.1,1668,-1.5549765825271606,0.4001,0.3565,6.3625,2.9678,acceptable,T164_S06.M09
S-T164.1,1669,-1.5373632907867432,0.0023,0.0,113.6359,42.8893,incorrect,T164_S06.M10
S-T164.1,1670,-1.5864067077636719,0.3435,0.3565,8.2675,3.4284,acceptable,T164_S07.M01
S-T164.1,1671,-1.52781343460083,0.531,0.4,3.2923,2.1702,medium,T164_S07.M02
S-T164.1,1672,-1.4868420362472534,0.4523,0.5652,6.9289,3.087,acceptable,T164_S07.M03
S-T164.1,1673,-1.49489426612854,0.4102,0.5565,8.2526,3.4372,acceptable,T164_S07.M04
S-T164.1,1674,-1.6718740463256836,0.0171,0.0,40.4015,15.7687,incorrect,T164_S07.M05
S-T164.1,1675,-1.5457853078842163,0.0139,0.0,44.167,19.204,incorrect,T164_S07.M06
S-T164.1,1676,-1.4704136848449707,0.3908,0.5391,8.7118,3.6335,acceptable,T164_S07.M07
S-T164.1,1677,-1.481772780418396,0.5138,0.3652,3.3082,2.2487,medium,T164_S07.M08
S-T164.1,1678,-1.5616257190704346,0.008,0.0,62.1791,19.8398,incorrect,T164_S07.M09
S-T164.1,1679,-1.4933785200119019,0.4254,0.4957,6.9597,3.1845,acceptable,T164_S07.M10
S-T164.1,1680,-1.5259593725204468,0.5328,0.4087,3.3243,2.1764,medium,T164_S08.M01
S-T164.1,1681,-1.5845874547958374,0.347,0.3652,8.2513,3.4245,acceptable,T164_S08.M02
S-T164.1,1682,-1.4866814613342285,0.4596,0.5913,6.9672,3.1014,acceptable,T164_S08.M03
S-T164.1,1683,-1.4945613145828247,0.4142,0.5652,8.2224,3.4256,acceptable,T164_S08.M04
S-T164.1,1684,-1.4829798936843872,0.3889,0.5391,8.7708,3.6662,acceptable,T164_S08.M05
S-T164.1,1685,-1.4920519590377808,0.5149,0.3826,3.4647,2.2692,medium,T164_S08.M06
S-T164.1,1686,-1.5025122165679932,0.4252,0.4696,6.73,3.0876,acceptable,T164_S08.M07
S-T164.1,1687,-1.6701853275299072,0.0171,0.0,40.3698,15.7627,incorrect,T164_S08.M08
S-T164.1,1688,-1.533835768699646,0.0139,0.0,44.2266,19.2219,incorrect,T164_S08.M09
S-T164.1,1689,-1.4856904745101929,0.3496,0.3652,8.1279,3.4186,acceptable,T164_S08.M10
S-T164.1,1690,-1.4751665592193604,0.3982,0.513,8.0501,3.5092,acceptable,T164_S10.M01
S-T164.1,1691,-1.4735301733016968,0.4135,0.5391,7.9043,3.3696,acceptable,T164_S10.M02
S-T164.1,1692,-1.519494891166687,0.4362,0.4696,6.1398,3.1836,acceptable,T164_S10.M03
S-T164.1,1693,-1.525585651397705,0.4227,0.4087,5.9239,3.1391,acceptable,T164_S10.M04
S-T164.1,1694,-1.5125397443771362,0.3675,0.5304,9.4242,3.9911,acceptable,T164_S10.M05
S-T164.1,1695,-1.4571806192398071,0.3279,0.4783,10.3534,4.425,incorrect,T164_S10.M06
S-T164.1,1696,-1.561179280281067,0.4365,0.4435,5.5745,3.3477,acceptable,T164_S10.M07
S-T164.1,1697,-1.5184978246688843,0.4223,0.3826,5.5488,3.172,acceptable,T164_S10.M08
S-T164.1,1698,-1.4661784172058105,0.3813,0.4348,7.2047,3.931,acceptable,T164_S10.M09
S-T164.1,1699,-1.5617128610610962,0.3515,0.4783,9.3366,4.0016,acceptable,T164_S10.M10
S-T164.1,1700,-1.534609317779541,0.477,0.5043,5.4323,2.8494,acceptable,T164_S14.M01
S-T164.1,1701,-1.5130621194839478,0.4512,0.5478,6.7499,3.0747,acceptable,T164_S14.M02
S-T164.1,1702,-1.4841225147247314,0.37,0.4957,8.5012,4.1798,acceptable,T164_S14.M03
S-T164.1,1703,-1.5040860176086426,0.3981,0.4,6.8054,3.1479,acceptable,T164_S14.M04
S-T164.1,1704,-1.50106942653656,0.4134,0.3826,5.9383,3.1479,acceptable,T164_S14.M05
S-T164.1,1705,-1.4720655679702759,0.4142,0.5391,7.8015,3.4252,acceptable,T164_S14.M06
S-T164.1,1706,-1.497549295425415,0.2352,0.3043,12.5196,4.8838,incorrect,T164_S14.M07
S-T164.1,1707,-1.5123564004898071,0.5136,0.3739,3.6944,2.1587,medium,T164_S14.M08
S-T164.1,1708,-1.5641345977783203,0.3197,0.4,10.0037,3.7223,acceptable,T164_S14.M09
S-T164.1,1709,-1.447962760925293,0.3747,0.3043,6.1808,3.3631,acceptable,T164_S14.M10
S-T164.1,1710,-1.529639482498169,0.5166,0.3826,3.7033,2.1563,medium,T164_S17.M01
S-T164.1,1711,-1.467197299003601,0.4577,0.5826,6.9905,3.0622,acceptable,T164_S17.M02
S-T164.1,1712,-1.5075500011444092,0.4575,0.6,7.1194,3.1519,acceptable,T164_S17.M03
S-T164.1,1713,-1.4852503538131714,0.4574,0.5826,6.9345,3.1104,acceptable,T164_S17.M04
S-T164.1,1714,-1.5022594928741455,0.4595,0.5739,6.7752,3.0662,acceptable,T164_S17.M05
S-T164.1,1715,-1.4649347066879272,0.3849,0.513,8.6238,3.5854,acceptable,T164_S17.M06
S-T164.1,1716,-1.5138731002807617,0.4536,0.5913,7.0734,3.2126,acceptable,T164_S17.M07
S-T164.1,1717,-1.4768003225326538,0.4524,0.5652,6.947,3.0711,acceptable,T164_S17.M08
S-T164.1,1718,-1.5031646490097046,0.4135,0.5304,7.8082,3.3377,acceptable,T164_S17.M09
S-T164.1,1719,-1.5010162591934204,0.4079,0.5478,8.2627,3.4174,acceptable,T164_S17.M10
S-T164.1,1720,-1.4818142652511597,0.4397,0.5217,5.8967,4.0226,acceptable,T164_S24.M01
S-T164.1,1721,-1.4628982543945312,0.3952,0.5478,8.5599,3.7021,acceptable,T164_S24.M02
S-T164.1,1722,-1.6093449592590332,0.286,0.3217,9.8734,4.2592,acceptable,T164_S24.M03
S-T164.1,1723,-1.4911547899246216,0.4118,0.4435,6.8317,3.1493,acceptable,T164_S24.M04
S-T164.1,1724,-1.497965693473816,0.3492,0.4348,8.6509,4.0374,acceptable,T164_S24.M05
S-T164.1,1725,-1.4527316093444824,0.4135,0.5217,7.7653,3.2738,acceptable,T164_S24.M06
S-T164.1,1726,-1.5443087816238403,0.3639,0.4696,8.0264,4.6844,acceptable,T164_S24.M07
S-T164.1,1727,-1.5973091125488281,0.0097,0.0,56.0522,18.5058,incorrect,T164_S24.M08
S-T164.1,1728,-1.505009412765503,0.0043,0.0,83.9856,29.2206,incorrect,T164_S24.M09
S-T164.1,1729,-1.5641226768493652,0.006,0.0,70.1677,25.0329,incorrect,T164_S24.M10
S-T164.1,1730,-1.5184178352355957,0.0616,0.1193,36.7229,12.1339,incorrect,T164_S31.M01
S-T164.1,1731,-1.4798041582107544,0.4033,0.5304,8.0611,3.5248,acceptable,T164_S31.M02
S-T164.1,1732,-1.4815400838851929,0.357,0.5217,9.6345,4.2393,acceptable,T164_S31.M03
S-T164.1,1733,-1.5141706466674805,0.2216,0.287,13.1223,5.0109,incorrect,T164_S31.M04
S-T164.1,1734,-1.5521568059921265,0.007,0.0,64.4691,23.9643,incorrect,T164_S31.M05
S-T164.1,1735,-1.5536197423934937,0.3048,0.3478,10.2449,3.4527,acceptable,T164_S31.M06
S-T164.1,1736,-1.5124613046646118,0.2576,0.313,11.282,4.558,incorrect,T164_S31.M07
S-T164.1,1737,-1.4954243898391724,0.4545,0.5826,6.9594,3.1807,acceptable,T164_S31.M08
S-T164.1,1738,-1.5162436962127686,0.411,0.4435,6.8479,3.1631,acceptable,T164_S31.M09
S-T164.1,1739,-1.6612443923950195,0.0034,0.0,90.6206,38.1733,incorrect,T164_S31.M10
S-T164.1,1740,-1.505220890045166,0.4475,0.5478,6.9339,3.057,acceptable,T164_S32.M01
S-T164.1,1741,-1.4930152893066406,0.463,0.5652,6.5343,3.0434,acceptable,T164_S32.M02
S-T164.1,1742,-1.5023953914642334,0.4614,0.5739,6.6611,3.0913,acceptable,T164_S32.M03
S-T164.1,1743,-1.5018895864486694,0.4492,0.5739,7.0911,3.1582,acceptable,T164_S32.M04
S-T164.1,1744,-1.5090738534927368,0.459,0.5739,6.6955,3.1391,acceptable,T164_S32.M05
S-T164.1,1745,-1.5193921327590942,0.4519,0.5652,6.9547,3.0803,acceptable,T164_S32.M06
S-T164.1,1746,-1.514191746711731,0.4564,0.5826,6.9496,3.1295,acceptable,T164_S32.M07
S-T164.1,1747,-1.5090739727020264,0.459,0.5739,6.6955,3.1391,acceptable,T164_S32.M08
S-T164.1,1748,-1.4854249954223633,0.4368,0.5304,6.9975,3.1537,acceptable,T164_S32.M09
S-T164.1,1749,-1.4867924451828003,0.4473,0.5478,6.903,3.0839,acceptable,T164_S32.M10
S-T164.1,1750,-1.4867299795150757,0.4718,0.6522,6.2671,4.1467,acceptable,T164_S33.M01
S-T164.1,1751,-1.507126808166504,0.4525,0.5739,5.9903,4.1516,acceptable,T164_S33.M02
S-T164.1,1752,-1.5131388902664185,0.3169,0.4174,10.3532,3.8621,acceptable,T164_S33.M03
S-T164.1,1753,-1.4278194904327393,0.4124,0.4087,6.617,2.9486,acceptable,T164_S33.M04
S-T164.1,1754,-1.5182305574417114,0.3935,0.5391,7.944,4.3153,acceptable,T164_S33.M05
S-T164.1,1755,-1.5099800825119019,0.4335,0.5043,6.1762,3.6846,acceptable,T164_S33.M06
S-T164.1,1756,-1.5679316520690918,0.5701,0.6087,4.5898,2.1519,medium,T164_S33.M07
S-T164.1,1757,-1.5232667922973633,0.4401,0.5565,6.2042,4.2256,acceptable,T164_S33.M08
S-T164.1,1758,-1.492531418800354,0.3311,0.3913,8.9156,3.9493,acceptable,T164_S33.M09
S-T164.1,1759,-1.5025161504745483,0.3935,0.5391,8.0185,4.2187,acceptable,T164_S33.M10
S-T164.1,1760,-1.4867327213287354,0.4718,0.6522,6.2671,4.1467,acceptable,T164_S34.M01
S-T164.1,1761,-1.575906753540039,0.5701,0.6087,4.5897,2.1518,medium,T164_S34.M02
S-T164.1,1762,-1.5700044631958008,0.4277,0.4435,6.4585,2.9433,acceptable,T164_S34.M03
S-T164.1,1763,-1.5399402379989624,0.3695,0.4348,7.9575,3.7113,acceptable,T164_S34.M04
S-T164.1,1764,-1.4930442571640015,0.3311,0.3913,8.9158,3.9494,acceptable,T164_S34.M05
S-T164.1,1765,-1.5135449171066284,0.5085,0.3913,4.0034,2.2065,medium,T164_S34.M06
S-T164.1,1766,-1.5073431730270386,0.3169,0.4174,10.3517,3.8618,acceptable,T164_S34.M07
S-T164.1,1767,-1.4160490036010742,0.4124,0.4087,6.6176,2.9487,acceptable,T164_S34.M08
S-T164.1,1768,-1.5533562898635864,0.278,0.3217,10.9819,3.7577,acceptable,T164_S34.M09
S-T164.1,1769,-1.5271849632263184,0.3962,0.4261,7.0887,3.283,acceptable,T164_S34.M10
S-T164.1,1770,-1.525829792022705,0.0616,0.1193,36.7229,12.1339,incorrect,T164_S36.M01
S-T164.1,1771,-1.479804277420044,0.4033,0.5304,8.0611,3.5248,acceptable,T164_S36.M02
S-T164.1,1772,-1.4815399646759033,0.357,0.5217,9.6345,4.2393,acceptable,T164_S36.M03
S-T164.1,1773,-1.514170527458191,0.2216,0.287,13.1223,5.0109,incorrect,T164_S36.M04
S-T164.1,1774,-1.5521568059921265,0.007,0.0,64.4691,23.9643,incorrect,T164_S36.M05
S-T164.1,1775,-1.5536197423934937,0.3048,0.3478,10.2449,3.4527,acceptable,T164_S36.M06
S-T164.1,1776,-1.5124613046646118,0.2576,0.313,11.282,4.558,incorrect,T164_S36.M07
S-T164.1,1777,-1.4954243898391724,0.4545,0.5826,6.9594,3.1807,acceptable,T164_S36.M08
S-T164.1,1778,-1.5162436962127686,0.411,0.4435,6.8479,3.1631,acceptable,T164_S36.M09
S-T164.1,1779,-1.6612443923950195,0.0034,0.0,90.6206,38.1733,incorrect,T164_S36.M10
S-T164.1,1780,-1.4921115636825562,0.4464,0.5565,6.9088,3.1913,acceptable,T164_S43.M01
S-T164.1,1781,-1.5292463302612305,0.4411,0.4522,5.5867,3.2803,acceptable,T164_S43.M02
S-T164.1,1782,-1.5937904119491577,0.4005,0.3565,5.7082,3.4872,acceptable,T164_S43.M03
S-T164.1,1783,-1.5572296380996704,0.3544,0.4348,8.6069,3.8075,acceptable,T164_S43.M04
S-T164.1,1784,-1.5106602907180786,0.4607,0.4696,5.4171,2.9917,acceptable,T164_S43.M05
S-T164.1,1785,-1.5382938385009766,0.4212,0.5043,7.2262,3.2104,acceptable,T164_S43.M06
S-T164.1,1786,-1.487349033355713,0.3889,0.4435,7.041,3.8723,acceptable,T164_S43.M07
S-T164.1,1787,-1.5845471620559692,0.255,0.1565,8.4907,4.3204,acceptable,T164_S43.M08
S-T164.1,1788,-1.5088979005813599,0.2516,0.1043,8.162,3.8721,acceptable,T164_S43.M09
S-T164.1,1789,-1.6011619567871094,0.4146,0.4174,6.5649,2.9971,acceptable,T164_S43.M10
S-T164.1,1790,-1.6565390825271606,0.2816,0.4087,12.0363,4.4286,incorrect,T164_S48.M01
S-T164.1,1791,-1.554840087890625,0.2542,0.3652,12.8213,4.7056,incorrect,T164_S48.M02
S-T164.1,1792,-1.4944846630096436,0.2631,0.2957,11.2149,3.9088,acceptable,T164_S48.M03
S-T164.1,1793,-1.508394479751587,0.4248,0.4174,5.9382,3.1446,acceptable,T164_S48.M04
S-T164.1,1794,-1.4587229490280151,0.3104,0.3391,9.1395,3.9056,acceptable,T164_S48.M05
S-T164.1,1795,-1.4624254703521729,0.2803,0.3565,10.6403,4.6185,incorrect,T164_S48.M07
S-T164.1,1796,-1.5922855138778687,0.0095,0.0,55.8684,19.6058,incorrect,T164_S48.M08
S-T164.1,1797,-1.6085100173950195,0.0089,0.0,57.7102,20.0964,incorrect,T164_S48.M09
S-T164.1,1798,-1.5218967199325562,0.3357,0.4087,8.9644,3.9728,acceptable,T164_S48.M10
S-T164.1,1799,-1.5147265195846558,0.463,0.5826,6.7142,3.0938,acceptable,T164_S54.M01
S-T164.1,1800,-1.4952142238616943,0.4571,0.5826,6.9115,3.1355,acceptable,T164_S54.M02
S-T164.1,1801,-1.4858598709106445,0.4408,0.5304,6.9215,3.0868,acceptable,T164_S54.M03
S-T164.1,1802,-1.506596565246582,0.4575,0.6,7.1193,3.1518,acceptable,T164_S54.M04
S-T164.1,1803,-1.4571572542190552,0.4577,0.5826,6.9905,3.0622,acceptable,T164_S54.M05
S-T164.1,1804,-1.4866915941238403,0.4574,0.5826,6.9345,3.1104,acceptable,T164_S54.M06
S-T164.1,1805,-1.5022895336151123,0.4595,0.5739,6.7752,3.0662,acceptable,T164_S54.M07
S-T164.1,1806,-1.503730297088623,0.4608,0.5826,6.7425,3.1408,acceptable,T164_S54.M08
S-T164.1,1807,-1.503730058670044,0.4608,0.5826,6.7425,3.1408,acceptable,T164_S54.M09
S-T164.1,1808,-1.540806531906128,0.4583,0.5739,6.7684,3.1075,acceptable,T164_S54.M10
S-T165.1,1207,-1.7167571783065796,0.0123,0.0,57.8131,11.8601,incorrect,T165_S02.M01
S-T165.1,1208,0.0,0.0018,0.0,123.362,54.7653,incorrect,T165_S02.M02
S-T165.1,1209,-1.7998515367507935,0.0022,0.0,115.2598,42.9132,incorrect,T165_S02.M03
S-T165.1,1210,-1.5635801553726196,0.0093,0.0,64.1997,14.3926,incorrect,T165_S02.M04
S-T165.1,1211,-1.8714500665664673,0.002,0.0,117.5482,48.7867,incorrect,T165_S02.M05
S-T165.1,1212,-1.5678778886795044,0.0017,0.0,133.4429,48.3597,incorrect,T165_S02.M06
S-T165.1,1213,-1.7430024147033691,0.0012,0.0,156.7777,56.6094,incorrect,T165_S02.M07
S-T165.1,1214,-1.5635801553726196,0.0093,0.0,64.1997,14.3926,incorrect,T165_S02.M08
S-T165.1,1215,-1.6314541101455688,0.0107,0.0,66.0479,11.8029,incorrect,T165_S02.M09
S-T165.1,1216,-1.628435730934143,0.0155,0.0,48.6553,11.489,incorrect,T165_S02.M10
S-T165.1,1217,-1.7846523523330688,0.0029,0.0,99.4119,37.7706,incorrect,T165_S03.M01
S-T165.1,1218,-1.563519835472107,0.0031,0.0,98.5075,35.562,incorrect,T165_S03.M02
S-T165.1,1219,-1.6652976274490356,0.0015,0.0,140.847,49.8069,incorrect,T165_S03.M03
S-T165.1,1220,-1.7791589498519897,0.0027,0.0,105.4737,35.3786,incorrect,T165_S03.M04
S-T165.1,1221,-1.6489235162734985,0.0014,0.0,143.6771,52.6348,incorrect,T165_S03.M05
S-T165.1,1222,-1.627557635307312,0.0017,0.0,131.3862,52.4137,incorrect,T165_S03.M06
S-T165.1,1223,-1.8482860326766968,0.0086,0.0,56.5761,24.0638,incorrect,T165_S03.M07
S-T165.1,1224,-1.6615753173828125,0.0015,0.0,139.7449,51.8914,incorrect,T165_S03.M08
S-T165.1,1225,-2.373622417449951,0.0045,0.0,87.5586,23.0814,incorrect,T165_S03.M09
S-T165.1,1226,-1.7617932558059692,0.0015,0.0,141.8965,51.822,incorrect,T165_S03.M10
S-T165.1,1227,-1.6489238739013672,0.0014,0.0,143.6771,52.6348,incorrect,T165_S06.M01
S-T165.1,1228,-1.721444845199585,0.0017,0.0,128.9245,54.5742,incorrect,T165_S06.M02
S-T165.1,1229,-2.0285286903381348,0.0017,0.0,129.5018,54.3804,incorrect,T165_S06.M03
S-T165.1,1230,-1.8722048997879028,0.0017,0.0,128.6536,54.8275,incorrect,T165_S06.M04
S-T165.1,1231,-1.6028845310211182,0.0132,0.0,54.659,11.7148,incorrect,T165_S06.M05
S-T165.1,1232,-1.7459508180618286,0.0017,0.0,129.4256,54.5632,incorrect,T165_S06.M06
S-T165.1,1233,-1.678149938583374,0.0017,0.0,130.227,54.8806,incorrect,T165_S06.M07
S-T165.1,1234,-1.5946364402770996,0.0017,0.0,127.3991,54.0308,incorrect,T165_S06.M08
S-T165.1,1235,-1.8963947296142578,0.0017,0.0,129.19,54.3982,incorrect,T165_S06.M09
S-T165.1,1236,-1.6516752243041992,0.0035,0.0,95.1495,30.1252,incorrect,T165_S06.M10
S-T165.1,1237,-1.848612904548645,0.0015,0.0,141.8194,51.4455,incorrect,T165_S07.M01
S-T165.1,1238,-1.7912360429763794,0.0016,0.0,134.7142,49.2137,incorrect,T165_S07.M02
S-T165.1,1239,-1.6203309297561646,0.0015,0.0,143.1543,48.7688,incorrect,T165_S07.M03
S-T165.1,1240,-1.6316683292388916,0.0028,0.0,104.0154,35.8901,incorrect,T165_S07.M04
S-T165.1,1241,-1.7182207107543945,0.0013,0.0,148.8525,54.3948,incorrect,T165_S07.M05
S-T165.1,1242,-1.7748136520385742,0.0015,0.0,138.2888,50.6749,incorrect,T165_S07.M06
S-T165.1,1243,-1.8078759908676147,0.0014,0.0,144.2384,52.1355,incorrect,T165_S07.M07
S-T165.1,1244,-1.7058995962142944,0.0016,0.0,136.2421,50.1801,incorrect,T165_S07.M08
S-T165.1,1245,-1.6177467107772827,0.0027,0.0,105.6176,36.5543,incorrect,T165_S07.M09
S-T165.1,1246,-1.6709113121032715,0.0016,0.0,133.8255,49.9062,incorrect,T165_S07.M10
S-T165.1,1247,-1.848612904548645,0.0015,0.0,141.8194,51.4455,incorrect,T165_S08.M01
S-T165.1,1248,-1.775248646736145,0.0028,0.0,105.4458,35.3126,incorrect,T165_S08.M02
S-T165.1,1249,-1.7912356853485107,0.0016,0.0,134.7142,49.2137,incorrect,T165_S08.M03
S-T165.1,1250,-1.6203311681747437,0.0015,0.0,143.1543,48.7688,incorrect,T165_S08.M04
S-T165.1,1251,-1.5781863927841187,0.0017,0.0,133.8026,45.2382,incorrect,T165_S08.M05
S-T165.1,1252,-1.6231932640075684,0.0015,0.0,139.3865,51.4332,incorrect,T165_S08.M06
S-T165.1,1253,-1.7748135328292847,0.0015,0.0,138.2888,50.6749,incorrect,T165_S08.M07
S-T165.1,1254,-1.807875633239746,0.0014,0.0,144.2384,52.1355,incorrect,T165_S08.M08
S-T165.1,1255,-1.6316677331924438,0.0028,0.0,104.0154,35.8901,incorrect,T165_S08.M09
S-T165.1,1256,-1.7182211875915527,0.0013,0.0,148.8525,54.3948,incorrect,T165_S08.M10
S-T165.1,1257,-1.6818084716796875,0.0032,0.0,98.802,32.2162,incorrect,T165_S09.M01
S-T165.1,1258,-1.614445447921753,0.0014,0.0,142.529,57.0095,incorrect,T165_S09.M02
S-T165.1,1259,-1.8591344356536865,0.0045,0.0,86.4374,23.9556,incorrect,T165_S09.M03
S-T165.1,1260,-1.6747945547103882,0.009,0.0,56.9523,20.9013,incorrect,T165_S09.M04
S-T165.1,1261,-1.72611665725708,0.0073,0.0,64.6306,21.4611,incorrect,T165_S09.M05
S-T165.1,1262,-1.683099627494812,0.0025,0.0,108.8292,39.0376,incorrect,T165_S09.M06
S-T165.1,1263,-1.6828291416168213,0.0035,0.0,92.7589,32.5032,incorrect,T165_S09.M07
S-T165.1,1264,-1.6272621154785156,0.0097,0.0,55.8048,18.6171,incorrect,T165_S09.M08
S-T165.1,1265,-1.8331644535064697,0.0015,0.0,141.5871,51.4013,incorrect,T165_S09.M09
S-T165.1,1266,-1.739071249961853,0.0097,0.0,53.4168,22.3213,incorrect,T165_S09.M10
S-T165.1,1267,-1.6342239379882812,0.0019,0.0,123.4517,46.3278,incorrect,T165_S10.M01
S-T165.1,1268,-1.6528795957565308,0.002,0.0,124.1909,40.0133,incorrect,T165_S10.M02
S-T165.1,1269,-1.5798605680465698,0.0093,0.0,64.1997,14.3937,incorrect,T165_S10.M03
S-T165.1,1270,-1.6042687892913818,0.0022,0.0,118.362,40.4005,incorrect,T165_S10.M04
S-T165.1,1271,-1.7096548080444336,0.0027,0.0,108.3316,34.1421,incorrect,T165_S10.M05
S-T165.1,1272,-1.6638447046279907,0.0017,0.0,129.6455,52.2986,incorrect,T165_S10.M06
S-T165.1,1273,-1.785292387008667,0.0012,0.0,156.7816,56.6109,incorrect,T165_S10.M07
S-T165.1,1274,-1.6727882623672485,0.0019,0.0,123.9097,44.2783,incorrect,T165_S10.M08
S-T165.1,1275,-1.736331582069397,0.002,0.0,126.3282,40.2133,incorrect,T165_S10.M09
S-T165.1,1276,-1.6671149730682373,0.0025,0.0,110.1575,38.128,incorrect,T165_S10.M10
S-T165.1,1277,-1.631453514099121,0.0107,0.0,66.0479,11.8029,incorrect,T165_S11.M01
S-T165.1,1278,-1.7167572975158691,0.0123,0.0,57.8131,11.8601,incorrect,T165_S11.M02
S-T165.1,1279,-1.8421072959899902,0.0064,0.0,68.5124,23.8309,incorrect,T165_S11.M03
S-T165.1,1280,-1.6652973890304565,0.0015,0.0,140.847,49.8069,incorrect,T165_S11.M04
S-T165.1,1281,-1.7998512983322144,0.0022,0.0,115.2598,42.9132,incorrect,T165_S11.M05
S-T165.1,1282,-1.7430024147033691,0.0012,0.0,156.7777,56.6094,incorrect,T165_S11.M06
S-T165.1,1283,-1.6284358501434326,0.0155,0.0,48.6553,11.489,incorrect,T165_S11.M07
S-T165.1,1284,-1.592488169670105,0.0016,0.0,138.2421,50.0779,incorrect,T165_S11.M08
S-T165.1,1285,-1.6786115169525146,0.0025,0.0,108.8292,39.0376,incorrect,T165_S11.M09
S-T165.1,1286,-1.6278690099716187,0.003,0.0,100.2565,34.1783,incorrect,T165_S11.M10
S-T165.1,1287,-1.615097999572754,0.0016,0.0,138.2469,50.0838,incorrect,T165_S14.M01
S-T165.1,1288,-1.753097414970398,0.0022,0.0,115.3657,40.9532,incorrect,T165_S14.M02
S-T165.1,1289,-1.7237753868103027,0.0018,0.0,128.69,43.2249,incorrect,T165_S14.M03
S-T165.1,1290,-1.9494918584823608,0.0029,0.0,99.3242,39.3126,incorrect,T165_S14.M04
S-T165.1,1291,-1.6844325065612793,0.0015,0.0,140.8538,49.8076,incorrect,T165_S14.M05
S-T165.1,1292,-1.6335201263427734,0.0015,0.0,142.5636,49.4543,incorrect,T165_S14.M06
S-T165.1,1293,-1.605780005455017,0.0015,0.0,143.1518,48.8033,incorrect,T165_S14.M07
S-T165.1,1294,-1.670424222946167,0.0017,0.0,134.5756,47.0445,incorrect,T165_S14.M08
S-T165.1,1295,-1.874072790145874,0.002,0.0,119.8283,49.5162,incorrect,T165_S14.M09
S-T165.1,1296,-1.6773442029953003,0.0123,0.0,57.8054,11.8644,incorrect,T165_S14.M10
S-T165.1,1297,-1.7167572975158691,0.0123,0.0,57.8131,11.8601,incorrect,T165_S17.M01
S-T165.1,1298,0.0,0.0018,0.0,123.362,54.7653,incorrect,T165_S17.M02
S-T165.1,1299,-1.7998509407043457,0.0022,0.0,115.2598,42.9132,incorrect,T165_S17.M03
S-T165.1,1300,-1.5635799169540405,0.0093,0.0,64.1997,14.3926,incorrect,T165_S17.M04
S-T165.1,1301,-1.8714500665664673,0.002,0.0,117.5482,48.7867,incorrect,T165_S17.M05
S-T165.1,1302,-1.5678786039352417,0.0017,0.0,133.4429,48.3597,incorrect,T165_S17.M06
S-T165.1,1303,-1.7430026531219482,0.0012,0.0,156.7777,56.6094,incorrect,T165_S17.M07
S-T165.1,1304,-1.5635801553726196,0.0093,0.0,64.1997,14.3926,incorrect,T165_S17.M08
S-T165.1,1305,-1.6314542293548584,0.0107,0.0,66.0479,11.8029,incorrect,T165_S17.M09
S-T165.1,1306,-1.628435492515564,0.0155,0.0,48.6553,11.489,incorrect,T165_S17.M10
S-T165.1,1307,-1.7916054725646973,0.0015,0.0,141.0266,50.5961,incorrect,T165_S24.M01
S-T165.1,1308,-2.7258152961730957,0.0018,0.0,125.513,53.0486,incorrect,T165_S24.M02
S-T165.1,1309,-1.6778382062911987,0.0022,0.0,115.3565,40.9542,incorrect,T165_S24.M03
S-T165.1,1310,-1.8029435873031616,0.0103,0.0,56.327,16.0192,incorrect,T165_S24.M04
S-T165.1,1311,-1.5551764965057373,0.0081,0.0,58.9527,24.0517,incorrect,T165_S24.M05
S-T165.1,1312,-1.615344762802124,0.0129,0.0,49.9112,14.6338,incorrect,T165_S24.M06
S-T165.1,1313,-1.7609820365905762,0.0103,0.0,58.4417,14.7179,incorrect,T165_S24.M07
S-T165.1,1314,-1.5635796785354614,0.0093,0.0,64.1997,14.3926,incorrect,T165_S24.M08
S-T165.1,1315,-1.9120463132858276,0.109,0.0,20.9673,3.1397,incorrect,T165_S24.M09
S-T165.1,1316,-1.6767101287841797,0.0015,0.0,137.3284,55.0165,incorrect,T165_S24.M10
S-T165.1,1317,-1.8022053241729736,0.0015,0.0,140.5423,48.3174,incorrect,T165_S31.M01
S-T165.1,1318,-1.7117042541503906,0.0016,0.0,134.8198,52.3418,incorrect,T165_S31.M02
S-T165.1,1319,-1.736306071281433,0.0014,0.0,143.6416,56.6653,incorrect,T165_S31.M03
S-T165.1,1320,-1.5664324760437012,0.0014,0.0,141.1933,58.1504,incorrect,T165_S31.M04
S-T165.1,1321,-1.7126060724258423,0.0011,0.0,163.8295,63.4272,incorrect,T165_S31.M05
S-T165.1,1322,-1.7262252569198608,0.0055,0.0,73.3691,26.8299,incorrect,T165_S31.M06
S-T165.1,1323,-1.5961557626724243,0.0017,0.0,128.9397,50.7224,incorrect,T165_S31.M07
S-T165.1,1324,-1.695723295211792,0.0015,0.0,141.7053,50.856,incorrect,T165_S31.M08
S-T165.1,1325,-1.573988676071167,0.0017,0.0,133.465,48.3757,incorrect,T165_S31.M09
S-T165.1,1326,0.0,0.0019,0.0,121.6864,54.1586,incorrect,T165_S31.M10
S-T165.1,1327,-1.6150988340377808,0.0016,0.0,138.2469,50.0838,incorrect,T165_S32.M01
S-T165.1,1328,-1.6906391382217407,0.0307,0.0,29.0588,12.874,incorrect,T165_S32.M02
S-T165.1,1329,-1.7530978918075562,0.0022,0.0,115.3657,40.9532,incorrect,T165_S32.M03
S-T165.1,1330,-1.7237752676010132,0.0018,0.0,128.69,43.2249,incorrect,T165_S32.M04
S-T165.1,1331,-1.9494922161102295,0.0029,0.0,99.3242,39.3126,incorrect,T165_S32.M05
S-T165.1,1332,-1.684433102607727,0.0015,0.0,140.8538,49.8076,incorrect,T165_S32.M06
S-T165.1,1333,-1.6032036542892456,0.0879,0.0484,17.2852,10.2127,incorrect,T165_S32.M07
S-T165.1,1334,-1.7143914699554443,0.0064,0.0,68.5139,23.8452,incorrect,T165_S32.M08
S-T165.1,1335,-1.7992695569992065,0.0333,0.0,27.2402,14.0277,incorrect,T165_S32.M09
S-T165.1,1336,-1.6335201263427734,0.0015,0.0,142.5636,49.4543,incorrect,T165_S32.M10
S-T165.1,1337,-1.631356954574585,0.0154,0.0,48.6537,11.5142,incorrect,T165_S33.M01
S-T165.1,1338,-1.6615808010101318,0.0015,0.0,143.138,48.8129,incorrect,T165_S33.M02
S-T165.1,1339,-1.5986878871917725,0.0039,0.0,89.0705,29.255,incorrect,T165_S33.M03
S-T165.1,1340,-1.6069037914276123,0.0015,0.0,142.5476,49.4532,incorrect,T165_S33.M04
S-T165.1,1341,-2.1684467792510986,0.0954,0.0,37.4108,2.6911,incorrect,T165_S33.M05
S-T165.1,1342,-1.5010285377502441,0.0639,0.0,123.4987,3.1292,incorrect,T165_S33.M06
S-T165.1,1343,-1.8694343566894531,0.0771,0.0,39.7957,3.1222,incorrect,T165_S33.M07
S-T165.1,1344,-1.6239233016967773,0.0015,0.0,141.6906,50.8395,incorrect,T165_S33.M08
S-T165.1,1345,-1.6510369777679443,0.064,0.0,153.4022,3.1089,incorrect,T165_S33.M09
S-T165.1,1346,-1.6812231540679932,0.0123,0.0,57.8078,11.8795,incorrect,T165_S33.M10
S-T165.1,1347,-1.6316226720809937,0.0154,0.0,48.6536,11.5142,incorrect,T165_S34.M01
S-T165.1,1348,-1.661581039428711,0.0015,0.0,143.138,48.8129,incorrect,T165_S34.M02
S-T165.1,1349,-1.598687767982483,0.0039,0.0,89.0705,29.255,incorrect,T165_S34.M03
S-T165.1,1350,-1.6069040298461914,0.0015,0.0,142.5476,49.4532,incorrect,T165_S34.M04
S-T165.1,1351,-1.5010288953781128,0.0639,0.0,123.4987,3.1292,incorrect,T165_S34.M05
S-T165.1,1352,-1.8694347143173218,0.0771,0.0,39.7957,3.1222,incorrect,T165_S34.M06
S-T165.1,1353,-2.1684470176696777,0.0954,0.0,37.4108,2.6911,incorrect,T165_S34.M07
S-T165.1,1354,-1.623923659324646,0.0015,0.0,141.6906,50.8395,incorrect,T165_S34.M08
S-T165.1,1355,-1.6510376930236816,0.064,0.0,153.4022,3.1089,incorrect,T165_S34.M09
S-T165.1,1356,-1.6812232732772827,0.0123,0.0,57.8078,11.8795,incorrect,T165_S34.M10
S-T165.1,1357,-1.8022053241729736,0.0015,0.0,140.5423,48.3174,incorrect,T165_S36.M01
S-T165.1,1358,-1.7117037773132324,0.0016,0.0,134.8198,52.3418,incorrect,T165_S36.M02
S-T165.1,1359,-1.736306071281433,0.0014,0.0,143.6416,56.6653,incorrect,T165_S36.M03
S-T165.1,1360,-1.5664324760437012,0.0014,0.0,141.1933,58.1504,incorrect,T165_S36.M04
S-T165.1,1361,-1.7126063108444214,0.0011,0.0,163.8295,63.4272,incorrect,T165_S36.M05
S-T165.1,1362,-1.7262248992919922,0.0055,0.0,73.3691,26.8299,incorrect,T165_S36.M06
S-T165.1,1363,-1.596156120300293,0.0017,0.0,128.9397,50.7224,incorrect,T165_S36.M07
S-T165.1,1364,-1.6957236528396606,0.0015,0.0,141.7053,50.856,incorrect,T165_S36.M08
S-T165.1,1365,-1.573988676071167,0.0017,0.0,133.465,48.3757,incorrect,T165_S36.M09
S-T165.1,1366,0.0,0.0019,0.0,121.6864,54.1586,incorrect,T165_S36.M10
S-T165.1,1367,-1.6203594207763672,0.0014,0.0,144.258,52.5293,incorrect,T165_S43.M01
S-T165.1,1368,-1.7252881526947021,0.0015,0.0,141.6117,52.1386,incorrect,T165_S43.M02
S-T165.1,1369,-1.6615757942199707,0.0015,0.0,139.7449,51.8914,incorrect,T165_S43.M03
S-T165.1,1370,-1.6870533227920532,0.0017,0.0,133.4357,46.7465,incorrect,T165_S43.M04
S-T165.1,1371,-1.6741137504577637,0.0017,0.0,130.2751,51.4301,incorrect,T165_S43.M05
S-T165.1,1372,-1.7610989809036255,0.0014,0.0,147.7457,48.244,incorrect,T165_S43.M06
S-T165.1,1373,-1.6521064043045044,0.0016,0.0,139.7112,44.4752,incorrect,T165_S43.M07
S-T165.1,1374,-1.635826587677002,0.0015,0.0,140.5603,49.9342,incorrect,T165_S43.M08
S-T165.1,1375,-1.652430534362793,0.0019,0.0,126.2693,46.1483,incorrect,T165_S43.M09
S-T165.1,1376,-1.595903992652893,0.0019,0.0,123.7453,46.2761,incorrect,T165_S43.M10
S-T165.1,1377,-1.6593925952911377,0.0074,0.0,132.6186,11.0818,incorrect,T165_S48.M01
S-T165.1,1378,-1.634394645690918,0.0062,0.0,73.8802,19.8954,incorrect,T165_S48.M02
S-T165.1,1379,-1.6933540105819702,0.0079,0.0,61.667,21.086,incorrect,T165_S48.M03
S-T165.1,1380,0.0,0.0018,0.0,124.0834,55.5918,incorrect,T165_S48.M04
S-T165.1,1381,0.0,0.002,0.0,118.9435,53.4968,incorrect,T165_S48.M05
S-T165.1,1382,0.0,0.002,0.0,118.8525,52.666,incorrect,T165_S48.M06
S-T165.1,1383,0.0,0.0018,0.0,123.362,54.7653,incorrect,T165_S48.M07
S-T165.1,1384,-1.8012603521347046,0.0019,0.0,121.6267,54.2545,incorrect,T165_S48.M08
S-T165.1,1385,-3.4302926063537598,0.0018,0.0,124.7603,55.7229,incorrect,T165_S48.M09
S-T165.1,1386,-1.585610270500183,0.0018,0.0,125.6218,54.3474,incorrect,T165_S48.M10
S-T165.1,1387,-1.644692301750183,0.0155,0.0,48.6552,11.489,incorrect,T165_S54.M01
S-T165.1,1388,-1.6667195558547974,0.0025,0.0,108.8292,39.0376,incorrect,T165_S54.M02
S-T165.1,1389,-1.6010528802871704,0.0016,0.0,138.2421,50.0779,incorrect,T165_S54.M03
S-T165.1,1390,-1.631343126296997,0.0015,0.0,140.847,49.807,incorrect,T165_S54.M04
S-T165.1,1391,-1.8400284051895142,0.0029,0.0,99.3275,39.3178,incorrect,T165_S54.M05
S-T165.1,1392,-1.6738073825836182,0.0022,0.0,115.3566,40.9542,incorrect,T165_S54.M06
S-T165.1,1393,-1.8257015943527222,0.0064,0.0,68.5123,23.8309,incorrect,T165_S54.M07
S-T165.1,1394,-1.5964561700820923,0.0018,0.0,128.6963,43.2204,incorrect,T165_S54.M08
S-T165.1,1395,-1.5649871826171875,0.0308,0.0,29.0491,12.8636,incorrect,T165_S54.M09
S-T165.1,1396,-1.598527193069458,0.088,0.0484,17.2769,10.1991,incorrect,T165_S54.M10
S-T166.1,1380,-1.5749742984771729,0.1905,0.0556,37.7027,1.6015,incorrect,T166_S02.M01
S-T166.1,1381,-1.6726858615875244,0.1913,0.0556,37.6763,1.595,incorrect,T166_S02.M02
S-T166.1,1382,-1.6294071674346924,0.1877,0.0556,37.6589,1.6301,incorrect,T166_S02.M03
S-T166.1,1383,-1.611194133758545,0.1891,0.0556,18.3885,2.1116,incorrect,T166_S02.M04
S-T166.1,1384,-1.4591716527938843,0.1757,0.0,66.7956,1.4675,incorrect,T166_S02.M05
S-T166.1,1385,-1.4979019165039062,0.1744,0.0,67.1562,1.4778,incorrect,T166_S02.M06
S-T166.1,1386,-1.5648878812789917,0.176,0.0185,36.5097,1.6328,incorrect,T166_S02.M07
S-T166.1,1387,-1.5537446737289429,0.2037,0.037,37.2609,1.4277,incorrect,T166_S02.M08
S-T166.1,1388,-1.5046756267547607,0.1772,0.0185,36.4659,1.6218,incorrect,T166_S02.M09
S-T166.1,1389,-1.4516159296035767,0.1284,0.0,67.9349,1.9577,incorrect,T166_S02.M10
S-T166.1,1390,-1.4615923166275024,0.6533,0.8704,6.4173,1.649,medium,T166_S03.M01
S-T166.1,1391,-1.4695851802825928,0.5707,0.8704,8.3451,2.1232,acceptable,T166_S03.M02
S-T166.1,1392,-1.47003173828125,0.55,0.8519,11.5413,1.6708,medium,T166_S03.M03
S-T166.1,1393,-1.4710414409637451,0.6436,0.9074,7.3888,1.6437,medium,T166_S03.M04
S-T166.1,1394,-1.4979019165039062,0.1744,0.0,67.1562,1.4778,incorrect,T166_S03.M05
S-T166.1,1395,-1.5224688053131104,0.5805,0.8704,7.8555,2.1266,acceptable,T166_S03.M06
S-T166.1,1396,-1.537541389465332,0.1132,0.0,54.2234,2.2089,incorrect,T166_S03.M07
S-T166.1,1397,-1.5306388139724731,0.4879,0.3148,5.7029,1.628,medium,T166_S03.M08
S-T166.1,1398,-1.6016769409179688,0.133,0.0,70.1731,1.8985,incorrect,T166_S03.M09
S-T166.1,1399,-1.5494741201400757,0.2861,0.3148,15.3874,2.24,acceptable,T166_S03.M10
S-T166.1,1400,-1.436783790588379,0.6011,0.7593,6.7143,1.7319,medium,T166_S06.M01
S-T166.1,1401,-1.5342774391174316,0.5548,0.6667,7.0485,1.8178,medium,T166_S06.M02
S-T166.1,1402,-1.584867238998413,0.1644,0.0,48.4736,1.6144,incorrect,T166_S06.M03
S-T166.1,1403,-1.4843627214431763,0.1288,0.0,67.7394,1.9537,incorrect,T166_S06.M04
S-T166.1,1404,-1.7149083614349365,0.1721,0.0,36.1825,1.6116,incorrect,T166_S06.M05
S-T166.1,1405,-1.4391212463378906,0.5955,0.7593,6.7433,1.7846,medium,T166_S06.M06
S-T166.1,1406,-1.600564956665039,0.5873,0.7407,6.8786,1.775,medium,T166_S06.M07
S-T166.1,1407,-1.4981852769851685,0.577,0.7037,6.7732,1.7797,medium,T166_S06.M08
S-T166.1,1408,-1.4631527662277222,0.5877,0.7407,6.8287,1.7831,medium,T166_S06.M09
S-T166.1,1409,-1.4850348234176636,0.1296,0.0,72.1609,1.9356,incorrect,T166_S06.M10
S-T166.1,1410,-1.5018466711044312,0.6554,0.9074,7.0468,1.6039,medium,T166_S07.M01
S-T166.1,1411,-1.4803502559661865,0.6844,0.8889,5.6736,1.585,medium,T166_S07.M02
S-T166.1,1412,-1.5234181880950928,0.6368,0.8704,10.0188,1.1698,medium,T166_S07.M03
S-T166.1,1413,-1.5044301748275757,0.5816,0.9074,11.3258,1.5692,medium,T166_S07.M04
S-T166.1,1414,-1.4498687982559204,0.6793,0.8333,3.6236,2.0063,medium,T166_S07.M05
S-T166.1,1415,-1.4878839254379272,0.7019,0.8333,3.5203,1.7657,medium,T166_S07.M06
S-T166.1,1416,-1.532456874847412,0.4799,0.7222,11.9174,1.9139,medium,T166_S07.M07
S-T166.1,1417,-1.4553154706954956,0.6115,0.7593,3.2538,2.9681,medium,T166_S07.M08
S-T166.1,1418,-1.439719319343567,0.6768,0.8148,3.9796,1.8549,medium,T166_S07.M09
S-T166.1,1419,-1.4569426774978638,0.751,0.8519,3.6159,1.3454,medium,T166_S07.M10
S-T166.1,1420,-1.523138165473938,0.6179,0.7963,7.5796,1.4982,medium,T166_S08.M01
S-T166.1,1421,-1.501846194267273,0.6554,0.9074,7.0468,1.6039,medium,T166_S08.M02
S-T166.1,1422,-1.4803506135940552,0.6844,0.8889,5.6736,1.585,medium,T166_S08.M03
S-T166.1,1423,-1.5044296979904175,0.5816,0.9074,11.3258,1.5692,medium,T166_S08.M04
S-T166.1,1424,-1.4498686790466309,0.6793,0.8333,3.6236,2.0063,medium,T166_S08.M05
S-T166.1,1425,-1.5234181880950928,0.6368,0.8704,10.0188,1.1698,medium,T166_S08.M06
S-T166.1,1426,-1.4878839254379272,0.7019,0.8333,3.5203,1.7657,medium,T166_S08.M07
S-T166.1,1427,-1.532456874847412,0.4799,0.7222,11.9174,1.9139,medium,T166_S08.M08
S-T166.1,1428,-1.4397189617156982,0.6768,0.8148,3.9796,1.8549,medium,T166_S08.M09
S-T166.1,1429,-1.5186083316802979,0.6668,0.8704,5.9865,1.6192,medium,T166_S08.M10
S-T166.1,1430,-1.520706057548523,0.1765,0.0,66.9706,1.4595,incorrect,T166_S09.M01
S-T166.1,1431,-1.4977301359176636,0.1807,0.0,57.8631,1.4381,incorrect,T166_S09.M02
S-T166.1,1432,-1.5143996477127075,0.2442,0.0,58.5574,0.9539,incorrect,T166_S09.M03
S-T166.1,1433,-1.538083791732788,0.1878,0.0,58.4878,1.3769,incorrect,T166_S09.M04
S-T166.1,1434,-1.5352911949157715,0.1651,0.0,61.5836,1.5716,incorrect,T166_S09.M05
S-T166.1,1435,-1.6401612758636475,0.2329,0.4444,17.8118,5.5033,incorrect,T166_S09.M06
S-T166.1,1436,-1.4925572872161865,0.1744,0.0,67.1562,1.4778,incorrect,T166_S09.M07
S-T166.1,1437,-1.4641181230545044,0.1849,0.0,57.4456,1.4028,incorrect,T166_S09.M08
S-T166.1,1438,-1.6707876920700073,0.1643,0.0,49.3764,1.6115,incorrect,T166_S09.M09
S-T166.1,1439,-1.5815811157226562,0.1639,0.0,50.3641,1.6115,incorrect,T166_S09.M10
S-T166.1,1440,-1.5289642810821533,0.1787,0.0,58.2302,1.4554,incorrect,T166_S10.M01
S-T166.1,1441,-1.4820653200149536,0.1873,0.0,57.4342,1.383,incorrect,T166_S10.M02
S-T166.1,1442,-1.5310014486312866,0.1776,0.0,66.8189,1.4504,incorrect,T166_S10.M03
S-T166.1,1443,-1.5648013353347778,0.0176,0.0,41.635,13.109,incorrect,T166_S10.M04
S-T166.1,1444,-1.4989882707595825,0.0115,0.0,58.0473,12.7964,incorrect,T166_S10.M05
S-T166.1,1445,-1.5204153060913086,0.1907,0.0,58.4851,1.3527,incorrect,T166_S10.M06
S-T166.1,1446,-1.5916748046875,0.6941,0.7963,3.452,1.7337,medium,T166_S10.M07
S-T166.1,1447,-1.5404117107391357,0.1806,0.0,66.3979,1.4248,incorrect,T166_S10.M08
S-T166.1,1448,-1.4619375467300415,0.0121,0.0,55.4197,12.8595,incorrect,T166_S10.M09
S-T166.1,1449,-1.5315401554107666,0.1327,0.0,67.8827,1.9049,incorrect,T166_S10.M10
S-T166.1,1450,-1.5375170707702637,0.1878,0.0,58.4878,1.377,incorrect,T166_S11.M01
S-T166.1,1451,-1.4516159296035767,0.1284,0.0,67.9349,1.9577,incorrect,T166_S11.M02
S-T166.1,1452,-1.5084894895553589,0.1765,0.0,66.9707,1.4596,incorrect,T166_S11.M03
S-T166.1,1453,-1.526452898979187,0.1766,0.0,58.2346,1.4733,incorrect,T166_S11.M04
S-T166.1,1454,-1.4662965536117554,0.1849,0.0,57.4455,1.4028,incorrect,T166_S11.M05
S-T166.1,1455,-1.5342185497283936,0.1651,0.0,61.5837,1.5716,incorrect,T166_S11.M06
S-T166.1,1456,-1.427979826927185,0.1267,0.0,66.0263,1.9835,incorrect,T166_S11.M07
S-T166.1,1457,-1.501293659210205,0.1717,0.0,61.5715,1.511,incorrect,T166_S11.M08
S-T166.1,1458,-1.5751681327819824,0.1665,0.0,61.9156,1.5577,incorrect,T166_S11.M09
S-T166.1,1459,-1.4874646663665771,0.6344,0.7778,4.1763,2.1884,medium,T166_S11.M10
S-T166.1,1460,-1.4828609228134155,0.7202,0.7778,6.2267,0.9079,high,T166_S14.M01
S-T166.1,1461,-1.4361627101898193,0.4704,0.7037,11.8594,1.9664,medium,T166_S14.M02
S-T166.1,1462,-1.407706618309021,0.5047,0.6667,9.2033,1.8889,medium,T166_S14.M03
S-T166.1,1463,-1.4751527309417725,0.1779,0.0,66.9613,1.4467,incorrect,T166_S14.M04
S-T166.1,1464,-1.499340534210205,0.1764,0.0,58.3411,1.4751,incorrect,T166_S14.M05
S-T166.1,1465,-1.5415607690811157,0.1911,0.0,66.4893,1.3368,incorrect,T166_S14.M06
S-T166.1,1466,-1.5545483827590942,0.6854,0.8889,4.8572,1.7869,medium,T166_S14.M07
S-T166.1,1467,-1.5257319211959839,0.1841,0.0,57.4716,1.4102,incorrect,T166_S14.M08
S-T166.1,1468,-1.514580488204956,0.5627,0.8519,10.6167,1.6729,medium,T166_S14.M09
S-T166.1,1469,-1.497759222984314,0.1736,0.0,61.5976,1.4942,incorrect,T166_S14.M10
S-T166.1,1470,-1.5749744176864624,0.1905,0.0556,37.7027,1.6015,incorrect,T166_S17.M01
S-T166.1,1471,-1.6726861000061035,0.1913,0.0556,37.6763,1.595,incorrect,T166_S17.M02
S-T166.1,1472,-1.6294069290161133,0.1877,0.0556,37.6589,1.6301,incorrect,T166_S17.M03
S-T166.1,1473,-1.611194133758545,0.1891,0.0556,18.3885,2.1116,incorrect,T166_S17.M04
S-T166.1,1474,-1.4591716527938843,0.1757,0.0,66.7956,1.4675,incorrect,T166_S17.M05
S-T166.1,1475,-1.4979019165039062,0.1744,0.0,67.1562,1.4778,incorrect,T166_S17.M06
S-T166.1,1476,-1.5648878812789917,0.176,0.0185,36.5097,1.6328,incorrect,T166_S17.M07
S-T166.1,1477,-1.5537447929382324,0.2037,0.037,37.2609,1.4277,incorrect,T166_S17.M08
S-T166.1,1478,-1.5046751499176025,0.1772,0.0185,36.4659,1.6218,incorrect,T166_S17.M09
S-T166.1,1479,-1.4516159296035767,0.1284,0.0,67.9349,1.9577,incorrect,T166_S17.M10
S-T166.1,1480,-1.498885154724121,0.6848,0.9074,5.7254,1.6269,medium,T166_S24.M01
S-T166.1,1481,-1.4423651695251465,0.5312,0.3704,4.7084,1.6306,medium,T166_S24.M02
S-T166.1,1482,-1.514311671257019,0.6353,0.7963,6.2852,1.6143,medium,T166_S24.M03
S-T166.1,1483,-1.43844735622406,0.4511,0.2778,6.173,1.7606,acceptable,T166_S24.M04
S-T166.1,1484,-1.500752568244934,0.1632,0.0,51.9862,1.6143,incorrect,T166_S24.M05
S-T166.1,1485,-1.5212938785552979,0.1936,0.0,23.3058,1.6144,incorrect,T166_S24.M06
S-T166.1,1486,-1.5839085578918457,0.1688,0.0,40.4285,1.6115,incorrect,T166_S24.M07
S-T166.1,1487,-1.5984785556793213,0.1735,0.0,34.5491,1.6143,incorrect,T166_S24.M08
S-T166.1,1488,-1.7371041774749756,0.1684,0.0,41.0803,1.6115,incorrect,T166_S24.M09
S-T166.1,1489,-1.5822261571884155,0.3248,0.7222,17.7305,5.6659,incorrect,T166_S24.M10
S-T166.1,1490,-1.5288323163986206,0.486,0.6296,8.5786,2.1251,acceptable,T166_S31.M01
S-T166.1,1491,-1.3986241817474365,0.7401,0.8333,3.6352,1.3793,medium,T166_S31.M02
S-T166.1,1492,-1.4780101776123047,0.4996,0.3333,5.0177,1.7473,medium,T166_S31.M03
S-T166.1,1493,-1.50141441822052,0.194,0.0,58.5187,1.3255,incorrect,T166_S31.M04
S-T166.1,1494,-1.5058319568634033,0.188,0.0,57.9196,1.3763,incorrect,T166_S31.M05
S-T166.1,1495,-1.526627779006958,0.181,0.0,66.9569,1.4213,incorrect,T166_S31.M06
S-T166.1,1496,-1.4960626363754272,0.1751,0.0,61.5996,1.4803,incorrect,T166_S31.M07
S-T166.1,1497,-1.5339922904968262,0.0149,0.0,46.5961,13.3401,incorrect,T166_S31.M08
S-T166.1,1498,-1.5518137216567993,0.2547,0.1481,17.8795,1.7206,acceptable,T166_S31.M09
S-T166.1,1499,-1.5978829860687256,0.2382,0.463,17.9008,5.5714,incorrect,T166_S31.M10
S-T166.1,1500,-1.482860803604126,0.7202,0.7778,6.2267,0.9079,high,T166_S32.M01
S-T166.1,1501,-1.436163067817688,0.4704,0.7037,11.8594,1.9664,medium,T166_S32.M02
S-T166.1,1502,-1.499340534210205,0.1764,0.0,58.3411,1.4751,incorrect,T166_S32.M03
S-T166.1,1503,-1.525732159614563,0.1841,0.0,57.4716,1.4102,incorrect,T166_S32.M04
S-T166.1,1504,-1.4977589845657349,0.1736,0.0,61.5976,1.4942,incorrect,T166_S32.M05
S-T166.1,1505,-1.4903029203414917,0.174,0.0,58.443,1.4958,incorrect,T166_S32.M06
S-T166.1,1506,-1.5415607690811157,0.1911,0.0,66.4893,1.3368,incorrect,T166_S32.M07
S-T166.1,1507,-1.475152850151062,0.1779,0.0,66.9613,1.4467,incorrect,T166_S32.M08
S-T166.1,1508,-1.4654033184051514,0.176,0.0,58.2491,1.4791,incorrect,T166_S32.M09
S-T166.1,1509,-1.4077062606811523,0.5047,0.6667,9.2033,1.8889,medium,T166_S32.M10
S-T166.1,1510,-1.4732060432434082,0.5646,0.6667,6.3821,1.8868,medium,T166_S33.M01
S-T166.1,1511,-1.465227484703064,0.6865,0.9074,5.7142,1.6133,medium,T166_S33.M02
S-T166.1,1512,-1.506974458694458,0.636,0.8704,9.958,1.1834,medium,T166_S33.M03
S-T166.1,1513,-1.4525134563446045,0.609,0.7407,3.164,2.9299,medium,T166_S33.M04
S-T166.1,1514,-1.5228805541992188,0.2726,0.6852,29.1398,6.2593,incorrect,T166_S33.M05
S-T166.1,1515,-1.380126714706421,0.501,0.6481,9.1988,1.8594,medium,T166_S33.M06
S-T166.1,1516,-1.5159105062484741,0.3165,0.7037,18.0701,5.7191,incorrect,T166_S33.M07
S-T166.1,1517,-1.4587996006011963,0.5555,0.8519,8.7617,2.1386,acceptable,T166_S33.M08
S-T166.1,1518,-1.6004996299743652,0.2443,0.4815,17.9401,5.5263,incorrect,T166_S33.M09
S-T166.1,1519,-1.5873857736587524,0.2479,0.6111,26.3529,7.4849,incorrect,T166_S33.M10
S-T166.1,1520,-1.4732064008712769,0.5646,0.6667,6.3821,1.8868,medium,T166_S34.M01
S-T166.1,1521,-1.465227484703064,0.6865,0.9074,5.7142,1.6133,medium,T166_S34.M02
S-T166.1,1522,-1.624044418334961,0.2333,0.0926,32.0586,1.3812,incorrect,T166_S34.M03
S-T166.1,1523,-1.5069743394851685,0.636,0.8704,9.958,1.1834,medium,T166_S34.M04
S-T166.1,1524,-1.4525136947631836,0.609,0.7407,3.164,2.9299,medium,T166_S34.M05
S-T166.1,1525,-1.5228805541992188,0.2726,0.6852,29.1398,6.2593,incorrect,T166_S34.M06
S-T166.1,1526,-1.3801268339157104,0.501,0.6481,9.1988,1.8594,medium,T166_S34.M07
S-T166.1,1527,-1.5399073362350464,0.4974,0.3333,5.7044,1.5936,medium,T166_S34.M08
S-T166.1,1528,-1.5159103870391846,0.3165,0.7037,18.0701,5.7191,incorrect,T166_S34.M09
S-T166.1,1529,-1.458799123764038,0.5555,0.8519,8.7617,2.1386,acceptable,T166_S34.M10
S-T166.1,1530,-1.5288323163986206,0.486,0.6296,8.5786,2.1251,acceptable,T166_S36.M01
S-T166.1,1531,-1.3986241817474365,0.7401,0.8333,3.6352,1.3793,medium,T166_S36.M02
S-T166.1,1532,-1.4780104160308838,0.4996,0.3333,5.0177,1.7473,medium,T166_S36.M03
S-T166.1,1533,-1.50141441822052,0.194,0.0,58.5187,1.3255,incorrect,T166_S36.M04
S-T166.1,1534,-1.5058319568634033,0.188,0.0,57.9196,1.3763,incorrect,T166_S36.M05
S-T166.1,1535,-1.526627779006958,0.181,0.0,66.9569,1.4213,incorrect,T166_S36.M06
S-T166.1,1536,-1.4960626363754272,0.1751,0.0,61.5996,1.4803,incorrect,T166_S36.M07
S-T166.1,1537,-1.5339921712875366,0.0149,0.0,46.5961,13.3401,incorrect,T166_S36.M08
S-T166.1,1538,-1.5518134832382202,0.2547,0.1481,17.8795,1.7206,acceptable,T166_S36.M09
S-T166.1,1539,-1.5978832244873047,0.2382,0.463,17.9008,5.5714,incorrect,T166_S36.M10
S-T166.1,1540,-1.414584994316101,0.5502,0.8148,10.6704,1.6673,medium,T166_S43.M01
S-T166.1,1541,-1.4487334489822388,0.6316,0.8519,7.0195,1.6642,medium,T166_S43.M02
S-T166.1,1542,-1.4514696598052979,0.6793,0.8333,3.5568,2.0256,medium,T166_S43.M03
S-T166.1,1543,-1.4757905006408691,0.5433,0.8148,8.7502,2.1409,acceptable,T166_S43.M04
S-T166.1,1544,-1.4691572189331055,0.6869,0.7778,3.4149,1.7568,medium,T166_S43.M05
S-T166.1,1545,-1.487797737121582,0.6172,0.7407,6.4346,1.5773,medium,T166_S43.M06
S-T166.1,1546,-1.5563029050827026,0.5184,0.5556,2.9913,4.2767,medium,T166_S43.M07
S-T166.1,1547,-1.4952466487884521,0.5318,0.7593,7.1147,2.6105,acceptable,T166_S43.M08
S-T166.1,1548,-1.5321656465530396,0.6229,0.7407,3.3194,2.5301,medium,T166_S43.M09
S-T166.1,1549,-1.4502806663513184,0.6229,0.8333,4.2365,2.708,medium,T166_S43.M10
S-T166.1,1550,-1.4419761896133423,0.2416,0.0,74.3008,0.954,incorrect,T166_S48.M01
S-T166.1,1551,-1.5912107229232788,0.1172,0.0,72.3465,2.0997,incorrect,T166_S48.M02
S-T166.1,1552,-1.5223824977874756,0.2589,0.0,68.0835,0.8399,incorrect,T166_S48.M03
S-T166.1,1553,-1.569959282875061,0.1945,0.0,57.8675,1.3228,incorrect,T166_S48.M04
S-T166.1,1554,-1.4181989431381226,0.3359,0.2222,15.8508,1.3228,acceptable,T166_S48.M05
S-T166.1,1555,-1.6161292791366577,0.2238,0.0,24.3257,1.3229,incorrect,T166_S48.M06
S-T166.1,1556,-1.6263054609298706,0.1926,0.0,68.3633,1.3228,incorrect,T166_S48.M07
S-T166.1,1557,-1.5869029760360718,0.2498,0.0,60.4638,0.9119,incorrect,T166_S48.M08
S-T166.1,1558,-1.7220098972320557,0.196,0.0,52.4985,1.3228,incorrect,T166_S48.M09
S-T166.1,1559,-1.6106655597686768,0.1923,0.0,69.9046,1.3228,incorrect,T166_S48.M10
S-T166.1,1560,-1.4482611417770386,0.7292,0.8148,6.2078,0.9342,high,T166_S54.M01
S-T166.1,1561,-1.562163233757019,0.6907,0.9074,4.8898,1.7847,medium,T166_S54.M02
S-T166.1,1562,-1.4974778890609741,0.5631,0.8148,9.202,1.7848,medium,T166_S54.M03
S-T166.1,1563,-1.487464427947998,0.6344,0.7778,4.1763,2.1884,medium,T166_S54.M04
S-T166.1,1564,-1.531498670578003,0.5377,0.6852,8.0124,1.8428,medium,T166_S54.M05
S-T166.1,1565,-1.4129706621170044,0.4452,0.3148,8.0704,1.5162,medium,T166_S54.M06
S-T166.1,1566,-1.4287091493606567,0.4423,0.3148,8.1616,1.5246,medium,T166_S54.M07
S-T166.1,1567,-1.5321654081344604,0.6229,0.7407,3.3194,2.5301,medium,T166_S54.M08
S-T166.1,1568,-1.4266785383224487,0.611,0.7778,6.4269,1.767,medium,T166_S54.M09
S-T166.1,1569,-1.4266740083694458,0.611,0.7778,6.4269,1.767,medium,T166_S54.M10
S-T169.1,1455,-1.496732473373413,0.069,0.0,17.8331,10.0317,incorrect,T169_S02.M01
S-T169.1,1456,-1.4541078805923462,0.0694,0.0,17.7654,10.0314,incorrect,T169_S02.M02
S-T169.1,1457,-1.5753751993179321,0.0188,0.0,36.3527,21.924,incorrect,T169_S02.M03
S-T169.1,1458,-1.5050678253173828,0.0178,0.0,38.0217,19.4212,incorrect,T169_S02.M04
S-T169.1,1459,-1.4575635194778442,0.0334,0.0,26.679,16.6441,incorrect,T169_S02.M05
S-T169.1,1460,-1.4580316543579102,0.0357,0.0098,27.0778,17.0499,incorrect,T169_S02.M06
S-T169.1,1461,-1.5557866096496582,0.0181,0.0,37.8616,19.0045,incorrect,T169_S02.M07
S-T169.1,1462,-1.3637150526046753,0.0351,0.0098,27.3461,17.4008,incorrect,T169_S02.M08
S-T169.1,1463,-1.5198460817337036,0.0234,0.0,32.2455,20.9471,incorrect,T169_S02.M09
S-T169.1,1464,-1.4518412351608276,0.019,0.0,37.068,17.7533,incorrect,T169_S02.M10
S-T169.1,1465,-1.4200549125671387,0.0144,0.0,43.247,19.3805,incorrect,T169_S03.M01
S-T169.1,1466,-1.5161654949188232,0.0237,0.0,31.9691,20.9291,incorrect,T169_S03.M02
S-T169.1,1467,-1.5417143106460571,0.044,0.0,23.4653,11.7305,incorrect,T169_S03.M03
S-T169.1,1468,-1.5210906267166138,0.0357,0.0098,27.0746,17.0953,incorrect,T169_S03.M04
S-T169.1,1469,-1.4644805192947388,0.0057,0.0,68.8524,32.122,incorrect,T169_S03.M05
S-T169.1,1470,-1.521633505821228,0.0091,0.0,53.9143,27.4058,incorrect,T169_S03.M06
S-T169.1,1471,-1.4367200136184692,0.0508,0.0,20.7468,16.0172,incorrect,T169_S03.M07
S-T169.1,1472,-1.5428940057754517,0.0192,0.0,36.4156,19.564,incorrect,T169_S03.M08
S-T169.1,1473,-1.4287687540054321,0.016,0.0,41.1381,17.7542,incorrect,T169_S03.M09
S-T169.1,1474,-1.4060235023498535,0.0363,0.0,25.5888,15.2089,incorrect,T169_S03.M10
S-T169.1,1475,-1.5244702100753784,0.0443,0.0,23.3794,11.7323,incorrect,T169_S06.M01
S-T169.1,1476,-1.4235318899154663,0.0251,0.0,32.0482,15.2291,incorrect,T169_S06.M02
S-T169.1,1477,-1.5173434019088745,0.0131,0.0,45.706,19.572,incorrect,T169_S06.M03
S-T169.1,1478,-1.533416509628296,0.0164,0.0,40.0989,18.9983,incorrect,T169_S06.M04
S-T169.1,1479,-1.6613571643829346,0.013,0.0,45.4191,20.8762,incorrect,T169_S06.M05
S-T169.1,1480,-1.5417146682739258,0.044,0.0,23.4653,11.7305,incorrect,T169_S06.M06
S-T169.1,1481,-1.7131571769714355,0.0379,0.0,25.8937,11.5677,incorrect,T169_S06.M07
S-T169.1,1482,-1.5791751146316528,0.0155,0.0098,47.4101,19.9206,incorrect,T169_S06.M08
S-T169.1,1483,-1.4129780530929565,0.016,0.0,40.9095,18.3292,incorrect,T169_S06.M09
S-T169.1,1484,-1.4526091814041138,0.014,0.0,43.6131,20.5789,incorrect,T169_S06.M10
S-T169.1,1485,-1.5028495788574219,0.0206,0.0098,38.5977,19.7102,incorrect,T169_S07.M01
S-T169.1,1486,-1.520627737045288,0.0295,0.0,28.3403,19.2268,incorrect,T169_S07.M02
S-T169.1,1487,-1.5167800188064575,0.0163,0.0,39.536,22.0052,incorrect,T169_S07.M03
S-T169.1,1488,-1.5279974937438965,0.0219,0.0,34.2384,17.2491,incorrect,T169_S07.M04
S-T169.1,1489,-1.4219859838485718,0.0169,0.0,39.8049,17.8063,incorrect,T169_S07.M05
S-T169.1,1490,-1.5275682210922241,0.0194,0.0,36.8195,17.2451,incorrect,T169_S07.M06
S-T169.1,1491,-1.480916142463684,0.0164,0.0,40.6492,17.317,incorrect,T169_S07.M07
S-T169.1,1492,-1.5624809265136719,0.0151,0.0,41.2489,21.9081,incorrect,T169_S07.M08
S-T169.1,1493,-1.4579969644546509,0.0172,0.0,39.503,17.2604,incorrect,T169_S07.M09
S-T169.1,1494,-1.5280834436416626,0.0183,0.0,38.1427,17.1554,incorrect,T169_S07.M10
S-T169.1,1495,-1.5028495788574219,0.0206,0.0098,38.5977,19.7102,incorrect,T169_S08.M01
S-T169.1,1496,-1.5570894479751587,0.0194,0.0,35.6363,22.5844,incorrect,T169_S08.M02
S-T169.1,1497,-1.5140422582626343,0.0192,0.0,35.94,21.815,incorrect,T169_S08.M03
S-T169.1,1498,-1.5206278562545776,0.0295,0.0,28.3403,19.2268,incorrect,T169_S08.M04
S-T169.1,1499,-1.5006636381149292,0.0082,0.0,57.4018,27.3521,incorrect,T169_S08.M05
S-T169.1,1500,-1.5167803764343262,0.0163,0.0,39.536,22.0052,incorrect,T169_S08.M06
S-T169.1,1501,-1.5279974937438965,0.0219,0.0,34.2384,17.2491,incorrect,T169_S08.M07
S-T169.1,1502,-1.4219859838485718,0.0169,0.0,39.8049,17.8063,incorrect,T169_S08.M08
S-T169.1,1503,-1.4084962606430054,0.1141,0.0215,13.9942,6.4487,incorrect,T169_S08.M09
S-T169.1,1504,-1.5077989101409912,0.0237,0.0,32.9358,16.0881,incorrect,T169_S08.M10
S-T169.1,1505,-1.5328373908996582,0.0528,0.0196,22.104,14.8458,incorrect,T169_S09.M01
S-T169.1,1506,-1.5219640731811523,0.0242,0.0,31.8563,19.2798,incorrect,T169_S09.M02
S-T169.1,1507,-1.5375781059265137,0.0233,0.0,33.2633,16.1708,incorrect,T169_S09.M03
S-T169.1,1508,-1.547297477722168,0.0292,0.0,28.8472,17.0235,incorrect,T169_S09.M04
S-T169.1,1509,-1.6374629735946655,0.0291,0.0294,35.9663,20.9272,incorrect,T169_S09.M05
S-T169.1,1510,-1.4739216566085815,0.0109,0.0,49.5954,23.4981,incorrect,T169_S09.M06
S-T169.1,1511,-1.6169267892837524,0.0181,0.0,37.4786,20.1491,incorrect,T169_S09.M07
S-T169.1,1512,-1.4721062183380127,0.1601,0.0686,11.1665,6.9308,incorrect,T169_S09.M08
S-T169.1,1513,-1.4735156297683716,0.0297,0.0098,30.3265,18.6938,incorrect,T169_S09.M09
S-T169.1,1514,-1.9429775476455688,0.0524,0.0,22.5212,8.1956,incorrect,T169_S09.M10
S-T169.1,1515,-1.4749712944030762,0.1105,0.0215,14.3196,6.5716,incorrect,T169_S10.M01
S-T169.1,1516,-2.1030936241149902,0.113,0.0,14.0516,5.4192,incorrect,T169_S10.M02
S-T169.1,1517,-1.4799424409866333,0.069,0.0,17.8316,10.0342,incorrect,T169_S10.M03
S-T169.1,1518,-1.4737361669540405,0.0357,0.0098,27.0745,17.0979,incorrect,T169_S10.M04
S-T169.1,1519,-1.5724904537200928,0.0238,0.0,31.8735,21.1422,incorrect,T169_S10.M05
S-T169.1,1520,-1.4901000261306763,0.0166,0.0098,45.1202,19.7728,incorrect,T169_S10.M06
S-T169.1,1521,-1.5138019323349,0.0192,0.0,36.4117,19.5599,incorrect,T169_S10.M07
S-T169.1,1522,-1.4645429849624634,0.0193,0.0104,40.9301,19.1075,incorrect,T169_S10.M08
S-T169.1,1523,-1.443901777267456,0.0171,0.0,38.7389,20.2182,incorrect,T169_S10.M09
S-T169.1,1524,-1.5126885175704956,0.044,0.0,23.4632,11.7282,incorrect,T169_S10.M10
S-T169.1,1525,-1.435795545578003,0.0333,0.0222,31.8706,14.0158,incorrect,T169_S11.M01
S-T169.1,1526,-1.6166470050811768,0.047,0.0215,25.5462,10.5225,incorrect,T169_S11.M02
S-T169.1,1527,-1.4518412351608276,0.019,0.0,37.068,17.7533,incorrect,T169_S11.M03
S-T169.1,1528,-1.5852211713790894,0.0451,0.0215,25.5456,12.5646,incorrect,T169_S11.M04
S-T169.1,1529,-1.4834626913070679,0.0336,0.0333,34.4578,14.7722,incorrect,T169_S11.M05
S-T169.1,1530,-1.6352825164794922,0.0325,0.0,28.6454,11.5762,incorrect,T169_S11.M06
S-T169.1,1531,-1.486887812614441,0.0373,0.0222,29.0867,14.2673,incorrect,T169_S11.M07
S-T169.1,1532,-1.4186885356903076,0.0181,0.0,37.8544,19.0468,incorrect,T169_S11.M08
S-T169.1,1533,-1.5557866096496582,0.0181,0.0,37.8616,19.0045,incorrect,T169_S11.M09
S-T169.1,1534,-1.5265637636184692,0.0756,0.0588,19.7138,14.0609,incorrect,T169_S14.M01
S-T169.1,1535,-1.4860905408859253,0.016,0.0,40.903,18.3308,incorrect,T169_S14.M02
S-T169.1,1536,-1.4033242464065552,0.0365,0.0,25.2546,17.0689,incorrect,T169_S14.M03
S-T169.1,1537,-1.5930399894714355,0.0539,0.0588,26.4087,15.6538,incorrect,T169_S14.M04
S-T169.1,1538,-1.4369670152664185,0.2539,0.0392,6.5688,4.5898,incorrect,T169_S14.M05
S-T169.1,1539,-1.3982398509979248,0.0151,0.0,41.6709,20.3734,incorrect,T169_S14.M06
S-T169.1,1540,-1.5558637380599976,0.0379,0.0196,27.5634,17.4066,incorrect,T169_S14.M07
S-T169.1,1541,-1.4541057348251343,0.0304,0.0098,30.0533,17.616,incorrect,T169_S14.M08
S-T169.1,1542,-1.4158611297607422,0.0137,0.0,44.9209,18.4446,incorrect,T169_S14.M09
S-T169.1,1543,-1.4739803075790405,0.0272,0.0,30.3232,15.9968,incorrect,T169_S14.M10
S-T169.1,1544,-1.4967325925827026,0.069,0.0,17.8331,10.0317,incorrect,T169_S17.M01
S-T169.1,1545,-1.4541079998016357,0.0694,0.0,17.7654,10.0314,incorrect,T169_S17.M02
S-T169.1,1546,-1.5753751993179321,0.0188,0.0,36.3527,21.924,incorrect,T169_S17.M03
S-T169.1,1547,-1.5050677061080933,0.0178,0.0,38.0217,19.4212,incorrect,T169_S17.M04
S-T169.1,1548,-1.4575635194778442,0.0334,0.0,26.679,16.6441,incorrect,T169_S17.M05
S-T169.1,1549,-1.4580318927764893,0.0357,0.0098,27.0778,17.0499,incorrect,T169_S17.M06
S-T169.1,1550,-1.5557864904403687,0.0181,0.0,37.8616,19.0045,incorrect,T169_S17.M07
S-T169.1,1551,-1.3637152910232544,0.0351,0.0098,27.3461,17.4008,incorrect,T169_S17.M08
S-T169.1,1552,-1.5198460817337036,0.0234,0.0,32.2455,20.9471,incorrect,T169_S17.M09
S-T169.1,1553,-1.4518412351608276,0.019,0.0,37.068,17.7533,incorrect,T169_S17.M10
S-T169.1,1554,-1.4773205518722534,0.0169,0.0,40.4627,16.3507,incorrect,T169_S24.M01
S-T169.1,1555,-1.4411113262176514,0.0142,0.0,43.5146,19.715,incorrect,T169_S24.M02
S-T169.1,1556,-1.5058506727218628,0.0099,0.0,52.2705,23.7005,incorrect,T169_S24.M03
S-T169.1,1557,-1.5047401189804077,0.0259,0.0098,33.892,15.8919,incorrect,T169_S24.M04
S-T169.1,1558,-1.412978172302246,0.016,0.0,40.9095,18.3292,incorrect,T169_S24.M05
S-T169.1,1559,-1.5417146682739258,0.044,0.0,23.4653,11.7305,incorrect,T169_S24.M06
S-T169.1,1560,-1.6560403108596802,0.0397,0.0,25.2064,11.4117,incorrect,T169_S24.M07
S-T169.1,1561,-1.5296635627746582,0.0164,0.0,39.989,19.3386,incorrect,T169_S24.M08
S-T169.1,1562,-1.5428940057754517,0.0192,0.0,36.4156,19.564,incorrect,T169_S24.M09
S-T169.1,1563,-1.571632742881775,0.0232,0.0,32.3008,21.2656,incorrect,T169_S24.M10
S-T169.1,1564,-1.6214680671691895,0.0469,0.0215,25.5936,10.5128,incorrect,T169_S31.M01
S-T169.1,1565,-1.4461781978607178,0.0688,0.0,17.8667,10.0493,incorrect,T169_S31.M02
S-T169.1,1566,-1.553352952003479,0.0141,0.0,42.7599,22.9186,incorrect,T169_S31.M03
S-T169.1,1567,-1.5771540403366089,0.0186,0.0,36.5423,22.0184,incorrect,T169_S31.M04
S-T169.1,1568,-1.4644109010696411,0.0137,0.0,44.9369,18.5085,incorrect,T169_S31.M05
S-T169.1,1569,-1.5278010368347168,0.0255,0.0,31.5135,15.9066,incorrect,T169_S31.M06
S-T169.1,1570,-1.507269024848938,0.0196,0.0196,45.5464,19.8275,incorrect,T169_S31.M07
S-T169.1,1571,-1.5020334720611572,0.0319,0.0098,28.6926,20.4284,incorrect,T169_S31.M08
S-T169.1,1572,-1.4886811971664429,0.0174,0.0,38.3609,20.3041,incorrect,T169_S31.M09
S-T169.1,1573,-1.476044774055481,0.0202,0.0098,40.1939,16.5668,incorrect,T169_S31.M10
S-T169.1,1574,-1.4466696977615356,0.019,0.0,37.0671,17.7567,incorrect,T169_S32.M01
S-T169.1,1575,-1.5094014406204224,0.018,0.0,37.8722,19.0122,incorrect,T169_S32.M02
S-T169.1,1576,-1.4000897407531738,0.018,0.0,37.8738,19.0537,incorrect,T169_S32.M03
S-T169.1,1577,-1.5190458297729492,0.0138,0.0,44.0376,20.3846,incorrect,T169_S32.M04
S-T169.1,1578,-1.4627999067306519,0.0142,0.0,43.6622,19.3408,incorrect,T169_S32.M05
S-T169.1,1579,-1.4098987579345703,0.0109,0.0,49.7141,23.1609,incorrect,T169_S32.M06
S-T169.1,1580,-1.4677594900131226,0.0144,0.0,43.2449,19.3857,incorrect,T169_S32.M07
S-T169.1,1581,-1.4571255445480347,0.0112,0.0,49.0803,22.0717,incorrect,T169_S32.M08
S-T169.1,1582,-1.5661892890930176,0.0141,0.0,44.0092,18.9576,incorrect,T169_S32.M09
S-T169.1,1583,-1.5588054656982422,0.0141,0.0,42.7495,22.9173,incorrect,T169_S32.M10
S-T169.1,1584,-1.598145842552185,0.0471,0.0215,25.517,10.4999,incorrect,T169_S33.M01
S-T169.1,1585,-1.5536123514175415,0.018,0.0,37.9047,19.0414,incorrect,T169_S33.M02
S-T169.1,1586,-1.4673465490341187,0.0348,0.0521,39.2781,17.3077,incorrect,T169_S33.M03
S-T169.1,1587,-1.488348364830017,0.019,0.0,37.0998,17.7812,incorrect,T169_S33.M04
S-T169.1,1588,-1.5511047840118408,0.0261,0.0,32.1984,13.0602,incorrect,T169_S33.M05
S-T169.1,1589,-1.4154188632965088,0.0173,0.0104,44.7471,18.5083,incorrect,T169_S33.M06
S-T169.1,1590,-1.4193964004516602,0.0141,0.0,43.5217,19.8275,incorrect,T169_S33.M07
S-T169.1,1591,-1.5949597358703613,0.0452,0.0215,25.5188,12.5322,incorrect,T169_S33.M08
S-T169.1,1592,-1.4894142150878906,0.0192,0.0104,41.0278,19.1573,incorrect,T169_S33.M09
S-T169.1,1593,-1.4604606628417969,0.0308,0.0294,34.4494,19.9605,incorrect,T169_S33.M10
S-T169.1,1594,-1.5981457233428955,0.0471,0.0215,25.517,10.4999,incorrect,T169_S34.M01
S-T169.1,1595,-1.5949597358703613,0.0452,0.0215,25.5188,12.5322,incorrect,T169_S34.M02
S-T169.1,1596,-1.488348364830017,0.019,0.0,37.0998,17.7812,incorrect,T169_S34.M03
S-T169.1,1597,-1.553612232208252,0.018,0.0,37.9047,19.0414,incorrect,T169_S34.M04
S-T169.1,1598,-1.4673465490341187,0.0348,0.0521,39.2781,17.3077,incorrect,T169_S34.M05
S-T169.1,1599,-1.4894143342971802,0.0192,0.0104,41.0278,19.1573,incorrect,T169_S34.M06
S-T169.1,1600,-1.4154187440872192,0.0173,0.0104,44.7471,18.5083,incorrect,T169_S34.M07
S-T169.1,1601,-1.5511049032211304,0.0261,0.0,32.1984,13.0602,incorrect,T169_S34.M08
S-T169.1,1602,-1.4193962812423706,0.0141,0.0,43.5217,19.8275,incorrect,T169_S34.M09
S-T169.1,1603,-1.4604605436325073,0.0308,0.0294,34.4494,19.9605,incorrect,T169_S34.M10
S-T169.1,1604,-1.6214678287506104,0.0469,0.0215,25.5936,10.5128,incorrect,T169_S36.M01
S-T169.1,1605,-1.6336604356765747,0.0079,0.0,58.7144,27.2146,incorrect,T169_S36.M02
S-T169.1,1606,-1.4461781978607178,0.0688,0.0,17.8667,10.0493,incorrect,T169_S36.M03
S-T169.1,1607,-1.5533528327941895,0.0141,0.0,42.7599,22.9186,incorrect,T169_S36.M04
S-T169.1,1608,-1.5771541595458984,0.0186,0.0,36.5423,22.0184,incorrect,T169_S36.M05
S-T169.1,1609,-1.6154850721359253,0.0106,0.0,50.404,23.0118,incorrect,T169_S36.M06
S-T169.1,1610,-1.4644107818603516,0.0137,0.0,44.9369,18.5085,incorrect,T169_S36.M07
S-T169.1,1611,-1.5278010368347168,0.0255,0.0,31.5135,15.9066,incorrect,T169_S36.M08
S-T169.1,1612,-1.507269024848938,0.0196,0.0196,45.5464,19.8275,incorrect,T169_S36.M09
S-T169.1,1613,-1.5020334720611572,0.0319,0.0098,28.6926,20.4284,incorrect,T169_S36.M10
S-T169.1,1614,-1.4967325925827026,0.069,0.0,17.8331,10.0317,incorrect,T169_S43.M01
S-T169.1,1615,-1.522483229637146,0.044,0.0,22.7151,15.5127,incorrect,T169_S43.M02
S-T169.1,1616,-1.4575634002685547,0.0334,0.0,26.679,16.6441,incorrect,T169_S43.M03
S-T169.1,1617,-1.636619210243225,0.0755,0.0588,19.747,14.0491,incorrect,T169_S43.M04
S-T169.1,1618,-1.451841115951538,0.019,0.0,37.068,17.7533,incorrect,T169_S43.M05
S-T169.1,1619,-1.522146463394165,0.0466,0.0,22.7033,11.4458,incorrect,T169_S43.M06
S-T169.1,1620,-1.5102567672729492,0.0432,0.0,23.3455,13.2785,incorrect,T169_S43.M07
S-T169.1,1621,-1.5050679445266724,0.0178,0.0,38.0217,19.4212,incorrect,T169_S43.M08
S-T169.1,1622,-1.4200550317764282,0.0144,0.0,43.247,19.3805,incorrect,T169_S43.M09
S-T169.1,1623,-1.5100191831588745,0.0257,0.0098,34.1053,15.9659,incorrect,T169_S43.M10
S-T169.1,1624,-1.3657909631729126,0.0811,0.0098,17.0387,7.9623,incorrect,T169_S48.M01
S-T169.1,1625,-1.4608054161071777,0.0297,0.0,29.5621,13.2765,incorrect,T169_S48.M02
S-T169.1,1626,-1.4714865684509277,0.015,0.0,42.2692,19.1534,incorrect,T169_S48.M03
S-T169.1,1627,-1.4550784826278687,0.2295,0.0196,7.2268,4.818,incorrect,T169_S48.M04
S-T169.1,1628,-1.495582938194275,0.0297,0.0098,30.3265,18.6938,incorrect,T169_S48.M05
S-T169.1,1629,-1.5173423290252686,0.139,0.0294,12.059,6.1845,incorrect,T169_S48.M06
S-T169.1,1630,-1.8224281072616577,0.0099,0.0,52.3503,23.2878,incorrect,T169_S48.M07
S-T169.1,1631,-1.6506867408752441,0.0112,0.0,49.5968,20.7555,incorrect,T169_S48.M08
S-T169.1,1632,-1.582477331161499,0.0097,0.0,53.2428,23.1393,incorrect,T169_S48.M09
S-T169.1,1633,-1.4474955797195435,0.2041,0.0294,8.3671,5.2678,incorrect,T169_S48.M10
S-T169.1,1634,-1.495582938194275,0.0297,0.0098,30.3265,18.6938,incorrect,T169_S54.M01
S-T169.1,1635,-1.4177987575531006,0.017,0.0,40.2402,16.4902,incorrect,T169_S54.M02
S-T169.1,1636,-1.6352825164794922,0.0325,0.0,28.6454,11.5762,incorrect,T169_S54.M03
S-T169.1,1637,-1.4663416147232056,0.0257,0.0,30.7342,19.3781,incorrect,T169_S54.M04
S-T169.1,1638,-1.4755882024765015,0.029,0.0098,30.6593,19.4164,incorrect,T169_S54.M05
S-T169.1,1639,-1.4451714754104614,0.022,0.0,33.4068,20.4667,incorrect,T169_S54.M06
S-T169.1,1640,-1.4159142971038818,0.0524,0.0098,21.8861,11.631,incorrect,T169_S54.M07
S-T169.1,1641,-1.5852211713790894,0.0451,0.0215,25.5456,12.5646,incorrect,T169_S54.M08
S-T169.1,1642,-1.5852210521697998,0.0451,0.0215,25.5456,12.5646,incorrect,T169_S54.M09
S-T169.1,1643,-1.6166472434997559,0.047,0.0215,25.5462,10.5225,incorrect,T169_S54.M10
S-T176.1,1465,-1.4521915912628174,0.2028,0.2083,13.2333,4.3037,incorrect,T176_S02.M01
S-T176.1,1466,-1.493964672088623,0.0408,0.0278,28.0709,14.5492,incorrect,T176_S02.M02
S-T176.1,1467,-1.361858606338501,0.2576,0.2361,11.0374,3.3809,acceptable,T176_S02.M03
S-T176.1,1468,-1.4565271139144897,0.0532,0.0417,24.4778,14.851,incorrect,T176_S02.M04
S-T176.1,1469,-1.5729604959487915,0.0688,0.0538,23.3789,7.7848,incorrect,T176_S02.M05
S-T176.1,1470,-1.438963770866394,0.0825,0.0538,19.9837,7.3315,incorrect,T176_S02.M06
S-T176.1,1471,-1.3978517055511475,0.0382,0.0,24.6848,16.0585,incorrect,T176_S02.M07
S-T176.1,1472,-1.4488029479980469,0.0395,0.0139,26.3823,14.6366,incorrect,T176_S02.M08
S-T176.1,1473,-1.478525996208191,0.048,0.0323,25.1308,15.448,incorrect,T176_S02.M09
S-T176.1,1474,-1.4729276895523071,0.0763,0.0538,21.392,7.5046,incorrect,T176_S02.M10
S-T176.1,1475,-1.5530024766921997,0.0575,0.0538,25.2766,11.4516,incorrect,T176_S03.M01
S-T176.1,1476,-1.4429093599319458,0.0452,0.0215,24.9499,15.1358,incorrect,T176_S03.M02
S-T176.1,1477,-1.5261881351470947,0.0586,0.0538,24.832,11.4397,incorrect,T176_S03.M03
S-T176.1,1478,-1.397851586341858,0.0382,0.0,24.6848,16.0585,incorrect,T176_S03.M04
S-T176.1,1479,-1.4946253299713135,0.3247,0.3194,9.2579,3.0229,acceptable,T176_S03.M05
S-T176.1,1480,-1.4049291610717773,0.0484,0.0,24.1268,7.9025,incorrect,T176_S03.M06
S-T176.1,1481,-1.5202934741973877,0.0279,0.0,31.2909,12.21,incorrect,T176_S03.M07
S-T176.1,1482,-1.4565269947052002,0.0532,0.0417,24.4778,14.851,incorrect,T176_S03.M08
S-T176.1,1483,-1.4747542142868042,0.0394,0.0,27.7844,8.1504,incorrect,T176_S03.M09
S-T176.1,1484,-1.460684061050415,0.0504,0.0323,24.3237,14.6649,incorrect,T176_S03.M10
S-T176.1,1485,-1.5352716445922852,0.0143,0.0,44.5561,16.9738,incorrect,T176_S06.M01
S-T176.1,1486,-1.5617269277572632,0.0589,0.0538,24.7368,11.4042,incorrect,T176_S06.M02
S-T176.1,1487,-1.3275548219680786,0.0862,0.0753,20.8196,7.2875,incorrect,T176_S06.M03
S-T176.1,1488,-1.5113484859466553,0.0715,0.1071,25.7,15.8807,incorrect,T176_S06.M04
S-T176.1,1489,-1.419427752494812,0.0371,0.0,25.4276,14.3988,incorrect,T176_S06.M05
S-T176.1,1490,-1.4733707904815674,0.0251,0.0,32.5377,14.0246,incorrect,T176_S06.M06
S-T176.1,1491,-1.444074034690857,0.0129,0.0,47.8349,16.4839,incorrect,T176_S06.M07
S-T176.1,1492,-1.343437910079956,0.0339,0.0,28.7429,10.1457,incorrect,T176_S06.M08
S-T176.1,1493,-1.5594626665115356,0.0221,0.0,35.3103,13.8213,incorrect,T176_S06.M09
S-T176.1,1494,-1.6475173234939575,0.0413,0.0,24.5748,11.3807,incorrect,T176_S06.M10
S-T176.1,1495,-1.540077805519104,0.0473,0.0,22.2311,12.4356,incorrect,T176_S07.M01
S-T176.1,1496,-1.464211344718933,0.036,0.0,25.4267,17.1416,incorrect,T176_S07.M02
S-T176.1,1497,-1.5682082176208496,0.0921,0.0753,18.6667,8.6056,incorrect,T176_S07.M03
S-T176.1,1498,-1.6365118026733398,0.0979,0.1183,20.6223,8.4487,incorrect,T176_S07.M04
S-T176.1,1499,-1.4319027662277222,0.0706,0.0538,22.0623,8.7729,incorrect,T176_S07.M05
S-T176.1,1500,-1.4656659364700317,0.2113,0.2361,13.2591,4.3396,incorrect,T176_S07.M06
S-T176.1,1501,-1.555044174194336,0.0471,0.0215,25.3521,11.0218,incorrect,T176_S07.M07
S-T176.1,1502,-1.5515328645706177,0.0752,0.0968,24.6719,9.9151,incorrect,T176_S07.M08
S-T176.1,1503,-1.4710060358047485,0.0677,0.0645,23.4348,10.0087,incorrect,T176_S07.M09
S-T176.1,1504,-1.545117974281311,0.0657,0.0753,25.7252,9.6147,incorrect,T176_S07.M10
S-T176.1,1505,-1.5550442934036255,0.0471,0.0215,25.3521,11.0218,incorrect,T176_S08.M01
S-T176.1,1506,-1.471006155014038,0.0677,0.0645,23.4348,10.0087,incorrect,T176_S08.M02
S-T176.1,1507,-1.545117974281311,0.0657,0.0753,25.7252,9.6147,incorrect,T176_S08.M03
S-T176.1,1508,-1.5195565223693848,0.0484,0.0,21.9198,12.3221,incorrect,T176_S08.M04
S-T176.1,1509,-1.540077567100525,0.0473,0.0,22.2311,12.4356,incorrect,T176_S08.M05
S-T176.1,1510,-1.5515328645706177,0.0752,0.0968,24.6719,9.9151,incorrect,T176_S08.M06
S-T176.1,1511,-1.518251657485962,0.034,0.0108,30.7905,10.4332,incorrect,T176_S08.M07
S-T176.1,1512,-1.589524269104004,0.0471,0.0357,28.2319,9.9411,incorrect,T176_S08.M08
S-T176.1,1513,-1.7092604637145996,0.0572,0.0538,25.3757,11.4856,incorrect,T176_S08.M09
S-T176.1,1514,-1.6365116834640503,0.0979,0.1183,20.6223,8.4487,incorrect,T176_S08.M10
S-T176.1,1515,-1.4634592533111572,0.0532,0.0417,24.4777,14.851,incorrect,T176_S09.M01
S-T176.1,1516,-1.369238018989563,0.2576,0.2361,11.0374,3.3809,acceptable,T176_S09.M02
S-T176.1,1517,-1.5085424184799194,0.0674,0.043,23.0094,7.4211,incorrect,T176_S09.M03
S-T176.1,1518,-1.531172275543213,0.038,0.0,25.2124,13.6142,incorrect,T176_S09.M04
S-T176.1,1519,-1.457330346107483,0.0395,0.0139,26.3823,14.6366,incorrect,T176_S09.M05
S-T176.1,1520,-1.5431379079818726,0.0435,0.043,30.2859,12.3697,incorrect,T176_S09.M06
S-T176.1,1521,-1.5127174854278564,0.0506,0.0,22.6217,8.8059,incorrect,T176_S09.M07
S-T176.1,1522,-1.4601027965545654,0.0911,0.0538,18.7194,6.6551,incorrect,T176_S09.M08
S-T176.1,1523,-1.4682523012161255,0.0862,0.0215,17.9234,6.3501,incorrect,T176_S09.M09
S-T176.1,1524,-1.5204143524169922,0.085,0.0556,19.7322,7.1114,incorrect,T176_S09.M10
S-T176.1,1525,-1.479069709777832,0.0504,0.0323,24.3272,14.6653,incorrect,T176_S10.M01
S-T176.1,1526,-1.5730667114257812,0.0588,0.0538,24.7892,11.3657,incorrect,T176_S10.M02
S-T176.1,1527,-1.6903491020202637,0.0403,0.0,25.0879,11.0728,incorrect,T176_S10.M03
S-T176.1,1528,-1.4328727722167969,0.0132,0.0,47.1959,16.4141,incorrect,T176_S10.M04
S-T176.1,1529,-1.5434225797653198,0.0155,0.0,44.0862,14.479,incorrect,T176_S10.M05
S-T176.1,1530,-1.4892549514770508,0.0305,0.0,28.5443,15.0026,incorrect,T176_S10.M06
S-T176.1,1531,-1.456838607788086,0.0182,0.0,39.2399,15.205,incorrect,T176_S10.M07
S-T176.1,1532,-1.5972450971603394,0.0141,0.0,45.4893,16.203,incorrect,T176_S10.M08
S-T176.1,1533,-1.6096524000167847,0.0145,0.0,44.1289,17.0708,incorrect,T176_S10.M09
S-T176.1,1534,-1.5186562538146973,0.0339,0.0,26.9377,14.045,incorrect,T176_S10.M10
S-T176.1,1535,-1.614896535873413,0.0677,0.0753,24.8924,9.6224,incorrect,T176_S11.M01
S-T176.1,1536,-1.5140048265457153,0.0447,0.0108,25.2076,10.2541,incorrect,T176_S11.M02
S-T176.1,1537,-1.4488029479980469,0.0395,0.0139,26.3823,14.6366,incorrect,T176_S11.M03
S-T176.1,1538,-1.452191710472107,0.2028,0.2083,13.2333,4.3037,incorrect,T176_S11.M04
S-T176.1,1539,-1.484593152999878,0.4841,0.1944,3.5097,1.8225,acceptable,T176_S11.M05
S-T176.1,1540,-1.3618587255477905,0.2576,0.2361,11.0374,3.3809,acceptable,T176_S11.M06
S-T176.1,1541,-1.543540358543396,0.058,0.0538,25.8202,9.9361,incorrect,T176_S11.M07
S-T176.1,1542,-1.4910156726837158,0.051,0.0417,25.1949,15.7812,incorrect,T176_S11.M08
S-T176.1,1543,-1.4935880899429321,0.0745,0.1071,24.4534,15.9838,incorrect,T176_S11.M09
S-T176.1,1544,-1.4407628774642944,0.3803,0.3056,6.6425,2.8747,acceptable,T176_S11.M10
S-T176.1,1545,-1.5810788869857788,0.0142,0.0,45.1977,16.2775,incorrect,T176_S14.M01
S-T176.1,1546,-1.5528008937835693,0.0394,0.0,27.7847,8.1678,incorrect,T176_S14.M02
S-T176.1,1547,-1.4835655689239502,0.0142,0.0,44.5427,17.411,incorrect,T176_S14.M03
S-T176.1,1548,-1.4156056642532349,0.0256,0.0,32.1502,13.8834,incorrect,T176_S14.M04
S-T176.1,1549,-1.6748631000518799,0.0143,0.0,44.6205,16.9598,incorrect,T176_S14.M05
S-T176.1,1550,-1.376961350440979,0.0273,0.0,32.3621,11.2453,incorrect,T176_S14.M06
S-T176.1,1551,-1.6331698894500732,0.0139,0.0,45.3072,17.1272,incorrect,T176_S14.M07
S-T176.1,1552,-1.5270074605941772,0.0585,0.0108,22.4811,7.416,incorrect,T176_S14.M08
S-T176.1,1553,-1.6813626289367676,0.0145,0.0,44.1171,17.0888,incorrect,T176_S14.M09
S-T176.1,1554,-1.5794000625610352,0.0351,0.0108,28.0435,14.8036,incorrect,T176_S14.M10
S-T176.1,1555,-1.452191710472107,0.2028,0.2083,13.2333,4.3037,incorrect,T176_S17.M01
S-T176.1,1556,-1.493964433670044,0.0408,0.0278,28.0709,14.5492,incorrect,T176_S17.M02
S-T176.1,1557,-1.361858606338501,0.2576,0.2361,11.0374,3.3809,acceptable,T176_S17.M03
S-T176.1,1558,-1.4565271139144897,0.0532,0.0417,24.4778,14.851,incorrect,T176_S17.M04
S-T176.1,1559,-1.5729607343673706,0.0688,0.0538,23.3789,7.7848,incorrect,T176_S17.M05
S-T176.1,1560,-1.438963532447815,0.0825,0.0538,19.9837,7.3315,incorrect,T176_S17.M06
S-T176.1,1561,-1.3978517055511475,0.0382,0.0,24.6848,16.0585,incorrect,T176_S17.M07
S-T176.1,1562,-1.4488029479980469,0.0395,0.0139,26.3823,14.6366,incorrect,T176_S17.M08
S-T176.1,1563,-1.4785261154174805,0.048,0.0323,25.1308,15.448,incorrect,T176_S17.M09
S-T176.1,1564,-1.4729276895523071,0.0763,0.0538,21.392,7.5046,incorrect,T176_S17.M10
S-T176.1,1565,-1.5617119073867798,0.0577,0.0538,25.1875,11.4079,incorrect,T176_S24.M01
S-T176.1,1566,-1.4727892875671387,0.0474,0.0,23.1778,9.639,incorrect,T176_S24.M02
S-T176.1,1567,-1.5000381469726562,0.0135,0.0,46.6762,16.2753,incorrect,T176_S24.M03
S-T176.1,1568,-1.4970903396606445,0.0293,0.0,29.1838,15.0881,incorrect,T176_S24.M04
S-T176.1,1569,-1.6983612775802612,0.0148,0.0,43.7911,16.6349,incorrect,T176_S24.M05
S-T176.1,1570,-1.473244071006775,0.0392,0.0139,26.5073,14.754,incorrect,T176_S31.M01
S-T176.1,1571,-1.4285553693771362,0.05,0.0323,24.4432,14.7483,incorrect,T176_S31.M02
S-T176.1,1572,-1.479589819908142,0.0631,0.043,23.6896,8.2329,incorrect,T176_S31.M03
S-T176.1,1573,-1.5589195489883423,0.0351,0.0108,30.0423,10.4137,incorrect,T176_S31.M04
S-T176.1,1574,-1.4420086145401,0.0744,0.1071,24.5008,16.0151,incorrect,T176_S31.M05
S-T176.1,1575,-1.4635214805603027,0.0476,0.0323,25.2683,15.5617,incorrect,T176_S31.M06
S-T176.1,1576,-1.5266779661178589,0.0405,0.0278,28.2135,14.6489,incorrect,T176_S31.M07
S-T176.1,1577,-1.515474557876587,0.0666,0.0645,23.8835,9.9129,incorrect,T176_S31.M08
S-T176.1,1578,-1.5456424951553345,0.0459,0.0108,25.5644,8.9868,incorrect,T176_S31.M09
S-T176.1,1579,-1.5098823308944702,0.0849,0.0556,19.7354,7.147,incorrect,T176_S31.M10
S-T176.1,1580,-1.4574790000915527,0.0394,0.0,27.808,8.1685,incorrect,T176_S32.M01
S-T176.1,1581,-1.4156056642532349,0.0256,0.0,32.1502,13.8834,incorrect,T176_S32.M02
S-T176.1,1582,-1.4228705167770386,0.0273,0.0,32.3619,11.2426,incorrect,T176_S32.M03
S-T176.1,1583,-1.5270073413848877,0.0585,0.0108,22.4811,7.416,incorrect,T176_S32.M04
S-T176.1,1584,-1.5197607278823853,0.0351,0.0108,28.0442,14.8004,incorrect,T176_S32.M05
S-T176.1,1585,-1.4721094369888306,0.0849,0.0556,19.7489,7.1257,incorrect,T176_S32.M06
S-T176.1,1586,-1.4523003101348877,0.3323,0.0753,5.5178,2.8392,incorrect,T176_S32.M07
S-T176.1,1587,-1.4796884059906006,0.1939,0.1806,13.2288,4.2975,incorrect,T176_S32.M08
S-T176.1,1588,-1.4031519889831543,0.0394,0.0139,26.4073,14.6556,incorrect,T176_S32.M09
S-T176.1,1589,-1.544025182723999,0.1865,0.0323,9.9882,4.3221,incorrect,T176_S32.M10
S-T176.1,1590,-1.4110485315322876,0.0531,0.0417,24.5367,14.9069,incorrect,T176_S33.M01
S-T176.1,1591,-1.4728978872299194,0.0206,0.0,37.7406,12.7554,incorrect,T176_S33.M02
S-T176.1,1592,-1.460610270500183,0.3759,0.2917,6.6381,2.8701,acceptable,T176_S33.M03
S-T176.1,1593,-1.4970905780792236,0.0851,0.0556,19.7093,7.1189,incorrect,T176_S33.M04
S-T176.1,1594,-1.476703405380249,0.035,0.0,26.4996,13.8195,incorrect,T176_S33.M05
S-T176.1,1595,-1.3901304006576538,0.257,0.2361,11.0815,3.3797,acceptable,T176_S33.M06
S-T176.1,1596,-1.4658875465393066,0.035,0.0,26.2549,14.8071,incorrect,T176_S33.M07
S-T176.1,1597,-1.487898588180542,0.1779,0.1183,11.6943,5.4622,incorrect,T176_S33.M08
S-T176.1,1598,-1.374390721321106,0.0192,0.0,39.5579,12.9085,incorrect,T176_S33.M09
S-T176.1,1599,-1.5833361148834229,0.012,0.0,49.8637,16.9006,incorrect,T176_S33.M10
S-T176.1,1600,-1.4970906972885132,0.0851,0.0556,19.7093,7.1189,incorrect,T176_S34.M01
S-T176.1,1601,-1.476703405380249,0.035,0.0,26.4996,13.8195,incorrect,T176_S34.M02
S-T176.1,1602,-1.390130639076233,0.257,0.2361,11.0815,3.3797,acceptable,T176_S34.M03
S-T176.1,1603,-1.4110487699508667,0.0531,0.0417,24.5367,14.9069,incorrect,T176_S34.M04
S-T176.1,1604,-1.4658876657485962,0.035,0.0,26.2549,14.8071,incorrect,T176_S34.M05
S-T176.1,1605,-1.4606105089187622,0.3759,0.2917,6.6381,2.8701,acceptable,T176_S34.M06
S-T176.1,1606,-1.487898588180542,0.1779,0.1183,11.6943,5.4622,incorrect,T176_S34.M07
S-T176.1,1607,-1.515746831893921,0.0579,0.0357,22.6907,12.316,incorrect,T176_S34.M08
S-T176.1,1608,-1.3743906021118164,0.0192,0.0,39.5579,12.9085,incorrect,T176_S34.M09
S-T176.1,1609,-1.4557291269302368,0.0333,0.0,26.8315,16.0655,incorrect,T176_S34.M10
S-T176.1,1610,-1.473244071006775,0.0392,0.0139,26.5073,14.754,incorrect,T176_S36.M01
S-T176.1,1611,-1.4285553693771362,0.05,0.0323,24.4432,14.7483,incorrect,T176_S36.M02
S-T176.1,1612,-1.479589581489563,0.0631,0.043,23.6896,8.2329,incorrect,T176_S36.M03
S-T176.1,1613,-1.55892014503479,0.0351,0.0108,30.0423,10.4137,incorrect,T176_S36.M04
S-T176.1,1614,-1.4420087337493896,0.0744,0.1071,24.5008,16.0151,incorrect,T176_S36.M05
S-T176.1,1615,-1.4635215997695923,0.0476,0.0323,25.2683,15.5617,incorrect,T176_S36.M06
S-T176.1,1616,-1.526678204536438,0.0405,0.0278,28.2135,14.6489,incorrect,T176_S36.M07
S-T176.1,1617,-1.5154746770858765,0.0666,0.0645,23.8835,9.9129,incorrect,T176_S36.M08
S-T176.1,1618,-1.5456424951553345,0.0459,0.0108,25.5644,8.9868,incorrect,T176_S36.M09
S-T176.1,1619,-1.5098825693130493,0.0849,0.0556,19.7354,7.147,incorrect,T176_S36.M10
S-T176.1,1620,-1.452191710472107,0.2028,0.2083,13.2333,4.3037,incorrect,T176_S43.M01
S-T176.1,1621,-1.6148964166641235,0.0677,0.0753,24.8924,9.6224,incorrect,T176_S43.M02
S-T176.1,1622,-1.361858606338501,0.2576,0.2361,11.0374,3.3809,acceptable,T176_S43.M03
S-T176.1,1623,-1.519216775894165,0.0463,0.0108,25.4092,8.9468,incorrect,T176_S43.M04
S-T176.1,1624,-1.493964672088623,0.0408,0.0278,28.0709,14.5492,incorrect,T176_S43.M05
S-T176.1,1625,-1.4606839418411255,0.0504,0.0323,24.3237,14.6649,incorrect,T176_S43.M06
S-T176.1,1626,-1.5163639783859253,0.0368,0.0,25.5307,14.424,incorrect,T176_S43.M07
S-T176.1,1627,-1.4389634132385254,0.0825,0.0538,19.9837,7.3315,incorrect,T176_S43.M08
S-T176.1,1628,-1.4294121265411377,0.0621,0.0556,25.0475,8.9803,incorrect,T176_S43.M09
S-T176.1,1629,-1.3725513219833374,0.0337,0.0,29.16,9.8118,incorrect,T176_S43.M10
S-T176.1,1630,-1.4876309633255005,0.018,0.0,38.4614,17.3586,incorrect,T176_S48.M01
S-T176.1,1631,-1.4759724140167236,0.0178,0.0,39.7517,15.2433,incorrect,T176_S48.M02
S-T176.1,1632,-1.5015822649002075,0.0168,0.0,40.2863,16.938,incorrect,T176_S48.M03
S-T176.1,1633,-1.5203993320465088,0.0197,0.0,36.7686,16.4538,incorrect,T176_S48.M04
S-T176.1,1634,-1.5910840034484863,0.0132,0.0,47.3933,16.3798,incorrect,T176_S48.M05
S-T176.1,1635,-1.535008430480957,0.0201,0.0,36.0396,17.1755,incorrect,T176_S48.M06
S-T176.1,1636,-1.4890707731246948,0.0128,0.0,47.3139,17.6345,incorrect,T176_S48.M07
S-T176.1,1637,-1.5957235097885132,0.0383,0.0,25.5057,12.1265,incorrect,T176_S48.M08
S-T176.1,1638,-1.4226754903793335,0.0255,0.0,32.5724,13.2135,incorrect,T176_S48.M09
S-T176.1,1639,-1.5000380277633667,0.0135,0.0,46.6762,16.2753,incorrect,T176_S48.M10
S-T176.1,1640,-1.6253103017807007,0.0721,0.0714,23.9175,8.0948,incorrect,T176_S54.M01
S-T176.1,1641,-1.5429710149765015,0.4281,0.6786,8.9432,3.8677,acceptable,T176_S54.M02
S-T176.1,1642,-1.4428576231002808,0.0682,0.1071,27.3993,15.0087,incorrect,T176_S54.M03
S-T176.1,1643,-1.4814672470092773,0.0559,0.0714,27.5027,15.3523,incorrect,T176_S54.M04
S-T176.1,1644,-1.484729290008545,0.0718,0.1071,25.4864,16.4564,incorrect,T176_S54.M05
S-T176.1,1645,-1.4845932722091675,0.4841,0.1944,3.5097,1.8225,acceptable,T176_S54.M06
S-T176.1,1646,-1.5122857093811035,0.2286,0.3571,14.4133,5.4357,incorrect,T176_S54.M07
S-T176.1,1647,-1.4488028287887573,0.0395,0.0139,26.3823,14.6366,incorrect,T176_S54.M08
S-T176.1,1648,-1.4700621366500854,0.0753,0.1071,24.1536,16.0166,incorrect,T176_S54.M09
S-T176.1,1649,-1.452191710472107,0.2028,0.2083,13.2333,4.3037,incorrect,T176_S54.M10
S-T180.1,886,-1.551646113395691,0.0211,0.0,36.1293,14.3139,incorrect,T180_S02.M01
S-T180.1,887,-1.5181962251663208,0.0675,0.0,17.6762,12.348,incorrect,T180_S02.M02
S-T180.1,888,-1.587018609046936,0.0599,0.0,19.1145,12.3657,incorrect,T180_S02.M03
S-T180.1,889,-1.5336817502975464,0.062,0.0583,24.4395,10.4752,incorrect,T180_S02.M04
S-T180.1,890,-1.5082306861877441,0.1737,0.165,12.4234,7.6328,incorrect,T180_S02.M05
S-T180.1,891,-1.543050765991211,0.0531,0.0291,23.7413,11.5297,incorrect,T180_S02.M06
S-T180.1,892,-1.561111330986023,0.0568,0.0291,22.3063,12.3559,incorrect,T180_S02.M07
S-T180.1,893,-1.5499153137207031,0.0629,0.0485,22.7859,10.94,incorrect,T180_S02.M08
S-T180.1,894,-1.5272891521453857,0.0754,0.0583,20.3732,10.5052,incorrect,T180_S02.M09
S-T180.1,895,-1.512702226638794,0.0271,0.0,29.693,19.8239,incorrect,T180_S02.M10
S-T180.1,896,-1.4564859867095947,0.077,0.0291,18.1484,9.9906,incorrect,T180_S03.M01
S-T180.1,897,-1.448791742324829,0.1741,0.165,12.3877,7.6322,incorrect,T180_S03.M02
S-T180.1,898,-1.4437830448150635,0.1162,0.2039,21.682,14.0272,incorrect,T180_S03.M03
S-T180.1,899,-1.5109556913375854,0.0807,0.0583,19.4126,9.7231,incorrect,T180_S03.M04
S-T180.1,900,-1.4813305139541626,0.0433,0.0,24.1592,10.5797,incorrect,T180_S03.M05
S-T180.1,901,-1.4614309072494507,0.0774,0.0291,18.0676,10.0142,incorrect,T180_S03.M06
S-T180.1,902,-1.4867054224014282,0.178,0.1748,12.3394,7.625,incorrect,T180_S03.M07
S-T180.1,903,-1.4351820945739746,0.0769,0.0291,18.1538,9.9923,incorrect,T180_S03.M08
S-T180.1,904,-1.4929319620132446,0.1446,0.233,17.6001,13.8402,incorrect,T180_S03.M09
S-T180.1,905,-1.4291350841522217,0.077,0.0291,18.1503,9.9907,incorrect,T180_S03.M10
S-T180.1,906,-1.4775573015213013,0.0699,0.068,22.8782,10.4049,incorrect,T180_S06.M01
S-T180.1,907,-1.4863636493682861,0.0572,0.0097,20.9471,10.4391,incorrect,T180_S06.M02
S-T180.1,908,-1.43740713596344,0.0772,0.0291,18.0631,10.1415,incorrect,T180_S06.M03
S-T180.1,909,-1.430117130279541,0.0773,0.0291,18.0751,10.0154,incorrect,T180_S06.M04
S-T180.1,910,-1.4614307880401611,0.0774,0.0291,18.0676,10.0142,incorrect,T180_S06.M05
S-T180.1,911,-1.4465633630752563,0.0773,0.0291,18.0756,10.0127,incorrect,T180_S06.M06
S-T180.1,912,-1.572800874710083,0.0372,0.0,26.1875,11.6192,incorrect,T180_S06.M07
S-T180.1,913,-1.5212992429733276,0.0461,0.0,23.0024,11.0382,incorrect,T180_S06.M08
S-T180.1,914,-1.4487918615341187,0.1741,0.165,12.3877,7.6322,incorrect,T180_S06.M09
S-T180.1,915,-1.4584338665008545,0.0945,0.0097,14.9763,8.5611,incorrect,T180_S06.M10
S-T180.1,916,-1.5639772415161133,0.0903,0.0971,20.7852,8.4449,incorrect,T180_S07.M01
S-T180.1,917,-1.6173341274261475,0.0741,0.0583,21.5537,8.5918,incorrect,T180_S07.M04
S-T180.1,918,-1.5526313781738281,0.1648,0.2816,16.98,13.592,incorrect,T180_S07.M05
S-T180.1,919,-1.5003019571304321,0.0825,0.0583,18.9598,9.9508,incorrect,T180_S07.M06
S-T180.1,920,-1.5545001029968262,0.0362,0.0,26.6363,11.6765,incorrect,T180_S07.M07
S-T180.1,921,-1.5185068845748901,0.341,0.3398,7.5928,3.9369,acceptable,T180_S07.M08
S-T180.1,922,-1.4714659452438354,0.0504,0.0,21.7598,10.8081,incorrect,T180_S07.M09
S-T180.1,923,-1.5639772415161133,0.0903,0.0971,20.7852,8.4449,incorrect,T180_S08.M01
S-T180.1,924,-1.4714659452438354,0.0504,0.0,21.7598,10.8081,incorrect,T180_S08.M02
S-T180.1,925,-1.5003019571304321,0.0825,0.0583,18.9598,9.9508,incorrect,T180_S08.M03
S-T180.1,926,-1.6173341274261475,0.0741,0.0583,21.5537,8.5918,incorrect,T180_S08.M04
S-T180.1,927,-1.5185068845748901,0.341,0.3398,7.5928,3.9369,acceptable,T180_S08.M05
S-T180.1,928,-1.5526313781738281,0.1648,0.2816,16.98,13.592,incorrect,T180_S08.M06
S-T180.1,929,-1.5545001029968262,0.0362,0.0,26.6363,11.6765,incorrect,T180_S08.M07
S-T180.1,930,-1.5697705745697021,0.0373,0.0,26.2275,11.4707,incorrect,T180_S08.M08
S-T180.1,931,-1.5561023950576782,0.0121,0.0,51.385,15.252,incorrect,T180_S08.M09
S-T180.1,932,-1.5744720697402954,0.1527,0.2427,16.8546,13.403,incorrect,T180_S09.M01
S-T180.1,933,-1.4452177286148071,0.1162,0.2039,21.6821,14.0272,incorrect,T180_S09.M02
S-T180.1,934,-1.5404173135757446,0.1405,0.2233,17.7595,13.6059,incorrect,T180_S09.M03
S-T180.1,935,-1.4687610864639282,0.0794,0.068,19.5273,14.2768,incorrect,T180_S09.M04
S-T180.1,936,-1.4976975917816162,0.1446,0.233,17.6,13.8402,incorrect,T180_S09.M05
S-T180.1,937,-1.4674551486968994,0.1776,0.1748,12.3727,7.6253,incorrect,T180_S09.M06
S-T180.1,938,-1.4813954830169678,0.156,0.1456,13.2321,8.5253,incorrect,T180_S09.M07
S-T180.1,939,-1.5055347681045532,0.1644,0.2816,17.0435,13.5436,incorrect,T180_S09.M08
S-T180.1,940,-1.4620777368545532,0.3322,0.3398,8.0409,3.9015,acceptable,T180_S09.M09
S-T180.1,941,-1.4884188175201416,0.0222,0.0,34.5877,15.245,incorrect,T180_S09.M10
S-T180.1,942,-1.5919270515441895,0.0065,0.0,63.2117,35.0038,incorrect,T180_S10.M01
S-T180.1,943,-1.5607538223266602,0.0068,0.0,61.6417,34.6161,incorrect,T180_S10.M02
S-T180.1,944,-1.5929371118545532,0.0066,0.0,62.9965,34.5596,incorrect,T180_S10.M03
S-T180.1,945,-1.468177318572998,0.0116,0.0,47.6654,23.296,incorrect,T180_S10.M04
S-T180.1,946,-1.5081911087036133,0.0067,0.0,62.5369,34.3829,incorrect,T180_S10.M05
S-T180.1,947,-1.5176273584365845,0.0067,0.0,62.5595,35.039,incorrect,T180_S10.M06
S-T180.1,948,-1.5520950555801392,0.0066,0.0,62.8066,34.5614,incorrect,T180_S10.M07
S-T180.1,949,-1.6230661869049072,0.0067,0.0,62.5548,34.7184,incorrect,T180_S10.M08
S-T180.1,950,-1.565481424331665,0.0066,0.0,62.6278,34.7501,incorrect,T180_S10.M09
S-T180.1,951,-1.5741883516311646,0.0349,0.0097,27.6142,16.4955,incorrect,T180_S10.M10
S-T180.1,952,-1.4629676342010498,0.3322,0.3398,8.0406,3.9015,acceptable,T180_S11.M01
S-T180.1,953,-1.4965099096298218,0.1644,0.2816,17.0435,13.5436,incorrect,T180_S11.M02
S-T180.1,954,-1.4929319620132446,0.1446,0.233,17.6001,13.8402,incorrect,T180_S11.M03
S-T180.1,955,-1.533516526222229,0.1405,0.2233,17.7594,13.6059,incorrect,T180_S11.M04
S-T180.1,956,-1.582832932472229,0.1527,0.2427,16.8546,13.403,incorrect,T180_S11.M05
S-T180.1,957,-1.4900474548339844,0.1618,0.2816,17.4884,13.4535,incorrect,T180_S11.M06
S-T180.1,958,-1.4437830448150635,0.1162,0.2039,21.682,14.0272,incorrect,T180_S11.M07
S-T180.1,959,-1.528210163116455,0.1607,0.2816,17.6996,13.2917,incorrect,T180_S11.M08
S-T180.1,960,-1.4800890684127808,0.0794,0.068,19.5272,14.2768,incorrect,T180_S11.M09
S-T180.1,961,-1.4813305139541626,0.0433,0.0,24.1592,10.5797,incorrect,T180_S11.M10
S-T180.1,962,-1.494311809539795,0.0616,0.0485,23.2073,10.9541,incorrect,T180_S14.M01
S-T180.1,963,-1.5527138710021973,0.1782,0.1845,12.4847,8.1215,incorrect,T180_S14.M02
S-T180.1,964,-1.5279326438903809,0.05,0.0,21.8081,11.0134,incorrect,T180_S14.M03
S-T180.1,965,-1.4401044845581055,0.0553,0.0194,22.3473,10.3276,incorrect,T180_S14.M04
S-T180.1,966,-1.521299123764038,0.0461,0.0,23.0024,11.0382,incorrect,T180_S14.M05
S-T180.1,967,-1.4576599597930908,0.0419,0.0,24.2675,11.5603,incorrect,T180_S14.M06
S-T180.1,968,-1.5348953008651733,0.0439,0.0,23.5457,11.6227,incorrect,T180_S14.M07
S-T180.1,969,-1.4877278804779053,0.0572,0.0,20.1252,10.4499,incorrect,T180_S14.M08
S-T180.1,970,-1.475659966468811,0.0446,0.0,23.403,11.3502,incorrect,T180_S14.M09
S-T180.1,971,-1.51749849319458,0.0814,0.0485,18.2661,11.053,incorrect,T180_S14.M10
S-T180.1,972,-1.551646113395691,0.0211,0.0,36.1293,14.3139,incorrect,T180_S17.M01
S-T180.1,973,-1.5181958675384521,0.0675,0.0,17.6762,12.348,incorrect,T180_S17.M02
S-T180.1,974,-1.5870187282562256,0.0599,0.0,19.1145,12.3657,incorrect,T180_S17.M03
S-T180.1,975,-1.533681869506836,0.062,0.0583,24.4395,10.4752,incorrect,T180_S17.M04
S-T180.1,976,-1.5082306861877441,0.1737,0.165,12.4234,7.6328,incorrect,T180_S17.M05
S-T180.1,977,-1.543050765991211,0.0531,0.0291,23.7413,11.5297,incorrect,T180_S17.M06
S-T180.1,978,-1.561111330986023,0.0568,0.0291,22.3063,12.3559,incorrect,T180_S17.M07
S-T180.1,979,-1.5499155521392822,0.0629,0.0485,22.7859,10.94,incorrect,T180_S17.M08
S-T180.1,980,-1.5272891521453857,0.0754,0.0583,20.3732,10.5052,incorrect,T180_S17.M09
S-T180.1,981,-1.512702226638794,0.0271,0.0,29.693,19.8239,incorrect,T180_S17.M10
S-T180.1,982,-1.430117130279541,0.0773,0.0291,18.0751,10.0154,incorrect,T180_S24.M01
S-T180.1,983,-1.5803911685943604,0.039,0.0,25.2257,12.0926,incorrect,T180_S24.M02
S-T180.1,984,-1.5057730674743652,0.0489,0.0,22.3763,10.3376,incorrect,T180_S24.M03
S-T180.1,985,-1.3944804668426514,0.0772,0.0291,18.1117,9.9869,incorrect,T180_S24.M04
S-T180.1,986,-1.4549493789672852,0.0774,0.0291,18.0599,10.0135,incorrect,T180_S24.M05
S-T180.1,987,-1.5048038959503174,0.0707,0.0388,20.2563,9.7254,incorrect,T180_S31.M01
S-T180.1,988,-1.4779866933822632,0.422,0.4655,8.771,2.2033,acceptable,T180_S31.M02
S-T180.1,989,-1.4568657875061035,0.0165,0.0097,46.1383,18.0971,incorrect,T180_S31.M03
S-T180.1,990,-1.5064752101898193,0.0682,0.0,17.5409,12.3584,incorrect,T180_S31.M04
S-T180.1,991,-1.4971638917922974,0.148,0.125,16.9713,4.0909,incorrect,T180_S31.M05
S-T180.1,992,-1.587896704673767,0.139,0.1042,17.0223,4.1916,incorrect,T180_S31.M06
S-T180.1,993,-1.4220199584960938,0.334,0.3864,8.4164,4.2474,acceptable,T180_S31.M07
S-T180.1,994,-1.5294197797775269,0.3996,0.4167,6.033,4.1266,acceptable,T180_S31.M08
S-T180.1,995,-1.5405434370040894,0.037,0.0,26.2899,11.6854,incorrect,T180_S31.M09
S-T180.1,996,-1.5355254411697388,0.0374,0.0,26.1766,11.4746,incorrect,T180_S31.M10
S-T180.1,997,-1.494311809539795,0.0616,0.0485,23.2073,10.9541,incorrect,T180_S32.M01
S-T180.1,998,-1.527933120727539,0.05,0.0,21.8081,11.0134,incorrect,T180_S32.M02
S-T180.1,999,-1.5212992429733276,0.0461,0.0,23.0024,11.0382,incorrect,T180_S32.M03
S-T180.1,1000,-1.5348953008651733,0.0439,0.0,23.5457,11.6227,incorrect,T180_S32.M04
S-T180.1,1001,-1.4756598472595215,0.0446,0.0,23.403,11.3502,incorrect,T180_S32.M05
S-T180.1,1002,-1.5174987316131592,0.0814,0.0485,18.2661,11.053,incorrect,T180_S32.M06
S-T180.1,1003,-1.5272892713546753,0.0754,0.0583,20.3732,10.5052,incorrect,T180_S32.M07
S-T180.1,1004,-1.5497968196868896,0.0095,0.0,54.9352,20.6642,incorrect,T180_S32.M08
S-T180.1,1005,-1.5540251731872559,0.0122,0.0,46.3713,23.5529,incorrect,T180_S32.M09
S-T180.1,1006,-1.6079055070877075,0.0097,0.0,54.7195,20.1496,incorrect,T180_S32.M10
S-T180.1,1007,-1.5347483158111572,0.0831,0.0583,18.8503,9.9399,incorrect,T180_S33.M01
S-T180.1,1008,-1.5712049007415771,0.0671,0.0388,21.7057,8.6467,incorrect,T180_S33.M02
S-T180.1,1009,-1.5111043453216553,0.084,0.068,19.4218,9.7204,incorrect,T180_S33.M03
S-T180.1,1010,-1.4805465936660767,0.037,0.0,25.1844,15.9327,incorrect,T180_S33.M04
S-T180.1,1011,-1.4145795106887817,0.1914,0.2039,11.9496,7.9534,incorrect,T180_S33.M05
S-T180.1,1012,-1.4926308393478394,0.0485,0.0,22.2883,10.8779,incorrect,T180_S33.M06
S-T180.1,1013,-1.518445372581482,0.0372,0.0,26.1816,11.6636,incorrect,T180_S33.M07
S-T180.1,1014,-1.451059341430664,0.1774,0.1942,12.7757,8.325,incorrect,T180_S33.M08
S-T180.1,1015,-1.526904582977295,0.0706,0.0388,20.2562,9.7392,incorrect,T180_S33.M09
S-T180.1,1016,-1.4512652158737183,0.1725,0.1748,12.8433,7.5437,incorrect,T180_S33.M10
S-T180.1,1017,-1.5712049007415771,0.0671,0.0388,21.7057,8.6467,incorrect,T180_S34.M01
S-T180.1,1018,-1.4805465936660767,0.037,0.0,25.1844,15.9327,incorrect,T180_S34.M02
S-T180.1,1019,-1.5347483158111572,0.0831,0.0583,18.8503,9.9399,incorrect,T180_S34.M03
S-T180.1,1020,-1.5111043453216553,0.084,0.068,19.4218,9.7204,incorrect,T180_S34.M04
S-T180.1,1021,-1.4145793914794922,0.1914,0.2039,11.9496,7.9534,incorrect,T180_S34.M05
S-T180.1,1022,-1.4926308393478394,0.0485,0.0,22.2883,10.8779,incorrect,T180_S34.M06
S-T180.1,1023,-1.518445372581482,0.0372,0.0,26.1816,11.6636,incorrect,T180_S34.M07
S-T180.1,1024,-1.4510596990585327,0.1774,0.1942,12.7757,8.325,incorrect,T180_S34.M08
S-T180.1,1025,-1.5269044637680054,0.0706,0.0388,20.2562,9.7392,incorrect,T180_S34.M09
S-T180.1,1026,-1.4512650966644287,0.1725,0.1748,12.8433,7.5437,incorrect,T180_S34.M10
S-T180.1,1027,-1.477986454963684,0.422,0.4655,8.771,2.2033,acceptable,T180_S36.M01
S-T180.1,1028,-1.5405434370040894,0.037,0.0,26.2899,11.6854,incorrect,T180_S36.M02
S-T180.1,1029,-1.4220200777053833,0.334,0.3864,8.4164,4.2474,acceptable,T180_S36.M03
S-T180.1,1030,-1.4971638917922974,0.148,0.125,16.9713,4.0909,incorrect,T180_S36.M04
S-T180.1,1031,-1.5048037767410278,0.0707,0.0388,20.2563,9.7254,incorrect,T180_S36.M05
S-T180.1,1032,-1.587896704673767,0.139,0.1042,17.0223,4.1916,incorrect,T180_S36.M06
S-T180.1,1033,-1.4568655490875244,0.0165,0.0097,46.1383,18.0971,incorrect,T180_S36.M07
S-T180.1,1034,-1.5355256795883179,0.0374,0.0,26.1766,11.4746,incorrect,T180_S36.M08
S-T180.1,1035,-1.5294198989868164,0.3996,0.4167,6.033,4.1266,acceptable,T180_S36.M09
S-T180.1,1036,-1.5064754486083984,0.0682,0.0,17.5409,12.3584,incorrect,T180_S36.M10
S-T180.1,1037,-1.5328600406646729,0.0512,0.0,21.2863,11.6983,incorrect,T180_S48.M01
S-T180.1,1038,-1.5920032262802124,0.0605,0.0,18.9814,12.3562,incorrect,T180_S48.M02
S-T180.1,1039,-1.5224720239639282,0.0593,0.0,19.2125,12.4828,incorrect,T180_S48.M03
S-T180.1,1040,-1.5741442441940308,0.0541,0.0,20.5373,11.7812,incorrect,T180_S48.M04
S-T180.1,1041,-1.491268277168274,0.0571,0.0,19.7593,12.0828,incorrect,T180_S48.M05
S-T180.1,1042,-1.539738655090332,0.0666,0.0,17.8887,11.9642,incorrect,T180_S48.M06
S-T180.1,1043,-1.5051182508468628,0.0677,0.0,17.6414,12.3419,incorrect,T180_S48.M07
S-T180.1,1044,-1.5384341478347778,0.0544,0.0,20.4599,11.7292,incorrect,T180_S48.M08
S-T180.1,1045,-1.4964330196380615,0.1316,0.1942,17.5963,13.8399,incorrect,T180_S48.M09
S-T180.1,1046,-1.5647754669189453,0.0617,0.0,18.8021,12.0051,incorrect,T180_S48.M10
S-T180.1,1047,-1.4931635856628418,0.1742,0.1845,12.7956,8.3091,incorrect,T180_S54.M01
S-T180.1,1048,-1.4701863527297974,0.1676,0.165,12.7871,8.3217,incorrect,T180_S54.M02
S-T180.1,1049,-1.4743432998657227,0.1742,0.1845,12.7973,8.3134,incorrect,T180_S54.M03
S-T180.1,1050,-1.4878441095352173,0.1782,0.1748,12.3222,7.6301,incorrect,T180_S54.M04
S-T180.1,1051,-1.477838158607483,0.1804,0.1845,12.4253,7.6248,incorrect,T180_S54.M05
S-T180.1,1052,-1.4867054224014282,0.178,0.1748,12.3394,7.625,incorrect,T180_S54.M06
S-T180.1,1053,-1.485306978225708,0.1777,0.1748,12.3696,7.6284,incorrect,T180_S54.M07
S-T180.1,1054,-1.5237572193145752,0.1776,0.1748,12.3736,7.6324,incorrect,T180_S54.M08
S-T180.1,1055,-1.4856476783752441,0.1775,0.1748,12.3809,7.6374,incorrect,T180_S54.M09
S-T180.1,1056,-1.4595807790756226,0.1776,0.1748,12.3735,7.629,incorrect,T180_S54.M10
S-T180.2,886,-1.4292060136795044,0.3284,0.4324,46.4253,1.4385,medium,T180_S02.M01
S-T180.2,887,-1.538617491722107,0.0918,0.1231,49.6759,3.9873,acceptable,T180_S02.M02
S-T180.2,888,-1.527976632118225,0.1224,0.1692,31.4966,3.8771,acceptable,T180_S02.M03
S-T180.2,889,-1.5230743885040283,0.0219,0.0,37.1927,11.6966,incorrect,T180_S02.M04
S-T180.2,890,-1.5293786525726318,0.2491,0.2,15.7393,2.1791,acceptable,T180_S02.M05
S-T180.2,891,-1.602342963218689,0.0973,0.0,18.1049,4.2414,incorrect,T180_S02.M06
S-T180.2,892,-1.5904241800308228,0.1751,0.2381,17.4843,4.5956,incorrect,T180_S02.M07
S-T180.2,893,-1.5745912790298462,0.3652,0.525,28.8008,1.5292,medium,T180_S02.M08
S-T180.2,894,-1.5435994863510132,0.3625,0.525,25.4834,1.617,medium,T180_S02.M09
S-T180.2,895,-1.540244698524475,0.0353,0.0,28.5396,9.5048,incorrect,T180_S02.M10
S-T180.2,896,-1.4559659957885742,0.2792,0.3077,21.1663,1.8733,medium,T180_S03.M01
S-T180.2,897,-1.5433754920959473,0.2452,0.2,15.6979,2.2432,acceptable,T180_S03.M02
S-T180.2,898,-1.5227906703948975,0.2423,0.3077,27.7852,2.1224,acceptable,T180_S03.M03
S-T180.2,899,-1.507083535194397,0.3525,0.325,23.6579,1.179,medium,T180_S03.M04
S-T180.2,900,-1.4628523588180542,0.4093,0.4462,27.0298,1.001,medium,T180_S03.M05
S-T180.2,901,-1.5280400514602661,0.241,0.2769,20.8617,2.2711,acceptable,T180_S03.M06
S-T180.2,902,-1.5711603164672852,0.2345,0.1692,15.7455,2.2442,acceptable,T180_S03.M07
S-T180.2,903,-1.4317026138305664,0.2327,0.2462,22.0693,2.1723,acceptable,T180_S03.M08
S-T180.2,904,-1.496603012084961,0.2565,0.3231,18.35,2.4676,acceptable,T180_S03.M09
S-T180.2,905,-1.4789843559265137,0.2748,0.2615,20.9045,1.7571,acceptable,T180_S03.M10
S-T180.2,906,-1.4623466730117798,0.2456,0.2769,33.647,1.8376,acceptable,T180_S06.M01
S-T180.2,907,-1.4795862436294556,0.0178,0.0,42.5124,12.2328,incorrect,T180_S06.M02
S-T180.2,908,-1.4771230220794678,0.0209,0.0154,45.2884,12.776,incorrect,T180_S06.M03
S-T180.2,909,-1.4405463933944702,0.0275,0.0,32.7002,10.7185,incorrect,T180_S06.M04
S-T180.2,910,-1.5280402898788452,0.241,0.2769,20.8617,2.2711,acceptable,T180_S06.M05
S-T180.2,911,-1.5308504104614258,0.0266,0.0,33.2732,10.9173,incorrect,T180_S06.M06
S-T180.2,912,-1.591371774673462,0.2787,0.3385,32.2248,1.7165,medium,T180_S06.M07
S-T180.2,913,-1.5809521675109863,0.3778,0.4308,32.5205,1.1291,medium,T180_S06.M08
S-T180.2,914,-1.5433754920959473,0.2452,0.2,15.6979,2.2432,acceptable,T180_S06.M09
S-T180.2,915,-1.448992371559143,0.185,0.2619,23.8088,3.2005,acceptable,T180_S06.M10
S-T180.2,916,-1.550116777420044,0.3972,0.3472,8.8956,1.9681,medium,T180_S07.M01
S-T180.2,917,-1.4972554445266724,0.4027,0.2917,9.5549,1.5792,acceptable,T180_S07.M02
S-T180.2,918,-1.6380846500396729,0.3059,0.4154,22.9001,1.9102,medium,T180_S07.M04
S-T180.2,919,-1.5955207347869873,0.2372,0.3231,20.9259,2.6195,acceptable,T180_S07.M05
S-T180.2,920,-1.6193583011627197,0.2941,0.3231,22.7696,1.7026,medium,T180_S07.M06
S-T180.2,921,-1.603929877281189,0.2753,0.3385,32.7497,1.7458,medium,T180_S07.M07
S-T180.2,922,-1.5886131525039673,0.2836,0.3077,13.7994,2.4803,acceptable,T180_S07.M08
S-T180.2,923,-1.637715458869934,0.267,0.3231,26.6426,1.893,medium,T180_S07.M09
S-T180.2,924,-1.550116777420044,0.3972,0.3472,8.8956,1.9681,medium,T180_S08.M01
S-T180.2,925,-1.6377155780792236,0.267,0.3231,26.6426,1.893,medium,T180_S08.M02
S-T180.2,926,-1.6193583011627197,0.2941,0.3231,22.7696,1.7026,medium,T180_S08.M03
S-T180.2,927,-1.6380846500396729,0.3059,0.4154,22.9001,1.9102,medium,T180_S08.M04
S-T180.2,928,-1.588613510131836,0.2836,0.3077,13.7994,2.4803,acceptable,T180_S08.M05
S-T180.2,929,-1.5955207347869873,0.2372,0.3231,20.9259,2.6195,acceptable,T180_S08.M06
S-T180.2,930,-1.603929877281189,0.2753,0.3385,32.7497,1.7458,medium,T180_S08.M07
S-T180.2,931,-1.622786045074463,0.2876,0.3846,31.6539,1.7969,medium,T180_S08.M08
S-T180.2,932,-1.4972554445266724,0.4027,0.2917,9.5549,1.5792,acceptable,T180_S08.M09
S-T180.2,933,-1.5359141826629639,0.2638,0.3077,20.3084,2.1165,acceptable,T180_S09.M01
S-T180.2,934,-1.5246137380599976,0.2423,0.3077,27.7856,2.1224,acceptable,T180_S09.M02
S-T180.2,935,-1.5059642791748047,0.2757,0.3231,18.7785,2.1175,acceptable,T180_S09.M03
S-T180.2,936,-1.582558035850525,0.2145,0.3231,21.733,3.1185,acceptable,T180_S09.M04
S-T180.2,937,-1.5087867975234985,0.2565,0.3231,18.3499,2.4676,acceptable,T180_S09.M05
S-T180.2,938,-1.5988311767578125,0.2395,0.1846,15.6927,2.2563,acceptable,T180_S09.M06
S-T180.2,939,-1.5479038953781128,0.1795,0.0769,15.3709,2.7645,incorrect,T180_S09.M07
S-T180.2,940,-1.5225918292999268,0.2339,0.3077,21.5017,2.5411,acceptable,T180_S09.M08
S-T180.2,941,-1.5228368043899536,0.2829,0.3077,14.4161,2.3895,acceptable,T180_S09.M09
S-T180.2,942,-1.5385899543762207,0.0386,0.0,25.0072,13.4084,incorrect,T180_S09.M10
S-T180.2,943,-1.5540598630905151,0.0072,0.0,61.8506,26.5506,incorrect,T180_S10.M01
S-T180.2,944,-1.4930779933929443,0.007,0.0,62.8452,26.598,incorrect,T180_S10.M02
S-T180.2,945,-1.5970371961593628,0.0071,0.0,62.388,26.6065,incorrect,T180_S10.M03
S-T180.2,946,-1.4711639881134033,0.0127,0.0,45.4114,22.7081,incorrect,T180_S10.M04
S-T180.2,947,-1.5205368995666504,0.0076,0.0,60.3743,26.3231,incorrect,T180_S10.M05
S-T180.2,948,-1.6265029907226562,0.0071,0.0,62.5854,26.5718,incorrect,T180_S10.M06
S-T180.2,949,-1.5745148658752441,0.0069,0.0,63.3464,26.6975,incorrect,T180_S10.M07
S-T180.2,950,-1.5836350917816162,0.007,0.0,62.9188,26.6908,incorrect,T180_S10.M08
S-T180.2,951,-1.6740468740463257,0.0073,0.0,61.4933,26.3433,incorrect,T180_S10.M09
S-T180.2,952,-1.546665072441101,0.0162,0.0,44.5945,12.742,incorrect,T180_S10.M10
S-T180.2,953,-1.534192442893982,0.2829,0.3077,14.4161,2.3895,acceptable,T180_S11.M01
S-T180.2,954,-1.5287007093429565,0.2339,0.3077,21.5015,2.5411,acceptable,T180_S11.M02
S-T180.2,955,-1.49660325050354,0.2565,0.3231,18.35,2.4676,acceptable,T180_S11.M03
S-T180.2,956,-1.5135548114776611,0.2757,0.3231,18.7784,2.1175,acceptable,T180_S11.M04
S-T180.2,957,-1.546293020248413,0.2638,0.3077,20.3085,2.1165,acceptable,T180_S11.M05
S-T180.2,958,-1.5984669923782349,0.2835,0.3385,19.072,2.0588,acceptable,T180_S11.M06
S-T180.2,959,-1.522790551185608,0.2423,0.3077,27.7852,2.1224,acceptable,T180_S11.M07
S-T180.2,960,-1.526621699333191,0.2665,0.3231,20.1267,2.161,acceptable,T180_S11.M08
S-T180.2,961,-1.5807020664215088,0.2145,0.3231,21.7329,3.1185,acceptable,T180_S11.M09
S-T180.2,962,-1.4628528356552124,0.4093,0.4462,27.0298,1.001,medium,T180_S11.M10
S-T180.2,963,-1.6418429613113403,0.414,0.4923,31.6128,1.0227,medium,T180_S14.M01
S-T180.2,964,-1.500076413154602,0.3344,0.2769,14.9699,1.5543,acceptable,T180_S14.M02
S-T180.2,965,-1.4653218984603882,0.4272,0.4923,30.6151,0.9399,medium,T180_S14.M03
S-T180.2,966,-1.4948369264602661,0.2921,0.3846,27.1376,1.83,medium,T180_S14.M04
S-T180.2,967,-1.5809521675109863,0.3778,0.4308,32.5205,1.1291,medium,T180_S14.M05
S-T180.2,968,-1.5093104839324951,0.3134,0.4,28.1488,1.6364,medium,T180_S14.M06
S-T180.2,969,-1.588689923286438,0.3778,0.4923,30.6359,1.3027,medium,T180_S14.M07
S-T180.2,970,-1.5342823266983032,0.3359,0.3846,24.3375,1.4585,medium,T180_S14.M08
S-T180.2,971,-1.571900725364685,0.3615,0.4462,30.6481,1.3113,medium,T180_S14.M09
S-T180.2,972,-1.5621812343597412,0.3607,0.525,22.8525,1.7082,medium,T180_S14.M10
S-T180.2,973,-1.429206132888794,0.3284,0.4324,46.4253,1.4385,medium,T180_S17.M01
S-T180.2,974,-1.538617491722107,0.0918,0.1231,49.6759,3.9873,acceptable,T180_S17.M02
S-T180.2,975,-1.527976632118225,0.1224,0.1692,31.4966,3.8771,acceptable,T180_S17.M03
S-T180.2,976,-1.5230746269226074,0.0219,0.0,37.1927,11.6966,incorrect,T180_S17.M04
S-T180.2,977,-1.5293787717819214,0.2491,0.2,15.7393,2.1791,acceptable,T180_S17.M05
S-T180.2,978,-1.6106305122375488,0.0974,0.0,18.1107,4.2311,incorrect,T180_S17.M06
S-T180.2,979,-1.5904241800308228,0.1751,0.2381,17.4843,4.5956,incorrect,T180_S17.M07
S-T180.2,980,-1.5745911598205566,0.3652,0.525,28.8008,1.5292,medium,T180_S17.M08
S-T180.2,981,-1.5435994863510132,0.3625,0.525,25.4834,1.617,medium,T180_S17.M09
S-T180.2,982,-1.540244698524475,0.0353,0.0,28.5396,9.5048,incorrect,T180_S17.M10
S-T180.2,983,-1.440546989440918,0.0275,0.0,32.7002,10.7185,incorrect,T180_S24.M01
S-T180.2,984,-1.5837656259536743,0.2645,0.3385,30.3535,1.9049,medium,T180_S24.M02
S-T180.2,985,-1.573744535446167,0.2724,0.3231,27.1085,1.8188,medium,T180_S24.M03
S-T180.2,986,-1.5468708276748657,0.0263,0.0,33.5777,10.8476,incorrect,T180_S24.M04
S-T180.2,987,-1.4680713415145874,0.2727,0.2769,19.8113,1.8928,acceptable,T180_S24.M05
S-T180.2,988,-1.5448731184005737,0.2175,0.2154,26.0401,2.0837,acceptable,T180_S31.M01
S-T180.2,989,-1.565780520439148,0.2741,0.3077,14.2588,2.5834,acceptable,T180_S31.M02
S-T180.2,990,-1.6233972311019897,0.3335,0.3571,39.7549,1.2247,medium,T180_S31.M03
S-T180.2,991,-1.569327473640442,0.1825,0.1905,28.7295,2.424,acceptable,T180_S31.M04
S-T180.2,992,-1.4491912126541138,0.2693,0.4286,19.9036,2.7871,acceptable,T180_S31.M05
S-T180.2,993,-1.4546970129013062,0.3353,0.4286,20.1581,1.7413,medium,T180_S31.M06
S-T180.2,994,-1.4759752750396729,0.5016,0.4048,8.08,1.2915,medium,T180_S31.M07
S-T180.2,995,-1.5644282102584839,0.4657,0.4286,5.7935,2.3739,acceptable,T180_S31.M08
S-T180.2,996,-1.4240323305130005,0.2552,0.2619,32.4992,1.6939,acceptable,T180_S31.M09
S-T180.2,997,-1.5010756254196167,0.2992,0.4048,31.7249,1.7427,medium,T180_S31.M10
S-T180.2,998,-1.641843318939209,0.414,0.4923,31.6128,1.0227,medium,T180_S32.M01
S-T180.2,999,-1.4653218984603882,0.4272,0.4923,30.6151,0.9399,medium,T180_S32.M02
S-T180.2,1000,-1.5809520483016968,0.3778,0.4308,32.5205,1.1291,medium,T180_S32.M03
S-T180.2,1001,-1.5886898040771484,0.3778,0.4923,30.6359,1.3027,medium,T180_S32.M04
S-T180.2,1002,-1.5719006061553955,0.3615,0.4462,30.6481,1.3113,medium,T180_S32.M05
S-T180.2,1003,-1.5621812343597412,0.3607,0.525,22.8525,1.7082,medium,T180_S32.M06
S-T180.2,1004,-1.5435997247695923,0.3625,0.525,25.4834,1.617,medium,T180_S32.M07
S-T180.2,1005,-1.5692408084869385,0.3508,0.3077,32.5382,1.0276,medium,T180_S32.M08
S-T180.2,1006,-1.5241676568984985,0.0119,0.0,47.1782,22.6969,incorrect,T180_S32.M09
S-T180.2,1007,-1.5312609672546387,0.3511,0.3077,33.9329,1.0142,medium,T180_S32.M10
S-T180.2,1008,-1.6073836088180542,0.2973,0.3538,22.8546,1.7762,medium,T180_S33.M01
S-T180.2,1009,-1.5152349472045898,0.3091,0.4308,23.3083,1.9207,medium,T180_S33.M02
S-T180.2,1010,-1.5017229318618774,0.3558,0.3333,23.7028,1.1727,medium,T180_S33.M03
S-T180.2,1011,-1.451899766921997,0.3514,0.5,32.48,1.5298,medium,T180_S33.M04
S-T180.2,1012,-1.4711990356445312,0.384,0.3231,14.4026,1.3011,medium,T180_S33.M05
S-T180.2,1013,-1.5442382097244263,0.2769,0.3077,26.7676,1.7233,medium,T180_S33.M06
S-T180.2,1014,-1.5056809186935425,0.279,0.3385,32.2759,1.7128,medium,T180_S33.M07
S-T180.2,1015,-1.626455545425415,0.1728,0.0923,15.2848,3.0942,incorrect,T180_S33.M08
S-T180.2,1016,-1.5016320943832397,0.2285,0.2308,25.5874,2.021,acceptable,T180_S33.M09
S-T180.2,1017,-1.617964506149292,0.1809,0.0769,15.1347,2.7772,incorrect,T180_S33.M10
S-T180.2,1018,-1.5152353048324585,0.3091,0.4308,23.3083,1.9207,medium,T180_S34.M01
S-T180.2,1019,-1.451899766921997,0.3514,0.5,32.48,1.5298,medium,T180_S34.M02
S-T180.2,1020,-1.6073832511901855,0.2973,0.3538,22.8546,1.7762,medium,T180_S34.M03
S-T180.2,1021,-1.5017229318618774,0.3558,0.3333,23.7028,1.1727,medium,T180_S34.M04
S-T180.2,1022,-1.4711989164352417,0.384,0.3231,14.4026,1.3011,medium,T180_S34.M05
S-T180.2,1023,-1.5442379713058472,0.2769,0.3077,26.7676,1.7233,medium,T180_S34.M06
S-T180.2,1024,-1.5056809186935425,0.279,0.3385,32.2759,1.7128,medium,T180_S34.M07
S-T180.2,1025,-1.6264554262161255,0.1728,0.0923,15.2848,3.0942,incorrect,T180_S34.M08
S-T180.2,1026,-1.5016326904296875,0.2285,0.2308,25.5874,2.021,acceptable,T180_S34.M09
S-T180.2,1027,-1.6179643869400024,0.1809,0.0769,15.1347,2.7772,incorrect,T180_S34.M10
S-T180.2,1028,-1.565780520439148,0.2741,0.3077,14.2588,2.5834,acceptable,T180_S36.M01
S-T180.2,1029,-1.4240323305130005,0.2552,0.2619,32.4992,1.6939,acceptable,T180_S36.M02
S-T180.2,1030,-1.4759753942489624,0.5016,0.4048,8.08,1.2915,medium,T180_S36.M03
S-T180.2,1031,-1.4491914510726929,0.2693,0.4286,19.9036,2.7871,acceptable,T180_S36.M04
S-T180.2,1032,-1.5448728799819946,0.2175,0.2154,26.0401,2.0837,acceptable,T180_S36.M05
S-T180.2,1033,-1.4546968936920166,0.3353,0.4286,20.1581,1.7413,medium,T180_S36.M06
S-T180.2,1034,-1.6233973503112793,0.3335,0.3571,39.7549,1.2247,medium,T180_S36.M07
S-T180.2,1035,-1.5010753870010376,0.2992,0.4048,31.7249,1.7427,medium,T180_S36.M08
S-T180.2,1036,-1.5644282102584839,0.4657,0.4286,5.7935,2.3739,acceptable,T180_S36.M09
S-T180.2,1037,-1.5693271160125732,0.1825,0.1905,28.7295,2.424,acceptable,T180_S36.M10
S-T180.2,1038,-1.5437896251678467,0.1699,0.1806,16.4607,4.0965,incorrect,T180_S48.M01
S-T180.2,1039,-1.5581761598587036,0.1227,0.1692,31.5602,3.8547,acceptable,T180_S48.M02
S-T180.2,1040,-1.5494672060012817,0.1234,0.1385,27.4405,3.6463,acceptable,T180_S48.M03
S-T180.2,1041,-1.5818822383880615,0.1084,0.1077,37.8608,3.3218,acceptable,T180_S48.M04
S-T180.2,1042,-1.5559685230255127,0.1835,0.1389,13.4346,3.9579,acceptable,T180_S48.M05
S-T180.2,1043,-1.5421003103256226,0.1019,0.1538,39.0417,4.3452,incorrect,T180_S48.M06
S-T180.2,1044,-1.5471159219741821,0.0916,0.1231,49.8626,3.9925,acceptable,T180_S48.M07
S-T180.2,1045,-1.5634125471115112,0.2099,0.1389,12.8923,3.1202,acceptable,T180_S48.M08
S-T180.2,1046,-1.521661400794983,0.2585,0.3231,18.3949,2.4271,acceptable,T180_S48.M09
S-T180.2,1047,-1.494281530380249,0.0277,0.0,29.9467,16.2467,incorrect,T180_S48.M10
S-T180.2,1048,-1.5480080842971802,0.1666,0.0769,15.3881,3.1067,incorrect,T180_S54.M01
S-T180.2,1049,-1.5976866483688354,0.1659,0.0769,15.4183,3.1195,incorrect,T180_S54.M02
S-T180.2,1050,-1.510342001914978,0.1612,0.0615,15.4152,3.1019,incorrect,T180_S54.M03
S-T180.2,1051,-1.5344239473342896,0.244,0.2,15.8204,2.2494,acceptable,T180_S54.M04
S-T180.2,1052,-1.5526047945022583,0.2449,0.2,15.8231,2.2339,acceptable,T180_S54.M05
S-T180.2,1053,-1.5711603164672852,0.2345,0.1692,15.7455,2.2442,acceptable,T180_S54.M06
S-T180.2,1054,-1.5846627950668335,0.2463,0.2,15.7068,2.2248,acceptable,T180_S54.M07
S-T180.2,1055,-1.536506175994873,0.2429,0.2,15.7999,2.268,acceptable,T180_S54.M08
S-T180.2,1056,-1.6471495628356934,0.2401,0.1846,15.6956,2.2459,acceptable,T180_S54.M09
S-T180.2,1057,-1.538548231124878,0.2454,0.2,15.8193,2.2271,acceptable,T180_S54.M10
