name,label
10gs_A_B,1
11as_A_B,1
12as_A_B,1
12gs_A_B,1
13gs_A_B,1
14gs_A_B,1
16gs_A_B,1
1a02_F_J,1
1a02_F_N,1
1a02_J_N,1
1a05_A_B,1
1a0f_A_B,1
1a0s_P_Q,1
1a0s_P_R,1
1a0s_Q_R,1
1a2d_A_B,1
1a2z_A_B,1
1a2z_A_C,1
1a2z_A_D,1
1a2z_B_C,1
1a2z_B_D,1
1a2z_C_D,1
1a3a_A_C,1
1a3w_A_B,1
1a4i_A_B,1
1a4q_A_B,1
1a4u_A_B,1
1a4x_A_B,1
1a4z_A_B,1
1a4z_A_C,1
1a4z_A_D,1
1a4z_B_C,1
1a4z_B_D,1
1a4z_C_D,1
1a5n_A_C,1
1a5n_B_C,1
1a5o_A_C,1
1a5o_B_C,1
1a5u_E_F,1
1a5u_E_G,1
1a5u_F_H,1
1a5u_G_H,1
1a69_A_C,1
1a69_B_C,1
1a79_A_B,1
1a79_A_C,1
1a79_A_D,1
1a79_B_C,1
1a79_C_D,1
1a81_A_C,1
1a81_A_E,1
1a81_C_E,1
1a88_A_B,1
1a88_A_C,1
1a88_B_C,1
1a8m_A_B,1
1a8m_A_C,1
1a8m_B_C,1
1a95_A_B,1
1a95_A_C,1
1a95_A_D,1
1a95_B_C,1
1a95_B_D,1
1a95_C_D,1
1a9x_A_B,1
1a9x_C_D,1
1a9x_E_F,1
1a9x_G_H,1
1acm_A_B,1
1acm_B_D,1
1acm_C_D,1
1ad1_A_B,1
1ady_C_D,1
1af6_A_B,1
1af6_A_C,1
1af6_B_C,1
1afw_A_B,1
1ag8_A_B,1
1ag8_A_C,1
1ag8_A_D,1
1ag8_B_C,1
1ag8_B_D,1
1ag8_C_D,1
1ag9_A_B,1
1agn_A_B,1
1agn_C_D,1
1ahg_A_B,1
1ahj_A_B,1
1ahu_A_B,1
1ahy_A_B,1
1ai6_A_B,1
1ai9_A_B,1
1aia_A_B,1
1aib_A_B,1
1aic_A_B,1
1aig_H_L,1
1aig_H_M,1
1aig_L_M,1
1aig_N_O,1
1aig_N_P,1
1aig_O_P,1
1aih_C_D,1
1aij_H_L,1
1aij_H_M,1
1aij_L_M,1
1aj8_A_B,1
1ajn_A_B,1
1ajs_A_B,1
1ajv_A_B,1
1ajx_A_B,1
1akh_A_B,1
1al2_1_2,1
1al2_1_3,1
1al2_2_4,1
1al2_3_4,1
1all_A_B,1
1alw_A_B,1
1an4_A_B,1
1an7_A_B,1
1an9_A_B,1
1aoh_A_B,1
1aoi_A_B,1
1aoi_A_E,1
1aoi_A_G,1
1aoi_B_D,1
1aoi_B_G,1
1aoi_B_H,1
1aoi_C_D,1
1aoi_C_E,1
1aoi_C_F,1
1aoi_D_F,1
1aoi_E_F,1
1aoi_F_H,1
1aoi_G_H,1
1aok_A_B,1
1aon_A_B,1
1aon_A_G,1
1aon_A_O,1
1aon_B_C,1
1aon_B_P,1
1aon_C_D,1
1aon_C_Q,1
1aon_D_E,1
1aon_D_R,1
1aon_E_F,1
1aon_E_S,1
1aon_F_G,1
1aon_F_T,1
1aon_G_U,1
1aon_H_I,1
1aon_H_N,1
1aon_I_J,1
1aon_J_K,1
1aon_K_L,1
1aon_L_M,1
1aon_M_N,1
1aon_O_P,1
1aon_O_U,1
1aon_P_Q,1
1aon_Q_R,1
1aon_R_S,1
1aon_S_T,1
1aon_T_U,1
1aor_A_B,1
1aq4_A_B,1
1aq4_A_C,1
1aq4_B_C,1
1aq6_A_B,1
1aqf_A_B,1
1aqf_A_C,1
1aqf_B_D,1
1aqf_C_D,1
1aqf_E_F,1
1aqf_E_G,1
1aqf_F_H,1
1aqf_G_H,1
1aqu_A_B,1
1ar4_A_B,1
1ar6_1_2,1
1ar6_1_3,1
1ar6_2_3,1
1ar6_2_4,1
1ar9_1_3,1
1ar9_1_4,1
1ar9_2_3,1
1ar9_2_4,1
1ar9_3_4,1
1arg_A_B,1
1ari_A_B,1
1asm_A_B,1
1asn_A_B,1
1asq_A_B,1
1aui_A_B,1
1aur_A_B,1
1auv_A_B,1
1aux_A_B,1
1auy_A_B,1
1auy_A_C,1
1auy_B_C,1
1av8_A_B,1
1avq_A_B,1
1avq_A_C,1
1avq_B_C,1
1aw1_D_E,1
1aw1_G_H,1
1aw1_J_K,1
1awp_A_B,1
1ax4_A_B,1
1ax4_A_C,1
1ax4_A_D,1
1ax4_B_C,1
1ax4_B_D,1
1ax4_C_D,1
1axe_A_B,1
1axg_A_B,1
1axg_C_D,1
1axw_A_B,1
1ay0_A_B,1
1ay4_A_B,1
1ay8_A_B,1
1aym_1_2,1
1aym_1_3,1
1aym_3_4,1
1ayo_A_B,1
1ayp_B_E,1
1az4_A_B,1
1azb_A_B,1
1azc_A_B,1
1azd_A_B,1
1azd_A_C,1
1azd_B_D,1
1azd_C_D,1
1b14_A_B,1
1b16_A_B,1
1b26_A_B,1
1b26_A_C,1
1b26_A_F,1
1b26_B_C,1
1b26_B_E,1
1b26_C_D,1
1b26_D_E,1
1b26_D_F,1
1b26_E_F,1
1b2p_A_B,1
1b33_A_B,1
1b33_A_F,1
1b33_B_C,1
1b33_B_N,1
1b33_C_D,1
1b33_D_E,1
1b33_D_N,1
1b33_E_F,1
1b33_F_N,1
1b33_H_I,1
1b33_H_M,1
1b33_I_J,1
1b33_I_O,1
1b33_J_K,1
1b33_K_L,1
1b33_K_O,1
1b33_L_M,1
1b33_M_O,1
1b35_A_C,1
1b35_B_C,1
1b3b_A_B,1
1b3b_A_C,1
1b3b_A_F,1
1b3b_B_C,1
1b3b_B_E,1
1b3b_C_D,1
1b3b_D_E,1
1b3b_D_F,1
1b3b_E_F,1
1b44_D_E,1
1b44_D_H,1
1b44_E_F,1
1b44_F_G,1
1b44_G_H,1
1b4a_A_B,1
1b4a_A_C,1
1b4a_A_F,1
1b4a_B_C,1
1b4a_B_E,1
1b4a_C_D,1
1b4a_C_E,1
1b4a_D_E,1
1b4a_D_F,1
1b4a_E_F,1
1b5o_A_B,1
1b5p_A_B,1
1b67_A_B,1
1b6j_A_B,1
1b6l_A_B,1
1b6s_C_D,1
1b72_A_B,1
1b7t_A_Y,1
1b7t_A_Z,1
1b8c_A_B,1
1b8z_A_B,1
1b97_A_B,1
1b9b_A_B,1
1b9m_A_B,1
1b9n_A_B,1
1baz_A_B,1
1baz_B_D,1
1baz_C_D,1
1bc2_A_B,1
1bcc_A_B,1
1bcc_A_C,1
1bcc_A_E,1
1bcc_A_G,1
1bcc_C_D,1
1bcc_C_E,1
1bcc_C_F,1
1bcc_C_G,1
1bcc_D_E,1
1bcc_D_F,1
1bcc_D_G,1
1bcc_D_H,1
1bcc_D_J,1
1bcc_E_G,1
1bcc_E_J,1
1bcc_F_G,1
1bcp_A_B,1
1bcp_A_C,1
1bcp_A_D,1
1bcp_A_E,1
1bcp_A_F,1
1bcp_B_D,1
1bcp_B_F,1
1bcp_C_D,1
1bcp_C_E,1
1bcp_E_F,1
1bcp_G_H,1
1bcp_G_I,1
1bcp_G_J,1
1bcp_G_K,1
1bcp_G_L,1
1bcp_H_J,1
1bcp_H_L,1
1bcp_I_J,1
1bcp_I_K,1
1bcp_K_L,1
1bd0_A_B,1
1bd4_A_C,1
1bd4_A_D,1
1bd4_B_C,1
1bd4_B_D,1
1bdl_A_B,1
1bdm_A_B,1
1bdq_A_B,1
1bdr_A_B,1
1be3_A_B,1
1be3_A_C,1
1be3_A_E,1
1be3_A_G,1
1be3_A_I,1
1be3_B_I,1
1be3_C_D,1
1be3_C_E,1
1be3_C_F,1
1be3_C_G,1
1be3_D_E,1
1be3_D_F,1
1be3_D_G,1
1be3_D_H,1
1be3_D_J,1
1be3_E_G,1
1be3_E_J,1
1be3_F_G,1
1be3_J_K,1
1bhg_A_B,1
1bhm_A_B,1
1bhn_A_B,1
1bhn_A_C,1
1bhn_A_E,1
1bhn_B_C,1
1bhn_B_D,1
1bhn_C_F,1
1bhn_D_E,1
1bhn_D_F,1
1bhn_E_F,1
1bjj_A_E,1
1bjj_C_D,1
1bjn_A_B,1
1bjo_A_B,1
1bjw_A_B,1
1bkg_A_B,1
1bkg_C_D,1
1bkn_A_B,1
1bko_A_B,1
1bko_C_D,1
1bkp_A_B,1
1bl9_A_B,1
1bo4_A_B,1
1bo6_A_B,1
1bp3_A_B,1
1bp7_A_B,1
1bp7_C_D,1
1bpl_A_B,1
1bpw_A_B,1
1bpw_A_C,1
1bpw_A_D,1
1bpw_B_C,1
1bpw_B_D,1
1bpw_C_D,1
1bq3_A_B,1
1bq3_A_C,1
1bq3_B_D,1
1bq3_C_D,1
1bqa_A_B,1
1bqp_A_C,1
1br1_A_B,1
1br1_C_D,1
1br1_G_H,1
1brl_C_D,1
1brm_A_B,1
1brr_A_B,1
1brr_A_C,1
1brr_B_C,1
1bsf_A_B,1
1bsm_A_B,1
1bt6_A_B,1
1bt8_A_B,1
1bux_A_B,1
1bux_A_C,1
1bux_B_C,1
1bvi_A_C,1
1bvp_1_2,1
1bvp_1_3,1
1bvp_2_3,1
1bvs_E_F,1
1bvs_E_H,1
1bvs_F_G,1
1bvs_G_H,1
1bxc_A_B,1
1bxc_A_C,1
1bxc_A_D,1
1bxc_B_C,1
1bxc_B_D,1
1bxc_C_D,1
1bxz_A_B,1
1bxz_A_C,1
1bxz_A_D,1
1bxz_B_C,1
1bxz_B_D,1
1bxz_C_D,1
1byf_A_B,1
1bzl_A_B,1
1c1a_A_B,1
1c1j_A_D,1
1c28_A_B,1
1c28_A_C,1
1c28_B_C,1
1c2t_A_B,1
1c30_A_B,1
1c30_E_F,1
1c3h_D_E,1
1c3h_D_F,1
1c3h_E_F,1
1c3o_A_B,1
1c3o_A_E,1
1c3o_A_G,1
1c3o_C_D,1
1c3o_C_E,1
1c3o_C_G,1
1c3o_E_F,1
1c3o_G_H,1
1c3x_A_B,1
1c3x_A_C,1
1c3x_B_C,1
1c41_A_B,1
1c41_A_E,1
1c41_B_C,1
1c41_C_D,1
1c41_D_E,1
1c41_F_G,1
1c41_F_J,1
1c41_G_H,1
1c41_H_I,1
1c41_I_J,1
1c47_A_B,1
1c4p_A_B,1
1c4p_A_C,1
1c4p_A_D,1
1c4p_B_C,1
1c4p_B_D,1
1c5e_A_B,1
1c5e_A_C,1
1c5e_B_C,1
1c6y_A_B,1
1c6z_A_B,1
1c72_C_D,1
1c77_A_B,1
1c7n_A_B,1
1c7n_C_D,1
1c7n_E_F,1
1c7o_E_F,1
1c80_A_B,1
1c8n_A_B,1
1c8n_A_C,1
1c8n_B_C,1
1c9b_A_B,1
1c9b_I_J,1
1c9l_A_B,1
1ca4_A_B,1
1ca4_A_C,1
1ca4_B_C,1
1ca4_D_E,1
1ca4_D_F,1
1ca4_E_F,1
1ca7_A_B,1
1ca7_A_C,1
1ca7_B_C,1
1ca9_A_B,1
1ca9_A_C,1
1ca9_B_C,1
1ca9_D_E,1
1ca9_D_F,1
1ca9_E_F,1
1cau_A_B,1
1cax_A_B,1
1cax_A_D,1
1cax_B_E,1
1cax_C_D,1
1cax_C_F,1
1cax_E_F,1
1ce8_G_H,1
1cer_A_B,1
1cer_A_C,1
1cer_A_D,1
1cer_B_C,1
1cer_B_D,1
1cer_C_D,1
1ces_A_B,1
1cev_A_B,1
1cev_A_C,1
1cev_B_C,1
1cgq_A_B,1
1cgq_A_C,1
1cgq_B_C,1
1chp_D_E,1
1chp_D_H,1
1chp_E_F,1
1chp_F_G,1
1chp_G_H,1
1ckj_A_B,1
1cku_A_B,1
1cli_A_B,1
1cli_B_D,1
1cli_C_D,1
1cma_A_B,1
1cnt_1_4,1
1cnt_2_3,1
1cnz_A_B,1
1cpc_A_B,1
1cpc_A_K,1
1cpc_K_L,1
1cpj_A_B,1
1cqi_A_B,1
1cqi_B_E,1
1cqi_D_E,1
1cqs_A_B,1
1cr6_A_B,1
1cr7_A_B,1
1cr7_A_D,1
1cr7_B_C,1
1cr7_C_D,1
1cr7_E_F,1
1cr7_E_H,1
1cr7_F_G,1
1cr7_G_H,1
1crk_A_C,1
1crk_A_D,1
1crk_B_C,1
1crk_B_D,1
1cs0_C_D,1
1ct9_A_D,1
1ct9_B_C,1
1cte_A_B,1
1cvs_A_C,1
1cvs_A_D,1
1cvs_B_C,1
1cvs_B_D,1
1cw3_E_F,1
1cw3_E_G,1
1cw3_E_H,1
1cw3_F_G,1
1cw3_F_H,1
1cw3_G_H,1
1cwp_A_B,1
1cwp_B_C,1
1cxp_A_C,1
1cxp_B_D,1
1d09_A_B,1
1d09_B_D,1
1d09_C_D,1
1d0g_A_B,1
1d0g_A_D,1
1d0g_A_R,1
1d0g_A_S,1
1d0g_B_D,1
1d0g_B_S,1
1d0g_B_T,1
1d0g_D_R,1
1d0g_D_T,1
1d0i_A_B,1
1d0i_A_C,1
1d0i_A_D,1
1d0i_B_C,1
1d0i_B_G,1
1d0i_C_J,1
1d0i_D_E,1
1d0i_D_F,1
1d0i_E_F,1
1d0i_E_L,1
1d0i_F_H,1
1d0i_G_H,1
1d0i_G_I,1
1d0i_H_I,1
1d0i_I_K,1
1d0i_J_K,1
1d0i_J_L,1
1d0i_K_L,1
1d1s_A_B,1
1d1s_B_D,1
1d1s_C_D,1
1d1v_A_B,1
1d1x_A_B,1
1d2c_A_B,1
1d2e_A_C,1
1d2e_A_D,1
1d2e_B_C,1
1d2g_A_B,1
1d2h_A_B,1
1d2h_A_C,1
1d2h_B_D,1
1d2h_C_D,1
1d2i_A_B,1
1d2r_A_D,1
1d2r_B_E,1
1d3a_A_B,1
1d4a_B_D,1
1d4f_A_B,1
1d4f_A_C,1
1d4f_A_D,1
1d4f_B_C,1
1d4f_B_D,1
1d4f_C_D,1
1d4h_A_B,1
1d4i_A_B,1
1d4k_A_B,1
1d4s_A_B,1
1d5l_A_C,1
1d5n_A_B,1
1d5n_C_D,1
1d66_A_B,1
1d6y_A_B,1
1d6z_A_B,1
1d8d_A_B,1
1d8i_B_C,1
1d8u_A_B,1
1d8w_A_B,1
1d8w_A_C,1
1d8w_A_D,1
1d8w_B_C,1
1d8w_B_D,1
1d8w_C_D,1
1d9e_A_B,1
1d9e_A_C,1
1d9e_B_D,1
1d9e_C_D,1
1daa_A_B,1
1dao_B_F,1
1dao_C_G,1
1dap_A_B,1
1dbf_A_B,1
1dbf_A_C,1
1dbf_B_C,1
1dbr_A_B,1
1dbr_A_C,1
1dbr_A_D,1
1dbr_B_C,1
1dbr_B_D,1
1dbr_C_D,1
1dbz_A_B,1
1dbz_A_D,1
1dbz_B_C,1
1dbz_C_D,1
1dc1_A_B,1
1dce_C_D,1
1dch_E_F,1
1dch_E_G,1
1dch_E_H,1
1dch_F_G,1
1dch_F_H,1
1dch_G_H,1
1dd1_A_B,1
1dd1_A_C,1
1dd1_B_C,1
1dd8_A_B,1
1dd8_C_D,1
1ddn_A_B,1
1ddn_C_D,1
1ddo_A_E,1
1ddo_A_F,1
1ddo_B_E,1
1ddo_B_F,1
1ddo_C_G,1
1ddo_C_H,1
1ddo_D_G,1
1ddo_D_H,1
1ddx_A_B,1
1ddx_C_D,1
1de6_A_B,1
1de6_A_C,1
1de6_A_D,1
1de6_B_C,1
1de6_B_D,1
1de6_C_D,1
1dek_A_B,1
1del_A_B,1
1df8_A_B,1
1dfg_A_B,1
1dfh_A_B,1
1dfi_A_B,1
1dfi_A_C,1
1dfi_A_D,1
1dfi_B_C,1
1dfi_B_D,1
1dfi_C_D,1
1dfo_C_D,1
1dgf_A_B,1
1dgf_A_C,1
1dgf_A_D,1
1dgf_B_C,1
1dgf_B_D,1
1dgf_C_D,1
1dgh_A_B,1
1dgh_A_C,1
1dgh_A_D,1
1dgh_B_C,1
1dgh_B_D,1
1dgh_C_D,1
1dgr_A_V,1
1dgr_A_W,1
1dgr_A_X,1
1dgr_A_Y,1
1dgr_B_M,1
1dgr_B_N,1
1dgr_B_V,1
1dgr_B_W,1
1dgr_C_M,1
1dgr_C_N,1
1dgr_C_X,1
1dgr_C_Y,1
1dgr_M_N,1
1dgr_V_W,1
1dgr_X_Y,1
1dh3_A_C,1
1dhf_A_B,1
1dhi_A_B,1
1dib_A_B,1
1die_A_B,1
1dig_A_B,1
1dii_A_B,1
1dii_A_C,1
1dii_B_D,1
1dio_A_B,1
1dio_A_G,1
1dio_A_L,1
1dio_E_L,1
1dio_L_M,1
1dj3_A_B,1
1dj7_A_B,1
1dj8_C_D,1
1djn_A_B,1
1djr_D_E,1
1djr_D_H,1
1djr_E_F,1
1djr_F_G,1
1djr_G_H,1
1djs_A_B,1
1dju_A_B,1
1dkd_A_C,1
1dkg_A_B,1
1dkg_A_D,1
1dkr_A_B,1
1dku_A_B,1
1dl5_A_B,1
1dle_A_B,1
1dlt_A_B,1
1dlv_A_B,1
1dlv_A_C,1
1dlv_A_D,1
1dlv_B_C,1
1dlv_B_D,1
1dlv_C_D,1
1dm0_A_C,1
1dm0_A_E,1
1dm0_A_F,1
1dm0_B_C,1
1dm0_B_F,1
1dm0_C_D,1
1dm0_D_E,1
1dm0_E_F,1
1dm3_A_B,1
1dm3_A_C,1
1dm3_A_D,1
1dm3_B_C,1
1dm3_B_D,1
1dm3_C_D,1
1dmh_A_B,1
1dmj_A_B,1
1dmx_A_B,1
1dna_A_B,1
1dnu_A_B,1
1dnu_A_C,1
1dnu_A_D,1
1dnu_B_C,1
1dnu_B_D,1
1dnu_C_D,1
1dnw_A_B,1
1dnw_A_C,1
1dnw_A_D,1
1dnw_B_C,1
1dnw_B_D,1
1dnw_C_D,1
1do8_A_B,1
1do8_A_C,1
1do8_A_D,1
1do8_B_C,1
1do8_B_D,1
1do8_C_D,1
1dq4_A_B,1
1dq8_A_B,1
1dq8_A_C,1
1dq8_A_D,1
1dq8_B_C,1
1dq8_B_D,1
1dq8_C_D,1
1dqe_A_B,1
1dqi_A_B,1
1dqi_A_C,1
1dqi_A_D,1
1dqi_B_C,1
1dqi_B_D,1
1dqi_C_D,1
1dqn_A_B,1
1drb_A_B,1
1dth_A_B,1
1dtw_A_B,1
1dty_A_B,1
1dub_A_B,1
1dub_A_C,1
1dub_A_D,1
1dub_A_F,1
1dub_B_C,1
1dub_B_E,1
1dub_B_F,1
1dub_C_D,1
1dub_C_E,1
1dub_D_E,1
1dub_D_F,1
1dub_E_F,1
1dux_C_F,1
1dv1_A_B,1
1dw6_C_D,1
1dw9_A_B,1
1dw9_A_D,1
1dw9_A_F,1
1dw9_A_I,1
1dw9_A_J,1
1dw9_B_D,1
1dw9_B_E,1
1dw9_B_F,1
1dw9_B_G,1
1dw9_C_E,1
1dw9_C_G,1
1dw9_C_H,1
1dw9_C_I,1
1dw9_C_J,1
1dw9_D_F,1
1dw9_D_I,1
1dw9_D_J,1
1dw9_E_F,1
1dw9_E_G,1
1dw9_E_H,1
1dw9_F_G,1
1dw9_G_H,1
1dw9_H_I,1
1dw9_H_J,1
1dw9_I_J,1
1dwo_A_B,1
1dxo_B_D,1
1dxq_B_D,1
1dxr_C_H,1
1dxr_C_L,1
1dxr_C_M,1
1dxr_H_L,1
1dxr_H_M,1
1dxr_L_M,1
1dxx_A_B,1
1dy7_A_B,1
1dyh_A_B,1
1dyi_A_B,1
1dyu_A_B,1
1dzn_A_B,1
1dzr_A_B,1
1e0j_A_B,1
1e0j_B_C,1
1e0j_D_E,1
1e0j_E_F,1
1e0o_A_B,1
1e0o_C_D,1
1e0y_A_B,1
1e15_A_B,1
1e1c_A_B,1
1e1c_C_D,1
1e1e_A_B,1
1e1h_A_B,1
1e1h_A_C,1
1e1h_A_D,1
1e1h_B_C,1
1e1h_B_D,1
1e1h_C_D,1
1e3a_A_B,1
1e3i_A_B,1
1e3l_A_B,1
1e3u_B_D,1
1e3w_A_B,1
1e3w_A_C,1
1e3w_B_D,1
1e3w_C_D,1
1e4l_A_B,1
1e51_A_B,1
1e57_A_B,1
1e57_A_C,1
1e57_B_C,1
1e5z_A_C,1
1e5z_B_D,1
1e7d_A_B,1
1e7l_A_B,1
1e7n_A_B,1
1e8d_A_B,1
1e8o_A_B,1
1e8o_C_D,1
1e8t_A_B,1
1e9i_A_B,1
1e9i_C_D,1
1e9z_A_B,1
1eav_A_B,1
1eav_A_C,1
1eav_B_C,1
1eav_D_E,1
1eav_D_F,1
1eav_E_F,1
1ebl_A_B,1
1ebo_D_E,1
1ebo_D_F,1
1ebo_E_F,1
1ebu_A_B,1
1ebu_C_D,1
1eby_A_B,1
1ebz_A_B,1
1ec8_A_B,1
1ec8_A_C,1
1ec8_A_D,1
1ec8_B_C,1
1ec8_B_D,1
1ec8_C_D,1
1ecf_A_B,1
1ecj_A_B,1
1ecj_A_C,1
1ecj_B_D,1
1ecj_C_D,1
1ecp_A_D,1
1ecp_A_E,1
1ecp_B_D,1
1ecp_B_F,1
1ecp_C_E,1
1ecp_C_F,1
1ecq_A_B,1
1ecq_A_C,1
1ecq_A_D,1
1ecq_B_C,1
1ecq_B_D,1
1ecq_C_D,1
1ed5_A_B,1
1ed8_A_B,1
1ed9_A_B,1
1edh_A_B,1
1ee1_A_B,1
1eef_L_M,1
1eef_L_P,1
1eef_M_N,1
1eef_N_O,1
1eef_O_P,1
1eex_A_B,1
1eex_A_G,1
1eex_A_L,1
1eex_E_L,1
1eex_L_M,1
1ef1_A_C,1
1ef1_B_D,1
1ef1_C_D,1
1ef2_A_B,1
1ef2_A_C,1
1efl_A_B,1
1efl_A_C,1
1efl_A_D,1
1efl_B_C,1
1efl_B_D,1
1efl_C_D,1
1efp_C_D,1
1efv_A_B,1
1ega_A_B,1
1egh_A_B,1
1egh_A_F,1
1egh_B_E,1
1egh_C_D,1
1egh_C_F,1
1egh_D_E,1
1egv_A_B,1
1egv_A_G,1
1egv_A_L,1
1egv_E_L,1
1egv_L_M,1
1ejt_A_C,1
1ejt_B_C,1
1ek1_A_B,1
1ek9_A_B,1
1ek9_A_C,1
1ek9_B_C,1
1ekf_A_B,1
1eku_A_B,1
1ekv_A_B,1
1elx_A_B,1
1ely_A_B,1
1elz_A_B,1
1em1_A_B,1
1en5_A_B,1
1en5_C_D,1
1en6_A_B,1
1en6_C_D,1
1enq_A_B,1
1enq_A_C,1
1enq_B_D,1
1enq_C_D,1
1eo2_A_B,1
1eoa_A_B,1
1eoc_A_B,1
1eop_A_B,1
1ep3_A_B,1
1epb_A_B,1
1epf_A_B,1
1epf_C_D,1
1epv_A_B,1
1epx_A_B,1
1epx_A_C,1
1epx_A_D,1
1epx_B_C,1
1epx_B_D,1
1epx_C_D,1
1eqq_A_B,1
1eqq_A_C,1
1eqq_A_D,1
1eqq_B_C,1
1eqq_B_D,1
1eqq_C_D,1
1eqw_A_C,1
1eqw_B_D,1
1eqz_A_B,1
1eqz_A_G,1
1eqz_A_H,1
1eqz_B_D,1
1eqz_B_H,1
1eqz_C_D,1
1eqz_C_E,1
1eqz_C_G,1
1eqz_D_E,1
1eqz_D_F,1
1eqz_E_F,1
1eqz_F_H,1
1eqz_G_H,1
1ere_A_B,1
1ere_C_D,1
1ere_E_F,1
1err_A_B,1
1erz_A_B,1
1esj_A_B,1
1esj_A_C,1
1esj_B_C,1
1esn_A_B,1
1esn_C_D,1
1esq_A_B,1
1esq_A_C,1
1esq_B_C,1
1etq_A_B,1
1etq_C_D,1
1etv_A_B,1
1etx_A_B,1
1eua_A_B,1
1eua_A_C,1
1eua_B_C,1
1euc_A_B,1
1ev4_C_D,1
1ev9_C_D,1
1evu_A_B,1
1evx_A_B,1
1ew9_A_B,1
1ewj_E_F,1
1ewj_G_H,1
1ewq_A_B,1
1ewr_A_B,1
1ext_A_B,1
1exz_A_B,1
1exz_A_C,1
1exz_B_C,1
1exz_B_D,1
1exz_C_D,1
1eyq_A_B,1
1eyr_A_B,1
1eyu_A_B,1
1eyv_A_B,1
1ez4_A_B,1
1ez4_A_C,1
1ez4_A_D,1
1ez4_B_C,1
1ez4_B_D,1
1ez4_C_D,1
1ezg_A_B,1
1ezl_A_B,1
1ezl_A_C,1
1ezl_A_D,1
1ezl_B_C,1
1ezl_B_D,1
1ezl_C_D,1
1ezz_A_B,1
1ezz_B_D,1
1ezz_C_D,1
1f05_A_B,1
1f06_A_B,1
1f0k_A_B,1
1f0o_A_B,1
1f14_A_B,1
1f1c_A_B,1
1f1h_A_B,1
1f1h_A_F,1
1f1h_A_G,1
1f1h_B_C,1
1f1h_B_H,1
1f1h_C_D,1
1f1h_C_I,1
1f1h_D_E,1
1f1h_D_J,1
1f1h_E_F,1
1f1h_E_K,1
1f1h_F_L,1
1f1h_G_H,1
1f1h_G_L,1
1f1h_H_I,1
1f1h_I_J,1
1f1h_J_K,1
1f1h_K_L,1
1f23_D_E,1
1f23_D_F,1
1f23_E_F,1
1f2d_C_D,1
1f2e_A_B,1
1f2e_C_D,1
1f2u_A_B,1
1f2u_A_D,1
1f2u_B_C,1
1f2u_B_D,1
1f2u_C_D,1
1f30_A_B,1
1f30_A_D,1
1f30_A_E,1
1f30_B_C,1
1f30_B_E,1
1f30_C_E,1
1f30_C_F,1
1f30_D_E,1
1f30_D_F,1
1f30_E_F,1
1f30_G_H,1
1f30_G_I,1
1f30_G_K,1
1f30_H_I,1
1f30_H_L,1
1f30_I_J,1
1f30_I_K,1
1f30_I_L,1
1f30_J_K,1
1f30_J_L,1
1f33_A_B,1
1f33_A_D,1
1f33_A_E,1
1f33_B_C,1
1f33_B_E,1
1f33_C_E,1
1f33_C_F,1
1f33_D_E,1
1f33_D_F,1
1f33_E_F,1
1f33_G_H,1
1f33_G_I,1
1f33_G_K,1
1f33_H_I,1
1f33_H_L,1
1f33_I_J,1
1f33_I_K,1
1f33_I_L,1
1f33_J_K,1
1f33_J_L,1
1f38_A_B,1
1f38_A_C,1
1f38_A_D,1
1f38_B_C,1
1f38_B_D,1
1f38_C_D,1
1f39_A_B,1
1f3u_A_B,1
1f3u_C_D,1
1f3u_G_H,1
1f3w_A_B,1
1f3w_A_C,1
1f3w_B_D,1
1f3w_C_D,1
1f3w_E_F,1
1f3w_E_G,1
1f3w_F_H,1
1f3w_G_H,1
1f3x_A_B,1
1f3x_A_C,1
1f3x_B_D,1
1f3x_C_D,1
1f3x_E_F,1
1f3x_E_G,1
1f3x_F_H,1
1f3x_G_H,1
1f4c_A_B,1
1f4f_A_B,1
1f4j_A_B,1
1f4j_A_C,1
1f4j_A_D,1
1f4j_B_C,1
1f4j_B_D,1
1f4j_C_D,1
1f4o_A_B,1
1f4q_A_B,1
1f60_A_B,1
1f6d_A_B,1
1f6d_C_D,1
1f6t_A_B,1
1f6t_A_C,1
1f6t_B_C,1
1f73_A_C,1
1f73_A_D,1
1f73_B_C,1
1f73_B_D,1
1f7a_A_B,1
1f7q_A_B,1
1f7q_A_C,1
1f7q_B_C,1
1f80_A_B,1
1f80_A_C,1
1f80_A_E,1
1f80_B_C,1
1f80_B_D,1
1f80_C_F,1
1f88_A_B,1
1f89_A_B,1
1f8y_A_B,1
1f9c_A_B,1
1f9k_A_B,1
1f9q_A_B,1
1f9q_A_D,1
1f9q_B_C,1
1f9q_C_D,1
1f9s_A_B,1
1f9s_A_D,1
1f9s_B_C,1
1f9s_C_D,1
1fay_E_F,1
1fay_G_H,1
1fba_A_B,1
1fba_A_D,1
1fba_B_C,1
1fba_C_D,1
1fbs_A_B,1
1fbu_A_B,1
1fbx_A_B,1
1fbx_A_E,1
1fbx_B_C,1
1fbx_C_D,1
1fbx_D_E,1
1fbx_F_G,1
1fbx_F_J,1
1fbx_F_M,1
1fbx_G_H,1
1fbx_G_L,1
1fbx_G_M,1
1fbx_H_I,1
1fbx_H_K,1
1fbx_H_L,1
1fbx_I_J,1
1fbx_I_K,1
1fbx_I_O,1
1fbx_J_N,1
1fbx_J_O,1
1fbx_K_L,1
1fbx_K_O,1
1fbx_L_M,1
1fbx_M_N,1
1fbx_N_O,1
1fcj_A_C,1
1fcj_B_D,1
1fff_C_D,1
1ffi_C_D,1
1ffu_A_B,1
1ffu_A_C,1
1ffu_B_C,1
1ffu_B_E,1
1ffu_D_E,1
1ffu_D_F,1
1ffu_E_F,1
1ffv_A_B,1
1ffv_A_C,1
1ffv_B_C,1
1ffv_B_E,1
1ffv_D_E,1
1ffv_D_F,1
1ffv_E_F,1
1fg6_C_D,1
1fg8_C_D,1
1fhw_A_B,1
1fif_A_B,1
1fif_A_C,1
1fif_B_C,1
1fiq_A_B,1
1fiq_A_C,1
1fiq_B_C,1
1fiu_A_B,1
1fiu_A_C,1
1fiu_A_D,1
1fiu_B_C,1
1fiu_B_D,1
1fiu_C_D,1
1fj9_A_B,1
1fjg_C_J,1
1fjg_C_N,1
1fjg_D_E,1
1fjg_E_H,1
1fjg_F_R,1
1fjg_G_K,1
1fjg_J_N,1
1fjg_K_R,1
1fjg_M_S,1
1fjh_A_B,1
1fm2_A_B,1
1fm8_A_B,1
1fn9_A_B,1
1fo4_A_B,1
1foh_A_C,1
1foh_B_D,1
1fos_E_F,1
1fos_G_H,1
1fou_A_B,1
1fou_A_L,1
1fou_B_C,1
1fou_B_D,1
1fou_B_L,1
1fou_C_D,1
1fou_D_E,1
1fou_D_F,1
1fou_E_F,1
1fou_E_G,1
1fou_F_G,1
1fou_G_H,1
1fou_H_I,1
1fou_H_J,1
1fou_I_J,1
1fou_I_K,1
1fou_J_K,1
1fou_K_L,1
1fp3_A_B,1
1fpi_A_B,1
1fpy_A_B,1
1fpy_A_F,1
1fpy_A_G,1
1fpy_B_C,1
1fpy_B_H,1
1fpy_C_D,1
1fpy_C_I,1
1fpy_D_E,1
1fpy_D_J,1
1fpy_E_F,1
1fpy_E_K,1
1fpy_F_L,1
1fpy_G_H,1
1fpy_G_L,1
1fpy_H_I,1
1fpy_I_J,1
1fpy_J_K,1
1fpy_K_L,1
1fqo_A_B,1
1ft2_A_B,1
1ft3_A_B,1
1fte_A_B,1
1fte_A_C,1
1fte_B_C,1
1fth_A_B,1
1fth_A_C,1
1fth_B_C,1
1ftp_A_B,1
1ftr_A_B,1
1ftr_A_C,1
1ftr_A_D,1
1ftr_B_C,1
1ftr_B_D,1
1ftr_C_D,1
1ftx_A_B,1
1fu1_A_B,1
1fui_A_B,1
1fui_A_C,1
1fui_B_C,1
1fvk_A_B,1
1fvp_A_B,1
1fw6_A_B,1
1fwi_A_C,1
1fwi_B_C,1
1fwj_A_C,1
1fwj_B_C,1
1fwn_A_B,1
1fws_A_B,1
1fww_A_B,1
1fx7_A_B,1
1fx7_C_D,1
1fxf_A_B,1
1fxp_A_B,1
1fxw_A_F,1
1fyu_A_B,1
1fze_D_E,1
1fze_D_F,1
1fze_E_F,1
1fzf_A_B,1
1fzf_A_C,1
1fzf_B_C,1
1fzf_C_F,1
1fzf_D_E,1
1fzf_D_F,1
1fzf_E_F,1
1fzp_B_D,1
1fzw_A_B,1
1fzw_A_C,1
1fzw_B_D,1
1fzw_C_D,1
1fzw_E_F,1
1fzw_E_H,1
1fzw_F_G,1
1fzw_G_H,1
1g0i_A_B,1
1g0n_A_B,1
1g0r_A_B,1
1g0r_A_C,1
1g0r_B_D,1
1g0r_C_D,1
1g0r_E_F,1
1g0r_E_H,1
1g0r_F_G,1
1g0r_G_H,1
1g0u_1_2,1
1g0u_1_H,1
1g0u_1_N,1
1g0u_1_S,1
1g0u_1_T,1
1g0u_1_Z,1
1g0u_2_M,1
1g0u_2_N,1
1g0u_2_T,1
1g0u_2_U,1
1g0u_2_V,1
1g0u_A_B,1
1g0u_A_G,1
1g0u_A_H,1
1g0u_A_I,1
1g0u_B_C,1
1g0u_B_I,1
1g0u_B_J,1
1g0u_C_D,1
1g0u_C_J,1
1g0u_C_K,1
1g0u_D_E,1
1g0u_D_K,1
1g0u_D_L,1
1g0u_E_F,1
1g0u_E_L,1
1g0u_E_M,1
1g0u_F_G,1
1g0u_F_M,1
1g0u_F_N,1
1g0u_G_H,1
1g0u_G_N,1
1g0u_H_I,1
1g0u_H_N,1
1g0u_H_Z,1
1g0u_I_J,1
1g0u_I_Y,1
1g0u_I_Z,1
1g0u_J_K,1
1g0u_J_X,1
1g0u_J_Y,1
1g0u_K_L,1
1g0u_K_W,1
1g0u_K_X,1
1g0u_L_M,1
1g0u_L_V,1
1g0u_L_W,1
1g0u_M_N,1
1g0u_M_V,1
1g0u_O_P,1
1g0u_O_U,1
1g0u_O_V,1
1g0u_O_W,1
1g0u_P_Q,1
1g0u_P_W,1
1g0u_P_X,1
1g0u_Q_R,1
1g0u_Q_X,1
1g0u_Q_Y,1
1g0u_R_S,1
1g0u_R_Y,1
1g0u_R_Z,1
1g0u_S_T,1
1g0u_S_Z,1
1g0u_T_U,1
1g0u_U_V,1
1g0u_V_W,1
1g0u_W_X,1
1g0u_X_Y,1
1g0u_Y_Z,1
1g1a_A_B,1
1g1a_C_D,1
1g1l_A_B,1
1g1l_A_C,1
1g1l_B_D,1
1g1l_C_D,1
1g1l_E_F,1
1g1l_E_H,1
1g1l_F_G,1
1g1l_G_H,1
1g1r_A_D,1
1g1r_C_D,1
1g1y_A_B,1
1g23_A_B,1
1g23_A_C,1
1g23_B_D,1
1g23_C_D,1
1g2c_A_C,1
1g2c_A_E,1
1g2c_C_E,1
1g2c_G_I,1
1g2c_G_K,1
1g2c_I_K,1
1g2c_M_O,1
1g2c_M_Q,1
1g2c_O_Q,1
1g2c_S_U,1
1g2c_S_W,1
1g2c_U_W,1
1g2o_A_B,1
1g2o_A_C,1
1g2o_B_C,1
1g2q_A_B,1
1g2v_A_B,1
1g2v_A_C,1
1g2v_B_D,1
1g2v_C_D,1
1g2x_A_B,1
1g2x_A_C,1
1g2x_B_C,1
1g3k_A_B,1
1g3k_B_C,1
1g51_A_B,1
1g57_A_B,1
1g5c_C_D,1
1g5g_D_E,1
1g5g_D_F,1
1g5g_E_F,1
1g5h_C_D,1
1g5i_C_D,1
1g5q_A_D,1
1g5x_A_B,1
1g63_A_B,1
1g63_A_G,1
1g63_A_H,1
1g63_B_H,1
1g63_B_K,1
1g63_C_E,1
1g63_C_H,1
1g63_C_J,1
1g63_D_E,1
1g63_D_F,1
1g63_D_G,1
1g63_E_J,1
1g63_F_G,1
1g63_F_I,1
1g63_I_K,1
1g63_I_L,1
1g63_J_L,1
1g63_K_L,1
1g6k_A_B,1
1g6o_A_B,1
1g72_A_B,1
1g72_A_C,1
1g72_C_D,1
1g7k_A_B,1
1g7k_A_C,1
1g7k_B_D,1
1g7k_C_D,1
1g85_A_B,1
1g8k_A_B,1
1g8k_C_D,1
1g8m_A_B,1
1g98_A_B,1
1g99_A_B,1
1g9q_A_B,1
1g9s_A_B,1
1ga7_A_B,1
1gad_O_P,1
1gav_0_8,1
1gav_0_9,1
1gav_0_a,1
1gav_1_D,1
1gav_1_F,1
1gav_1_Y,1
1gav_1_d,1
1gav_2_4,1
1gav_2_Q,1
1gav_2_R,1
1gav_2_U,1
1gav_3_4,1
1gav_3_8,1
1gav_3_9,1
1gav_3_Q,1
1gav_4_8,1
1gav_4_S,1
1gav_4_U,1
1gav_5_6,1
1gav_5_7,1
1gav_5_H,1
1gav_5_I,1
1gav_6_7,1
1gav_6_H,1
1gav_6_g,1
1gav_6_h,1
1gav_7_g,1
1gav_8_9,1
1gav_9_b,1
1gav_A_B,1
1gav_A_C,1
1gav_A_e,1
1gav_A_f,1
1gav_B_C,1
1gav_B_J,1
1gav_B_K,1
1gav_B_e,1
1gav_C_J,1
1gav_D_E,1
1gav_D_F,1
1gav_D_T,1
1gav_D_U,1
1gav_E_F,1
1gav_E_G,1
1gav_E_H,1
1gav_E_T,1
1gav_F_G,1
1gav_F_Y,1
1gav_G_H,1
1gav_G_I,1
1gav_H_I,1
1gav_J_K,1
1gav_J_L,1
1gav_K_L,1
1gav_K_M,1
1gav_K_N,1
1gav_L_M,1
1gav_M_N,1
1gav_M_O,1
1gav_N_O,1
1gav_N_Z,1
1gav_O_Y,1
1gav_P_Q,1
1gav_P_R,1
1gav_P_W,1
1gav_P_X,1
1gav_P_f,1
1gav_Q_R,1
1gav_Q_W,1
1gav_R_d,1
1gav_R_f,1
1gav_S_U,1
1gav_S_h,1
1gav_S_i,1
1gav_T_U,1
1gav_T_h,1
1gav_V_W,1
1gav_V_X,1
1gav_V_b,1
1gav_V_c,1
1gav_W_X,1
1gav_W_b,1
1gav_Y_Z,1
1gav_Z_d,1
1gav_Z_e,1
1gav_a_b,1
1gav_a_c,1
1gav_b_c,1
1gav_d_e,1
1gav_d_f,1
1gav_e_f,1
1gav_g_h,1
1gav_g_i,1
1gav_h_i,1
1gc0_A_B,1
1gc0_A_C,1
1gc0_A_D,1
1gc0_B_C,1
1gc0_B_D,1
1gc0_C_D,1
1gc3_A_B,1
1gc3_C_D,1
1gc3_E_F,1
1gc3_G_H,1
1gck_A_B,1
1gcz_A_B,1
1gcz_A_C,1
1gcz_B_C,1
1gd2_E_F,1
1gde_A_B,1
1gdt_A_B,1
1gee_A_B,1
1gef_A_E,1
1geg_E_F,1
1geg_E_H,1
1geg_F_G,1
1geg_G_H,1
1get_A_B,1
1geu_A_B,1
1gg5_B_D,1
1gg9_A_B,1
1gg9_A_C,1
1gg9_A_D,1
1gg9_B_C,1
1gg9_B_D,1
1gg9_C_D,1
1gge_A_B,1
1gge_A_C,1
1gge_A_D,1
1gge_B_C,1
1gge_B_D,1
1gge_C_D,1
1ggf_A_B,1
1ggf_A_C,1
1ggf_A_D,1
1ggf_B_C,1
1ggf_B_D,1
1ggf_C_D,1
1ggh_A_B,1
1ggh_A_C,1
1ggh_A_D,1
1ggh_B_C,1
1ggh_B_D,1
1ggh_C_D,1
1ggj_A_B,1
1ggj_A_C,1
1ggj_A_D,1
1ggj_B_C,1
1ggj_B_D,1
1ggj_C_D,1
1ggq_A_B,1
1ggq_C_D,1
1ggu_A_B,1
1ggx_A_B,1
1ggx_A_C,1
1ggx_B_D,1
1ggx_C_D,1
1gh0_A_B,1
1gh0_A_D,1
1gh0_A_I,1
1gh0_A_K,1
1gh0_B_E,1
1gh0_C_D,1
1gh0_C_F,1
1gh0_C_G,1
1gh0_C_I,1
1gh0_E_F,1
1gh0_E_G,1
1gh0_E_K,1
1gh0_G_H,1
1gh0_G_J,1
1gh0_H_K,1
1gh0_I_J,1
1gh0_I_L,1
1gh0_K_L,1
1gh0_M_N,1
1gh0_M_P,1
1gh0_M_U,1
1gh0_M_W,1
1gh0_N_Q,1
1gh0_O_P,1
1gh0_O_R,1
1gh0_O_S,1
1gh0_O_U,1
1gh0_Q_R,1
1gh0_Q_S,1
1gh0_Q_W,1
1gh0_S_T,1
1gh0_S_V,1
1gh0_T_W,1
1gh0_U_V,1
1gh0_U_X,1
1gh0_W_X,1
1gk1_A_B,1
1gk1_C_D,1
1gk2_A_C,1
1gk2_A_D,1
1gk2_B_C,1
1gk2_B_D,1
1gk4_A_B,1
1gk4_C_D,1
1gk8_A_C,1
1gk8_A_G,1
1gk8_A_I,1
1gk8_A_O,1
1gk8_C_E,1
1gk8_C_I,1
1gk8_C_K,1
1gk8_E_G,1
1gk8_E_K,1
1gk8_E_M,1
1gk8_G_M,1
1gk8_G_O,1
1gk8_I_K,1
1gk8_I_O,1
1gk8_K_M,1
1gk8_M_O,1
1gkq_A_B,1
1gkq_A_D,1
1gkq_B_C,1
1gkq_C_D,1
1gl3_A_B,1
1gm7_A_B,1
1gm8_A_B,1
1gme_A_B,1
1gme_C_D,1
1gml_A_D,1
1gml_B_C,1
1gmw_A_B,1
1gmw_A_C,1
1gmw_B_D,1
1gn2_E_F,1
1gn2_E_G,1
1gn2_F_H,1
1gn2_G_H,1
1gnh_A_B,1
1gnh_A_E,1
1gnh_B_C,1
1gnh_C_D,1
1gnh_D_E,1
1gnh_F_G,1
1gnh_F_J,1
1gnh_G_H,1
1gnh_H_I,1
1gnh_I_J,1
1gno_A_B,1
1gnx_A_B,1
1go4_A_G,1
1go4_B_C,1
1go4_B_F,1
1go4_B_G,1
1go4_C_E,1
1go4_D_H,1
1go4_E_F,1
1go4_E_H,1
1go4_G_H,1
1gp1_A_B,1
1gpa_A_B,1
1gpa_A_C,1
1gpa_A_D,1
1gpa_B_C,1
1gpa_B_D,1
1gpa_C_D,1
1gpd_G_R,1
1gq2_A_B,1
1gq2_A_C,1
1gq2_A_D,1
1gq2_B_C,1
1gq2_B_D,1
1gq2_C_D,1
1gq2_E_F,1
1gq2_E_G,1
1gq2_E_H,1
1gq2_F_G,1
1gq2_F_H,1
1gq2_G_H,1
1gq2_I_J,1
1gq2_I_K,1
1gq2_I_L,1
1gq2_J_K,1
1gq2_J_L,1
1gq2_K_L,1
1gqa_A_D,1
1gqm_A_B,1
1gqm_A_D,1
1gqm_A_E,1
1gqm_B_C,1
1gqm_B_F,1
1gqm_C_D,1
1gqm_C_F,1
1gqm_D_E,1
1gqm_E_F,1
1gqm_G_H,1
1gqm_G_I,1
1gqm_G_K,1
1gqm_H_J,1
1gqm_H_L,1
1gqm_I_J,1
1gqm_I_K,1
1gqm_J_L,1
1gqm_K_L,1
1gqp_A_B,1
1gsf_A_B,1
1gsf_C_D,1
1gt8_A_B,1
1gt8_C_D,1
1gte_A_B,1
1gte_C_D,1
1gtf_A_B,1
1gtf_A_K,1
1gtf_B_C,1
1gtf_C_D,1
1gtf_D_E,1
1gtf_E_F,1
1gtf_F_G,1
1gtf_G_H,1
1gtf_H_I,1
1gtf_I_J,1
1gtf_J_K,1
1gtf_L_M,1
1gtf_L_V,1
1gtf_M_N,1
1gtf_N_O,1
1gtf_O_P,1
1gtf_P_Q,1
1gtf_Q_R,1
1gtf_R_S,1
1gtf_S_T,1
1gtf_T_U,1
1gtf_U_V,1
1gti_C_D,1
1gtm_A_B,1
1gtm_A_C,1
1gtm_B_C,1
1gtn_L_M,1
1gtn_L_V,1
1gtn_M_N,1
1gtn_N_O,1
1gtn_O_P,1
1gtn_P_Q,1
1gtn_Q_R,1
1gtn_R_S,1
1gtn_S_T,1
1gtn_T_U,1
1gtn_U_V,1
1gtu_C_D,1
1gtw_A_B,1
1gtz_A_B,1
1gtz_A_C,1
1gtz_A_D,1
1gtz_B_C,1
1gtz_B_G,1
1gtz_C_J,1
1gtz_D_E,1
1gtz_D_F,1
1gtz_E_F,1
1gtz_E_L,1
1gtz_F_H,1
1gtz_G_H,1
1gtz_G_I,1
1gtz_H_I,1
1gtz_I_K,1
1gtz_J_K,1
1gtz_J_L,1
1gtz_K_L,1
1gu0_A_B,1
1gu0_A_C,1
1gu0_A_D,1
1gu0_B_C,1
1gu0_B_G,1
1gu0_C_J,1
1gu0_D_E,1
1gu0_D_F,1
1gu0_E_F,1
1gu0_E_L,1
1gu0_F_H,1
1gu0_G_H,1
1gu0_G_I,1
1gu0_H_I,1
1gu0_I_K,1
1gu0_J_K,1
1gu0_J_L,1
1gu0_K_L,1
1gu6_A_G,1
1gug_D_E,1
1gug_D_F,1
1gug_E_F,1
1guo_A_B,1
1guo_A_C,1
1guo_B_C,1
1guo_D_E,1
1guo_D_F,1
1guo_E_F,1
1guq_A_B,1
1guq_C_D,1
1gux_A_B,1
1gv1_A_B,1
1gv1_A_C,1
1gv1_A_D,1
1gv1_B_C,1
1gv1_B_D,1
1gv1_C_D,1
1gve_A_B,1
1gvm_A_B,1
1gvm_C_D,1
1gvm_E_F,1
1gxk_A_B,1
1gxk_C_D,1
1gxp_A_B,1
1gyk_A_C,1
1gyk_A_D,1
1gyk_B_D,1
1gyk_B_E,1
1gyk_C_E,1
1gyo_A_B,1
1gyp_A_B,1
1gyp_A_C,1
1gyp_A_D,1
1gyp_B_C,1
1gyp_B_D,1
1gyp_C_D,1
1gz0_B_G,1
1gz0_C_H,1
1gz3_A_B,1
1gz3_A_C,1
1gz3_A_D,1
1gz3_B_C,1
1gz3_B_D,1
1gz3_C_D,1
1gz4_A_B,1
1gz4_A_C,1
1gz4_A_D,1
1gz4_B_C,1
1gz4_B_D,1
1gz4_C_D,1
1gzh_A_B,1
1gzu_A_B,1
1gzu_A_C,1
1gzu_B_C,1
1h18_A_B,1
1h1c_A_B,1
1h1c_C_D,1
1h33_A_B,1
1h48_D_E,1
1h48_D_F,1
1h48_E_F,1
1h4i_A_B,1
1h4i_A_C,1
1h4i_C_D,1
1h4s_A_B,1
1h4t_C_D,1
1h54_A_B,1
1h56_A_B,1
1h59_A_B,1
1h5q_A_B,1
1h5q_A_C,1
1h5q_A_D,1
1h5q_B_C,1
1h5q_B_D,1
1h5q_C_D,1
1h5q_E_F,1
1h5q_E_G,1
1h5q_E_H,1
1h5q_F_G,1
1h5q_F_H,1
1h5q_G_H,1
1h5r_A_B,1
1h5r_A_D,1
1h5r_B_C,1
1h5r_C_D,1
1h7f_A_B,1
1h7g_A_B,1
1h7h_A_B,1
1h83_A_B,1
1h84_A_B,1
1h91_A_B,1
1h9r_A_B,1
1h9s_A_B,1
1h9t_A_B,1
1h9w_A_B,1
1hav_A_B,1
1hbo_A_B,1
1hbo_A_C,1
1hbo_A_D,1
1hbo_A_E,1
1hbo_A_F,1
1hbo_B_C,1
1hbo_B_D,1
1hbo_B_E,1
1hbo_C_D,1
1hbo_D_E,1
1hbo_D_F,1
1hbo_E_F,1
1hcq_A_B,1
1hcq_E_F,1
1hcx_A_B,1
1hdc_A_B,1
1hdc_A_C,1
1hdc_A_D,1
1hdc_B_C,1
1hdc_B_D,1
1hdc_C_D,1
1hdx_A_B,1
1hdz_A_B,1
1heu_A_B,1
1hfb_E_F,1
1hfw_A_B,1
1hfw_A_C,1
1hfw_A_D,1
1hfw_B_C,1
1hfw_B_D,1
1hfw_C_D,1
1hg0_A_B,1
1hg0_A_C,1
1hg0_A_D,1
1hg0_B_C,1
1hg0_B_D,1
1hg0_C_D,1
1hiw_A_B,1
1hiw_A_C,1
1hiw_B_C,1
1hiy_A_B,1
1hiy_A_C,1
1hiy_B_C,1
1hjx_A_B,1
1hjx_A_C,1
1hjx_A_D,1
1hjx_B_C,1
1hjx_B_D,1
1hkd_A_B,1
1hkd_A_C,1
1hkd_C_D,1
1hkq_A_B,1
1hkv_A_B,1
1hkw_A_B,1
1hkx_A_B,1
1hkx_A_C,1
1hkx_A_M,1
1hkx_B_D,1
1hkx_B_N,1
1hkx_C_D,1
1hkx_C_E,1
1hkx_D_F,1
1hkx_E_F,1
1hkx_E_G,1
1hkx_F_H,1
1hkx_G_H,1
1hkx_G_I,1
1hkx_H_J,1
1hkx_I_J,1
1hkx_I_K,1
1hkx_J_L,1
1hkx_K_L,1
1hkx_K_M,1
1hkx_L_N,1
1hkx_M_N,1
1hl6_A_B,1
1hl6_C_D,1
1hmd_C_D,1
1hmp_A_B,1
1hn2_A_B,1
1hn4_A_B,1
1hnb_A_B,1
1hnc_A_B,1
1hnc_C_D,1
1hnx_C_J,1
1hnx_C_N,1
1hnx_D_E,1
1hnx_E_H,1
1hnx_F_R,1
1hnx_J_N,1
1hnx_K_R,1
1hnx_M_S,1
1hps_A_B,1
1hpv_A_B,1
1hqf_A_B,1
1hqf_A_C,1
1hqf_B_C,1
1hqh_A_B,1
1hqh_A_C,1
1hqh_B_C,1
1hqn_A_B,1
1hqn_A_C,1
1hqn_B_C,1
1hqq_A_B,1
1hqq_A_D,1
1hqq_B_C,1
1hqq_C_D,1
1hqs_A_B,1
1hr7_A_B,1
1hr7_G_H,1
1hr9_C_D,1
1hrd_A_B,1
1hrd_A_C,1
1hrd_B_C,1
1hsi_A_B,1
1hso_A_B,1
1hss_A_B,1
1hss_C_D,1
1hsz_A_B,1
1ht0_A_B,1
1ht2_A_B,1
1ht2_C_D,1
1ht2_G_H,1
1ht2_K_L,1
1ht9_A_B,1
1htb_A_B,1
1htd_A_B,1
1hte_A_B,1
1htf_A_B,1
1htg_A_B,1
1hto_A_B,1
1hto_A_F,1
1hto_A_G,1
1hto_A_H,1
1hto_B_C,1
1hto_B_H,1
1hto_B_I,1
1hto_C_D,1
1hto_C_I,1
1hto_C_J,1
1hto_D_E,1
1hto_D_J,1
1hto_D_K,1
1hto_E_F,1
1hto_E_K,1
1hto_E_L,1
1hto_F_G,1
1hto_F_L,1
1hto_G_H,1
1hto_G_L,1
1hto_H_I,1
1hto_I_J,1
1hto_J_K,1
1hto_K_L,1
1hto_M_N,1
1hto_M_R,1
1hto_M_S,1
1hto_M_T,1
1hto_N_O,1
1hto_N_T,1
1hto_N_U,1
1hto_O_P,1
1hto_O_U,1
1hto_O_V,1
1hto_P_Q,1
1hto_P_V,1
1hto_P_W,1
1hto_Q_R,1
1hto_Q_W,1
1hto_Q_X,1
1hto_R_S,1
1hto_R_X,1
1hto_S_T,1
1hto_S_X,1
1hto_T_U,1
1hto_U_V,1
1hto_V_W,1
1hto_W_X,1
1hw1_A_B,1
1hwg_A_B,1
1hwg_A_C,1
1hwg_B_C,1
1hwj_A_B,1
1hwj_A_C,1
1hwj_A_D,1
1hwj_B_C,1
1hwj_B_D,1
1hwj_C_D,1
1hwk_A_B,1
1hwk_A_C,1
1hwk_A_D,1
1hwk_B_C,1
1hwk_B_D,1
1hwk_C_D,1
1hwp_A_B,1
1hwy_A_B,1
1hwy_A_D,1
1hwy_A_E,1
1hwy_A_F,1
1hwy_B_C,1
1hwy_B_E,1
1hwy_B_F,1
1hwy_C_D,1
1hwy_C_E,1
1hwy_C_F,1
1hwy_D_E,1
1hwy_D_F,1
1hxs_1_2,1
1hxs_1_3,1
1hxs_2_3,1
1hy0_A_B,1
1hy2_A_B,1
1hy2_A_D,1
1hy2_B_C,1
1hy2_C_D,1
1hyh_A_B,1
1hyh_A_C,1
1hyh_A_D,1
1hyh_B_C,1
1hyh_B_D,1
1hyh_C_D,1
1hyn_R_S,1
1hz9_A_B,1
1hza_A_B,1
1hzc_A_B,1
1hzj_A_B,1
1i0d_A_B,1
1i0h_A_B,1
1i0i_A_B,1
1i12_A_C,1
1i12_B_D,1
1i13_A_B,1
1i1k_A_B,1
1i1k_A_C,1
1i1k_B_C,1
1i21_A_B,1
1i21_M_N,1
1i21_X_Y,1
1i2n_A_B,1
1i2p_A_B,1
1i2z_A_B,1
1i32_A_B,1
1i32_A_C,1
1i32_A_D,1
1i32_B_C,1
1i32_B_D,1
1i32_C_D,1
1i36_A_B,1
1i3k_A_B,1
1i3l_A_B,1
1i3q_A_B,1
1i3q_A_C,1
1i3q_A_E,1
1i3q_A_F,1
1i3q_A_H,1
1i3q_A_I,1
1i3q_A_K,1
1i3q_B_C,1
1i3q_B_I,1
1i3q_B_J,1
1i3q_B_K,1
1i3q_B_L,1
1i3q_C_J,1
1i3q_C_K,1
1i3q_C_L,1
1i4j_A_B,1
1i4s_A_B,1
1i5l_A_B,1
1i5l_A_G,1
1i5l_B_C,1
1i5l_C_D,1
1i5l_D_E,1
1i5l_E_F,1
1i5l_F_G,1
1i5l_H_I,1
1i5l_H_N,1
1i5l_I_J,1
1i5l_J_K,1
1i5l_K_L,1
1i5l_L_M,1
1i5l_M_N,1
1i5z_A_B,1
1i6o_A_B,1
1i83_A_B,1
1i8d_A_B,1
1i8d_A_C,1
1i8d_B_C,1
1i8f_A_B,1
1i8f_A_G,1
1i8f_B_C,1
1i8f_C_D,1
1i8f_D_E,1
1i8f_E_F,1
1i8f_F_G,1
1i8j_A_B,1
1i8t_A_B,1
1iah_A_B,1
1iaz_A_B,1
1ibc_A_B,1
1ibj_A_C,1
1ibl_B_H,1
1ibl_C_J,1
1ibl_C_N,1
1ibl_E_H,1
1ibl_F_R,1
1ibl_J_N,1
1ibl_K_R,1
1ibl_M_S,1
1ibu_A_B,1
1ibu_A_C,1
1ibu_A_E,1
1ibu_A_F,1
1ibu_B_C,1
1ibu_B_D,1
1ibu_B_F,1
1ibu_C_D,1
1ibu_C_E,1
1ibu_D_E,1
1ibu_D_F,1
1ibu_E_F,1
1ibv_A_B,1
1ibv_A_C,1
1ibv_A_E,1
1ibv_A_F,1
1ibv_B_C,1
1ibv_B_D,1
1ibv_B_F,1
1ibv_C_D,1
1ibv_C_E,1
1ibv_D_E,1
1ibv_D_F,1
1ibv_E_F,1
1icu_A_B,1
1icw_A_B,1
1id3_A_B,1
1id3_A_E,1
1id3_A_G,1
1id3_B_D,1
1id3_B_G,1
1id3_B_H,1
1id3_C_D,1
1id3_C_E,1
1id3_C_F,1
1id3_D_F,1
1id3_E_F,1
1id3_F_H,1
1id3_G_H,1
1id4_A_B,1
1ida_A_B,1
1idb_A_B,1
1idp_A_B,1
1idp_A_C,1
1idp_B_C,1
1idt_A_B,1
1ie3_A_B,1
1ie3_C_D,1
1ie7_A_C,1
1ie7_B_C,1
1ied_A_B,1
1ig3_A_B,1
1igq_B_D,1
1igu_A_B,1
1igw_A_B,1
1igw_A_C,1
1igw_A_D,1
1igw_B_C,1
1igw_B_D,1
1igw_C_D,1
1iho_A_B,1
1ihx_A_B,1
1ihx_A_C,1
1ihx_A_D,1
1ihx_B_C,1
1ihx_B_D,1
1ihx_C_D,1
1ihy_A_B,1
1ihy_A_C,1
1ihy_A_D,1
1ihy_B_C,1
1ihy_B_D,1
1ihy_C_D,1
1ii0_A_B,1
1ii2_A_B,1
1ii4_B_F,1
1ii4_C_G,1
1ii4_D_H,1
1ii8_A_B,1
1iiq_A_B,1
1ij8_A_B,1
1ijd_A_C,1
1ijd_C_E,1
1ijf_A_B,1
1ijy_A_B,1
1ik4_A_B,1
1ik4_A_F,1
1ik4_B_E,1
1ik4_C_D,1
1ik4_C_F,1
1ik4_D_E,1
1imb_A_B,1
1imc_A_B,1
1ime_A_B,1
1imh_C_D,1
1iq6_A_B,1
1iq8_A_B,1
1iqc_A_C,1
1iqy_A_B,1
1iri_A_B,1
1iri_C_D,1
1irj_A_B,1
1irj_C_D,1
1irj_E_F,1
1irj_G_H,1
1is2_A_B,1
1isf_A_B,1
1isj_A_B,1
1iss_A_B,1
1it8_A_B,1
1itk_A_B,1
1itq_A_B,1
1itu_A_B,1
1iu7_A_B,1
1iu8_A_B,1
1iv1_A_C,1
1iv1_A_D,1
1iv1_B_E,1
1iv1_B_F,1
1iv1_C_D,1
1iv1_E_F,1
1iv2_A_B,1
1iv2_A_C,1
1iv2_B_C,1
1iv2_D_E,1
1iv2_D_F,1
1iv2_E_F,1
1ivh_A_B,1
1ivh_A_D,1
1ivh_B_C,1
1ivh_C_D,1
1ivp_A_B,1
1ivq_A_B,1
1ivu_A_B,1
1iw7_K_L,1
1iw7_K_M,1
1iw7_L_N,1
1iw7_M_N,1
1iw7_M_P,1
1iw7_N_O,1
1iw7_N_P,1
1iwb_A_B,1
1iwb_A_G,1
1iwb_A_L,1
1iwb_E_L,1
1iwb_L_M,1
1iwp_A_B,1
1iwp_A_G,1
1iwp_A_L,1
1iwp_E_L,1
1iwp_L_M,1
1ix1_A_B,1
1ixb_A_B,1
1ixo_A_C,1
1ixo_B_D,1
1ixq_A_C,1
1ixq_B_D,1
1iy9_A_B,1
1iy9_A_D,1
1iy9_B_C,1
1iy9_C_D,1
1iyd_A_B,1
1iyd_A_C,1
1iyd_B_C,1
1iye_A_B,1
1iye_A_C,1
1iye_B_C,1
1iyh_B_D,1
1iyi_A_D,1
1iyl_A_B,1
1iyl_C_D,1
1iz9_A_B,1
1izh_A_B,1
1izi_A_B,1
1izy_A_B,1
1j0b_A_B,1
1j0b_I_J,1
1j0b_O_P,1
1j0c_A_B,1
1j0c_C_D,1
1j0d_A_B,1
1j0d_C_D,1
1j0e_A_B,1
1j0e_C_D,1
1j0x_O_P,1
1j0x_O_Q,1
1j0x_O_R,1
1j0x_P_Q,1
1j0x_P_R,1
1j0x_Q_R,1
1j1a_A_B,1
1j1e_A_B,1
1j1e_A_C,1
1j1e_B_C,1
1j1e_D_E,1
1j1e_D_F,1
1j1e_E_F,1
1j1j_A_B,1
1j1j_A_D,1
1j1j_B_C,1
1j1j_C_D,1
1j1y_A_B,1
1j1z_A_B,1
1j1z_A_C,1
1j1z_A_D,1
1j1z_B_C,1
1j1z_B_D,1
1j1z_C_D,1
1j20_A_B,1
1j20_A_C,1
1j20_A_D,1
1j20_B_C,1
1j20_B_D,1
1j20_C_D,1
1j21_A_B,1
1j21_A_C,1
1j21_A_D,1
1j21_B_C,1
1j21_B_D,1
1j21_C_D,1
1j2b_A_B,1
1j2e_A_B,1
1j2g_A_B,1
1j2g_A_C,1
1j2g_A_D,1
1j2g_B_C,1
1j2g_B_D,1
1j2g_C_D,1
1j2q_A_B,1
1j2q_A_G,1
1j2q_A_H,1
1j2q_A_I,1
1j2q_B_C,1
1j2q_B_I,1
1j2q_B_J,1
1j2q_C_D,1
1j2q_C_J,1
1j2q_C_K,1
1j2q_D_E,1
1j2q_D_K,1
1j2q_D_L,1
1j2q_E_F,1
1j2q_E_L,1
1j2q_E_M,1
1j2q_F_G,1
1j2q_F_M,1
1j2q_F_N,1
1j2q_G_H,1
1j2q_G_N,1
1j2q_H_I,1
1j2q_H_N,1
1j2q_I_J,1
1j2q_J_K,1
1j2q_K_L,1
1j2q_L_M,1
1j2q_M_N,1
1j2t_A_B,1
1j2t_A_F,1
1j2t_B_C,1
1j2t_C_D,1
1j2t_D_E,1
1j2t_E_F,1
1j2w_A_B,1
1j2w_A_C,1
1j2w_B_D,1
1j2w_C_D,1
1j30_A_B,1
1j32_A_B,1
1j3l_A_B,1
1j3l_A_C,1
1j3l_B_C,1
1j3l_D_E,1
1j3l_D_F,1
1j3l_E_F,1
1j3m_A_B,1
1j3n_A_B,1
1j3r_A_B,1
1j3w_A_B,1
1j3w_B_D,1
1j3w_C_D,1
1j4u_A_B,1
1j4u_A_C,1
1j4u_B_D,1
1j4u_C_D,1
1j59_A_B,1
1j5w_A_B,1
1j6x_A_B,1
1j70_A_B,1
1j79_A_B,1
1j7l_A_B,1
1j7v_L_R,1
1j90_A_B,1
1j9j_A_B,1
1jb7_A_B,1
1jbq_A_B,1
1jbq_C_D,1
1jbq_E_F,1
1jcs_A_B,1
1jd0_A_B,1
1jdf_A_B,1
1jdf_C_D,1
1jdt_A_C,1
1jdt_B_C,1
1jdv_A_C,1
1jdv_A_D,1
1jdv_B_C,1
1jdv_B_E,1
1jdv_D_F,1
1jdv_E_F,1
1je0_A_C,1
1je0_B_C,1
1je8_A_B,1
1je8_E_F,1
1jeq_A_B,1
1jez_A_B,1
1jf5_A_B,1
1jg0_A_B,1
1jgm_A_B,1
1jgt_A_B,1
1jgw_H_L,1
1jgw_H_M,1
1jgw_L_M,1
1jhe_A_B,1
1ji2_A_B,1
1jia_A_B,1
1jie_A_B,1
1jig_A_B,1
1jig_A_D,1
1jig_B_D,1
1jig_C_D,1
1jj2_E_I,1
1jj2_F_L,1
1jj2_J_T,1
1jj2_M_P,1
1jj2_R_U,1
1jja_E_F,1
1jjc_A_B,1
1jjk_A_B,1
1jjk_E_F,1
1jjk_G_H,1
1jjk_K_L,1
1jjk_M_N,1
1jjk_O_P,1
1jk0_A_B,1
1jkg_A_B,1
1jkj_A_B,1
1jkj_D_E,1
1jl2_A_C,1
1jl2_A_D,1
1jl2_B_C,1
1jl2_B_D,1
1jl9_A_B,1
1jld_A_B,1
1jlh_A_B,1
1jlh_C_D,1
1jlj_A_B,1
1jlj_A_C,1
1jlj_B_C,1
1jlk_A_B,1
1jll_A_B,1
1jll_D_E,1
1jlv_A_B,1
1jlv_E_F,1
1jn1_A_B,1
1jn1_A_C,1
1jn1_B_C,1
1jnb_A_B,1
1jnb_A_C,1
1jnb_A_K,1
1jnb_A_L,1
1jnb_B_C,1
1jnb_B_D,1
1jnb_B_L,1
1jnb_C_D,1
1jnb_C_E,1
1jnb_D_E,1
1jnb_D_F,1
1jnb_E_F,1
1jnb_E_G,1
1jnb_F_G,1
1jnb_F_H,1
1jnb_G_H,1
1jnb_G_I,1
1jnb_H_I,1
1jnb_H_J,1
1jnb_I_J,1
1jnb_I_K,1
1jnb_J_K,1
1jnb_J_L,1
1jnb_K_L,1
1jnm_A_B,1
1jnp_A_B,1
1jof_E_F,1
1jof_E_H,1
1jof_F_G,1
1jof_G_H,1
1jol_A_B,1
1jop_A_D,1
1jop_B_C,1
1jp3_A_B,1
1jpl_A_B,1
1jpl_C_D,1
1jpy_A_B,1
1jpy_X_Y,1
1jq3_A_B,1
1jq3_A_D,1
1jq3_B_C,1
1jq3_C_D,1
1jqk_A_B,1
1jqk_C_D,1
1jqk_E_F,1
1jqo_A_B,1
1jqv_A_B,1
1jqy_D_E,1
1jqy_D_H,1
1jqy_E_F,1
1jqy_F_G,1
1jqy_G_H,1
1jqy_L_M,1
1jqy_L_P,1
1jqy_M_N,1
1jqy_N_O,1
1jqy_O_P,1
1jr8_A_B,1
1jrb_A_B,1
1jrc_A_B,1
1jre_A_B,1
1jre_A_E,1
1jre_A_H,1
1jre_A_I,1
1jre_A_J,1
1jre_B_E,1
1jre_B_H,1
1jre_B_K,1
1jre_B_L,1
1jre_C_D,1
1jre_C_F,1
1jre_C_G,1
1jre_C_K,1
1jre_C_L,1
1jre_D_F,1
1jre_D_G,1
1jre_D_I,1
1jre_D_J,1
1jre_E_F,1
1jre_E_I,1
1jre_E_L,1
1jre_F_I,1
1jre_F_L,1
1jre_G_H,1
1jre_G_J,1
1jre_G_K,1
1jre_H_J,1
1jre_H_K,1
1jre_I_J,1
1jre_K_L,1
1jrk_A_B,1
1jrk_A_C,1
1jrk_B_D,1
1jrk_C_D,1
1js3_A_B,1
1js9_A_B,1
1js9_B_C,1
1jsc_A_B,1
1jsr_A_B,1
1jsr_A_C,1
1jsr_A_D,1
1jsr_B_C,1
1jsr_B_D,1
1jsr_C_D,1
1jt6_A_B,1
1jt6_D_E,1
1jtz_X_Y,1
1jtz_X_Z,1
1jtz_Y_Z,1
1jub_A_B,1
1jum_D_E,1
1jv2_A_B,1
1jvg_A_B,1
1jvz_A_B,1
1jw9_B_D,1
1jx0_A_B,1
1jx7_A_B,1
1jx7_A_C,1
1jx7_A_D,1
1jx7_A_F,1
1jx7_B_C,1
1jx7_B_E,1
1jx7_C_D,1
1jx7_C_E,1
1jx7_D_E,1
1jx7_D_F,1
1jx7_E_F,1
1jxi_A_B,1
1jxp_A_B,1
1jxv_A_B,1
1jxv_A_C,1
1jxv_A_D,1
1jxv_B_C,1
1jxv_B_F,1
1jxv_C_E,1
1jxv_D_E,1
1jxv_D_F,1
1jxv_E_F,1
1jyv_A_B,1
1jyv_A_D,1
1jyv_B_C,1
1jyv_C_D,1
1jz2_A_B,1
1jz2_A_D,1
1jz2_B_C,1
1jz2_C_D,1
1jz4_A_B,1
1jz4_A_D,1
1jz4_B_C,1
1jz4_C_D,1
1jz6_A_B,1
1jz6_A_D,1
1jz6_B_C,1
1jz6_C_D,1
1jzk_C_D,1
1jzr_A_B,1
1k05_A_B,1
1k05_B_C,1
1k0c_A_B,1
1k0c_C_D,1
1k0d_C_D,1
1k0u_E_F,1
1k0u_E_G,1
1k0u_E_H,1
1k0u_F_G,1
1k0u_F_H,1
1k0u_G_H,1
1k0z_A_B,1
1k1e_A_B,1
1k1e_A_C,1
1k1e_B_D,1
1k1e_B_H,1
1k1e_C_D,1
1k1e_C_E,1
1k1e_E_F,1
1k1e_E_G,1
1k1e_F_H,1
1k1e_G_H,1
1k1f_A_B,1
1k1f_A_C,1
1k1f_A_D,1
1k1f_B_C,1
1k1f_B_D,1
1k1f_C_D,1
1k1f_E_F,1
1k1f_E_G,1
1k1f_E_H,1
1k1f_F_G,1
1k1f_F_H,1
1k1f_G_H,1
1k1x_A_B,1
1k26_A_B,1
1k2b_A_B,1
1k2f_A_B,1
1k2u_A_B,1
1k2x_A_B,1
1k2x_A_D,1
1k2x_B_C,1
1k2x_B_D,1
1k2x_C_D,1
1k32_A_B,1
1k32_A_C,1
1k32_A_D,1
1k32_A_E,1
1k32_B_D,1
1k32_B_E,1
1k32_B_F,1
1k32_C_D,1
1k32_C_E,1
1k32_C_F,1
1k32_D_F,1
1k32_E_F,1
1k38_A_B,1
1k3e_A_B,1
1k3f_A_D,1
1k3f_A_E,1
1k3f_B_D,1
1k3f_B_F,1
1k3f_C_E,1
1k3f_C_F,1
1k3o_A_B,1
1k3t_A_B,1
1k3t_A_C,1
1k3t_A_D,1
1k3t_B_C,1
1k3t_B_D,1
1k3t_C_D,1
1k4e_A_B,1
1k4f_A_B,1
1k54_A_C,1
1k54_B_D,1
1k57_B_D,1
1k5j_A_B,1
1k5j_A_E,1
1k5j_B_C,1
1k5j_C_D,1
1k5j_D_E,1
1k5m_A_C,1
1k5m_A_D,1
1k5m_C_D,1
1k6l_H_L,1
1k6l_H_M,1
1k6l_L_M,1
1k6r_A_B,1
1k6z_A_B,1
1k8f_C_D,1
1k90_A_B,1
1k90_A_C,1
1k90_A_D,1
1k90_B_C,1
1k90_B_E,1
1k90_C_F,1
1k94_A_B,1
1k9j_A_B,1
1k9k_A_B,1
1k9s_A_D,1
1k9s_A_F,1
1k9s_B_D,1
1k9s_B_E,1
1k9s_C_E,1
1k9s_C_F,1
1k9x_B_C,1
1kaq_A_D,1
1kaq_B_C,1
1kaq_E_F,1
1kar_A_B,1
1kbn_A_B,1
1kbp_A_D,1
1kd0_A_B,1
1kd1_1_C,1
1kd1_D_L,1
1kd1_G_K,1
1kd1_H_N,1
1kd1_L_V,1
1kd1_O_R,1
1kd1_T_W,1
1kdn_A_B,1
1kdn_A_C,1
1kdn_B_C,1
1kee_A_B,1
1kee_A_E,1
1kee_A_G,1
1kee_C_D,1
1kee_C_E,1
1kee_C_G,1
1kee_E_F,1
1kee_G_H,1
1keu_A_B,1
1kf6_A_B,1
1kf6_B_C,1
1kf6_B_D,1
1kf6_C_D,1
1kf6_D_P,1
1kf6_M_N,1
1kf6_N_O,1
1kf6_N_P,1
1kf6_O_P,1
1kff_A_B,1
1kff_A_D,1
1kff_B_C,1
1kff_C_D,1
1kfi_A_B,1
1kfq_A_B,1
1kfu_L_S,1
1kgn_A_B,1
1kgn_C_D,1
1kh1_A_B,1
1kh1_A_C,1
1kh1_A_D,1
1kh1_B_C,1
1kh1_B_D,1
1kh1_C_D,1
1kh2_A_B,1
1kh2_A_C,1
1kh2_A_D,1
1kh2_B_C,1
1kh2_B_D,1
1kh2_C_D,1
1kh7_A_B,1
1khh_A_B,1
1khl_A_B,1
1khr_D_E,1
1khr_D_F,1
1khr_E_F,1
1kht_A_B,1
1kht_A_C,1
1kht_B_C,1
1kj1_A_D,1
1kj4_A_B,1
1kj4_C_D,1
1kj7_A_B,1
1kj8_A_B,1
1kjf_A_B,1
1kji_A_B,1
1kjj_A_B,1
1kl4_A_B,1
1kl4_A_D,1
1kl4_B_C,1
1kl4_C_D,1
1klf_O_P,1
1kmh_A_B,1
1kn1_A_B,1
1knv_A_B,1
1knz_A_B,1
1knz_C_D,1
1knz_I_J,1
1knz_M_N,1
1ko5_A_B,1
1kog_C_D,1
1kog_E_F,1
1kp0_A_B,1
1kpa_A_B,1
1kpc_A_B,1
1kpc_C_D,1
1kpe_A_B,1
1kpl_A_B,1
1kpl_C_D,1
1kpt_A_B,1
1kq1_A_B,1
1kq1_A_H,1
1kq1_B_M,1
1kq1_H_I,1
1kq1_I_K,1
1kq1_K_M,1
1kqa_A_B,1
1kqa_A_C,1
1kqa_B_C,1
1kqb_A_B,1
1kqb_C_D,1
1kra_A_C,1
1kra_B_C,1
1krc_A_C,1
1krc_B_C,1
1kru_A_B,1
1kru_A_C,1
1kru_B_C,1
1ksi_A_B,1
1ksx_A_F,1
1ksx_B_E,1
1ksx_I_N,1
1ksx_J_M,1
1kta_A_B,1
1ktp_A_B,1
1ku5_A_B,1
1kut_A_B,1
1kwt_A_B,1
1kwt_A_C,1
1kwt_B_C,1
1kwx_A_B,1
1kwx_A_C,1
1kwx_B_C,1
1kx0_A_B,1
1kx0_A_C,1
1kx0_B_C,1
1kx4_A_B,1
1kx4_A_E,1
1kx4_A_G,1
1kx4_B_D,1
1kx4_B_G,1
1kx4_B_H,1
1kx4_C_D,1
1kx4_C_E,1
1kx4_C_F,1
1kx4_D_F,1
1kx4_E_F,1
1kx4_F_H,1
1kx4_G_H,1
1kxz_A_B,1
1kxz_A_C,1
1kxz_A_D,1
1kxz_B_C,1
1kxz_B_D,1
1kxz_C_D,1
1ky5_A_B,1
1ky5_A_C,1
1ky5_A_D,1
1ky5_B_C,1
1ky5_B_D,1
1ky5_C_D,1
1kyv_A_B,1
1kyv_A_E,1
1kyv_B_C,1
1kyv_C_D,1
1kyv_D_E,1
1kyy_A_B,1
1kyy_A_E,1
1kyy_B_C,1
1kyy_C_D,1
1kyy_D_E,1
1kyz_A_E,1
1kz1_A_B,1
1kz1_A_E,1
1kz1_B_C,1
1kz1_C_D,1
1kz1_D_E,1
1kz6_A_B,1
1kz6_A_E,1
1kz6_B_C,1
1kz6_C_D,1
1kz6_D_E,1
1kz8_A_F,1
1kz9_A_B,1
1kz9_A_E,1
1kz9_B_C,1
1kz9_C_D,1
1kz9_D_E,1
1kze_1_2,1
1kzj_A_B,1
1kzj_C_D,1
1kzj_E_F,1
1kzq_A_B,1
1l0n_A_B,1
1l0n_A_C,1
1l0n_A_E,1
1l0n_A_G,1
1l0n_A_I,1
1l0n_A_K,1
1l0n_B_I,1
1l0n_C_D,1
1l0n_C_E,1
1l0n_C_F,1
1l0n_C_G,1
1l0n_D_E,1
1l0n_D_F,1
1l0n_D_G,1
1l0n_D_H,1
1l0n_D_J,1
1l0n_E_G,1
1l0n_E_J,1
1l0n_F_G,1
1l0n_J_K,1
1l0s_C_D,1
1l0v_A_B,1
1l0v_B_C,1
1l0v_B_D,1
1l0v_C_D,1
1l0v_D_P,1
1l0v_M_N,1
1l0v_N_O,1
1l0v_N_P,1
1l0v_O_P,1
1l0w_A_B,1
1l2g_A_B,1
1l2u_A_B,1
1l3i_A_B,1
1l3i_A_C,1
1l3i_A_D,1
1l3i_A_E,1
1l3i_B_C,1
1l3i_B_D,1
1l3i_C_D,1
1l3i_E_F,1
1l5b_A_B,1
1l5q_A_B,1
1l5x_A_B,1
1l6i_A_B,1
1l6s_A_B,1
1l7a_A_B,1
1l7c_B_C,1
1l7k_A_B,1
1l7v_A_B,1
1l7v_A_C,1
1l7v_B_D,1
1l7v_C_D,1
1l8i_A_B,1
1l8i_A_E,1
1l8i_A_H,1
1l8i_A_I,1
1l8i_A_J,1
1l8i_B_E,1
1l8i_B_H,1
1l8i_B_K,1
1l8i_B_L,1
1l8i_C_D,1
1l8i_C_F,1
1l8i_C_G,1
1l8i_C_K,1
1l8i_C_L,1
1l8i_D_F,1
1l8i_D_G,1
1l8i_D_I,1
1l8i_D_J,1
1l8i_E_F,1
1l8i_E_I,1
1l8i_E_L,1
1l8i_F_I,1
1l8i_F_L,1
1l8i_G_H,1
1l8i_G_J,1
1l8i_G_K,1
1l8i_H_J,1
1l8i_H_K,1
1l8i_I_J,1
1l8i_K_L,1
1l8l_A_B,1
1l8s_A_B,1
1l9m_A_B,1
1l9n_A_B,1
1l9o_A_B,1
1l9o_A_C,1
1l9o_B_C,1
1l9q_A_B,1
1l9q_A_C,1
1l9q_B_C,1
1l9r_A_B,1
1l9r_A_C,1
1l9r_B_C,1
1l9s_A_B,1
1l9s_A_C,1
1l9s_B_C,1
1l9t_A_B,1
1l9t_A_C,1
1l9t_B_C,1
1lbw_A_B,1
1lbz_A_B,1
1ld7_A_B,1
1ldy_A_D,1
1ldy_B_C,1
1le5_A_B,1
1le5_E_F,1
1le8_A_B,1
1le9_A_B,1
1le9_E_F,1
1leh_A_B,1
1lel_A_B,1
1lem_A_B,1
1les_A_B,1
1les_A_C,1
1les_C_D,1
1lia_A_B,1
1lia_A_K,1
1lia_A_L,1
1lia_B_K,1
1lia_K_L,1
1lj0_C_D,1
1lj9_A_B,1
1lk5_A_B,1
1lk5_A_C,1
1lk5_A_D,1
1lk5_B_C,1
1lk5_B_D,1
1lk5_C_D,1
1lk7_A_B,1
1lk7_A_C,1
1lk7_A_D,1
1lk7_B_C,1
1lk7_B_D,1
1lk7_C_D,1
1lky_A_B,1
1lky_E_F,1
1lkz_A_B,1
1lld_A_B,1
1llm_C_D,1
1llq_A_B,1
1llu_A_B,1
1llu_A_C,1
1llu_A_D,1
1llu_B_C,1
1llu_B_D,1
1llu_C_D,1
1llu_E_F,1
1llu_E_G,1
1llu_E_H,1
1llu_F_G,1
1llu_F_H,1
1llu_G_H,1
1lm3_B_D,1
1lpa_A_B,1
1lpf_A_B,1
1lq9_A_B,1
1lql_E_F,1
1lql_G_H,1
1lql_I_J,1
1lqp_A_B,1
1lrw_A_B,1
1lrw_A_C,1
1lrw_C_D,1
1ls3_A_B,1
1ls3_A_C,1
1ls3_B_D,1
1ls3_C_D,1
1lsj_A_B,1
1lt1_A_B,1
1lt1_C_D,1
1lt1_E_F,1
1lt8_A_B,1
1lt9_A_B,1
1lt9_A_C,1
1lt9_B_C,1
1lt9_D_E,1
1lt9_D_F,1
1lt9_E_F,1
1ltb_D_E,1
1ltb_D_H,1
1ltb_E_F,1
1ltb_F_G,1
1ltb_G_H,1
1lti_D_E,1
1lti_D_H,1
1lti_E_F,1
1lti_F_G,1
1lti_G_H,1
1ltr_D_E,1
1ltr_D_H,1
1ltr_E_F,1
1ltr_F_G,1
1ltr_G_H,1
1luj_A_B,1
1luq_A_B,1
1luv_A_B,1
1lw1_A_B,1
1lw1_A_C,1
1lw1_B_C,1
1lw5_A_B,1
1lw5_A_C,1
1lw5_A_D,1
1lw5_B_C,1
1lw5_B_D,1
1lw5_C_D,1
1lwi_A_B,1
1lwj_A_B,1
1lwu_A_B,1
1lwu_A_C,1
1lwu_A_J,1
1lwu_B_C,1
1lwu_D_E,1
1lwu_D_F,1
1lwu_D_G,1
1lwu_E_F,1
1lwu_G_H,1
1lwu_G_I,1
1lwu_H_I,1
1lwu_J_K,1
1lwu_J_L,1
1lwu_K_L,1
1lxn_A_B,1
1lxn_A_C,1
1lxn_A_D,1
1lxn_B_C,1
1lxn_B_D,1
1lxn_C_D,1
1lyl_A_C,1
1m0i_C_D,1
1m0w_A_B,1
1m18_A_B,1
1m18_A_E,1
1m18_A_G,1
1m18_B_D,1
1m18_B_G,1
1m18_B_H,1
1m18_C_D,1
1m18_C_E,1
1m18_C_F,1
1m18_D_F,1
1m18_E_F,1
1m18_F_H,1
1m18_G_H,1
1m19_A_B,1
1m19_A_E,1
1m19_A_G,1
1m19_B_D,1
1m19_B_G,1
1m19_B_H,1
1m19_C_D,1
1m19_C_E,1
1m19_C_F,1
1m19_D_F,1
1m19_E_F,1
1m19_F_H,1
1m19_G_H,1
1m1e_A_B,1
1m1m_A_B,1
1m1t_A_B,1
1m1t_A_C,1
1m1t_A_D,1
1m1t_B_C,1
1m1t_B_D,1
1m1t_C_D,1
1m38_A_B,1
1m3z_A_B,1
1m3z_A_C,1
1m3z_A_D,1
1m3z_B_C,1
1m3z_B_D,1
1m3z_C_D,1
1m44_A_B,1
1m4i_A_B,1
1m4t_A_B,1
1m4t_A_C,1
1m4t_A_D,1
1m4t_B_C,1
1m4t_B_D,1
1m4t_C_D,1
1m54_C_D,1
1m57_A_B,1
1m57_A_C,1
1m57_C_D,1
1m57_G_H,1
1m57_G_I,1
1m57_I_J,1
1m5e_A_C,1
1m5q_1_2,1
1m5q_1_R,1
1m5q_1_S,1
1m5q_1_Z,1
1m5q_2_Q,1
1m5q_2_R,1
1m5q_2_V,1
1m5q_O_P,1
1m5q_O_U,1
1m5q_O_W,1
1m5q_O_X,1
1m5q_P_Q,1
1m5q_P_V,1
1m5q_P_W,1
1m5q_Q_R,1
1m5q_Q_V,1
1m5q_R_S,1
1m5q_S_T,1
1m5q_S_Z,1
1m5q_T_U,1
1m5q_T_Y,1
1m5q_T_Z,1
1m5q_U_X,1
1m5q_U_Y,1
1m5q_V_W,1
1m5q_W_X,1
1m5q_X_Y,1
1m5q_Y_Z,1
1m6h_A_B,1
1m6j_A_B,1
1m6p_A_B,1
1m6v_A_B,1
1m6v_A_E,1
1m6v_A_G,1
1m6v_C_D,1
1m6v_C_E,1
1m6v_C_G,1
1m6v_E_F,1
1m6v_G_H,1
1m6w_A_B,1
1m75_A_B,1
1m7h_A_B,1
1m7p_A_B,1
1m8v_A_B,1
1m8v_A_G,1
1m8v_B_C,1
1m8v_C_D,1
1m8v_D_E,1
1m8v_E_F,1
1m8v_F_G,1
1m8v_H_I,1
1m8v_H_N,1
1m8v_I_J,1
1m8v_J_K,1
1m8v_K_L,1
1m8v_L_M,1
1m8v_M_N,1
1m90_1_C,1
1m90_D_L,1
1m90_G_K,1
1m90_H_N,1
1m90_L_V,1
1m90_O_R,1
1m90_T_W,1
1m9m_A_B,1
1ma0_A_B,1
1ma1_A_B,1
1ma1_C_D,1
1ma1_C_E,1
1ma1_D_F,1
1ma1_E_F,1
1maw_C_F,1
1mb2_A_D,1
1mb2_B_E,1
1mb2_C_F,1
1md0_A_B,1
1md3_A_B,1
1md4_A_B,1
1mdv_A_B,1
1mfi_A_B,1
1mfi_A_C,1
1mfi_B_C,1
1mfz_A_B,1
1mfz_C_D,1
1mg5_A_B,1
1mgq_A_B,1
1mgq_A_G,1
1mgq_B_C,1
1mgq_C_D,1
1mgq_D_E,1
1mgq_E_F,1
1mgq_F_G,1
1mgv_A_B,1
1mh2_A_B,1
1mhl_A_B,1
1mhl_A_C,1
1mhl_A_D,1
1mhl_B_C,1
1mhl_B_D,1
1mhl_C_D,1
1mhm_A_B,1
1mi3_A_B,1
1mi3_C_D,1
1miw_A_B,1
1mj2_A_B,1
1mj2_A_C,1
1mj2_C_D,1
1mjf_A_B,1
1mjk_A_B,1
1mjq_G_H,1
1mjq_G_I,1
1mjq_I_J,1
1mk4_A_B,1
1mki_A_B,1
1mkm_A_B,1
1mld_A_B,1
1mld_A_C,1
1mld_B_D,1
1mld_C_D,1
1mly_A_B,1
1mlz_A_B,1
1mm6_A_B,1
1mm7_A_C,1
1mmf_E_L,1
1mmf_L_M,1
1mmu_A_B,1
1mmx_A_B,1
1mn7_A_B,1
1mna_A_B,1
1mng_A_B,1
1mnm_A_B,1
1mnm_A_D,1
1mnm_B_C,1
1mo2_A_B,1
1mo9_A_B,1
1moj_A_B,1
1moj_A_C,1
1moj_A_D,1
1moj_C_D,1
1mp0_A_B,1
1mpm_A_B,1
1mpm_A_C,1
1mpm_B_C,1
1mpn_A_B,1
1mpn_A_C,1
1mpn_B_C,1
1mpo_A_B,1
1mpo_A_C,1
1mpo_B_C,1
1mpr_A_B,1
1mpr_A_C,1
1mpr_B_C,1
1mps_H_L,1
1mps_H_M,1
1mps_L_M,1
1mqs_A_B,1
1mr7_X_Y,1
1mr7_X_Z,1
1mr7_Y_Z,1
1mr8_A_B,1
1mrr_A_B,1
1mrz_A_B,1
1msm_A_B,1
1mss_A_B,1
1mt5_E_F,1
1mt7_A_B,1
1mtl_A_B,1
1mw5_A_B,1
1mww_A_B,1
1mww_A_C,1
1mww_B_C,1
1mx0_A_B,1
1mx0_C_D,1
1mx0_E_F,1
1mxf_A_B,1
1mxf_A_C,1
1mxf_A_D,1
1mxf_B_C,1
1mxf_B_D,1
1mxf_C_D,1
1mxh_A_B,1
1mxh_A_C,1
1mxh_A_D,1
1mxh_B_C,1
1mxh_B_D,1
1mxh_C_D,1
1mxx_A_C,1
1mxy_A_C,1
1mxz_A_C,1
1my0_A_C,1
1my1_A_C,1
1my2_A_C,1
1myp_A_B,1
1myp_A_C,1
1myp_B_D,1
1myp_C_D,1
1mzo_A_B,1
1n0f_A_B,1
1n0f_A_H,1
1n0f_B_C,1
1n0f_C_D,1
1n0f_D_E,1
1n0f_E_F,1
1n0f_F_G,1
1n0f_G_H,1
1n0g_A_B,1
1n0l_A_B,1
1n0l_C_D,1
1n0t_B_D,1
1n15_A_B,1
1n1c_A_B,1
1n1e_A_B,1
1n1q_A_B,1
1n20_A_B,1
1n22_A_B,1
1n23_A_B,1
1n2a_A_B,1
1n2b_A_B,1
1n2f_A_B,1
1n2g_A_B,1
1n2j_A_B,1
1n2o_A_B,1
1n32_B_H,1
1n32_C_J,1
1n32_C_N,1
1n32_E_H,1
1n32_F_R,1
1n32_J_N,1
1n32_K_R,1
1n32_M_S,1
1n33_B_H,1
1n33_C_J,1
1n33_C_N,1
1n33_D_E,1
1n33_E_H,1
1n33_F_R,1
1n33_J_N,1
1n33_K_R,1
1n33_M_S,1
1n3e_A_B,1
1n3e_G_H,1
1n3i_A_B,1
1n3i_A_C,1
1n3i_B_C,1
1n3p_A_B,1
1n3s_A_B,1
1n3s_A_E,1
1n3s_B_C,1
1n3s_C_D,1
1n3s_D_E,1
1n4p_A_B,1
1n4p_C_D,1
1n4p_E_F,1
1n4p_G_H,1
1n4p_I_J,1
1n4p_K_L,1
1n4q_E_F,1
1n4q_I_J,1
1n4q_K_L,1
1n4r_A_B,1
1n4r_G_H,1
1n4r_K_L,1
1n54_A_B,1
1n5t_A_B,1
1n61_A_B,1
1n61_A_C,1
1n61_B_C,1
1n61_B_E,1
1n61_D_E,1
1n61_D_F,1
1n61_E_F,1
1n69_A_B,1
1n6e_A_C,1
1n6e_A_E,1
1n6e_A_G,1
1n6e_A_I,1
1n6e_C_G,1
1n6e_C_I,1
1n6e_C_K,1
1n6e_E_G,1
1n6e_E_I,1
1n6e_E_K,1
1n6e_G_K,1
1n6e_I_K,1
1n6f_A_B,1
1n6f_A_C,1
1n6f_A_D,1
1n6f_A_E,1
1n6f_B_D,1
1n6f_B_E,1
1n6f_B_F,1
1n6f_C_D,1
1n6f_C_E,1
1n6f_C_F,1
1n6f_D_F,1
1n6f_E_F,1
1n6m_A_B,1
1n73_A_B,1
1n73_A_C,1
1n73_B_C,1
1n73_C_F,1
1n73_D_E,1
1n73_D_F,1
1n73_E_F,1
1n7s_A_B,1
1n7s_A_C,1
1n7s_A_D,1
1n7s_B_C,1
1n7s_B_D,1
1n7s_C_D,1
1n7z_A_B,1
1n7z_C_D,1
1n86_A_B,1
1n86_A_C,1
1n86_B_C,1
1n86_C_F,1
1n86_D_E,1
1n86_D_F,1
1n86_E_F,1
1n8b_A_B,1
1n8b_C_D,1
1n8f_A_B,1
1n8f_C_D,1
1n8j_K_L,1
1n8j_K_N,1
1n8j_L_O,1
1n8j_M_N,1
1n8j_M_T,1
1n8j_O_P,1
1n8j_P_R,1
1n8j_Q_R,1
1n8j_Q_S,1
1n8j_S_T,1
1n8p_A_B,1
1n8p_A_C,1
1n8p_A_D,1
1n8p_B_C,1
1n8p_B_D,1
1n8p_C_D,1
1n8t_A_B,1
1n99_A_B,1
1n9a_A_B,1
1n9e_A_B,1
1n9e_C_D,1
1n9k_A_B,1
1n9r_A_B,1
1n9r_A_G,1
1n9r_B_C,1
1n9r_C_D,1
1n9r_D_E,1
1n9r_E_F,1
1n9r_F_G,1
1n9s_A_B,1
1n9s_A_G,1
1n9s_B_C,1
1n9s_C_D,1
1n9s_D_E,1
1n9s_E_F,1
1n9s_F_G,1
1n9s_H_I,1
1n9s_H_N,1
1n9s_I_J,1
1n9s_J_K,1
1n9s_K_L,1
1n9s_L_M,1
1n9s_M_N,1
1n9y_A_B,1
1n9y_A_D,1
1n9y_B_C,1
1n9y_C_D,1
1na1_A_B,1
1na1_A_C,1
1na1_A_D,1
1na1_B_C,1
1na1_B_D,1
1na1_C_D,1
1na8_A_B,1
1naq_A_B,1
1naq_A_C,1
1naq_A_E,1
1naq_B_C,1
1naq_B_D,1
1naq_C_F,1
1naq_D_E,1
1naq_D_F,1
1naq_E_F,1
1naw_A_B,1
1nay_A_B,1
1nay_A_C,1
1nay_B_C,1
1nbi_A_B,1
1nbi_A_D,1
1nbi_B_C,1
1nbi_C_D,1
1nbm_A_D,1
1nbm_A_E,1
1nbm_A_G,1
1nbm_B_E,1
1nbm_B_F,1
1nbm_B_G,1
1nbm_C_D,1
1nbm_C_F,1
1nbm_D_G,1
1nbm_E_G,1
1nbm_F_G,1
1nbo_A_B,1
1nc3_A_B,1
1nc7_A_B,1
1nc7_A_D,1
1nc7_B_C,1
1nc7_C_D,1
1nc9_A_B,1
1nc9_A_D,1
1nc9_B_C,1
1nc9_C_D,1
1nce_A_B,1
1nch_A_B,1
1ncq_A_B,1
1ncq_A_C,1
1ncq_A_D,1
1ncq_B_C,1
1ncq_B_D,1
1ncq_C_D,1
1nd2_A_B,1
1nd2_A_C,1
1nd2_A_D,1
1nd2_B_C,1
1nd2_C_D,1
1nd4_A_B,1
1nd5_A_B,1
1nd5_A_C,1
1nd6_A_B,1
1nd6_A_C,1
1nd6_A_D,1
1nd6_B_D,1
1nd6_C_D,1
1ndj_A_B,1
1ndj_A_D,1
1ndj_B_C,1
1ndj_C_D,1
1ndl_A_B,1
1ndl_A_C,1
1ndl_B_C,1
1ndo_A_B,1
1ndo_A_C,1
1ndo_A_E,1
1ndo_B_D,1
1ndo_B_F,1
1ndo_C_D,1
1ndo_C_E,1
1ndo_D_F,1
1ndo_E_F,1
1ne2_A_B,1
1ne7_A_B,1
1ne7_A_C,1
1ne7_A_D,1
1ne7_B_C,1
1ne7_B_F,1
1ne7_C_E,1
1ne7_D_E,1
1ne7_D_F,1
1ne7_E_F,1
1nek_A_B,1
1nek_B_C,1
1nek_B_D,1
1nek_C_D,1
1nex_C_D,1
1nf0_A_B,1
1nf4_A_B,1
1nf4_A_N,1
1nf4_B_G,1
1nf4_B_H,1
1nf4_B_N,1
1nf4_C_D,1
1nf4_C_E,1
1nf4_D_E,1
1nf4_E_F,1
1nf4_E_P,1
1nf4_F_K,1
1nf4_F_L,1
1nf4_F_P,1
1nf4_G_H,1
1nf4_G_I,1
1nf4_G_M,1
1nf4_G_N,1
1nf4_H_I,1
1nf4_I_J,1
1nf4_K_L,1
1nf4_K_O,1
1nf4_K_P,1
1nf4_M_N,1
1nf4_O_P,1
1nf6_A_B,1
1nf6_M_N,1
1nfh_A_B,1
1ng0_A_C,1
1ng0_B_C,1
1ng4_A_B,1
1ng9_A_B,1
1ni0_B_C,1
1nir_A_B,1
1niu_A_B,1
1nji_1_C,1
1nji_D_L,1
1nji_G_K,1
1nji_H_N,1
1nji_L_V,1
1nji_O_R,1
1nji_T_W,1
1njt_A_B,1
1njt_C_D,1
1nju_A_B,1
1nju_A_D,1
1nju_C_D,1
1nk1_A_B,1
1nkp_D_E,1
1nkq_A_B,1
1nkq_C_D,1
1nkq_E_F,1
1nkt_A_B,1
1nlw_A_B,1
1nlx_D_F,1
1nlx_M_N,1
1nlz_A_B,1
1nlz_A_F,1
1nlz_B_C,1
1nlz_C_D,1
1nlz_D_E,1
1nlz_E_F,1
1nne_A_B,1
1nno_A_B,1
1nnr_A_B,1
1nns_A_B,1
1nnu_A_C,1
1nnu_A_D,1
1nnu_B_C,1
1nnu_B_D,1
1nnu_C_D,1
1np3_A_B,1
1np3_B_C,1
1np3_C_D,1
1np8_A_B,1
1npb_C_D,1
1npb_E_F,1
1npe_A_B,1
1npn_A_B,1
1npn_A_C,1
1npn_B_C,1
1npo_A_C,1
1npp_A_B,1
1npv_A_B,1
1npw_A_B,1
1nq3_D_E,1
1nq3_D_F,1
1nq3_E_F,1
1nq5_O_Q,1
1nql_A_B,1
1nqm_A_B,1
1nqm_A_C,1
1nqm_B_D,1
1nqm_C_D,1
1nqo_A_C,1
1nqo_O_Q,1
1nqu_A_B,1
1nqu_A_E,1
1nqu_B_C,1
1nqu_C_D,1
1nqu_D_E,1
1nqx_A_B,1
1nqx_A_E,1
1nqx_B_C,1
1nqx_C_D,1
1nqx_D_E,1
1ns0_A_B,1
1ns7_A_B,1
1nse_A_B,1
1nsl_A_B,1
1nsl_A_D,1
1nsl_B_E,1
1nsl_C_D,1
1nsl_C_F,1
1nsl_E_F,1
1nsm_A_B,1
1nsq_A_B,1
1nsq_A_C,1
1nsq_B_C,1
1nsr_A_B,1
1nsu_A_B,1
1nsv_A_B,1
1nsy_A_B,1
1nu3_A_B,1
1nu6_A_B,1
1nu8_A_B,1
1nuu_A_B,1
1nvj_A_B,1
1nvj_C_D,1
1nvt_A_B,1
1nw1_A_B,1
1nw4_A_B,1
1nw4_B_C,1
1nwh_A_B,1
1nwo_A_B,1
1nyr_A_B,1
1nyt_A_C,1
1nz0_B_D,1
1nzb_A_B,1
1nzb_A_F,1
1nzb_B_E,1
1nzb_E_F,1
1nzi_A_B,1
1nzx_A_B,1
1nzx_A_C,1
1nzx_A_D,1
1nzx_B_C,1
1nzx_B_D,1
1nzx_C_D,1
1nzx_E_F,1
1nzx_E_G,1
1nzx_E_H,1
1nzx_F_G,1
1nzx_F_H,1
1nzx_G_H,1
1nzz_A_B,1
1nzz_A_C,1
1nzz_A_D,1
1nzz_B_C,1
1nzz_B_D,1
1nzz_C_D,1
1nzz_E_F,1
1nzz_E_G,1
1nzz_E_H,1
1nzz_F_G,1
1nzz_F_H,1
1nzz_G_H,1
1o00_A_B,1
1o00_A_C,1
1o00_A_D,1
1o00_B_C,1
1o00_B_D,1
1o00_C_D,1
1o01_A_B,1
1o01_A_C,1
1o01_A_D,1
1o01_B_C,1
1o01_B_D,1
1o01_C_D,1
1o01_E_F,1
1o01_E_G,1
1o01_E_H,1
1o01_F_G,1
1o01_F_H,1
1o01_G_H,1
1o02_A_B,1
1o02_A_C,1
1o02_A_D,1
1o02_B_C,1
1o02_B_D,1
1o02_C_D,1
1o0v_A_B,1
1o0w_A_B,1
1o17_A_D,1
1o17_B_C,1
1o1h_A_B,1
1o1t_A_B,1
1o25_A_B,1
1o25_A_D,1
1o25_B_C,1
1o25_C_D,1
1o29_A_B,1
1o29_A_D,1
1o29_B_C,1
1o29_C_D,1
1o2b_A_B,1
1o2b_A_D,1
1o2b_B_C,1
1o2b_C_D,1
1o57_A_B,1
1o5k_A_B,1
1o5q_A_B,1
1o5q_A_C,1
1o5q_A_D,1
1o5q_B_C,1
1o5q_B_D,1
1o5q_C_D,1
1o5x_A_B,1
1o63_A_B,1
1o64_A_B,1
1o68_A_C,1
1o68_A_E,1
1o68_B_D,1
1o68_B_E,1
1o68_C_D,1
1o69_A_B,1
1o6e_A_B,1
1o6i_A_B,1
1o6j_A_B,1
1o7h_A_B,1
1o7n_A_B,1
1o7p_A_B,1
1o7x_C_D,1
1o7y_A_B,1
1o7y_A_C,1
1o7y_B_D,1
1o7y_C_D,1
1o80_A_B,1
1o84_A_B,1
1o8o_A_B,1
1o8o_A_C,1
1o8o_B_C,1
1o90_A_B,1
1o93_A_B,1
1o96_Q_Z,1
1o97_C_D,1
1o9i_A_B,1
1o9i_A_C,1
1o9i_A_D,1
1o9i_A_E,1
1o9i_A_F,1
1o9i_B_C,1
1o9i_B_D,1
1o9i_B_E,1
1o9i_B_F,1
1o9i_C_D,1
1o9i_C_E,1
1o9i_C_F,1
1o9i_D_E,1
1o9i_D_F,1
1o9i_E_F,1
1o9j_A_B,1
1o9j_A_C,1
1o9j_A_D,1
1o9j_B_C,1
1o9j_B_D,1
1o9j_C_D,1
1o9p_A_B,1
1o9y_A_B,1
1o9y_A_D,1
1o9y_B_C,1
1oab_A_B,1
1oan_A_B,1
1oat_A_B,1
1obq_A_B,1
1oc9_A_B,1
1occ_A_B,1
1occ_A_C,1
1occ_A_D,1
1occ_A_F,1
1occ_A_G,1
1occ_A_J,1
1occ_A_K,1
1occ_A_T,1
1occ_B_D,1
1occ_B_E,1
1occ_B_H,1
1occ_B_I,1
1occ_C_F,1
1occ_C_G,1
1occ_C_J,1
1occ_D_E,1
1occ_D_I,1
1occ_D_K,1
1occ_E_I,1
1occ_G_N,1
1occ_H_U,1
1occ_N_O,1
1occ_N_P,1
1occ_N_Q,1
1occ_N_S,1
1occ_N_T,1
1occ_N_W,1
1occ_N_X,1
1occ_O_Q,1
1occ_O_R,1
1occ_O_U,1
1occ_O_V,1
1occ_P_S,1
1occ_P_T,1
1occ_P_W,1
1occ_Q_R,1
1occ_Q_V,1
1occ_Q_X,1
1occ_R_V,1
1och_A_B,1
1ock_A_B,1
1ocm_A_B,1
1ocv_C_D,1
1ocz_A_B,1
1ocz_A_C,1
1ocz_A_D,1
1ocz_A_F,1
1ocz_A_G,1
1ocz_A_J,1
1ocz_A_K,1
1ocz_A_T,1
1ocz_B_D,1
1ocz_B_E,1
1ocz_B_H,1
1ocz_B_I,1
1ocz_C_F,1
1ocz_C_G,1
1ocz_C_J,1
1ocz_D_E,1
1ocz_D_I,1
1ocz_D_K,1
1ocz_E_I,1
1ocz_G_N,1
1ocz_H_U,1
1ocz_N_O,1
1ocz_N_P,1
1ocz_N_Q,1
1ocz_N_S,1
1ocz_N_T,1
1ocz_N_W,1
1ocz_N_X,1
1ocz_O_Q,1
1ocz_O_R,1
1ocz_O_U,1
1ocz_O_V,1
1ocz_P_S,1
1ocz_P_T,1
1ocz_P_W,1
1ocz_Q_R,1
1ocz_Q_V,1
1ocz_Q_X,1
1ocz_R_V,1
1od5_A_B,1
1odb_A_B,1
1odb_C_D,1
1odb_E_F,1
1odi_A_B,1
1odi_A_F,1
1odi_B_C,1
1odi_C_D,1
1odi_D_E,1
1odi_E_F,1
1odk_A_B,1
1odk_A_F,1
1odk_B_C,1
1odk_C_D,1
1odk_D_E,1
1odk_E_F,1
1odl_A_B,1
1odl_A_F,1
1odl_B_C,1
1odl_C_D,1
1odl_D_E,1
1odl_E_F,1
1ods_C_D,1
1ods_C_F,1
1ods_C_G,1
1ods_C_H,1
1ods_D_E,1
1ods_D_F,1
1ods_D_H,1
1ods_E_F,1
1ods_E_G,1
1ods_E_H,1
1ods_F_G,1
1ods_G_H,1
1odw_A_B,1
1oe0_C_D,1
1oe5_A_B,1
1oe8_A_B,1
1ofb_A_B,1
1ofi_B_C,1
1ofi_B_H,1
1ofi_B_I,1
1ofi_C_I,1
1ofi_H_I,1
1ofi_H_M,1
1ofi_H_N,1
1ofi_I_N,1
1ofi_M_N,1
1ofo_A_B,1
1ofs_A_C,1
1og0_A_B,1
1og0_A_C,1
1og0_B_D,1
1og0_C_D,1
1og0_E_F,1
1og0_E_G,1
1og0_F_H,1
1og0_G_H,1
1ogf_A_B,1
1ogf_A_E,1
1ogf_B_C,1
1ogf_C_D,1
1ogf_D_E,1
1ogk_A_B,1
1ogk_D_E,1
1ogp_A_B,1
1ogp_C_D,1
1ogp_E_F,1
1oh2_P_Q,1
1oh2_P_R,1
1oh2_Q_R,1
1oh5_A_B,1
1oh8_A_B,1
1ohp_A_B,1
1ohp_C_D,1
1ohs_A_B,1
1ohs_C_D,1
1ohv_A_B,1
1ohv_C_D,1
1ohw_C_D,1
1ohy_A_B,1
1ohy_C_D,1
1oi4_A_B,1
1oih_A_B,1
1oih_A_D,1
1oih_B_C,1
1oih_C_D,1
1oik_A_D,1
1oj7_B_C,1
1ojc_A_B,1
1ojh_E_F,1
1ojl_A_B,1
1ojl_B_C,1
1ojl_D_E,1
1ojl_E_F,1
1oki_A_B,1
1oko_A_B,1
1oko_A_D,1
1oko_B_C,1
1oko_C_D,1
1okt_A_B,1
1olo_A_B,1
1olu_A_B,1
1olx_A_B,1
1olz_A_B,1
1omi_A_B,1
1omo_A_B,1
1oms_A_B,1
1oms_A_C,1
1omx_A_B,1
1omz_A_B,1
1opa_A_B,1
1ope_A_B,1
1opf_A_B,1
1opf_A_C,1
1opf_B_C,1
1opf_D_E,1
1opf_D_F,1
1opf_E_F,1
1opx_A_B,1
1oqc_A_C,1
1oqu_A_B,1
1or0_A_B,1
1or0_C_D,1
1or4_A_B,1
1orj_A_C,1
1orj_A_D,1
1orj_B_D,1
1orr_A_B,1
1orr_A_C,1
1orr_B_D,1
1orr_C_D,1
1ort_A_D,1
1ort_A_E,1
1ort_A_I,1
1ort_A_K,1
1ort_A_L,1
1ort_B_E,1
1ort_B_F,1
1ort_B_G,1
1ort_B_J,1
1ort_B_L,1
1ort_C_D,1
1ort_C_F,1
1ort_C_H,1
1ort_C_J,1
1ort_C_K,1
1ort_D_E,1
1ort_D_F,1
1ort_D_K,1
1ort_E_F,1
1ort_E_L,1
1ort_F_J,1
1ort_G_H,1
1ort_G_I,1
1ort_G_J,1
1ort_G_L,1
1ort_H_I,1
1ort_H_J,1
1ort_H_K,1
1ort_I_K,1
1ort_I_L,1
1oru_A_B,1
1orw_A_B,1
1orw_A_C,1
1orw_B_D,1
1orw_C_D,1
1otc_A_B,1
1ou0_A_B,1
1ou0_A_D,1
1ou0_B_C,1
1ou0_C_D,1
1ou5_A_B,1
1ou9_B_C,1
1ouz_A_B,1
1ov3_A_B,1
1ov8_A_B,1
1ov8_C_D,1
1ovm_A_B,1
1ovm_A_C,1
1ovm_B_D,1
1ovm_C_D,1
1ovr_C_D,1
1ovu_C_D,1
1ow7_A_B,1
1ow7_B_C,1
1owf_A_B,1
1ows_A_B,1
1ox7_A_B,1
1oxb_A_B,1
1oxk_E_F,1
1oxk_G_H,1
1oxk_I_J,1
1oy0_A_B,1
1oy0_A_C,1
1oy0_B_D,1
1oy0_C_E,1
1oy0_D_E,1
1oy1_A_B,1
1oyf_A_B,1
1oyj_A_B,1
1oyj_C_D,1
1oyp_A_B,1
1oyp_A_F,1
1oyp_B_C,1
1oyp_C_D,1
1oyp_D_E,1
1oyp_E_F,1
1oyr_A_B,1
1oyr_A_F,1
1oyr_B_C,1
1oyr_C_D,1
1oyr_D_E,1
1oyr_E_F,1
1ozb_A_B,1
1ozb_A_C,1
1ozb_B_C,1
1ozb_B_D,1
1ozb_C_D,1
1ozb_E_F,1
1ozb_E_G,1
1ozb_F_G,1
1ozb_F_H,1
1ozb_G_H,1
1p0f_A_B,1
1p0v_A_B,1
1p18_A_B,1
1p1b_C_D,1
1p1c_A_B,1
1p1h_A_B,1
1p1h_A_C,1
1p1h_A_D,1
1p1h_B_C,1
1p1h_B_D,1
1p1h_C_D,1
1p1i_A_B,1
1p1j_A_B,1
1p1k_A_B,1
1p1q_A_C,1
1p1r_A_B,1
1p1w_A_B,1
1p22_A_B,1
1p43_A_B,1
1p44_C_D,1
1p44_C_E,1
1p44_C_F,1
1p44_D_E,1
1p44_D_F,1
1p44_E_F,1
1p4a_A_B,1
1p4o_A_B,1
1p5t_A_B,1
1p5u_A_B,1
1p5u_A_C,1
1p5u_B_C,1
1p65_A_B,1
1p6i_A_B,1
1p6j_A_B,1
1p6k_A_B,1
1p6n_A_B,1
1p6x_A_B,1
1p73_A_B,1
1p73_C_D,1
1p78_A_B,1
1p7h_L_M,1
1p7h_N_O,1
1p7o_A_E,1
1p7o_A_F,1
1p7o_B_F,1
1p7z_A_B,1
1p7z_A_C,1
1p7z_A_D,1
1p7z_B_C,1
1p7z_B_D,1
1p7z_C_D,1
1p8o_A_B,1
1p8o_A_C,1
1p8o_B_C,1
1p8p_A_B,1
1p8p_A_C,1
1p8p_B_C,1
1p8q_A_B,1
1p8q_A_C,1
1p8q_B_C,1
1p9n_A_B,1
1p9o_A_B,1
1p9u_A_B,1
1pa0_A_B,1
1pa3_A_B,1
1par_A_B,1
1par_B_D,1
1par_C_D,1
1pbo_A_B,1
1pby_A_B,1
1pby_A_C,1
1pby_B_C,1
1pdk_A_B,1
1pdw_E_F,1
1ped_A_B,1
1ped_A_C,1
1ped_A_D,1
1ped_B_C,1
1ped_B_D,1
1ped_C_D,1
1per_L_R,1
1pfk_A_B,1
1pg5_A_B,1
1pge_A_B,1
1pgj_A_B,1
1pgl_1_2,1
1pgr_A_B,1
1pgr_A_D,1
1pgr_C_D,1
1pgr_E_F,1
1pgr_E_H,1
1pgr_G_H,1
1pgw_1_2,1
1ph4_A_B,1
1phj_A_B,1
1piu_A_B,1
1piy_A_B,1
1piz_A_B,1
1pj1_A_B,1
1pjl_A_B,1
1pjl_A_C,1
1pjl_A_D,1
1pjl_B_C,1
1pjl_B_D,1
1pjl_C_D,1
1pjl_E_F,1
1pjl_E_G,1
1pjl_E_H,1
1pjl_F_G,1
1pjl_F_H,1
1pjl_G_H,1
1pjq_A_B,1
1pk6_A_B,1
1pk6_A_C,1
1pk6_B_C,1
1pk8_A_B,1
1pk8_A_C,1
1pk8_B_D,1
1pk8_C_D,1
1pk8_E_F,1
1pk8_E_H,1
1pk8_F_G,1
1pk8_G_H,1
1pkl_A_B,1
1pkl_A_C,1
1pkl_B_D,1
1pkl_C_D,1
1pkv_A_B,1
1pkz_A_B,1
1pl0_A_B,1
1pl1_A_B,1
1pl4_A_B,1
1pl4_A_C,1
1pl4_A_D,1
1pl4_B_C,1
1pl4_B_D,1
1pl4_C_D,1
1pl6_A_B,1
1pl6_A_D,1
1pl6_C_D,1
1pl7_A_B,1
1pl7_A_D,1
1pl7_C_D,1
1pm2_A_B,1
1pm7_A_B,1
1pmm_A_B,1
1pmm_A_C,1
1pmm_A_E,1
1pmm_A_F,1
1pmm_B_C,1
1pmm_B_D,1
1pmm_B_F,1
1pmm_C_D,1
1pmm_C_E,1
1pmm_D_E,1
1pmm_D_F,1
1pmm_E_F,1
1pn2_A_B,1
1pn2_C_D,1
1pn4_C_D,1
1pnk_A_B,1
1pnl_A_B,1
1pnm_A_B,1
1po1_1_3,1
1po1_1_4,1
1po1_2_3,1
1po1_2_4,1
1po1_3_4,1
1poi_A_B,1
1poi_A_C,1
1poi_A_D,1
1poi_B_C,1
1poi_C_D,1
1poy_1_2,1
1poy_3_4,1
1pp2_L_R,1
1ppr_M_N,1
1ppr_M_O,1
1ppr_N_O,1
1ppv_A_B,1
1ppw_A_B,1
1pq9_A_B,1
1pq9_C_D,1
1pqu_A_D,1
1pqu_B_C,1
1pr9_A_B,1
1prh_A_B,1
1pro_A_B,1
1prx_A_B,1
1psd_A_B,1
1psr_A_B,1
1pss_H_L,1
1pss_H_M,1
1pss_L_M,1
1pt0_A_B,1
1pt7_A_B,1
1pt8_A_B,1
1pth_A_B,1
1ptm_A_B,1
1pts_A_B,1
1puf_A_B,1
1puu_A_B,1
1pv2_E_F,1
1pv2_G_H,1
1pvm_A_B,1
1pvq_A_B,1
1pvw_A_B,1
1pwb_A_B,1
1pwb_A_C,1
1pwb_B_C,1
1pwe_A_B,1
1pwe_C_D,1
1pwe_E_F,1
1pwo_A_C,1
1pwo_A_D,1
1pwo_B_C,1
1pwo_B_D,1
1pww_A_B,1
1pyb_A_B,1
1pyb_C_D,1
1pyg_A_B,1
1pyg_A_D,1
1pyg_B_C,1
1pyg_C_D,1
1pym_A_B,1
1pyp_A_B,1
1pyq_A_B,1
1pyx_A_B,1
1pz2_A_B,1
1pzh_A_B,1
1pzh_A_C,1
1pzh_A_D,1
1pzh_B_C,1
1pzh_B_D,1
1pzh_C_D,1
1pzk_D_E,1
1pzk_D_H,1
1pzk_E_F,1
1pzk_F_G,1
1pzk_G_H,1
1q08_A_B,1
1q0g_A_B,1
1q0g_A_C,1
1q0g_A_D,1
1q0g_A_F,1
1q0g_B_C,1
1q0g_B_D,1
1q0g_B_E,1
1q0g_C_E,1
1q0g_C_F,1
1q0g_D_E,1
1q0g_D_F,1
1q0g_E_F,1
1q0g_G_H,1
1q0g_G_I,1
1q0g_G_J,1
1q0g_G_L,1
1q0g_H_I,1
1q0g_H_J,1
1q0g_H_K,1
1q0g_I_K,1
1q0g_I_L,1
1q0g_J_K,1
1q0g_J_L,1
1q0g_K_L,1
1q0m_A_B,1
1q0m_A_C,1
1q0m_A_D,1
1q0m_A_F,1
1q0m_B_C,1
1q0m_B_D,1
1q0m_B_E,1
1q0m_C_E,1
1q0m_C_F,1
1q0m_D_E,1
1q0m_D_F,1
1q0m_E_F,1
1q15_A_B,1
1q15_A_D,1
1q15_B_C,1
1q15_C_D,1
1q17_A_B,1
1q17_A_C,1
1q17_B_C,1
1q18_A_B,1
1q1b_C_D,1
1q1g_A_B,1
1q1g_A_F,1
1q1g_B_C,1
1q1g_C_D,1
1q1g_D_E,1
1q1g_E_F,1
1q1l_A_B,1
1q1l_A_C,1
1q1l_A_D,1
1q1l_B_C,1
1q1l_B_D,1
1q1l_C_D,1
1q2o_A_B,1
1q2w_A_B,1
1q2x_A_B,1
1q3d_A_B,1
1q3e_A_B,1
1q3p_A_B,1
1q3q_A_B,1
1q3q_A_C,1
1q3q_B_D,1
1q3q_C_D,1
1q3r_A_B,1
1q3r_A_C,1
1q3r_B_D,1
1q3r_C_D,1
1q3s_A_B,1
1q3s_A_H,1
1q3s_B_C,1
1q3s_C_D,1
1q3s_D_E,1
1q3s_E_F,1
1q3s_F_G,1
1q3s_G_H,1
1q3u_A_B,1
1q3u_A_F,1
1q3u_B_E,1
1q3u_E_F,1
1q3v_A_B,1
1q3v_A_F,1
1q3v_B_E,1
1q3v_E_F,1
1q3w_A_B,1
1q40_A_B,1
1q40_C_D,1
1q4g_A_B,1
1q4t_A_B,1
1q5q_A_B,1
1q5q_A_G,1
1q5q_A_H,1
1q5q_A_I,1
1q5q_B_C,1
1q5q_B_I,1
1q5q_B_J,1
1q5q_C_D,1
1q5q_C_J,1
1q5q_C_K,1
1q5q_D_E,1
1q5q_D_K,1
1q5q_D_L,1
1q5q_E_F,1
1q5q_E_L,1
1q5q_E_M,1
1q5q_F_G,1
1q5q_F_M,1
1q5q_F_N,1
1q5q_G_H,1
1q5q_G_N,1
1q5q_H_I,1
1q5q_H_N,1
1q5q_I_J,1
1q5q_J_K,1
1q5q_K_L,1
1q5q_L_M,1
1q5q_M_N,1
1q5t_A_B,1
1q5u_X_Y,1
1q5u_X_Z,1
1q5u_Y_Z,1
1q5y_A_B,1
1q5y_A_C,1
1q5y_B_D,1
1q5y_C_D,1
1q77_A_B,1
1q7c_A_B,1
1q7g_A_B,1
1q7s_A_B,1
1q7y_1_C,1
1q7y_D_L,1
1q7y_G_K,1
1q7y_H_N,1
1q7y_L_V,1
1q7y_O_R,1
1q7y_T_W,1
1q81_1_C,1
1q81_D_L,1
1q81_G_K,1
1q81_H_N,1
1q81_L_V,1
1q81_O_R,1
1q81_T_W,1
1q86_1_C,1
1q86_D_L,1
1q86_G_K,1
1q86_H_N,1
1q86_L_V,1
1q86_O_R,1
1q86_T_W,1
1q8f_A_B,1
1q8f_A_C,1
1q8f_B_D,1
1q8f_C_D,1
1q8s_A_B,1
1q90_A_D,1
1q90_B_D,1
1q90_C_D,1
1q95_A_B,1
1q95_A_C,1
1q95_A_G,1
1q95_B_C,1
1q95_B_H,1
1q95_C_I,1
1q95_D_E,1
1q95_D_F,1
1q95_D_J,1
1q95_E_F,1
1q95_E_K,1
1q95_F_L,1
1q95_G_J,1
1q95_H_K,1
1q95_I_L,1
1q98_A_B,1
1q9u_A_B,1
1qa7_A_B,1
1qa7_B_C,1
1qa7_C_D,1
1qae_A_B,1
1qag_A_B,1
1qaj_A_B,1
1qap_A_B,1
1qbe_A_B,1
1qbe_A_C,1
1qbe_B_C,1
1qbg_A_B,1
1qbz_A_B,1
1qbz_A_C,1
1qbz_B_C,1
1qcb_D_E,1
1qcb_D_H,1
1qcb_E_F,1
1qcb_F_G,1
1qcb_G_H,1
1qd1_A_B,1
1qdb_A_B,1
1qdn_A_B,1
1qdn_A_C,1
1qdn_B_C,1
1qdo_A_B,1
1qdo_A_C,1
1qdo_B_D,1
1qdo_C_D,1
1qg7_A_B,1
1qgn_E_F,1
1qgn_E_G,1
1qgn_E_H,1
1qgn_F_G,1
1qgn_F_H,1
1qgn_G_H,1
1qgw_A_B,1
1qgw_A_C,1
1qgw_A_D,1
1qgw_B_D,1
1qh3_A_B,1
1qh5_A_B,1
1qha_A_B,1
1qhf_A_B,1
1qhm_A_B,1
1qi6_A_B,1
1qi6_A_C,1
1qi6_A_D,1
1qi6_B_C,1
1qi6_B_D,1
1qi6_C_D,1
1qjx_1_2,1
1qjx_1_3,1
1qjx_1_4,1
1qjx_2_3,1
1qjx_3_4,1
1qjy_1_3,1
1qjy_1_4,1
1qjy_3_4,1
1qlu_A_B,1
1qmh_A_B,1
1qmi_C_D,1
1qmv_A_B,1
1qmv_A_D,1
1qmv_B_E,1
1qmv_C_D,1
1qmv_C_H,1
1qmv_E_F,1
1qmv_F_I,1
1qmv_G_H,1
1qmv_G_J,1
1qmv_I_J,1
1qni_A_B,1
1qni_E_F,1
1qnw_A_B,1
1qnw_A_C,1
1qnw_B_D,1
1qnw_C_D,1
1qo7_A_B,1
1qo8_A_D,1
1qol_A_C,1
1qol_B_D,1
1qol_E_H,1
1qol_F_G,1
1qoo_A_B,1
1qoo_A_C,1
1qoo_B_D,1
1qoo_C_D,1
1qou_A_B,1
1qov_H_L,1
1qov_H_M,1
1qov_L_M,1
1qox_I_J,1
1qox_I_L,1
1qox_I_M,1
1qox_J_K,1
1qox_J_P,1
1qox_K_L,1
1qox_K_O,1
1qox_L_N,1
1qox_M_N,1
1qox_M_P,1
1qox_N_O,1
1qox_O_P,1
1qp9_A_B,1
1qp9_C_D,1
1qpb_A_B,1
1qpo_A_B,1
1qpo_C_D,1
1qpo_E_F,1
1qpr_C_D,1
1qq5_A_B,1
1qq6_A_B,1
1qqg_A_B,1
1qr7_A_B,1
1qr7_A_C,1
1qr7_B_D,1
1qr7_C_D,1
1qs0_A_B,1
1qsg_E_F,1
1qsg_E_G,1
1qsg_E_H,1
1qsg_F_G,1
1qsg_F_H,1
1qsg_G_H,1
1qsm_A_B,1
1qsm_A_C,1
1qsm_B_D,1
1qsm_C_D,1
1qso_A_B,1
1qun_A_B,1
1qun_B_P,1
1qun_C_D,1
1qun_E_F,1
1qun_G_H,1
1qun_I_J,1
1qun_K_L,1
1qun_M_N,1
1qun_O_P,1
1qv7_A_B,1
1qv9_A_B,1
1qv9_A_C,1
1qv9_B_C,1
1qvf_A_Y,1
1qvf_B_J,1
1qvf_E_I,1
1qvf_F_L,1
1qvf_J_T,1
1qvf_M_P,1
1qvf_R_U,1
1qvi_A_Y,1
1qvi_A_Z,1
1qvn_A_C,1
1qvn_B_D,1
1qvr_A_B,1
1qvr_B_C,1
1qvt_D_E,1
1qvu_A_B,1
1qvu_D_E,1
1qw9_A_B,1
1qwj_A_B,1
1qwj_C_D,1
1qwm_A_B,1
1qws_A_B,1
1qws_A_C,1
1qws_A_D,1
1qws_B_C,1
1qws_B_D,1
1qws_C_D,1
1qwt_A_B,1
1qx4_A_B,1
1qx5_B_K,1
1qx5_D_Y,1
1qx5_I_R,1
1qx7_A_B,1
1qxj_A_B,1
1qxs_A_B,1
1qxs_A_C,1
1qxs_A_D,1
1qxs_B_C,1
1qxs_B_D,1
1qxs_C_D,1
1qy9_A_B,1
1qy9_A_D,1
1qy9_C_D,1
1qzf_A_B,1
1r0e_A_B,1
1r0k_A_B,1
1r0k_C_D,1
1r0l_A_B,1
1r0l_C_D,1
1r0m_A_C,1
1r0m_B_D,1
1r0v_A_B,1
1r0v_C_D,1
1r0w_A_B,1
1r0y_A_B,1
1r0z_A_B,1
1r12_A_B,1
1r15_E_F,1
1r1l_I_L,1
1r1o_A_B,1
1r1o_A_C,1
1r1o_B_C,1
1r1r_A_B,1
1r1u_A_B,1
1r27_C_D,1
1r2f_A_B,1
1r2k_A_B,1
1r2r_A_B,1
1r2r_C_D,1
1r43_A_B,1
1r4i_A_B,1
1r4p_A_B,1
1r4p_A_C,1
1r4p_A_D,1
1r4p_A_E,1
1r4p_A_F,1
1r4p_B_C,1
1r4p_B_F,1
1r4p_C_D,1
1r4p_D_E,1
1r4p_E_F,1
1r4q_A_B,1
1r4q_A_C,1
1r4q_A_D,1
1r4q_A_E,1
1r4q_A_F,1
1r4q_B_C,1
1r4q_B_F,1
1r4q_B_J,1
1r4q_C_D,1
1r4q_C_I,1
1r4q_D_E,1
1r4q_D_H,1
1r4q_E_F,1
1r4q_E_G,1
1r4q_F_K,1
1r4q_G_H,1
1r4q_G_K,1
1r4q_G_L,1
1r4q_H_I,1
1r4q_H_L,1
1r4q_I_J,1
1r4q_I_L,1
1r4q_J_K,1
1r4q_J_L,1
1r4q_K_L,1
1r4w_A_B,1
1r4w_C_D,1
1r56_A_B,1
1r56_A_C,1
1r56_A_D,1
1r56_B_C,1
1r56_B_D,1
1r56_C_D,1
1r5j_A_B,1
1r6t_A_B,1
1r74_A_B,1
1r7a_A_B,1
1r7i_A_B,1
1r8y_A_B,1
1r8y_A_D,1
1r8y_B_C,1
1r8y_C_D,1
1r9d_A_B,1
1r9m_C_D,1
1rac_A_B,1
1rac_B_D,1
1rac_C_D,1
1raf_A_B,1
1raf_B_D,1
1raf_C_D,1
1rah_A_B,1
1rah_B_D,1
1rah_C_D,1
1rb7_A_B,1
1rba_A_B,1
1rbo_B_C,1
1rbo_B_E,1
1rbo_B_L,1
1rbo_B_S,1
1rbo_C_E,1
1rbo_C_F,1
1rbo_C_S,1
1rbo_E_F,1
1rbo_E_H,1
1rbo_F_H,1
1rbo_F_I,1
1rbo_H_I,1
1rbo_H_L,1
1rbo_I_L,1
1rbo_I_S,1
1rbo_L_S,1
1rc5_A_B,1
1rc5_C_D,1
1rc6_A_B,1
1rco_B_C,1
1rco_B_E,1
1rco_B_F,1
1rco_B_H,1
1rco_B_L,1
1rco_B_V,1
1rco_B_W,1
1rco_C_E,1
1rco_C_H,1
1rco_C_I,1
1rco_C_W,1
1rco_E_F,1
1rco_E_H,1
1rco_E_K,1
1rco_E_L,1
1rco_E_M,1
1rco_F_L,1
1rco_F_M,1
1rco_F_S,1
1rco_H_I,1
1rco_H_K,1
1rco_H_M,1
1rco_H_O,1
1rco_I_K,1
1rco_I_O,1
1rco_I_P,1
1rco_K_M,1
1rco_K_O,1
1rco_K_R,1
1rco_K_T,1
1rco_L_R,1
1rco_L_S,1
1rco_L_V,1
1rco_L_W,1
1rco_M_T,1
1rco_O_P,1
1rco_O_R,1
1rco_O_T,1
1rco_O_V,1
1rco_P_R,1
1rco_P_V,1
1rco_P_W,1
1rco_R_S,1
1rco_R_T,1
1rco_R_V,1
1rco_S_T,1
1rco_S_V,1
1rco_V_W,1
1rcv_D_E,1
1rcv_D_H,1
1rcv_E_F,1
1rcv_F_G,1
1rcv_G_H,1
1rcw_A_B,1
1rdi_1_2,1
1rdk_1_2,1
1rdo_1_2,1
1rdp_D_E,1
1rdp_D_H,1
1rdp_E_F,1
1rdp_F_G,1
1rdp_G_H,1
1rdz_A_B,1
1re3_A_B,1
1re3_A_C,1
1re3_B_C,1
1reg_X_Y,1
1rfb_A_B,1
1rfx_A_B,1
1rfx_A_C,1
1rfx_B_C,1
1rg5_H_L,1
1rg5_H_M,1
1rg5_L_M,1
1rgn_H_L,1
1rgn_H_M,1
1rgn_L_M,1
1rgq_A_B,1
1rh7_A_B,1
1rh7_A_C,1
1rh7_B_C,1
1rh7_D_E,1
1rh7_D_F,1
1rh7_E_F,1
1rj7_E_F,1
1rj7_E_G,1
1rj7_F_G,1
1rjm_A_B,1
1rjm_A_C,1
1rjm_B_C,1
1rjn_A_B,1
1rjn_A_C,1
1rjn_B_C,1
1rk4_A_B,1
1rk8_A_B,1
1rk8_A_C,1
1rk8_B_C,1
1rkw_A_B,1
1rlv_A_B,1
1rp3_E_F,1
1rp7_A_B,1
1rpe_L_R,1
1rpi_A_B,1
1rpw_A_B,1
1rpw_C_D,1
1rpx_A_B,1
1rpx_A_C,1
1rpx_B_C,1
1rq0_A_B,1
1rq0_A_C,1
1rq9_A_B,1
1rqd_A_B,1
1rqr_A_B,1
1rqr_A_C,1
1rqr_B_C,1
1rr9_A_B,1
1rr9_A_F,1
1rr9_B_C,1
1rr9_C_D,1
1rr9_D_E,1
1rr9_E_F,1
1rs9_A_B,1
1rsc_A_B,1
1rsc_A_C,1
1rsc_A_D,1
1rsc_A_G,1
1rsc_A_J,1
1rsc_A_M,1
1rsc_A_P,1
1rsc_B_D,1
1rsc_B_G,1
1rsc_B_H,1
1rsc_B_I,1
1rsc_B_J,1
1rsc_B_P,1
1rsc_C_D,1
1rsc_C_E,1
1rsc_C_F,1
1rsc_C_K,1
1rsc_C_M,1
1rsc_C_N,1
1rsc_D_F,1
1rsc_D_J,1
1rsc_D_K,1
1rsc_D_M,1
1rsc_E_F,1
1rsc_E_G,1
1rsc_E_H,1
1rsc_E_L,1
1rsc_E_N,1
1rsc_E_O,1
1rsc_F_H,1
1rsc_F_K,1
1rsc_F_L,1
1rsc_F_N,1
1rsc_G_H,1
1rsc_G_I,1
1rsc_G_O,1
1rsc_G_P,1
1rsc_H_I,1
1rsc_H_L,1
1rsc_H_O,1
1rsc_I_J,1
1rsc_I_L,1
1rsc_J_K,1
1rsc_K_L,1
1rsc_M_N,1
1rsc_M_P,1
1rsc_N_O,1
1rsc_O_P,1
1rsg_A_B,1
1rud_1_3,1
1rud_1_4,1
1rud_2_3,1
1rud_2_4,1
1rud_3_4,1
1ruf_1_3,1
1ruf_1_4,1
1ruf_2_3,1
1ruf_3_4,1
1rug_1_3,1
1rug_2_3,1
1rug_3_4,1
1rui_1_2,1
1rui_1_3,1
1rui_1_4,1
1rui_2_3,1
1rui_2_4,1
1rui_3_4,1
1ruj_1_2,1
1ruj_1_4,1
1ruj_2_3,1
1ruj_2_4,1
1run_A_B,1
1rv1_A_B,1
1rv1_A_C,1
1rvb_A_B,1
1rvc_A_B,1
1rve_A_B,1
1rwb_A_B,1
1rwb_E_F,1
1rwk_A_B,1
1rwn_A_B,1
1rwp_A_B,1
1rwv_A_B,1
1rww_A_B,1
1rxj_A_B,1
1rxj_A_D,1
1rxj_B_C,1
1rxj_C_D,1
1rxq_A_B,1
1rxq_A_D,1
1rxq_B_C,1
1rxs_D_R,1
1rxs_D_d,1
1rxs_E_d,1
1rxs_E_e,1
1rxs_F_R,1
1rxs_F_e,1
1rxu_A_B,1
1rxu_A_F,1
1rxu_B_C,1
1rxu_C_D,1
1rxu_D_E,1
1rxu_E_F,1
1rxu_M_N,1
1rxu_M_R,1
1rxu_N_O,1
1rxu_O_P,1
1rxu_P_Q,1
1rxu_Q_R,1
1rxy_A_B,1
1ryp_1_2,1
1ryp_1_I,1
1ryp_1_J,1
1ryp_1_S,1
1ryp_1_T,1
1ryp_1_Z,1
1ryp_2_H,1
1ryp_2_I,1
1ryp_2_T,1
1ryp_2_U,1
1ryp_2_V,1
1ryp_A_B,1
1ryp_A_G,1
1ryp_A_H,1
1ryp_A_I,1
1ryp_B_C,1
1ryp_B_I,1
1ryp_B_J,1
1ryp_C_D,1
1ryp_C_J,1
1ryp_C_K,1
1ryp_D_E,1
1ryp_D_K,1
1ryp_D_L,1
1ryp_E_F,1
1ryp_E_L,1
1ryp_E_M,1
1ryp_F_G,1
1ryp_F_M,1
1ryp_F_N,1
1ryp_G_H,1
1ryp_G_N,1
1ryp_H_I,1
1ryp_H_N,1
1ryp_H_V,1
1ryp_I_J,1
1ryp_J_K,1
1ryp_J_Z,1
1ryp_K_L,1
1ryp_K_Y,1
1ryp_K_Z,1
1ryp_L_M,1
1ryp_L_X,1
1ryp_L_Y,1
1ryp_M_N,1
1ryp_M_W,1
1ryp_M_X,1
1ryp_N_V,1
1ryp_N_W,1
1ryp_O_P,1
1ryp_O_U,1
1ryp_O_V,1
1ryp_O_W,1
1ryp_P_Q,1
1ryp_P_W,1
1ryp_P_X,1
1ryp_Q_R,1
1ryp_Q_X,1
1ryp_Q_Y,1
1ryp_R_S,1
1ryp_R_Y,1
1ryp_R_Z,1
1ryp_S_T,1
1ryp_S_Z,1
1ryp_T_U,1
1ryp_U_V,1
1ryp_V_W,1
1ryp_W_X,1
1ryp_X_Y,1
1ryp_Y_Z,1
1ryw_A_B,1
1ryw_A_C,1
1ryw_A_D,1
1ryw_B_C,1
1ryw_B_D,1
1ryw_C_D,1
1ryw_E_F,1
1ryw_E_G,1
1ryw_E_H,1
1ryw_F_G,1
1ryw_F_H,1
1ryw_G_H,1
1ryz_A_F,1
1ryz_B_D,1
1ryz_B_F,1
1ryz_C_E,1
1rz0_A_B,1
1rz0_C_D,1
1rz0_E_F,1
1rz0_G_H,1
1rz1_C_D,1
1rzn_A_B,1
1rzo_A_B,1
1rzp_A_B,1
1rzp_A_C,1
1rzp_B_C,1
1s00_H_L,1
1s00_H_M,1
1s00_L_M,1
1s12_A_D,1
1s12_B_C,1
1s1a_A_B,1
1s1j_A_B,1
1s1m_A_B,1
1s20_A_B,1
1s20_C_D,1
1s20_E_F,1
1s20_G_H,1
1s26_A_D,1
1s26_B_E,1
1s2l_A_B,1
1s2l_A_C,1
1s2l_B_C,1
1s2t_A_B,1
1s2u_A_B,1
1s32_A_B,1
1s32_A_E,1
1s32_A_G,1
1s32_B_D,1
1s32_B_G,1
1s32_B_H,1
1s32_C_D,1
1s32_C_E,1
1s32_C_F,1
1s32_D_F,1
1s32_E_F,1
1s32_F_H,1
1s32_G_H,1
1s3b_A_B,1
1s3f_A_B,1
1s3f_A_C,1
1s3f_B_C,1
1s3o_A_B,1
1s3q_A_B,1
1s3q_A_D,1
1s3q_A_E,1
1s3q_A_F,1
1s3q_A_H,1
1s3q_B_D,1
1s3q_B_G,1
1s3q_C_D,1
1s3q_C_E,1
1s3q_D_E,1
1s3q_E_F,1
1s3q_G_H,1
1s3q_G_J,1
1s3q_G_K,1
1s3q_G_L,1
1s3q_H_J,1
1s3q_I_J,1
1s3q_I_K,1
1s3q_J_K,1
1s3q_K_L,1
1s3r_A_B,1
1s3s_A_E,1
1s3s_A_F,1
1s3s_B_D,1
1s3s_B_F,1
1s3s_B_H,1
1s3s_C_D,1
1s3s_C_E,1
1s3s_F_G,1
1s55_A_B,1
1s55_A_C,1
1s55_B_C,1
1s57_A_B,1
1s57_A_C,1
1s57_A_D,1
1s57_B_C,1
1s57_B_F,1
1s57_C_E,1
1s57_D_E,1
1s57_D_F,1
1s57_E_F,1
1s5c_A_E,1
1s5c_A_F,1
1s5c_A_G,1
1s5c_D_E,1
1s5c_D_H,1
1s5c_E_F,1
1s5c_F_G,1
1s5c_G_H,1
1s5d_A_E,1
1s5d_A_F,1
1s5d_A_G,1
1s5d_A_H,1
1s5d_D_E,1
1s5d_D_H,1
1s5d_E_F,1
1s5d_F_G,1
1s5d_G_H,1
1s5u_A_B,1
1s5u_A_C,1
1s5u_A_D,1
1s5u_B_C,1
1s5u_B_D,1
1s5u_C_D,1
1s5u_E_F,1
1s5u_E_G,1
1s5u_E_H,1
1s5u_F_G,1
1s5u_F_H,1
1s5u_G_H,1
1s5z_A_D,1
1s5z_A_E,1
1s5z_A_F,1
1s5z_B_C,1
1s5z_B_D,1
1s5z_B_E,1
1s5z_C_D,1
1s5z_C_F,1
1s5z_E_F,1
1s66_L_U,1
1s96_A_B,1
1s98_A_B,1
1s9a_A_B,1
1s9c_G_H,1
1s9c_I_J,1
1s9c_K_L,1
1s9r_A_B,1
1sa5_A_B,1
1sac_A_B,1
1sac_A_E,1
1sac_B_C,1
1sac_C_D,1
1sac_D_E,1
1sb3_A_B,1
1sb3_A_C,1
1sb3_A_D,1
1sb3_A_F,1
1sb3_B_C,1
1sb3_C_D,1
1sb3_C_F,1
1sb3_D_E,1
1sb3_D_F,1
1sb3_E_F,1
1sbg_A_B,1
1scf_A_B,1
1scf_C_D,1
1sd6_A_B,1
1sdu_A_B,1
1sed_A_B,1
1sed_A_C,1
1sed_B_C,1
1ser_A_B,1
1sfc_A_B,1
1sfc_A_C,1
1sfc_A_D,1
1sfc_B_C,1
1sfc_B_D,1
1sfc_C_D,1
1sft_A_B,1
1sfx_A_B,1
1sg0_A_B,1
1sg9_A_C,1
1sh8_A_B,1
1sh9_A_B,1
1shn_A_B,1
1siv_A_B,1
1sj1_A_B,1
1sj9_A_E,1
1sj9_A_F,1
1sj9_B_D,1
1sj9_B_F,1
1sj9_C_D,1
1sj9_C_E,1
1sja_A_B,1
1sja_B_C,1
1sja_C_D,1
1sjc_A_B,1
1sjc_B_C,1
1sjc_C_D,1
1sji_A_B,1
1sjm_A_B,1
1sjm_A_C,1
1sjm_B_C,1
1sk6_A_D,1
1sk6_B_E,1
1sk6_C_F,1
1slc_A_B,1
1slc_C_D,1
1slq_D_E,1
1slq_D_F,1
1slq_E_F,1
1slt_A_B,1
1smk_E_F,1
1smx_A_B,1
1sn8_A_B,1
1so5_A_B,1
1soj_A_B,1
1soj_C_D,1
1soj_E_F,1
1soj_G_H,1
1soj_I_J,1
1soj_K_L,1
1sq3_A_B,1
1sq3_A_D,1
1sq3_A_E,1
1sq3_A_F,1
1sq3_A_H,1
1sq3_B_D,1
1sq3_B_G,1
1sq3_C_D,1
1sq3_C_E,1
1sq3_D_E,1
1sq3_E_F,1
1sq3_G_H,1
1sq3_G_J,1
1sq3_G_K,1
1sq3_G_L,1
1sq3_H_J,1
1sq3_I_J,1
1sq3_I_K,1
1sq3_J_K,1
1sq3_K_L,1
1sq4_A_B,1
1sq5_A_D,1
1sq7_A_B,1
1sqb_A_B,1
1sqb_A_C,1
1sqb_A_E,1
1sqb_A_G,1
1sqb_A_I,1
1sqb_A_J,1
1sqb_A_K,1
1sqb_B_I,1
1sqb_C_D,1
1sqb_C_E,1
1sqb_C_F,1
1sqb_C_G,1
1sqb_D_E,1
1sqb_D_F,1
1sqb_D_G,1
1sqb_D_H,1
1sqb_D_J,1
1sqb_E_G,1
1sqb_E_J,1
1sqb_F_G,1
1sqb_J_K,1
1sqe_A_B,1
1sql_A_B,1
1sql_A_D,1
1sql_A_H,1
1sql_B_C,1
1sql_B_G,1
1sql_C_D,1
1sql_C_F,1
1sql_D_E,1
1sql_E_F,1
1sql_E_H,1
1sql_F_G,1
1sql_G_H,1
1sqs_A_B,1
1sr4_A_B,1
1sr4_A_C,1
1sr4_B_C,1
1sr6_A_B,1
1sr6_A_C,1
1sr9_A_B,1
1sre_A_B,1
1srh_A_B,1
1ss8_A_B,1
1ss8_A_G,1
1ss8_B_C,1
1ss8_C_D,1
1ss8_D_E,1
1ss8_E_F,1
1ss8_F_G,1
1ssd_A_B,1
1ssq_A_D,1
1st0_A_B,1
1stx_A_B,1
1stz_A_B,1
1stz_A_C,1
1stz_B_C,1
1su5_A_B,1
1sus_A_C,1
1sux_A_B,1
1sv0_A_C,1
1sv0_B_D,1
1svl_A_B,1
1svl_B_C,1
1svm_A_B,1
1svm_A_F,1
1svm_B_C,1
1svm_C_D,1
1svm_D_E,1
1svm_E_F,1
1svx_A_B,1
1swb_A_B,1
1swb_A_D,1
1swb_B_C,1
1swb_C_D,1
1swc_A_B,1
1swc_A_D,1
1swc_B_C,1
1swc_C_D,1
1swd_A_B,1
1swd_A_D,1
1swd_B_C,1
1swd_C_D,1
1swe_A_B,1
1swe_A_D,1
1swe_B_C,1
1swe_C_D,1
1swk_A_B,1
1swk_A_D,1
1swk_B_C,1
1swk_C_D,1
1swl_A_B,1
1swl_A_D,1
1swl_B_C,1
1swl_C_D,1
1swn_A_B,1
1swn_A_D,1
1swn_B_C,1
1swn_C_D,1
1swp_A_B,1
1swp_A_D,1
1swp_B_C,1
1swp_C_D,1
1swr_A_B,1
1swr_A_D,1
1swr_B_C,1
1swr_C_D,1
1sx3_A_B,1
1sx3_A_G,1
1sx3_B_C,1
1sx3_C_D,1
1sx3_D_E,1
1sx3_E_F,1
1sx3_F_G,1
1sx3_H_I,1
1sx3_H_N,1
1sx3_I_J,1
1sx3_J_K,1
1sx3_K_L,1
1sx3_L_M,1
1sx3_M_N,1
1sx4_A_B,1
1sx4_A_G,1
1sx4_A_O,1
1sx4_B_C,1
1sx4_B_P,1
1sx4_C_D,1
1sx4_C_Q,1
1sx4_D_E,1
1sx4_D_R,1
1sx4_E_F,1
1sx4_E_S,1
1sx4_F_G,1
1sx4_F_T,1
1sx4_G_U,1
1sx4_H_I,1
1sx4_H_N,1
1sx4_I_J,1
1sx4_J_K,1
1sx4_K_L,1
1sx4_L_M,1
1sx4_M_N,1
1sx4_O_P,1
1sx4_O_U,1
1sx4_P_Q,1
1sx4_Q_R,1
1sx4_R_S,1
1sx4_S_T,1
1sx4_T_U,1
1sx5_A_B,1
1sx8_A_B,1
1sxg_A_D,1
1sxg_B_I,1
1sxh_A_D,1
1sxi_K_L,1
1sxi_M_N,1
1sy7_A_B,1
1szg_A_B,1
1szk_A_B,1
1szk_A_C,1
1szk_B_D,1
1szk_C_D,1
1szo_A_B,1
1szo_A_C,1
1szo_B_C,1
1szo_D_E,1
1szo_D_F,1
1szo_E_F,1
1szo_G_H,1
1szo_G_I,1
1szo_G_J,1
1szo_G_K,1
1szo_H_I,1
1szo_H_K,1
1szo_H_L,1
1szo_I_J,1
1szo_I_L,1
1szo_J_K,1
1szo_J_L,1
1szo_K_L,1
1szq_A_B,1
1szs_A_B,1
1szs_A_C,1
1szs_B_D,1
1szs_C_D,1
1szu_A_B,1
1szu_A_C,1
1szu_B_D,1
1szu_C_D,1
1szz_A_C,1
1szz_B_E,1
1szz_D_H,1
1szz_F_G,1
1t06_A_B,1
1t09_A_B,1
1t0b_E_F,1
1t0b_E_G,1
1t0b_E_H,1
1t0b_F_G,1
1t0b_F_H,1
1t0b_G_H,1
1t0h_A_B,1
1t0i_A_B,1
1t0q_A_B,1
1t0q_A_C,1
1t0r_A_B,1
1t0r_A_C,1
1t0t_V_W,1
1t0t_V_Z,1
1t0t_W_Y,1
1t0t_X_Y,1
1t0t_X_Z,1
1t11_A_B,1
1t13_A_B,1
1t13_A_E,1
1t13_B_C,1
1t13_C_D,1
1t13_D_E,1
1t3a_A_B,1
1t3e_A_B,1
1t3m_A_B,1
1t3m_A_D,1
1t3m_B_C,1
1t3m_B_D,1
1t3m_C_D,1
1t3q_A_B,1
1t3q_A_C,1
1t3q_B_C,1
1t3q_B_E,1
1t3q_D_E,1
1t3q_D_F,1
1t3q_E_F,1
1t3r_A_B,1
1t3z_A_B,1
1t4b_A_B,1
1t4e_A_B,1
1t4s_A_B,1
1t4s_A_C,1
1t4s_B_C,1
1t57_A_B,1
1t57_B_C,1
1t5b_A_B,1
1t5f_A_B,1
1t5f_A_C,1
1t5f_B_C,1
1t5o_A_B,1
1t5o_C_D,1
1t61_A_B,1
1t61_A_C,1
1t61_A_D,1
1t61_A_E,1
1t61_B_C,1
1t61_B_D,1
1t61_B_F,1
1t61_C_E,1
1t61_C_F,1
1t61_D_E,1
1t61_D_F,1
1t61_E_F,1
1t62_A_B,1
1t6i_A_B,1
1t6i_A_C,1
1t6i_B_C,1
1t6j_A_B,1
1t6u_G_H,1
1t6u_G_I,1
1t6u_G_J,1
1t6u_G_L,1
1t6u_H_I,1
1t6u_H_K,1
1t6u_H_L,1
1t6u_I_J,1
1t6u_I_K,1
1t6u_J_K,1
1t6u_J_L,1
1t6u_K_L,1
1t6x_A_B,1
1t6y_A_B,1
1t8p_A_B,1
1t8r_A_B,1
1t8r_A_F,1
1t8r_B_C,1
1t8r_C_D,1
1t8r_D_E,1
1t8r_E_F,1
1t8s_A_B,1
1t8s_A_F,1
1t8s_B_C,1
1t8s_C_D,1
1t8s_D_E,1
1t8s_E_F,1
1t98_A_B,1
1t9a_A_B,1
1t9b_A_B,1
1t9c_A_B,1
1t9d_A_B,1
1t9i_A_B,1
1t9j_A_B,1
1taf_A_B,1
1tat_A_B,1
1tb3_A_C,1
1tb3_A_D,1
1tb3_A_F,1
1tb3_B_C,1
1tb3_B_D,1
1tb3_B_E,1
1tb3_C_G,1
1tb3_D_H,1
1tb3_E_G,1
1tb3_E_H,1
1tb3_F_G,1
1tb3_F_H,1
1tbh_A_B,1
1tbh_A_C,1
1tbh_B_C,1
1tbj_A_B,1
1tbj_A_C,1
1tbj_B_C,1
1tc1_A_B,1
1tc2_A_B,1
1tcu_A_B,1
1tcu_A_C,1
1tcu_B_C,1
1tcx_A_B,1
1td9_A_B,1
1td9_C_D,1
1tdi_A_B,1
1tdu_A_B,1
1te5_A_B,1
1te6_A_B,1
1tee_A_B,1
1tei_A_B,1
1tei_A_C,1
1tei_B_D,1
1tei_C_D,1
1tei_E_F,1
1tei_E_G,1
1tei_F_H,1
1tei_G_H,1
1tej_A_B,1
1tex_C_D,1
1tf7_A_B,1
1tf7_A_F,1
1tf7_B_C,1
1tf7_C_D,1
1tf7_D_E,1
1tf7_E_F,1
1tfk_A_B,1
1tfm_A_B,1
1tfo_A_B,1
1tg6_A_B,1
1tg6_A_G,1
1tg6_B_C,1
1tg6_C_D,1
1tg6_D_E,1
1tg6_E_F,1
1tg6_F_G,1
1tgy_A_B,1
1th2_A_B,1
1th2_A_C,1
1th2_A_D,1
1th2_B_C,1
1th2_B_D,1
1th2_C_D,1
1th7_A_B,1
1th7_A_G,1
1th7_A_L,1
1th7_B_C,1
1th7_B_K,1
1th7_C_D,1
1th7_C_J,1
1th7_D_E,1
1th7_D_I,1
1th7_E_F,1
1th7_E_H,1
1th7_F_G,1
1th7_F_N,1
1th7_G_M,1
1th7_H_I,1
1th7_H_N,1
1th7_I_J,1
1th7_J_K,1
1th7_K_L,1
1th7_L_M,1
1th7_M_N,1
1th8_A_B,1
1thj_A_B,1
1thj_A_C,1
1thj_B_C,1
1thz_A_B,1
1til_A_B,1
1til_A_C,1
1til_C_D,1
1tjc_A_B,1
1tjj_A_B,1
1tjj_A_C,1
1tjo_A_B,1
1tjo_A_C,1
1tjo_A_D,1
1tjo_C_D,1
1tjv_A_B,1
1tjv_A_C,1
1tjv_A_D,1
1tjv_B_C,1
1tjv_B_D,1
1tjv_C_D,1
1tjw_A_B,1
1tjw_A_C,1
1tjw_A_D,1
1tjw_B_C,1
1tjw_B_D,1
1tjw_C_D,1
1tlc_A_B,1
1tlj_A_B,1
1tll_A_B,1
1tls_A_B,1
1tn7_A_B,1
1tn8_A_B,1
1tnf_A_B,1
1tnf_A_C,1
1tnf_B_C,1
1tnr_A_R,1
1tnu_C_D,1
1tnu_E_F,1
1tnu_I_J,1
1tnu_K_L,1
1tny_A_B,1
1tny_C_D,1
1tny_E_F,1
1tny_I_J,1
1tny_K_L,1
1to0_G_H,1
1to9_A_B,1
1tp2_A_B,1
1tpb_1_2,1
1tpc_1_2,1
1tpf_A_B,1
1tph_1_2,1
1tpl_A_B,1
1tqy_C_D,1
1tqy_E_F,1
1tqy_G_H,1
1tr1_A_B,1
1tr1_A_D,1
1tr1_B_C,1
1tr1_C_D,1
1tsd_A_B,1
1tsi_A_B,1
1tt7_A_B,1
1tt7_A_D,1
1tt7_A_E,1
1tt7_A_F,1
1tt7_B_C,1
1tt7_B_E,1
1tt7_B_F,1
1tt7_C_D,1
1tt7_C_E,1
1tt7_C_F,1
1tt7_D_E,1
1tt7_D_F,1
1tu1_A_B,1
1tu5_A_B,1
1tu7_A_B,1
1tu8_A_B,1
1tue_A_B,1
1tup_A_B,1
1tup_B_C,1
1tuy_A_B,1
1tw2_A_B,1
1twd_A_B,1
1twh_A_B,1
1twh_A_C,1
1twh_A_E,1
1twh_A_F,1
1twh_A_H,1
1twh_A_I,1
1twh_A_K,1
1twh_B_C,1
1twh_B_I,1
1twh_B_J,1
1twh_B_K,1
1twh_B_L,1
1twh_C_J,1
1twh_C_K,1
1twh_C_L,1
1twy_A_B,1
1twy_E_F,1
1txg_A_B,1
1txt_A_B,1
1txt_C_D,1
1txy_A_B,1
1ty2_A_B,1
1ty9_A_B,1
1tye_E_F,1
1tyf_A_B,1
1tyf_A_G,1
1tyf_A_H,1
1tyf_B_C,1
1tyf_B_I,1
1tyf_C_D,1
1tyf_C_J,1
1tyf_D_E,1
1tyf_D_K,1
1tyf_E_F,1
1tyf_E_L,1
1tyf_F_G,1
1tyf_F_M,1
1tyf_G_N,1
1tyf_H_I,1
1tyf_H_N,1
1tyf_I_J,1
1tyf_J_K,1
1tyf_K_L,1
1tyf_L_M,1
1tyf_M_N,1
1tyz_A_B,1
1tyz_A_D,1
1tyz_B_C,1
1tyz_C_D,1
1tz0_A_B,1
1tz0_A_C,1
1tz2_A_B,1
1tz2_A_D,1
1tz2_B_C,1
1tz2_C_D,1
1tza_A_B,1
1tzj_A_B,1
1tzj_A_D,1
1tzj_B_C,1
1tzj_C_D,1
1tzk_A_B,1
1tzk_A_D,1
1tzk_B_C,1
1tzk_C_D,1
1tzl_A_B,1
1tzl_A_C,1
1tzl_A_D,1
1tzl_B_C,1
1tzl_B_D,1
1tzl_C_D,1
1tzm_A_B,1
1tzm_A_D,1
1tzm_B_C,1
1tzm_C_D,1
1u0a_A_B,1
1u0a_A_C,1
1u0a_B_D,1
1u0a_C_D,1
1u0f_A_B,1
1u0g_A_B,1
1u0k_A_B,1
1u15_A_B,1
1u15_A_C,1
1u15_A_D,1
1u15_B_C,1
1u15_B_D,1
1u15_C_D,1
1u1e_A_B,1
1u1e_A_C,1
1u1e_B_F,1
1u1e_C_D,1
1u1e_D_E,1
1u1e_E_F,1
1u1g_A_B,1
1u1g_A_C,1
1u1g_B_F,1
1u1g_C_D,1
1u1g_D_E,1
1u1g_E_F,1
1u1s_A_B,1
1u1s_A_F,1
1u1s_B_C,1
1u1s_C_D,1
1u1s_D_E,1
1u1s_E_F,1
1u1x_A_B,1
1u1z_A_B,1
1u1z_A_D,1
1u1z_B_F,1
1u1z_C_D,1
1u1z_C_E,1
1u1z_E_F,1
1u2e_A_C,1
1u2e_B_D,1
1u2m_A_B,1
1u2m_A_C,1
1u2m_B_C,1
1u4j_A_B,1
1u5e_A_B,1
1u5i_A_B,1
1u5w_A_B,1
1u5w_C_D,1
1u5w_E_F,1
1u5w_G_H,1
1u60_A_B,1
1u60_C_D,1
1u69_A_B,1
1u69_A_C,1
1u69_B_D,1
1u6i_A_B,1
1u6i_A_C,1
1u6i_A_E,1
1u6i_A_F,1
1u6i_B_C,1
1u6i_B_D,1
1u6i_B_F,1
1u6i_C_D,1
1u6i_C_E,1
1u6i_D_E,1
1u6i_D_F,1
1u6i_E_F,1
1u6i_G_H,1
1u6i_G_I,1
1u6i_G_K,1
1u6i_G_L,1
1u6i_H_I,1
1u6i_H_J,1
1u6i_H_L,1
1u6i_I_J,1
1u6i_I_K,1
1u6i_J_K,1
1u6i_J_L,1
1u6i_K_L,1
1u6j_A_B,1
1u6j_A_C,1
1u6j_A_E,1
1u6j_A_F,1
1u6j_B_C,1
1u6j_B_D,1
1u6j_B_F,1
1u6j_C_D,1
1u6j_C_E,1
1u6j_D_E,1
1u6j_D_F,1
1u6j_E_F,1
1u6j_G_H,1
1u6j_G_I,1
1u6j_G_K,1
1u6j_G_L,1
1u6j_H_I,1
1u6j_H_J,1
1u6j_H_L,1
1u6j_I_J,1
1u6j_I_K,1
1u6j_J_K,1
1u6j_J_L,1
1u6j_K_L,1
1u6k_A_B,1
1u6k_A_C,1
1u6k_B_C,1
1u6l_A_B,1
1u6z_A_B,1
1u80_A_B,1
1u8c_A_B,1
1u8g_A_B,1
1u8r_A_B,1
1u8r_C_D,1
1u8r_G_H,1
1u8r_I_J,1
1u9y_A_B,1
1u9y_A_D,1
1u9y_B_C,1
1u9y_C_D,1
1u9z_A_B,1
1u9z_A_D,1
1u9z_B_C,1
1u9z_C_D,1
1uaa_A_B,1
1ub3_A_B,1
1ub3_A_C,1
1ub3_B_D,1
1ub3_C_D,1
1ubk_L_S,1
1ubl_L_S,1
1ubo_L_S,1
1ubp_A_C,1
1ubp_B_C,1
1uc4_A_B,1
1uc4_A_G,1
1uc4_A_L,1
1uc4_E_L,1
1uc4_L_M,1
1ud0_A_B,1
1ud0_C_D,1
1udv_A_B,1
1udy_A_B,1
1udy_A_D,1
1udy_B_C,1
1udy_C_D,1
1ue5_A_B,1
1ue6_A_B,1
1ue6_C_D,1
1ueh_A_B,1
1uei_A_B,1
1ues_C_D,1
1uf4_A_B,1
1uf5_A_B,1
1ufi_A_B,1
1ufi_A_C,1
1ufi_B_D,1
1ufi_C_D,1
1ufo_A_B,1
1ufo_C_D,1
1ufo_E_F,1
1ufq_A_C,1
1ufq_A_D,1
1ufq_B_C,1
1ufq_B_D,1
1ufr_A_B,1
1ufr_C_D,1
1ufv_A_B,1
1ugp_A_B,1
1ugq_A_B,1
1ui8_A_B,1
1uik_A_B,1
1uik_A_C,1
1uik_B_C,1
1uim_A_B,1
1uj2_A_B,1
1uk2_A_B,1
1uk4_A_B,1
1ukg_A_B,1
1ukk_A_B,1
1ul1_A_B,1
1ul1_A_C,1
1ul1_A_X,1
1ul1_B_C,1
1ul1_B_Y,1
1ul1_C_Z,1
1ul3_A_B,1
1ul3_A_C,1
1ul3_B_C,1
1ulc_A_B,1
1uli_A_B,1
1uli_A_C,1
1uli_A_D,1
1uli_A_E,1
1uli_B_D,1
1uli_B_E,1
1uli_B_F,1
1uli_C_D,1
1uli_C_E,1
1uli_C_F,1
1uli_D_F,1
1uli_E_F,1
1ulk_A_B,1
1um9_A_B,1
1um9_A_C,1
1um9_A_D,1
1um9_B_C,1
1um9_B_D,1
1um9_C_D,1
1umb_A_B,1
1umb_A_C,1
1umb_A_D,1
1umb_B_C,1
1umb_B_D,1
1umb_C_D,1
1umf_A_B,1
1umf_A_C,1
1umf_A_D,1
1umf_B_C,1
1umf_B_D,1
1umf_C_D,1
1umn_A_C,1
1umn_A_E,1
1umn_A_H,1
1umn_A_I,1
1umn_A_K,1
1umn_B_D,1
1umn_B_F,1
1umn_B_G,1
1umn_B_J,1
1umn_B_L,1
1umn_C_E,1
1umn_C_H,1
1umn_C_J,1
1umn_C_L,1
1umn_D_F,1
1umn_D_G,1
1umn_D_I,1
1umn_D_K,1
1umn_E_G,1
1umn_E_I,1
1umn_E_L,1
1umn_F_H,1
1umn_F_J,1
1umn_F_K,1
1umn_G_I,1
1umn_G_L,1
1umn_H_J,1
1umn_H_K,1
1umn_I_K,1
1umn_J_L,1
1umo_A_B,1
1un0_A_C,1
1un0_B_D,1
1un9_A_B,1
1uod_A_B,1
1uoe_A_B,1
1uoj_A_B,1
1uoj_A_D,1
1uoj_B_C,1
1uoj_C_D,1
1uqt_A_B,1
1ura_A_B,1
1urq_A_B,1
1urq_A_C,1
1urq_A_D,1
1urq_B_C,1
1urq_B_D,1
1urq_C_D,1
1urz_A_B,1
1urz_A_C,1
1urz_B_C,1
1urz_D_E,1
1urz_D_F,1
1urz_E_F,1
1us6_A_B,1
1usb_A_B,1
1usl_A_B,1
1usl_C_D,1
1usu_A_B,1
1usv_G_H,1
1ut4_A_B,1
1ut7_A_B,1
1utd_A_B,1
1utd_A_K,1
1utd_B_C,1
1utd_C_D,1
1utd_D_E,1
1utd_E_F,1
1utd_F_G,1
1utd_G_H,1
1utd_H_I,1
1utd_I_J,1
1utd_J_K,1
1utd_L_M,1
1utd_L_V,1
1utd_M_N,1
1utd_N_O,1
1utd_O_P,1
1utd_P_Q,1
1utd_Q_R,1
1utd_R_S,1
1utd_S_T,1
1utd_T_U,1
1utd_U_V,1
1uu0_A_B,1
1uu0_C_D,1
1uuj_A_B,1
1uuj_C_D,1
1uuv_A_B,1
1uuw_A_B,1
1uvh_A_B,1
1uvh_A_C,1
1uvh_B_C,1
1uvh_C_D,1
1uw6_A_B,1
1uw6_A_E,1
1uw6_B_C,1
1uw6_C_D,1
1uw6_D_E,1
1uw6_F_G,1
1uw6_F_J,1
1uw6_G_H,1
1uw6_H_I,1
1uw6_I_J,1
1uw6_K_L,1
1uw6_K_O,1
1uw6_L_M,1
1uw6_M_N,1
1uw6_N_O,1
1uw6_P_Q,1
1uw6_P_T,1
1uw6_Q_R,1
1uw6_R_S,1
1uw6_S_T,1
1uwa_A_E,1
1uwa_A_F,1
1uwa_A_I,1
1uwa_A_K,1
1uwa_A_M,1
1uwa_A_O,1
1uwa_A_R,1
1uwa_B_C,1
1uwa_B_E,1
1uwa_B_H,1
1uwa_B_O,1
1uwa_B_T,1
1uwa_B_V,1
1uwa_B_W,1
1uwa_C_H,1
1uwa_C_J,1
1uwa_C_T,1
1uwa_C_V,1
1uwa_E_F,1
1uwa_E_O,1
1uwa_E_T,1
1uwa_E_V,1
1uwa_E_W,1
1uwa_F_I,1
1uwa_F_O,1
1uwa_F_W,1
1uwa_H_J,1
1uwa_H_K,1
1uwa_H_P,1
1uwa_H_R,1
1uwa_H_V,1
1uwa_I_K,1
1uwa_I_P,1
1uwa_I_R,1
1uwa_J_K,1
1uwa_J_M,1
1uwa_J_R,1
1uwa_K_P,1
1uwa_K_R,1
1uwa_K_V,1
1uwa_M_O,1
1uwa_M_R,1
1uwa_M_T,1
1uwa_O_R,1
1uwa_O_T,1
1uwa_P_V,1
1uwa_P_W,1
1uwa_V_W,1
1uwi_A_B,1
1uwi_A_C,1
1uwi_B_D,1
1uwi_C_D,1
1uww_A_B,1
1uwz_A_B,1
1ux0_A_B,1
1ux1_A_B,1
1ux1_A_C,1
1ux1_A_D,1
1ux1_B_C,1
1ux1_B_D,1
1ux1_C_D,1
1uxi_A_B,1
1uxj_A_C,1
1uxk_A_C,1
1uyt_B_C,1
1uzn_A_B,1
1uzz_A_B,1
1uzz_C_D,1
1v00_B_D,1
1v02_A_B,1
1v08_A_B,1
1v0f_A_B,1
1v0f_A_C,1
1v0f_B_C,1
1v2e_A_B,1
1v2f_A_B,1
1v2i_A_B,1
1v3c_A_B,1
1v3r_A_B,1
1v3r_A_C,1
1v3r_B_C,1
1v3t_A_B,1
1v3z_A_B,1
1v40_A_D,1
1v54_A_B,1
1v54_A_C,1
1v54_A_D,1
1v54_A_F,1
1v54_A_G,1
1v54_A_J,1
1v54_A_K,1
1v54_A_T,1
1v54_B_D,1
1v54_B_E,1
1v54_B_H,1
1v54_B_I,1
1v54_C_F,1
1v54_C_G,1
1v54_C_J,1
1v54_D_E,1
1v54_D_I,1
1v54_D_K,1
1v54_E_I,1
1v54_G_N,1
1v54_H_U,1
1v54_N_O,1
1v54_N_P,1
1v54_N_Q,1
1v54_N_S,1
1v54_N_T,1
1v54_N_W,1
1v54_N_X,1
1v54_O_Q,1
1v54_O_R,1
1v54_O_U,1
1v54_O_V,1
1v54_P_S,1
1v54_P_T,1
1v54_P_W,1
1v54_Q_R,1
1v54_Q_V,1
1v54_Q_X,1
1v54_R_V,1
1v55_A_B,1
1v55_A_C,1
1v55_A_D,1
1v55_A_F,1
1v55_A_G,1
1v55_A_J,1
1v55_A_K,1
1v55_A_T,1
1v55_B_D,1
1v55_B_E,1
1v55_B_H,1
1v55_B_I,1
1v55_C_F,1
1v55_C_G,1
1v55_C_J,1
1v55_D_E,1
1v55_D_I,1
1v55_D_K,1
1v55_E_I,1
1v55_G_N,1
1v55_H_U,1
1v55_N_O,1
1v55_N_P,1
1v55_N_Q,1
1v55_N_S,1
1v55_N_T,1
1v55_N_W,1
1v55_N_X,1
1v55_O_Q,1
1v55_O_R,1
1v55_O_U,1
1v55_O_V,1
1v55_P_S,1
1v55_P_T,1
1v55_P_W,1
1v55_Q_R,1
1v55_Q_V,1
1v55_Q_X,1
1v55_R_V,1
1v59_A_B,1
1v5b_A_B,1
1v5b_E_F,1
1v5b_G_H,1
1v5v_A_B,1
1v5y_A_B,1
1v5z_A_B,1
1v6j_A_B,1
1v6j_A_D,1
1v6j_B_C,1
1v6j_C_D,1
1v6k_A_B,1
1v6k_A_D,1
1v6k_B_C,1
1v6k_C_D,1
1v74_A_B,1
1v7l_A_B,1
1v7o_A_B,1
1vbb_1_2,1
1vbb_1_3,1
1vbb_2_3,1
1vbb_2_4,1
1vbb_3_4,1
1vbd_1_2,1
1vbd_1_3,1
1vbd_1_4,1
1vbd_2_3,1
1vbd_2_4,1
1vbf_A_B,1
1vbn_A_B,1
1vcg_A_B,1
1vcg_A_D,1
1vcg_B_C,1
1vcg_C_D,1
1vch_A_B,1
1vch_C_D,1
1vcv_A_B,1
1vdh_A_B,1
1vdh_A_E,1
1vdh_B_C,1
1vdh_C_D,1
1vdh_D_E,1
1vdv_A_B,1
1vdw_A_B,1
1ve5_A_B,1
1ve5_A_D,1
1ve5_B_C,1
1ve5_C_D,1
1vet_A_B,1
1veu_A_B,1
1vew_C_D,1
1vf3_A_B,1
1vf6_A_B,1
1vf6_A_C,1
1vf6_B_D,1
1vfp_A_B,1
1vfr_A_B,1
1vfs_A_B,1
1vga_C_D,1
1vgg_A_B,1
1vgg_A_C,1
1vgg_A_D,1
1vgg_B_C,1
1vgg_B_F,1
1vgg_C_E,1
1vgg_D_E,1
1vgg_D_F,1
1vgg_E_F,1
1vgn_A_B,1
1vgw_A_B,1
1vgw_E_F,1
1vgz_A_B,1
1vh0_A_B,1
1vh0_C_D,1
1vh0_E_F,1
1vh5_A_B,1
1vh8_A_B,1
1vh8_A_C,1
1vh8_B_C,1
1vh8_D_E,1
1vh8_D_F,1
1vh8_E_F,1
1vhc_D_E,1
1vhc_D_F,1
1vhc_E_F,1
1vhg_A_B,1
1vhk_A_B,1
1vhk_B_C,1
1vhk_C_D,1
1vhm_A_B,1
1vhq_A_B,1
1vhw_A_D,1
1vhw_A_E,1
1vhw_B_D,1
1vhw_B_F,1
1vhw_C_E,1
1vhw_C_F,1
1vi9_A_B,1
1vi9_C_D,1
1vic_A_B,1
1vij_A_B,1
1vik_A_B,1
1vio_A_B,1
1viu_A_B,1
1viv_A_B,1
1vj0_A_B,1
1vj0_A_C,1
1vj0_A_D,1
1vj0_B_C,1
1vj0_B_D,1
1vj0_C_D,1
1vjh_A_B,1
1vjq_A_B,1
1vk0_A_B,1
1vk0_A_F,1
1vk0_B_C,1
1vk0_C_D,1
1vk0_D_E,1
1vk0_E_F,1
1vk8_A_B,1
1vk8_A_C,1
1vk8_A_D,1
1vk8_B_C,1
1vk8_B_D,1
1vk8_C_D,1
1vkd_E_F,1
1vkh_A_B,1
1vkj_A_B,1
1vkj_B_C,1
1vl4_A_B,1
1vl6_A_B,1
1vl6_A_C,1
1vl6_A_D,1
1vl6_B_C,1
1vl6_B_D,1
1vl6_C_D,1
1vla_C_D,1
1vlh_A_B,1
1vlh_A_C,1
1vlh_A_E,1
1vlh_B_D,1
1vlh_B_F,1
1vlh_C_E,1
1vlh_C_F,1
1vlh_D_E,1
1vlh_D_F,1
1vlj_A_B,1
1vm0_A_B,1
1vm7_A_B,1
1vm8_A_B,1
1vmf_A_B,1
1vmf_A_C,1
1vmf_B_C,1
1vok_A_B,1
1vp4_A_B,1
1vp7_A_B,1
1vp7_C_D,1
1vp7_E_F,1
1vph_A_B,1
1vph_A_C,1
1vph_B_C,1
1vpx_K_L,1
1vpx_K_O,1
1vpx_K_P,1
1vpx_K_T,1
1vpx_L_M,1
1vpx_L_S,1
1vpx_L_T,1
1vpx_M_N,1
1vpx_M_R,1
1vpx_M_S,1
1vpx_N_O,1
1vpx_N_Q,1
1vpx_N_R,1
1vpx_O_P,1
1vpx_O_Q,1
1vpx_P_Q,1
1vpx_P_T,1
1vpx_Q_R,1
1vpx_R_S,1
1vpx_S_T,1
1vq0_A_B,1
1vq3_A_B,1
1vq3_A_D,1
1vq3_B_C,1
1vq3_C_D,1
1vq4_2_S,1
1vq4_A_Z,1
1vq4_B_K,1
1vq4_E_J,1
1vq4_F_M,1
1vq4_K_U,1
1vq4_N_Q,1
1vq4_S_V,1
1vq6_2_S,1
1vq6_A_Z,1
1vq6_B_K,1
1vq6_E_J,1
1vq6_F_M,1
1vq6_K_U,1
1vq6_N_Q,1
1vq6_S_V,1
1vq8_2_S,1
1vq8_A_Z,1
1vq8_B_K,1
1vq8_E_J,1
1vq8_F_M,1
1vq8_K_U,1
1vq8_N_Q,1
1vq8_S_V,1
1vq9_2_S,1
1vq9_A_Z,1
1vq9_B_K,1
1vq9_E_J,1
1vq9_F_M,1
1vq9_K_U,1
1vq9_N_Q,1
1vq9_S_V,1
1vqm_2_S,1
1vqm_A_Z,1
1vqm_B_K,1
1vqm_E_J,1
1vqm_F_M,1
1vqm_K_U,1
1vqm_N_Q,1
1vqm_S_V,1
1vqn_2_S,1
1vqn_A_Z,1
1vqn_B_K,1
1vqn_E_J,1
1vqn_F_M,1
1vqn_K_U,1
1vqn_N_Q,1
1vqn_S_V,1
1vqp_2_S,1
1vqp_A_Z,1
1vqp_B_K,1
1vqp_E_J,1
1vqp_F_M,1
1vqp_K_U,1
1vqp_N_Q,1
1vqp_S_V,1
1vqs_A_B,1
1vqs_C_D,1
1vqv_A_B,1
1vr0_B_C,1
1vr4_A_B,1
1vr4_A_E,1
1vr4_B_C,1
1vr4_C_D,1
1vr4_D_E,1
1vr6_A_B,1
1vr6_A_C,1
1vr6_A_D,1
1vr6_B_C,1
1vr6_B_D,1
1vr6_C_D,1
1vrg_A_B,1
1vrg_A_C,1
1vrg_A_D,1
1vrg_B_C,1
1vrg_B_E,1
1vrg_C_F,1
1vrg_D_E,1
1vrg_D_F,1
1vrg_E_F,1
1vrr_A_B,1
1vrw_A_B,1
1vsc_A_B,1
1vub_A_B,1
1vya_A_F,1
1vya_A_I,1
1vya_A_K,1
1vya_B_D,1
1vya_B_G,1
1vya_B_H,1
1vya_C_E,1
1vya_C_F,1
1vya_C_I,1
1vya_D_H,1
1vya_D_J,1
1vya_E_F,1
1vya_E_K,1
1vya_G_J,1
1vya_G_L,1
1vya_H_L,1
1vya_I_K,1
1vya_J_L,1
1vz0_A_C,1
1vz0_B_G,1
1vz0_D_H,1
1vz0_E_F,1
1vz5_A_B,1
1vz5_A_D,1
1vz5_B_C,1
1vz5_C_D,1
1vzi_A_B,1
1vzz_A_B,1
1w01_A_B,1
1w0c_A_B,1
1w0c_A_C,1
1w0c_A_D,1
1w0c_B_C,1
1w0c_B_D,1
1w0c_C_D,1
1w0c_E_F,1
1w0c_E_G,1
1w0c_E_H,1
1w0c_F_G,1
1w0c_F_H,1
1w0c_G_H,1
1w0d_C_D,1
1w0i_A_B,1
1w0k_A_D,1
1w0k_A_E,1
1w0k_A_G,1
1w0k_B_E,1
1w0k_B_F,1
1w0k_C_D,1
1w0k_C_F,1
1w0k_D_G,1
1w0k_E_G,1
1w0k_F_G,1
1w1i_A_B,1
1w1i_A_F,1
1w1i_B_E,1
1w1i_C_D,1
1w1i_C_G,1
1w1i_D_H,1
1w1m_A_B,1
1w1u_A_B,1
1w1y_A_B,1
1w25_A_B,1
1w27_A_B,1
1w2b_5_R,1
1w2b_A_Y,1
1w2b_B_J,1
1w2b_E_I,1
1w2b_F_L,1
1w2b_J_T,1
1w2b_M_P,1
1w2b_R_U,1
1w2e_A_B,1
1w2g_A_B,1
1w2i_A_B,1
1w2m_A_B,1
1w2m_A_D,1
1w2m_B_C,1
1w2m_C_D,1
1w2m_E_F,1
1w30_A_B,1
1w3t_A_C,1
1w3t_A_D,1
1w3t_B_C,1
1w3t_B_D,1
1w48_A_B,1
1w48_B_C,1
1w4b_A_B,1
1w4b_B_C,1
1w4r_A_B,1
1w4r_A_D,1
1w4r_B_C,1
1w4r_C_D,1
1w4r_E_F,1
1w4r_E_H,1
1w4r_F_G,1
1w4r_G_H,1
1w4z_A_B,1
1w5o_A_B,1
1w5r_A_B,1
1w5v_A_B,1
1w61_A_B,1
1w62_A_B,1
1w6f_A_B,1
1w6m_A_B,1
1w6o_A_B,1
1w6q_A_B,1
1w6s_A_B,1
1w6s_A_C,1
1w6s_C_D,1
1w6u_A_B,1
1w6u_A_C,1
1w6u_A_D,1
1w6u_B_C,1
1w6u_B_D,1
1w6u_C_D,1
1w7v_A_B,1
1w8f_A_C,1
1w8f_A_D,1
1w8f_B_C,1
1w8f_B_D,1
1w9e_A_B,1
1wa3_A_B,1
1wa3_A_C,1
1wa3_B_C,1
1wa3_D_E,1
1wa3_D_F,1
1wa3_E_F,1
1wa9_A_B,1
1wap_A_B,1
1wap_A_K,1
1wap_B_C,1
1wap_C_D,1
1wap_D_E,1
1wap_E_F,1
1wap_F_G,1
1wap_G_H,1
1wap_H_I,1
1wap_I_J,1
1wap_J_K,1
1wb9_A_B,1
1wbd_A_B,1
1wbh_A_B,1
1wbh_A_C,1
1wbh_B_C,1
1wbi_A_C,1
1wbi_A_D,1
1wbi_B_C,1
1wbi_B_D,1
1wbi_E_F,1
1wbi_E_H,1
1wbi_F_G,1
1wbi_G_H,1
1wbk_A_B,1
1wc0_A_B,1
1wc3_A_B,1
1wdk_A_B,1
1wdk_A_C,1
1wdk_A_D,1
1wdk_B_C,1
1wdk_B_D,1
1wdk_C_D,1
1wdz_A_B,1
1we0_A_B,1
1we0_A_J,1
1we0_B_C,1
1we0_C_D,1
1we0_D_E,1
1we0_E_F,1
1we0_F_G,1
1we0_G_H,1
1we0_H_I,1
1we0_I_J,1
1we5_A_C,1
1we5_A_D,1
1we5_A_E,1
1we5_B_D,1
1we5_B_E,1
1we5_B_F,1
1we5_C_E,1
1we5_C_F,1
1we5_D_F,1
1wek_A_B,1
1wek_A_C,1
1wek_A_E,1
1wek_A_F,1
1wek_B_C,1
1wek_B_D,1
1wek_B_F,1
1wek_C_D,1
1wek_D_E,1
1wek_E_F,1
1wgi_A_B,1
1wgj_A_B,1
1wht_A_B,1
1wiw_A_B,1
1wkk_A_B,1
1wkl_A_B,1
1wkp_A_D,1
1wkq_A_B,1
1wkz_A_B,1
1wle_A_B,1
1wlh_A_B,1
1wls_A_B,1
1wmb_A_B,1
1wmn_A_B,1
1wmo_A_B,1
1wmq_A_B,1
1wmw_A_B,1
1wmw_C_D,1
1wmx_A_B,1
1wmy_A_B,1
1wmz_A_B,1
1wn3_A_B,1
1wn3_A_C,1
1wn3_A_D,1
1wn3_B_C,1
1wn3_B_D,1
1wn3_C_D,1
1wn6_A_B,1
1wnc_A_B,1
1wnc_A_C,1
1wnc_B_C,1
1wnc_B_F,1
1wnc_D_E,1
1wnc_D_F,1
1wnc_E_F,1
1wnf_A_B,1
1wnl_A_B,1
1wnu_A_B,1
1wo8_A_B,1
1wo8_A_F,1
1wo8_B_C,1
1wo8_C_D,1
1wo8_D_E,1
1wo8_E_F,1
1woa_A_B,1
1woa_C_D,1
1wob_A_B,1
1wof_A_B,1
1woi_A_B,1
1woi_A_C,1
1woi_A_E,1
1woi_A_F,1
1woi_B_C,1
1woi_B_D,1
1woi_B_E,1
1woi_C_D,1
1woi_C_F,1
1woi_D_E,1
1woi_D_F,1
1woi_E_F,1
1wox_A_B,1
1wp8_A_B,1
1wp8_A_C,1
1wp8_B_C,1
1wpg_A_B,1
1wpg_C_D,1
1wpn_A_B,1
1wpv_A_B,1
1wpv_A_C,1
1wpv_B_C,1
1wpw_A_B,1
1wr8_A_B,1
1wrl_E_F,1
1wrq_A_B,1
1wrv_A_B,1
1wrv_A_C,1
1wrv_B_C,1
1ws3_A_B,1
1ws3_A_C,1
1ws3_A_D,1
1ws3_B_C,1
1ws3_B_D,1
1ws3_C_D,1
1ws7_A_B,1
1ws7_A_C,1
1ws7_B_D,1
1ws7_C_D,1
1wsp_A_B,1
1wsp_B_C,1
1wsr_A_B,1
1wt6_A_B,1
1wt6_A_D,1
1wt6_B_D,1
1wtd_A_B,1
1wty_A_C,1
1wty_A_D,1
1wty_B_C,1
1wty_B_D,1
1wu8_A_B,1
1wu8_A_C,1
1wu8_B_C,1
1wuf_A_B,1
1wuj_L_S,1
1wuv_D_G,1
1wv2_A_B,1
1wv4_A_B,1
1wve_A_B,1
1wve_A_C,1
1wve_B_D,1
1wvm_A_B,1
1wvq_A_B,1
1wvq_A_C,1
1wvq_B_C,1
1wvt_A_B,1
1wvt_A_C,1
1wvt_B_C,1
1ww6_A_D,1
1ww6_B_C,1
1ww7_A_D,1
1ww7_B_C,1
1wwh_A_B,1
1wwh_B_D,1
1wwh_C_D,1
1wwr_A_B,1
1wwr_A_D,1
1wwr_C_D,1
1wwz_A_B,1
1wx0_A_B,1
1wx0_A_E,1
1wx0_A_F,1
1wx0_A_J,1
1wx0_B_C,1
1wx0_B_I,1
1wx0_B_J,1
1wx0_C_D,1
1wx0_C_H,1
1wx0_C_I,1
1wx0_D_E,1
1wx0_D_G,1
1wx0_D_H,1
1wx0_E_F,1
1wx0_E_G,1
1wx0_F_G,1
1wx0_F_J,1
1wx0_G_H,1
1wx0_H_I,1
1wx0_I_J,1
1wx1_A_B,1
1wxw_A_B,1
1wy1_A_B,1
1wy1_A_C,1
1wy1_B_C,1
1wy2_A_B,1
1wyi_A_B,1
1wyv_A_B,1
1wyv_A_C,1
1wyv_A_D,1
1wyv_B_C,1
1wyv_B_D,1
1wyv_C_D,1
1wyv_E_F,1
1wyv_E_G,1
1wyv_E_H,1
1wyv_F_G,1
1wyv_F_H,1
1wyv_G_H,1
1wyw_A_B,1
1wyx_A_B,1
1wz7_B_C,1
1wz8_A_B,1
1wz8_A_C,1
1wz8_A_D,1
1wz8_A_E,1
1wz8_B_C,1
1wz8_B_D,1
1wz8_B_F,1
1wz8_C_E,1
1wz8_C_F,1
1wz8_D_E,1
1wz8_D_F,1
1wz8_E_F,1
1wzd_A_B,1
1wzk_A_B,1
1wzl_A_B,1
1x0g_A_B,1
1x0g_A_C,1
1x0g_A_D,1
1x0g_B_C,1
1x0g_B_D,1
1x0g_C_D,1
1x0l_A_B,1
1x0r_A_B,1
1x0r_A_C,1
1x0r_A_I,1
1x0r_A_J,1
1x0r_B_C,1
1x0r_B_D,1
1x0r_B_J,1
1x0r_C_D,1
1x0r_C_E,1
1x0r_D_E,1
1x0r_D_F,1
1x0r_E_F,1
1x0r_E_G,1
1x0r_F_G,1
1x0r_F_H,1
1x0r_G_H,1
1x0r_G_I,1
1x0r_H_I,1
1x0r_H_J,1
1x0r_I_J,1
1x0u_A_B,1
1x0u_A_C,1
1x0u_A_D,1
1x0u_B_C,1
1x0u_B_E,1
1x0u_C_F,1
1x0u_D_E,1
1x0u_D_F,1
1x0u_E_F,1
1x10_A_C,1
1x10_A_D,1
1x10_B_C,1
1x10_B_D,1
1x1o_A_B,1
1x1o_A_C,1
1x1o_B_C,1
1x1z_A_B,1
1x24_A_B,1
1x2a_A_B,1
1x3e_A_B,1
1x3f_A_B,1
1x3g_A_B,1
1x6m_A_D,1
1x6m_B_C,1
1x6v_A_B,1
1x70_A_B,1
1x74_A_B,1
1x74_C_D,1
1x77_A_B,1
1x78_A_B,1
1x79_A_B,1
1x79_A_C,1
1x79_B_C,1
1x7g_A_B,1
1x7o_A_B,1
1x7x_A_B,1
1x81_A_B,1
1x83_A_B,1
1x84_A_B,1
1x87_A_B,1
1x8c_A_B,1
1x92_A_B,1
1x94_A_B,1
1x9e_A_B,1
1xa0_A_B,1
1xa4_A_B,1
1xa8_A_D,1
1xae_A_B,1
1xao_A_B,1
1xar_A_B,1
1xbw_A_B,1
1xbx_A_B,1
1xbz_A_B,1
1xc4_A_B,1
1xcc_A_C,1
1xcc_B_D,1
1xcf_A_B,1
1xck_A_B,1
1xck_A_G,1
1xck_B_C,1
1xck_C_D,1
1xck_D_E,1
1xck_E_F,1
1xck_F_G,1
1xdl_Y_Z,1
1xdp_A_B,1
1xdt_R_T,1
1xe0_A_B,1
1xe0_A_E,1
1xe0_B_C,1
1xe0_C_D,1
1xe0_D_E,1
1xea_A_B,1
1xea_A_D,1
1xea_B_C,1
1xea_C_D,1
1xeb_A_D,1
1xes_A_B,1
1xes_C_D,1
1xf1_A_B,1
1xf6_A_B,1
1xf6_A_C,1
1xf6_A_D,1
1xf6_B_D,1
1xf9_A_B,1
1xfb_E_F,1
1xfb_E_H,1
1xfb_F_G,1
1xfb_G_H,1
1xfd_A_B,1
1xfu_A_O,1
1xfu_C_Q,1
1xfu_E_S,1
1xfu_F_T,1
1xfx_A_O,1
1xfy_A_O,1
1xfy_C_Q,1
1xfy_D_R,1
1xfy_E_S,1
1xfy_F_T,1
1xg3_A_B,1
1xg3_A_C,1
1xg3_A_D,1
1xg3_B_C,1
1xg3_B_D,1
1xg3_C_D,1
1xg4_A_B,1
1xg4_A_C,1
1xg4_A_D,1
1xg4_B_C,1
1xg4_B_D,1
1xg4_C_D,1
1xg5_A_B,1
1xg5_A_D,1
1xg5_B_C,1
1xg5_C_D,1
1xhe_A_B,1
1xhk_A_B,1
1xi8_A_B,1
1xi9_A_B,1
1xi9_B_C,1
1xi9_C_D,1
1xik_A_B,1
1xim_A_B,1
1xim_A_C,1
1xim_A_D,1
1xim_B_C,1
1xim_B_D,1
1xim_C_D,1
1xj4_A_B,1
1xj6_A_B,1
1xjb_A_B,1
1xjf_A_B,1
1xjj_A_B,1
1xjk_A_B,1
1xjq_A_B,1
1xk6_B_D,1
1xl4_A_B,1
1xl9_A_B,1
1xl9_A_D,1
1xl9_B_C,1
1xl9_C_D,1
1xlb_A_B,1
1xlk_A_B,1
1xll_A_B,1
1xmi_A_B,1
1xmi_A_C,1
1xmi_A_D,1
1xmi_B_D,1
1xmi_B_E,1
1xmi_D_E,1
1xml_A_B,1
1xmm_A_B,1
1xmm_C_D,1
1xmq_B_H,1
1xmq_C_J,1
1xmq_C_N,1
1xmq_E_H,1
1xmq_F_R,1
1xmq_J_N,1
1xmq_K_R,1
1xmq_M_S,1
1xnf_A_B,1
1xng_A_B,1
1xny_A_B,1
1xo0_A_B,1
1xou_A_B,1
1xqi_A_C,1
1xr3_A_B,1
1xrh_C_D,1
1xrh_E_F,1
1xrs_A_B,1
1xrx_A_B,1
1xrx_B_C,1
1xrx_C_D,1
1xs0_B_C,1
1xs4_A_B,1
1xs4_A_C,1
1xs4_A_E,1
1xs4_B_C,1
1xs4_B_D,1
1xs4_C_F,1
1xs4_D_E,1
1xs4_D_F,1
1xs4_E_F,1
1xsi_A_B,1
1xsi_A_D,1
1xsi_A_F,1
1xsi_B_C,1
1xsi_B_F,1
1xsi_C_D,1
1xsi_C_E,1
1xsi_D_E,1
1xsi_E_F,1
1xsk_A_B,1
1xsk_A_D,1
1xsk_A_F,1
1xsk_B_C,1
1xsk_B_F,1
1xsk_C_D,1
1xsk_C_E,1
1xsk_D_E,1
1xsk_E_F,1
1xsr_A_B,1
1xss_A_B,1
1xsv_A_B,1
1xty_C_D,1
1xu7_A_B,1
1xu7_C_D,1
1xua_A_B,1
1xvi_A_B,1
1xvs_A_B,1
1xw6_A_B,1
1xw6_C_D,1
1xwk_A_C,1
1xwo_A_B,1
1xwo_A_C,1
1xwo_A_D,1
1xwo_B_C,1
1xwo_B_D,1
1xwo_C_D,1
1xx6_A_B,1
1xxb_A_B,1
1xxb_A_C,1
1xxb_A_D,1
1xxb_B_C,1
1xxb_B_F,1
1xxb_C_E,1
1xxb_D_E,1
1xxb_D_F,1
1xxb_E_F,1
1xxc_A_B,1
1xxc_A_C,1
1xxc_A_D,1
1xxc_B_C,1
1xxc_B_F,1
1xxc_C_E,1
1xxc_D_E,1
1xxc_D_F,1
1xxc_E_F,1
1xxj_A_B,1
1xxj_A_C,1
1xxj_A_D,1
1xxj_B_C,1
1xxj_B_D,1
1xxj_C_D,1
1xxo_A_B,1
1xxq_A_B,1
1xxq_A_D,1
1xxq_B_C,1
1xxq_C_D,1
1xxs_A_B,1
1xxu_A_C,1
1xy3_A_B,1
1xy3_A_C,1
1xy3_A_D,1
1xy3_B_C,1
1xy3_B_D,1
1xy3_C_D,1
1xzp_A_B,1
1xzq_A_B,1
1y0e_A_B,1
1y0g_C_D,1
1y10_C_D,1
1y13_A_B,1
1y13_A_C,1
1y13_B_C,1
1y14_A_B,1
1y1a_A_B,1
1y1o_A_B,1
1y1o_A_C,1
1y1o_C_D,1
1y2m_A_B,1
1y2m_A_C,1
1y2m_A_D,1
1y2m_B_C,1
1y2m_B_D,1
1y2m_C_D,1
1y3h_A_B,1
1y3i_A_B,1
1y4z_A_B,1
1y4z_A_C,1
1y4z_B_C,1
1y5e_A_B,1
1y5e_A_C,1
1y5e_B_C,1
1y5i_A_B,1
1y5i_A_C,1
1y5i_B_C,1
1y5l_A_B,1
1y5l_A_C,1
1y5l_B_C,1
1y5m_A_B,1
1y5y_A_B,1
1y5y_A_E,1
1y5y_B_C,1
1y5y_C_D,1
1y5y_D_E,1
1y71_A_B,1
1y7a_A_B,1
1y7h_A_B,1
1y7h_E_F,1
1y7h_G_H,1
1y7i_A_B,1
1y89_A_B,1
1y8r_A_B,1
1y8r_B_C,1
1y96_A_B,1
1y96_C_D,1
1y97_A_B,1
1y9e_A_B,1
1y9e_A_D,1
1y9e_A_E,1
1y9e_A_F,1
1y9e_B_C,1
1y9e_B_E,1
1y9e_B_F,1
1y9e_C_D,1
1y9e_C_E,1
1y9e_C_F,1
1y9e_D_E,1
1y9e_D_F,1
1y9i_A_B,1
1y9i_A_C,1
1y9i_A_D,1
1y9i_B_C,1
1y9i_B_D,1
1y9i_C_D,1
1y9w_A_B,1
1ya7_A_B,1
1ya7_A_G,1
1ya7_A_H,1
1ya7_A_N,1
1ya7_A_Q,1
1ya7_A_R,1
1ya7_B_C,1
1ya7_B_H,1
1ya7_B_I,1
1ya7_B_R,1
1ya7_B_S,1
1ya7_C_D,1
1ya7_C_I,1
1ya7_C_J,1
1ya7_C_S,1
1ya7_C_T,1
1ya7_D_E,1
1ya7_D_J,1
1ya7_D_K,1
1ya7_D_T,1
1ya7_D_U,1
1ya7_E_F,1
1ya7_E_K,1
1ya7_E_L,1
1ya7_E_O,1
1ya7_E_U,1
1ya7_F_G,1
1ya7_F_L,1
1ya7_F_M,1
1ya7_F_O,1
1ya7_F_P,1
1ya7_G_M,1
1ya7_G_N,1
1ya7_G_P,1
1ya7_G_Q,1
1ya7_H_I,1
1ya7_H_N,1
1ya7_I_J,1
1ya7_J_K,1
1ya7_K_L,1
1ya7_L_M,1
1ya7_M_N,1
1ya7_O_P,1
1ya7_O_U,1
1ya7_P_Q,1
1ya7_Q_R,1
1ya7_R_S,1
1ya7_S_T,1
1ya7_T_U,1
1yae_B_D,1
1yak_A_B,1
1yar_A_B,1
1yar_A_G,1
1yar_A_H,1
1yar_A_N,1
1yar_A_Q,1
1yar_A_R,1
1yar_B_C,1
1yar_B_H,1
1yar_B_I,1
1yar_B_R,1
1yar_B_S,1
1yar_C_D,1
1yar_C_I,1
1yar_C_J,1
1yar_C_S,1
1yar_C_T,1
1yar_D_E,1
1yar_D_J,1
1yar_D_K,1
1yar_D_T,1
1yar_D_U,1
1yar_E_F,1
1yar_E_K,1
1yar_E_L,1
1yar_E_O,1
1yar_E_U,1
1yar_F_G,1
1yar_F_L,1
1yar_F_M,1
1yar_F_O,1
1yar_F_P,1
1yar_G_M,1
1yar_G_N,1
1yar_G_P,1
1yar_G_Q,1
1yar_H_I,1
1yar_H_N,1
1yar_I_J,1
1yar_J_K,1
1yar_K_L,1
1yar_L_M,1
1yar_M_N,1
1yar_O_P,1
1yar_O_U,1
1yar_P_Q,1
1yar_Q_R,1
1yar_R_S,1
1yar_S_T,1
1yar_T_U,1
1yax_C_D,1
1yb0_A_B,1
1yb0_A_C,1
1yb0_B_C,1
1yb5_A_B,1
1ybf_A_B,1
1ybf_B_C,1
1ybt_C_D,1
1ybu_C_D,1
1yce_A_B,1
1yce_A_K,1
1yce_B_C,1
1yce_C_D,1
1yce_D_E,1
1yce_E_F,1
1yce_F_G,1
1yce_G_H,1
1yce_H_I,1
1yce_I_J,1
1yce_J_K,1
1yce_a_b,1
1yce_a_k,1
1yce_b_c,1
1yce_c_d,1
1yce_d_e,1
1yce_e_f,1
1yce_f_g,1
1yce_g_h,1
1yce_h_i,1
1yce_i_j,1
1yce_j_k,1
1yce_l_m,1
1yce_l_v,1
1yce_m_n,1
1yce_n_o,1
1yce_o_p,1
1yce_p_q,1
1yce_q_r,1
1yce_r_s,1
1yce_s_t,1
1yce_t_u,1
1yce_u_v,1
1ych_A_B,1
1yco_A_B,1
1yde_E_F,1
1yde_E_H,1
1yde_F_G,1
1yde_F_H,1
1yde_G_H,1
1yde_M_N,1
1yde_M_P,1
1yde_N_O,1
1yde_N_P,1
1yde_O_P,1
1ydg_A_B,1
1ydg_A_C,1
1ydg_A_D,1
1ydg_B_C,1
1ydg_B_D,1
1ydg_C_D,1
1ydg_E_F,1
1ydg_E_G,1
1ydg_E_H,1
1ydg_F_G,1
1ydg_F_H,1
1ydg_G_H,1
1ydk_A_B,1
1ydo_A_B,1
1ydo_A_D,1
1ydo_B_C,1
1ydo_C_D,1
1ydy_A_B,1
1yf6_H_L,1
1yf6_H_M,1
1yf6_L_M,1
1yf8_A_B,1
1yfd_A_B,1
1yfz_A_B,1
1yg6_A_B,1
1yg6_A_G,1
1yg6_A_H,1
1yg6_B_C,1
1yg6_B_I,1
1yg6_C_D,1
1yg6_C_J,1
1yg6_D_E,1
1yg6_D_K,1
1yg6_E_F,1
1yg6_E_L,1
1yg6_F_G,1
1yg6_F_M,1
1yg6_G_N,1
1yg6_H_I,1
1yg6_H_N,1
1yg6_I_J,1
1yg6_J_K,1
1yg6_K_L,1
1yg6_L_M,1
1yg6_M_N,1
1yg8_A_B,1
1yg8_A_G,1
1yg8_A_H,1
1yg8_B_C,1
1yg8_B_N,1
1yg8_C_D,1
1yg8_C_M,1
1yg8_D_E,1
1yg8_D_L,1
1yg8_E_F,1
1yg8_E_K,1
1yg8_F_G,1
1yg8_F_J,1
1yg8_G_I,1
1yg8_H_I,1
1yg8_H_N,1
1yg8_I_J,1
1yg8_J_K,1
1yg8_K_L,1
1yg8_L_M,1
1yg8_M_N,1
1yga_A_B,1
1ygz_A_B,1
1ygz_C_D,1
1ygz_E_F,1
1yh8_A_B,1
1yha_A_B,1
1yhq_2_S,1
1yhq_A_Z,1
1yhq_B_K,1
1yhq_E_J,1
1yhq_F_M,1
1yhq_K_U,1
1yhq_N_Q,1
1yhq_S_V,1
1yi2_2_S,1
1yi2_A_Z,1
1yi2_B_K,1
1yi2_E_J,1
1yi2_F_M,1
1yi2_K_U,1
1yi2_N_Q,1
1yi2_S_V,1
1yi8_B_C,1
1yit_2_S,1
1yit_A_Z,1
1yit_B_K,1
1yit_E_J,1
1yit_F_M,1
1yit_K_U,1
1yit_N_Q,1
1yit_S_V,1
1yiz_A_B,1
1ykd_A_B,1
1yki_A_B,1
1ykj_A_B,1
1ykk_A_B,1
1ykk_B_D,1
1ykk_B_F,1
1ykk_B_H,1
1ykk_B_J,1
1ykk_C_D,1
1ykk_D_F,1
1ykk_D_H,1
1ykk_E_F,1
1ykk_G_H,1
1ykk_H_J,1
1ykk_H_L,1
1ykk_I_J,1
1ykk_J_L,1
1ykk_K_L,1
1ykl_A_B,1
1ykl_B_D,1
1ykl_B_F,1
1ykl_B_H,1
1ykl_B_J,1
1ykl_C_D,1
1ykl_D_F,1
1ykl_D_H,1
1ykl_E_F,1
1ykl_G_H,1
1ykl_H_J,1
1ykl_H_L,1
1ykl_I_J,1
1ykl_J_L,1
1ykl_K_L,1
1yko_A_B,1
1yko_B_D,1
1yko_B_F,1
1yko_B_H,1
1yko_B_J,1
1yko_C_D,1
1yko_D_F,1
1yko_D_H,1
1yko_E_F,1
1yko_G_H,1
1yko_H_J,1
1yko_H_L,1
1yko_I_J,1
1yko_J_L,1
1yko_K_L,1
1ykp_A_B,1
1ykp_B_D,1
1ykp_B_F,1
1ykp_B_H,1
1ykp_B_J,1
1ykp_C_D,1
1ykp_D_F,1
1ykp_D_H,1
1ykp_E_F,1
1ykp_G_H,1
1ykp_H_J,1
1ykp_H_L,1
1ykp_I_J,1
1ykp_J_L,1
1ykp_K_L,1
1ykw_A_B,1
1yl6_A_B,1
1yl7_A_B,1
1yl7_A_D,1
1yl7_B_C,1
1yl7_C_D,1
1yl7_E_F,1
1yl7_E_H,1
1yl7_F_G,1
1yl7_G_H,1
1ylf_A_B,1
1ylf_A_C,1
1ylf_B_C,1
1yli_A_B,1
1ylk_C_D,1
1ylo_A_B,1
1ylo_A_C,1
1ylo_A_E,1
1ylo_B_C,1
1ylo_D_E,1
1ylo_D_F,1
1ylo_E_F,1
1ynf_B_D,1
1ynf_C_E,1
1yo6_A_B,1
1yov_C_D,1
1yp2_A_B,1
1yp2_A_D,1
1yp2_B_C,1
1yp2_C_D,1
1yp3_A_B,1
1yp3_A_D,1
1yp3_B_C,1
1yp3_C_D,1
1yp4_A_B,1
1yp4_A_D,1
1yp4_B_C,1
1yp4_B_D,1
1yp4_C_D,1
1ypt_A_B,1
1yq1_A_B,1
1yq4_A_B,1
1yq4_B_C,1
1yq4_B_D,1
1yq4_C_D,1
1yqc_A_B,1
1yqf_A_B,1
1yqf_A_C,1
1yqf_B_C,1
1yqf_D_E,1
1yqf_D_F,1
1yqf_E_F,1
1yqq_A_B,1
1yqq_A_C,1
1yqq_B_C,1
1yqz_A_B,1
1yr0_A_B,1
1yr0_C_D,1
1yr3_A_B,1
1yr3_A_C,1
1yr3_A_F,1
1yr3_B_C,1
1yr3_B_E,1
1yr3_C_D,1
1yr3_D_E,1
1yr3_D_F,1
1yr3_E_F,1
1yre_C_D,1
1yrr_A_B,1
1ys3_A_B,1
1ys3_A_C,1
1ys4_A_B,1
1ysd_A_B,1
1yt5_A_D,1
1yta_A_B,1
1yta_C_D,1
1yth_A_B,1
1ytt_A_B,1
1yud_A_H,1
1yud_B_C,1
1yud_D_J,1
1yud_E_F,1
1yud_G_I,1
1yum_A_B,1
1yum_B_D,1
1yum_C_D,1
1yux_A_B,1
1yuz_A_B,1
1yw0_A_B,1
1yw0_A_C,1
1yw0_A_D,1
1yw0_B_C,1
1yw0_B_D,1
1yw0_C_D,1
1yw4_A_B,1
1yw6_A_B,1
1ywg_O_P,1
1ywg_O_Q,1
1ywg_O_R,1
1ywg_P_Q,1
1ywg_P_R,1
1ywg_Q_R,1
1yxb_A_B,1
1yxb_A_C,1
1yxb_A_D,1
1yxb_B_C,1
1yxb_B_D,1
1yxb_C_D,1
1yxd_A_B,1
1yy5_A_B,1
1yya_A_B,1
1yyk_A_B,1
1yyo_A_B,1
1yyq_A_B,1
1yyr_A_B,1
1yyw_A_B,1
1yz3_A_B,1
1yz9_A_B,1
1z01_A_B,1
1z01_A_C,1
1z01_B_C,1
1z0x_A_B,1
1z0z_A_B,1
1z0z_A_D,1
1z0z_B_C,1
1z0z_C_D,1
1z19_A_B,1
1z1h_A_B,1
1z3e_A_B,1
1z40_A_E,1
1z48_A_B,1
1z54_A_B,1
1z54_A_C,1
1z54_A_D,1
1z54_B_C,1
1z54_B_D,1
1z54_C_D,1
1z5b_A_B,1
1z5c_A_B,1
1z5u_A_B,1
1z5u_A_C,1
1z5u_A_D,1
1z5u_B_C,1
1z5u_B_D,1
1z5u_C_D,1
1z6b_A_B,1
1z6b_A_D,1
1z6b_B_E,1
1z6b_C_D,1
1z6b_C_F,1
1z6b_E_F,1
1z6z_A_B,1
1z6z_C_D,1
1z6z_E_F,1
1z72_A_B,1
1z76_A_B,1
1z7g_A_B,1
1z7g_C_D,1
1z7m_A_B,1
1z7m_A_C,1
1z7m_A_E,1
1z7m_B_D,1
1z7m_B_G,1
1z7m_B_H,1
1z7m_C_D,1
1z7m_C_H,1
1z7m_D_E,1
1z7m_D_F,1
1z7m_E_F,1
1z7m_G_H,1
1z7u_A_B,1
1z82_A_B,1
1z88_A_B,1
1z88_A_C,1
1z88_A_D,1
1z88_B_C,1
1z88_B_D,1
1z88_C_D,1
1z8k_A_B,1
1z8k_A_C,1
1z8k_B_C,1
1z8t_A_C,1
1z8t_A_D,1
1z8t_B_C,1
1z8t_B_D,1
1z94_A_B,1
1z94_A_D,1
1z94_B_C,1
1z94_C_D,1
1z94_E_F,1
1z9h_A_B,1
1z9h_C_D,1
1z9u_A_B,1
1za5_A_B,1
1zab_A_B,1
1zab_A_C,1
1zab_A_D,1
1zab_B_C,1
1zab_B_D,1
1zab_C_D,1
1zah_A_B,1
1zah_A_D,1
1zah_B_C,1
1zah_C_D,1
1zaj_A_B,1
1zaj_A_D,1
1zaj_B_C,1
1zaj_C_D,1
1zbe_1_2,1
1zbe_1_4,1
1zbe_2_3,1
1zbg_A_B,1
1zbh_A_B,1
1zbh_A_D,1
1zbh_C_D,1
1zbo_A_B,1
1zbq_C_D,1
1zbq_E_F,1
1zck_A_B,1
1zck_A_C,1
1zck_B_C,1
1zct_A_B,1
1zcz_A_B,1
1zem_A_B,1
1zem_A_C,1
1zem_A_D,1
1zem_B_C,1
1zem_B_D,1
1zem_C_D,1
1zem_E_F,1
1zem_E_G,1
1zem_E_H,1
1zem_F_G,1
1zem_F_H,1
1zem_G_H,1
1zh1_A_B,1
1zh8_A_B,1
1zha_A_B,1
1zhq_A_B,1
1zhq_C_D,1
1zhq_E_F,1
1zhq_G_H,1
1zhs_A_B,1
1zhs_C_D,1
1zhs_E_F,1
1zhs_G_H,1
1zis_A_B,1
1zis_A_E,1
1zis_B_C,1
1zis_C_D,1
1zis_D_E,1
1zjj_A_B,1
1zk8_A_B,1
1zke_A_C,1
1zke_D_E,1
1zki_A_B,1
1zkm_A_B,1
1zkm_A_D,1
1zkm_B_C,1
1zkm_C_D,1
1zl6_A_B,1
1zla_A_B,1
1zla_A_E,1
1zla_A_G,1
1zla_B_D,1
1zla_B_G,1
1zla_B_H,1
1zla_C_D,1
1zla_C_E,1
1zla_C_F,1
1zla_D_F,1
1zla_E_F,1
1zla_F_H,1
1zla_G_H,1
1zlj_G_H,1
1zlk_A_B,1
1zlz_A_B,1
1zm1_A_B,1
1zmc_A_B,1
1zmc_C_D,1
1zmc_E_F,1
1zmc_G_H,1
1zme_C_D,1
1zmx_A_B,1
1zmx_C_D,1
1zmx_E_F,1
1zmx_G_H,1
1zn3_A_B,1
1zn7_A_B,1
1zn9_A_B,1
1znn_A_B,1
1znn_A_F,1
1znn_B_C,1
1znn_C_D,1
1znn_D_E,1
1znn_E_F,1
1zno_A_B,1
1zof_A_B,1
1zof_A_J,1
1zof_B_C,1
1zof_C_D,1
1zof_D_E,1
1zof_E_F,1
1zof_F_G,1
1zof_G_H,1
1zof_H_I,1
1zof_I_J,1
1zor_A_B,1
1zp0_A_B,1
1zp0_B_C,1
1zp0_B_D,1
1zp0_C_D,1
1zpe_A_B,1
1zpe_A_C,1
1zpe_B_C,1
1zpg_A_B,1
1zpg_A_C,1
1zpg_B_C,1
1zpq_A_B,1
1zpq_A_C,1
1zpq_B_C,1
1zpq_C_D,1
1zps_A_B,1
1zq1_A_B,1
1zq1_A_C,1
1zq1_A_D,1
1zq1_B_C,1
1zq1_B_D,1
1zq7_A_C,1
1zq7_A_D,1
1zq7_B_C,1
1zq7_B_D,1
1zrf_A_B,1
1zrq_A_C,1
1zrq_B_C,1
1zru_A_B,1
1zru_A_C,1
1zru_B_C,1
1zs3_A_C,1
1zs3_A_E,1
1zs3_A_I,1
1zs3_B_D,1
1zs3_B_G,1
1zs3_B_L,1
1zs3_C_H,1
1zs3_C_J,1
1zs3_D_F,1
1zs3_D_K,1
1zs3_E_G,1
1zs3_E_I,1
1zs3_F_H,1
1zs3_F_K,1
1zs3_G_L,1
1zs3_H_J,1
1zs3_I_K,1
1zs3_J_L,1
1zso_A_B,1
1zsp_A_B,1
1zw0_A_B,1
1zw0_A_C,1
1zw0_B_C,1
1zw0_C_D,1
1zw0_E_F,1
1zw0_G_H,1
1zwy_C_D,1
1zx4_A_B,1
1zxi_A_B,1
1zxi_A_C,1
1zxi_B_C,1
1zxi_B_E,1
1zxi_D_E,1
1zxi_D_F,1
1zxi_E_F,1
1zxl_A_B,1
1zxm_A_B,1
1zxz_A_B,1
1zy8_C_D,1
1zy8_C_L,1
1zy8_D_L,1
1zy8_E_F,1
1zy8_E_M,1
1zy8_F_M,1
1zy8_G_H,1
1zy8_G_N,1
1zy8_H_N,1
1zye_A_B,1
1zyk_A_D,1
1zyk_B_C,1
1zyr_A_B,1
1zyr_A_C,1
1zyr_B_C,1
1zyr_B_D,1
1zyr_C_D,1
1zyr_C_F,1
1zyr_D_E,1
1zyr_D_F,1
1zyr_K_L,1
1zyr_K_M,1
1zyr_L_N,1
1zyr_M_N,1
1zyr_M_P,1
1zyr_N_O,1
1zyr_N_P,1
1zz6_A_B,1
1zzh_A_D,1
1zzh_B_C,1
2a03_A_B,1
2a07_F_G,1
2a07_H_I,1
2a0f_A_B,1
2a0f_B_D,1
2a0f_C_D,1
2a0u_A_B,1
2a10_A_B,1
2a10_A_F,1
2a10_B_C,1
2a10_C_D,1
2a10_D_E,1
2a10_E_F,1
2a1f_E_F,1
2a1u_A_B,1
2a21_A_B,1
2a2i_A_B,1
2a2l_A_B,1
2a2l_A_D,1
2a2l_B_C,1
2a2l_B_D,1
2a2l_C_D,1
2a2o_A_B,1
2a2o_A_F,1
2a2o_B_C,1
2a2o_C_D,1
2a2o_D_E,1
2a2o_E_F,1
2a2r_A_B,1
2a2u_A_C,1
2a2u_A_D,1
2a2u_B_C,1
2a2u_B_D,1
2a2z_A_B,1
2a3q_A_B,1
2a4g_A_C,1
2a4k_A_B,1
2a4n_A_B,1
2a4q_A_C,1
2a57_A_B,1
2a57_A_E,1
2a57_B_C,1
2a57_C_D,1
2a57_D_E,1
2a59_A_B,1
2a59_A_E,1
2a59_B_C,1
2a59_C_D,1
2a59_D_E,1
2a5b_A_B,1
2a5h_A_B,1
2a5h_A_C,1
2a5h_A_D,1
2a5h_B_C,1
2a5h_B_D,1
2a5h_C_D,1
2a5w_B_C,1
2a61_A_B,1
2a61_C_D,1
2a68_A_B,1
2a68_A_C,1
2a68_B_C,1
2a68_B_D,1
2a68_C_D,1
2a68_C_F,1
2a68_D_E,1
2a68_D_F,1
2a68_K_L,1
2a68_K_M,1
2a68_L_N,1
2a68_M_N,1
2a68_M_P,1
2a68_N_O,1
2a68_N_P,1
2a69_A_B,1
2a69_A_C,1
2a69_B_C,1
2a69_B_D,1
2a69_C_D,1
2a69_C_F,1
2a69_D_E,1
2a69_D_F,1
2a6e_A_B,1
2a6e_A_C,1
2a6e_B_C,1
2a6e_B_D,1
2a6e_C_D,1
2a6e_C_F,1
2a6e_D_E,1
2a6e_D_F,1
2a6e_K_L,1
2a6e_K_M,1
2a6e_L_N,1
2a6e_M_N,1
2a6e_M_P,1
2a6e_N_O,1
2a6e_N_P,1
2a6o_A_B,1
2a74_D_E,1
2a74_D_F,1
2a74_E_F,1
2a86_A_B,1
2a8c_C_D,1
2a8c_C_E,1
2a8c_D_F,1
2a8c_E_F,1
2a8d_A_B,1
2a8f_A_B,1
2a8l_A_B,1
2a8q_A_B,1
2a8s_A_B,1
2a8y_A_B,1
2a8y_A_C,1
2a8y_A_J,1
2a8y_A_K,1
2a8y_B_C,1
2a8y_B_J,1
2a8y_B_L,1
2a8y_C_K,1
2a8y_C_L,1
2a8y_D_E,1
2a8y_D_F,1
2a8y_D_G,1
2a8y_D_H,1
2a8y_E_F,1
2a8y_E_G,1
2a8y_E_I,1
2a8y_F_H,1
2a8y_F_I,1
2a8y_G_H,1
2a8y_G_I,1
2a8y_H_I,1
2a8y_J_K,1
2a8y_J_L,1
2a8y_K_L,1
2a9a_A_B,1
2a9c_A_B,1
2a9d_A_B,1
2a9e_A_B,1
2a9f_A_B,1
2a9j_A_B,1
2a9w_A_B,1
2a9w_C_D,1
2aaf_A_B,1
2aaf_A_D,1
2aaf_B_C,1
2aaf_C_D,1
2aag_A_B,1
2aag_A_C,1
2aag_B_C,1
2aag_D_E,1
2aag_D_F,1
2aag_E_F,1
2aao_A_B,1
2aaz_C_D,1
2aaz_E_F,1
2aaz_G_H,1
2aaz_M_N,1
2aaz_O_P,1
2ab2_A_B,1
2ab6_A_B,1
2ab6_C_D,1
2abj_A_D,1
2abj_G_J,1
2abm_A_B,1
2abm_A_C,1
2abm_A_E,1
2abm_B_D,1
2abm_B_F,1
2abm_C_D,1
2abm_E_F,1
2abm_E_G,1
2abm_F_H,1
2abm_G_H,1
2abq_A_B,1
2ac0_A_B,1
2ac0_B_C,1
2ac0_C_D,1
2ac7_A_B,1
2aca_A_B,1
2acx_A_B,1
2ad7_A_B,1
2ad7_A_C,1
2ad7_C_D,1
2ad8_A_B,1
2ad8_A_C,1
2ad8_C_D,1
2ady_A_B,1
2af4_C_D,1
2af6_A_D,1
2af7_B_G,1
2af7_G_H,1
2afa_A_B,1
2afa_A_C,1
2afa_A_D,1
2afa_B_C,1
2afa_B_F,1
2afa_C_E,1
2afa_D_E,1
2afa_D_F,1
2afa_E_F,1
2afm_A_B,1
2afo_A_B,1
2afv_A_B,1
2afx_A_B,1
2ag5_A_B,1
2ag5_A_D,1
2ag5_B_C,1
2ag5_C_D,1
2ahb_A_B,1
2ahk_A_B,1
2aho_A_B,1
2ahr_A_D,1
2ahw_A_B,1
2ahw_A_D,1
2ahw_B_C,1
2ahw_C_D,1
2ahy_A_B,1
2ahz_A_B,1
2air_A_B,1
2air_B_H,1
2air_G_H,1
2aj7_A_B,1
2ajc_A_B,1
2ajc_C_D,1
2ajd_A_B,1
2ajd_A_C,1
2ajd_B_D,1
2ajd_C_D,1
2akq_A_B,1
2akz_A_B,1
2al5_A_B,1
2amd_A_B,1
2aml_A_B,1
2amq_A_B,1
2amt_A_B,1
2amt_A_C,1
2amt_B_C,1
2amt_D_E,1
2amt_D_F,1
2amt_E_F,1
2an3_A_B,1
2an6_C_D,1
2an9_A_B,1
2anu_A_B,1
2anu_A_C,1
2anu_B_D,1
2anu_C_D,1
2anu_E_F,1
2anv_A_B,1
2ao9_A_G,1
2ao9_A_H,1
2ao9_B_D,1
2ao9_B_E,1
2ao9_C_D,1
2ao9_C_I,1
2ao9_E_H,1
2ao9_F_G,1
2ao9_F_I,1
2aoe_A_B,1
2aoj_A_B,1
2aq6_A_B,1
2aq7_A_B,1
2aql_A_B,1
2aqn_A_B,1
2aqp_A_B,1
2aqs_A_B,1
2aqt_A_B,1
2aqt_A_C,1
2aqx_A_B,1
2ar3_A_B,1
2ar3_A_C,1
2ar3_B_C,1
2ar7_A_B,1
2arc_A_B,1
2are_A_B,1
2as0_A_B,1
2ash_C_D,1
2asv_A_B,1
2atc_A_B,1
2ati_A_B,1
2auh_A_B,1
2auk_A_B,1
2auk_A_D,1
2auk_B_C,1
2auk_D_E,1
2aun_A_B,1
2auo_A_B,1
2aup_A_B,1
2aur_A_B,1
2aut_A_B,1
2aut_A_C,1
2aut_A_D,1
2aut_B_C,1
2aut_B_D,1
2aut_C_D,1
2av0_A_B,1
2avd_A_B,1
2avo_A_B,1
2avs_A_B,1
2avt_A_B,1
2avv_A_B,1
2avv_D_E,1
2avw_E_F,1
2aw3_A_B,1
2awa_A_B,1
2awa_C_D,1
2awd_A_B,1
2awp_A_B,1
2axp_A_B,1
2axu_C_D,1
2axu_C_K,1
2axu_D_L,1
2axu_K_L,1
2axy_A_B,1
2axy_C_D,1
2ay2_A_B,1
2ay4_A_B,1
2ayb_A_B,1
2aye_A_B,1
2ayl_A_B,1
2az0_A_B,1
2az2_A_B,1
2az3_A_B,1
2az3_A_C,1
2az3_B_C,1
2az3_D_E,1
2az3_D_F,1
2az3_D_I,1
2az3_E_F,1
2az3_E_H,1
2az3_F_G,1
2az3_G_H,1
2az3_G_I,1
2az3_H_I,1
2azc_A_B,1
2aze_A_B,1
2azk_A_B,1
2azt_A_B,1
2b24_A_B,1
2b24_A_C,1
2b24_A_D,1
2b24_A_E,1
2b24_B_D,1
2b24_B_E,1
2b24_B_F,1
2b24_C_D,1
2b24_C_E,1
2b24_C_F,1
2b24_D_F,1
2b24_E_F,1
2b26_A_B,1
2b2c_A_B,1
2b2e_A_B,1
2b2e_A_C,1
2b2g_A_B,1
2b2g_A_C,1
2b30_A_B,1
2b30_C_D,1
2b34_A_B,1
2b34_A_D,1
2b34_B_C,1
2b34_C_D,1
2b35_A_B,1
2b35_C_D,1
2b35_C_E,1
2b35_C_F,1
2b35_D_E,1
2b35_D_F,1
2b35_E_F,1
2b3j_A_B,1
2b3t_A_B,1
2b4d_A_B,1
2b4g_A_B,1
2b4g_C_D,1
2b4h_A_B,1
2b4k_A_B,1
2b4k_A_C,1
2b4k_A_D,1
2b4k_B_C,1
2b4k_B_D,1
2b4k_C_D,1
2b4q_A_B,1
2b4t_O_P,1
2b4t_O_Q,1
2b4t_O_R,1
2b4t_P_Q,1
2b4t_P_R,1
2b4t_Q_R,1
2b4x_I_L,1
2b59_A_B,1
2b60_A_B,1
2b67_C_D,1
2b76_A_B,1
2b76_B_C,1
2b76_B_D,1
2b76_C_D,1
2b76_M_N,1
2b76_N_O,1
2b76_N_P,1
2b76_O_P,1
2b7b_A_B,1
2b7l_A_B,1
2b7l_C_D,1
2b7o_A_B,1
2b7p_A_B,1
2b7p_A_C,1
2b7p_B_C,1
2b81_A_B,1
2b81_C_D,1
2b83_A_B,1
2b83_A_C,1
2b83_A_D,1
2b83_B_C,1
2b83_B_D,1
2b83_C_D,1
2b8p_A_B,1
2b8q_A_C,1
2b8q_A_E,1
2b8q_C_E,1
2b8t_A_B,1
2b8t_A_C,1
2b8t_B_D,1
2b8t_C_D,1
2b8w_A_B,1
2b92_A_B,1
2b99_A_B,1
2b99_A_E,1
2b99_B_D,1
2b99_C_D,1
2b99_C_E,1
2b9b_A_B,1
2b9b_A_C,1
2b9b_B_C,1
2ba0_A_D,1
2ba0_A_I,1
2ba0_B_E,1
2ba0_B_G,1
2ba0_C_F,1
2ba0_C_H,1
2ba0_D_G,1
2ba0_D_I,1
2ba0_E_G,1
2ba0_E_H,1
2ba0_F_H,1
2ba0_F_I,1
2ba1_A_D,1
2ba1_A_I,1
2ba1_B_E,1
2ba1_B_G,1
2ba1_C_F,1
2ba1_C_H,1
2ba1_D_G,1
2ba1_D_I,1
2ba1_E_G,1
2ba1_E_H,1
2ba1_F_H,1
2ba1_F_I,1
2bap_A_C,1
2bap_B_D,1
2baz_A_B,1
2baz_A_C,1
2baz_B_C,1
2bc0_A_B,1
2bc3_A_B,1
2bd0_A_B,1
2bd0_A_C,1
2bd0_B_D,1
2bd0_C_D,1
2bdq_A_B,1
2bdr_A_B,1
2be1_A_B,1
2be7_A_B,1
2be7_A_C,1
2be7_A_D,1
2be7_B_C,1
2be7_B_E,1
2be7_C_F,1
2beh_I_L,1
2bei_A_B,1
2bet_A_B,1
2beu_A_B,1
2bev_A_B,1
2bh1_A_X,1
2bh1_B_Y,1
2bhl_A_B,1
2bhm_B_D,1
2bhm_C_E,1
2bhv_A_E,1
2bhv_B_C,1
2bhv_D_F,1
2bi2_A_B,1
2bia_A_B,1
2bie_A_B,1
2bj1_A_B,1
2bj3_A_B,1
2bj3_A_C,1
2bj3_B_D,1
2bj3_C_D,1
2bj7_A_B,1
2bja_A_B,1
2bji_A_B,1
2bk3_A_B,1
2bk5_A_B,1
2bk6_A_B,1
2bk6_A_C,1
2bk6_A_D,1
2bk6_A_E,1
2bk6_A_F,1
2bk6_B_C,1
2bk6_B_D,1
2bk6_C_E,1
2bk6_D_F,1
2bk6_E_F,1
2bkh_A_B,1
2bki_A_B,1
2bki_A_D,1
2bkk_A_B,1
2bkk_C_D,1
2bky_A_B,1
2bky_A_X,1
2bky_B_Y,1
2bl2_A_B,1
2bl2_A_J,1
2bl2_B_C,1
2bl2_C_D,1
2bl2_D_E,1
2bl2_E_F,1
2bl2_F_G,1
2bl2_G_H,1
2bl2_H_I,1
2bl2_I_J,1
2bls_A_B,1
2bm5_A_B,1
2bm8_A_B,1
2bm8_A_E,1
2bm8_B_C,1
2bm8_C_F,1
2bm8_D_E,1
2bm8_D_F,1
2bm8_G_H,1
2bm8_G_K,1
2bm8_H_I,1
2bm8_I_L,1
2bm8_J_K,1
2bm8_J_L,1
2bmo_A_B,1
2bnd_A_B,1
2bnf_A_B,1
2bng_A_B,1
2bng_A_C,1
2bng_B_C,1
2bnk_A_B,1
2bnm_A_B,1
2bnw_A_B,1
2bnw_B_C,1
2bnw_C_D,1
2bo4_A_B,1
2bo4_A_F,1
2bo4_B_E,1
2bo4_C_D,1
2bo4_E_F,1
2bo6_A_B,1
2bo7_A_B,1
2bo7_A_D,1
2bo7_B_C,1
2bo7_C_D,1
2bo7_E_F,1
2bo7_E_G,1
2bo7_F_H,1
2bo7_G_H,1
2boj_A_C,1
2boj_A_D,1
2boj_B_C,1
2boj_B_D,1
2bol_A_B,1
2bp1_A_B,1
2bp1_C_D,1
2bp7_E_F,1
2bp7_E_G,1
2bp7_E_H,1
2bp7_F_G,1
2bp7_F_H,1
2bp7_G_H,1
2bpq_A_B,1
2bpv_A_B,1
2bpw_A_B,1
2bpx_A_B,1
2bs1_A_B,1
2bs1_A_C,1
2bs2_A_B,1
2bs2_A_D,1
2bs2_B_C,1
2bs2_B_F,1
2bs2_C_E,1
2bs2_C_F,1
2bs2_D_E,1
2bs2_E_F,1
2bsi_A_B,1
2bsj_A_B,1
2bsk_A_B,1
2bsk_A_D,1
2bsk_B_E,1
2bsk_C_D,1
2bsk_C_F,1
2bsk_E_F,1
2bt4_A_B,1
2bt4_A_C,1
2bt4_A_D,1
2bt4_B_C,1
2bt4_B_G,1
2bt4_C_J,1
2bt4_D_E,1
2bt4_D_F,1
2bt4_E_F,1
2bt4_E_L,1
2bt4_F_H,1
2bt4_G_H,1
2bt4_G_I,1
2bt4_H_I,1
2bt4_I_K,1
2bt4_J_K,1
2bt4_J_L,1
2bt4_K_L,1
2btq_A_B,1
2bty_A_B,1
2bty_A_C,1
2bua_A_B,1
2bua_C_D,1
2buc_A_B,1
2buc_C_D,1
2buf_A_B,1
2buf_A_E,1
2buf_B_C,1
2buf_C_D,1
2buf_D_F,1
2buf_E_F,1
2buf_G_H,1
2buf_G_I,1
2buf_H_L,1
2buf_I_J,1
2buf_J_K,1
2buf_K_L,1
2bui_C_D,1
2bum_A_B,1
2but_A_B,1
2buu_A_B,1
2buv_A_B,1
2bux_A_B,1
2buy_A_B,1
2buz_A_B,1
2bv0_A_B,1
2bvc_A_B,1
2bvc_A_F,1
2bvc_B_C,1
2bvc_C_D,1
2bvc_D_E,1
2bvc_E_F,1
2bw7_A_B,1
2bw7_C_D,1
2byk_A_B,1
2byk_C_D,1
2bym_A_B,1
2bym_C_D,1
2byn_A_B,1
2byn_A_E,1
2byn_B_C,1
2byn_C_D,1
2byn_D_E,1
2byr_A_B,1
2byr_A_E,1
2byr_B_C,1
2byr_C_D,1
2byr_D_E,1
2byr_F_G,1
2byr_F_J,1
2byr_G_H,1
2byr_H_I,1
2byr_I_J,1
2bys_A_B,1
2bys_A_E,1
2bys_B_C,1
2bys_C_D,1
2bys_D_E,1
2bys_F_G,1
2bys_F_J,1
2bys_G_H,1
2bys_H_I,1
2bys_I_J,1
2byx_A_B,1
2byy_A_B,1
2byz_C_D,1
2bz0_A_B,1
2bz3_A_B,1
2bzn_A_B,1
2bzn_A_C,1
2bzn_B_D,1
2bzn_C_D,1
2bzn_E_F,1
2bzn_E_G,1
2bzn_F_H,1
2bzn_G_H,1
2bzr_A_B,1
2bzr_A_C,1
2bzr_A_D,1
2bzr_B_C,1
2bzr_B_E,1
2bzr_C_F,1
2bzr_D_E,1
2bzr_D_F,1
2bzr_E_F,1
2bzs_A_B,1
2bzy_A_B,1
2c0d_A_B,1
2c10_A_B,1
2c10_C_D,1
2c12_A_B,1
2c12_A_C,1
2c12_B_D,1
2c12_C_D,1
2c12_E_F,1
2c14_A_B,1
2c18_A_B,1
2c1d_A_B,1
2c1d_C_D,1
2c1l_A_B,1
2c1t_A_C,1
2c1u_A_B,1
2c1u_C_D,1
2c1v_A_B,1
2c21_C_D,1
2c2b_A_B,1
2c2b_C_D,1
2c2w_A_B,1
2c2w_A_C,1
2c2w_B_C,1
2c2x_A_B,1
2c35_A_B,1
2c35_C_D,1
2c38_G_H,1
2c38_G_L,1
2c38_H_I,1
2c38_I_J,1
2c38_J_K,1
2c38_K_L,1
2c38_M_N,1
2c38_M_P,1
2c38_N_Q,1
2c38_O_P,1
2c38_O_R,1
2c38_Q_R,1
2c39_G_H,1
2c39_G_L,1
2c39_H_I,1
2c39_I_J,1
2c39_J_K,1
2c39_K_L,1
2c3d_A_B,1
2c3n_A_B,1
2c3o_A_B,1
2c3t_C_D,1
2c42_A_B,1
2c45_A_B,1
2c45_A_C,1
2c45_B_D,1
2c45_C_D,1
2c4j_C_D,1
2c50_A_B,1
2c50_A_C,1
2c51_A_B,1
2c51_A_C,1
2c59_A_B,1
2c61_A_B,1
2c62_A_B,1
2c64_A_B,1
2c6q_A_B,1
2c6q_A_C,1
2c6q_B_D,1
2c6q_C_D,1
2c6q_E_F,1
2c6q_E_G,1
2c6q_F_H,1
2c6q_G_H,1
2c73_A_B,1
2c75_A_B,1
2c76_A_B,1
2c7b_A_B,1
2c7y_A_B,1
2c80_A_B,1
2c92_A_B,1
2c92_A_E,1
2c92_B_C,1
2c92_C_D,1
2c92_D_E,1
2c94_A_B,1
2c94_A_E,1
2c94_B_C,1
2c94_C_D,1
2c94_D_E,1
2c9b_F_G,1
2c9b_F_J,1
2c9b_G_H,1
2c9b_H_I,1
2c9b_I_J,1
2c9n_Y_Z,1
2ca9_A_B,1
2cad_A_B,1
2cai_A_B,1
2caj_A_B,1
2cax_A_B,1
2cax_A_C,1
2cax_C_D,1
2cc0_A_B,1
2cc3_A_B,1
2ccj_A_B,1
2ccy_A_B,1
2cd9_A_B,1
2cda_A_B,1
2cdq_A_B,1
2ce8_C_D,1
2ce9_A_B,1
2ce9_C_D,1
2cfa_A_B,1
2cfc_A_B,1
2cfc_A_C,1
2cfc_A_D,1
2cfc_B_C,1
2cfc_B_D,1
2cfc_C_D,1
2cfx_A_B,1
2cfx_A_C,1
2cfx_A_G,1
2cfx_A_H,1
2cfx_B_D,1
2cfx_B_G,1
2cfx_B_H,1
2cfx_C_E,1
2cfx_C_F,1
2cfx_C_H,1
2cfx_D_E,1
2cfx_D_F,1
2cfx_D_G,1
2cfx_E_F,1
2cfx_E_G,1
2cfx_F_H,1
2cfy_A_B,1
2cfy_C_D,1
2cfy_E_F,1
2cg4_A_B,1
2cg5_A_B,1
2cge_A_B,1
2cge_A_D,1
2cge_B_D,1
2ch5_C_D,1
2ch7_A_B,1
2ck3_A_D,1
2ck3_A_E,1
2ck3_A_G,1
2ck3_B_E,1
2ck3_B_F,1
2ck3_C_D,1
2ck3_C_F,1
2ck3_D_G,1
2ck3_E_G,1
2ck3_F_G,1
2ck3_G_H,1
2ck3_G_I,1
2ck3_H_I,1
2ckf_A_B,1
2ckf_A_C,1
2ckf_A_E,1
2ckf_A_F,1
2ckf_B_C,1
2ckf_B_D,1
2ckf_B_F,1
2ckf_C_D,1
2ckf_C_E,1
2ckf_D_E,1
2ckf_D_F,1
2ckf_E_F,1
2cki_A_B,1
2ckl_A_B,1
2cko_A_B,1
2ckp_A_B,1
2ckq_A_B,1
2clb_A_B,1
2clb_A_C,1
2clb_B_C,1
2clb_B_D,1
2clb_C_D,1
2clb_M_N,1
2clb_M_O,1
2clb_N_O,1
2clb_N_P,1
2clb_O_P,1
2clp_A_B,1
2clp_G_H,1
2clp_I_J,1
2cly_A_B,1
2cly_A_C,1
2cly_B_C,1
2cly_D_E,1
2cly_D_F,1
2cly_E_F,1
2cm3_A_B,1
2cme_A_B,1
2cme_C_D,1
2cme_E_F,1
2cme_G_H,1
2cmg_A_B,1
2cmh_B_C,1
2cmo_A_B,1
2cn4_A_B,1
2cnb_A_B,1
2cnb_C_D,1
2cqz_A_B,1
2cqz_A_C,1
2cqz_A_D,1
2cqz_A_F,1
2cqz_B_C,1
2cqz_B_E,1
2cqz_B_F,1
2cqz_C_D,1
2cqz_C_E,1
2cqz_D_E,1
2cqz_D_F,1
2cqz_E_F,1
2csl_A_B,1
2csl_A_C,1
2csl_B_C,1
2csl_D_E,1
2csl_D_F,1
2csl_E_F,1
2csu_A_B,1
2ctz_A_B,1
2cu5_A_B,1
2cu5_A_C,1
2cu5_B_C,1
2cu6_A_B,1
2cv5_A_B,1
2cv5_A_E,1
2cv5_A_G,1
2cv5_B_D,1
2cv5_B_G,1
2cv5_C_D,1
2cv5_C_E,1
2cv5_C_F,1
2cv5_D_F,1
2cv5_E_F,1
2cv5_F_H,1
2cv5_G_H,1
2cvd_A_D,1
2cvd_B_C,1
2cvi_A_B,1
2cvl_A_B,1
2cvl_A_C,1
2cvl_B_C,1
2cvl_D_E,1
2cvl_D_F,1
2cvl_E_F,1
2cw3_A_B,1
2cw5_A_B,1
2cw5_A_C,1
2cw5_B_C,1
2cw6_A_B,1
2cw6_E_F,1
2cwg_A_B,1
2cwk_A_B,1
2cwm_A_D,1
2cwv_A_B,1
2cwz_A_B,1
2cwz_C_D,1
2cxo_A_B,1
2cxp_A_B,1
2cxq_A_B,1
2d00_A_B,1
2d00_A_D,1
2d00_A_F,1
2d00_B_C,1
2d00_B_D,1
2d00_B_E,1
2d00_C_E,1
2d00_D_E,1
2d00_D_F,1
2d04_A_B,1
2d04_C_D,1
2d04_E_F,1
2d04_G_H,1
2d0i_A_B,1
2d0j_A_B,1
2d0j_C_D,1
2d0o_A_B,1
2d0o_A_C,1
2d0o_A_D,1
2d0o_B_C,1
2d0o_B_D,1
2d0o_C_D,1
2d0p_A_B,1
2d0p_A_C,1
2d0p_C_D,1
2d0q_A_B,1
2d13_A_C,1
2d13_B_D,1
2d16_A_B,1
2d16_B_C,1
2d16_C_D,1
2d1g_A_B,1
2d1p_A_B,1
2d1p_A_C,1
2d1p_B_C,1
2d1p_D_E,1
2d1p_D_F,1
2d1p_D_G,1
2d1p_D_H,1
2d1p_E_F,1
2d1p_E_G,1
2d1p_E_I,1
2d1p_F_H,1
2d1p_G_H,1
2d1p_G_I,1
2d1p_H_I,1
2d2a_A_B,1
2d2i_A_B,1
2d2m_A_C,1
2d2m_A_D,1
2d2m_B_C,1
2d2m_B_D,1
2d2o_A_B,1
2d30_A_B,1
2d32_A_B,1
2d32_A_C,1
2d32_A_D,1
2d32_B_C,1
2d32_C_D,1
2d33_A_B,1
2d33_A_C,1
2d33_A_D,1
2d33_B_C,1
2d33_C_D,1
2d3a_A_B,1
2d3a_A_D,1
2d3a_B_C,1
2d3a_C_E,1
2d3a_D_E,1
2d3a_F_G,1
2d3a_F_I,1
2d3a_G_H,1
2d3a_H_J,1
2d3a_I_J,1
2d3e_A_B,1
2d3e_A_C,1
2d3e_A_D,1
2d3e_B_C,1
2d3e_B_D,1
2d3e_C_D,1
2d3s_A_B,1
2d3s_C_D,1
2d4g_A_B,1
2d4v_C_D,1
2d5c_A_B,1
2d5f_A_B,1
2d5h_A_B,1
2d5h_A_C,1
2d5h_B_C,1
2d5h_D_E,1
2d5h_D_F,1
2d5h_E_F,1
2d5k_A_B,1
2d5k_A_C,1
2d5k_A_D,1
2d5k_C_D,1
2d69_A_B,1
2d69_A_D,1
2d69_A_E,1
2d69_D_E,1
2d6f_A_B,1
2d6f_A_C,1
2d6f_A_D,1
2d6f_B_C,1
2d6f_B_D,1
2d6k_A_B,1
2d6n_A_B,1
2d6p_A_B,1
2d8d_A_B,1
2d9q_A_B,1
2dbb_A_B,1
2dbs_A_B,1
2dc1_A_B,1
2dc4_A_B,1
2dd4_A_B,1
2dd4_A_C,1
2dd4_A_E,1
2dd4_A_K,1
2dd4_B_C,1
2dd4_B_D,1
2dd4_B_E,1
2dd4_B_H,1
2dd4_B_J,1
2dd4_B_K,1
2dd4_B_L,1
2dd4_C_F,1
2dd4_C_K,1
2dd4_D_E,1
2dd4_D_F,1
2dd4_D_H,1
2dd4_E_F,1
2dd4_E_G,1
2dd4_E_H,1
2dd4_E_I,1
2dd4_E_K,1
2dd4_F_H,1
2dd4_G_H,1
2dd4_G_I,1
2dd4_G_K,1
2dd4_H_I,1
2dd4_H_J,1
2dd4_H_K,1
2dd4_I_L,1
2dd4_J_K,1
2dd4_J_L,1
2dd4_K_L,1
2dd5_A_B,1
2dd5_A_C,1
2dd5_A_E,1
2dd5_A_K,1
2dd5_B_C,1
2dd5_B_D,1
2dd5_B_E,1
2dd5_B_H,1
2dd5_B_J,1
2dd5_B_K,1
2dd5_B_L,1
2dd5_C_F,1
2dd5_C_K,1
2dd5_D_E,1
2dd5_D_F,1
2dd5_D_H,1
2dd5_E_F,1
2dd5_E_G,1
2dd5_E_H,1
2dd5_E_I,1
2dd5_E_K,1
2dd5_F_H,1
2dd5_G_H,1
2dd5_G_I,1
2dd5_G_K,1
2dd5_H_I,1
2dd5_H_J,1
2dd5_H_K,1
2dd5_I_L,1
2dd5_J_K,1
2dd5_J_L,1
2dd5_K_L,1
2ddc_A_B,1
2ddz_A_B,1
2ddz_A_C,1
2ddz_A_D,1
2ddz_A_E,1
2ddz_B_D,1
2ddz_B_E,1
2ddz_B_F,1
2ddz_C_D,1
2ddz_C_E,1
2ddz_C_F,1
2ddz_D_F,1
2ddz_E_F,1
2deo_A_B,1
2deq_A_B,1
2dev_A_B,1
2dev_A_C,1
2dev_A_F,1
2dev_B_C,1
2dev_B_E,1
2dev_D_E,1
2dev_D_F,1
2dev_E_F,1
2df4_A_B,1
2df4_A_C,1
2df4_B_C,1
2df7_A_F,1
2df7_A_T,1
2df7_B_D,1
2df7_C_E,1
2df7_C_L,1
2df7_C_N,1
2df7_C_R,1
2df7_D_E,1
2df7_D_L,1
2df7_E_L,1
2df7_E_O,1
2df7_F_T,1
2df7_G_K,1
2df7_G_M,1
2df7_H_I,1
2df7_I_J,1
2df7_I_N,1
2df7_I_Q,1
2df7_J_K,1
2df7_J_P,1
2df7_J_Q,1
2df7_K_M,1
2df7_K_Q,1
2df7_L_R,1
2df7_L_T,1
2df7_M_Q,1
2df7_M_R,1
2df7_M_S,1
2df7_N_O,1
2df7_N_Q,1
2df7_R_S,1
2df7_R_T,1
2df7_S_T,1
2df8_A_B,1
2dfd_A_B,1
2dfd_A_D,1
2dfd_B_C,1
2dfd_C_D,1
2dfi_A_B,1
2dfj_A_B,1
2dfu_A_B,1
2dfu_C_D,1
2dfx_E_I,1
2dg2_A_B,1
2dg2_C_D,1
2dg2_E_F,1
2dgd_A_B,1
2dgd_A_C,1
2dgd_B_D,1
2dgd_C_D,1
2dgk_D_E,1
2dgk_E_F,1
2dhh_A_B,1
2dhh_A_C,1
2dhh_B_C,1
2di3_A_B,1
2di4_A_B,1
2dj5_A_B,1
2dj6_A_B,1
2dj6_A_C,1
2dj6_B_C,1
2djw_A_B,1
2djw_A_E,1
2djw_A_F,1
2djw_A_G,1
2djw_B_C,1
2djw_B_G,1
2djw_B_H,1
2djw_C_D,1
2djw_C_H,1
2djw_C_I,1
2djw_D_E,1
2djw_D_I,1
2djw_D_J,1
2djw_E_F,1
2djw_E_J,1
2djw_F_G,1
2djw_F_J,1
2djw_G_H,1
2djw_H_I,1
2djw_I_J,1
2djz_A_B,1
2dkn_A_B,1
2dla_A_B,1
2dlb_A_B,1
2dor_A_B,1
2dou_A_B,1
2dq4_A_B,1
2dqa_A_B,1
2dr1_A_B,1
2dr6_A_B,1
2dr6_A_C,1
2dr6_B_C,1
2drc_A_B,1
2drv_A_B,1
2dte_A_B,1
2dth_A_B,1
2dti_A_B,1
2dtj_A_B,1
2dtw_C_D,1
2dty_A_B,1
2dty_C_D,1
2dtz_A_B,1
2du1_C_D,1
2du3_A_B,1
2du4_A_B,1
2dub_A_B,1
2dub_A_C,1
2dub_A_D,1
2dub_A_F,1
2dub_B_C,1
2dub_B_E,1
2dub_B_F,1
2dub_C_D,1
2dub_C_E,1
2dub_D_E,1
2dub_D_F,1
2dub_E_F,1
2dud_A_B,1
2duu_O_P,1
2duu_Q_R,1
2dv4_A_B,1
2dv5_A_B,1
2dvb_A_B,1
2dvb_A_D,1
2dvb_B_C,1
2dvb_C_D,1
2dve_A_B,1
2dvf_A_B,1
2dvf_A_D,1
2dvf_B_C,1
2dvf_C_D,1
2dvl_A_B,1
2dvn_A_B,1
2dvq_A_B,1
2dvr_A_B,1
2dvt_A_B,1
2dvt_A_C,1
2dvt_B_D,1
2dvt_C_D,1
2dvu_A_B,1
2dvu_A_C,1
2dvu_B_D,1
2dvu_C_D,1
2dvw_A_B,1
2dvy_A_B,1
2dvy_A_C,1
2dvy_A_D,1
2dvy_C_D,1
2dvy_E_F,1
2dw6_A_B,1
2dw6_C_D,1
2dw7_E_F,1
2dw7_O_P,1
2dwn_A_B,1
2dwz_A_B,1
2dwz_C_D,1
2dx7_A_B,1
2dxb_A_B,1
2dxb_A_C,1
2dxb_A_E,1
2dxb_A_K,1
2dxb_B_C,1
2dxb_B_D,1
2dxb_B_E,1
2dxb_B_H,1
2dxb_B_J,1
2dxb_B_K,1
2dxb_B_L,1
2dxb_C_F,1
2dxb_C_K,1
2dxb_D_E,1
2dxb_D_F,1
2dxb_D_H,1
2dxb_E_F,1
2dxb_E_G,1
2dxb_E_H,1
2dxb_E_I,1
2dxb_E_K,1
2dxb_F_H,1
2dxb_G_H,1
2dxb_G_I,1
2dxb_G_K,1
2dxb_H_I,1
2dxb_H_J,1
2dxb_H_K,1
2dxb_I_L,1
2dxb_J_K,1
2dxb_J_L,1
2dxb_K_L,1
2dxb_M_N,1
2dxb_M_O,1
2dxb_M_Q,1
2dxb_M_W,1
2dxb_N_O,1
2dxb_N_P,1
2dxb_N_Q,1
2dxb_N_T,1
2dxb_N_V,1
2dxb_N_W,1
2dxb_N_X,1
2dxb_O_R,1
2dxb_O_W,1
2dxb_P_Q,1
2dxb_P_R,1
2dxb_P_T,1
2dxb_Q_R,1
2dxb_Q_S,1
2dxb_Q_T,1
2dxb_Q_U,1
2dxb_Q_W,1
2dxb_R_T,1
2dxb_S_T,1
2dxb_S_U,1
2dxb_S_W,1
2dxb_T_U,1
2dxb_T_V,1
2dxb_T_W,1
2dxb_U_X,1
2dxb_V_W,1
2dxb_V_X,1
2dxb_W_X,1
2dxc_A_B,1
2dxc_A_C,1
2dxc_A_E,1
2dxc_A_K,1
2dxc_B_C,1
2dxc_B_D,1
2dxc_B_E,1
2dxc_B_H,1
2dxc_B_J,1
2dxc_B_K,1
2dxc_B_L,1
2dxc_C_F,1
2dxc_C_K,1
2dxc_D_E,1
2dxc_D_F,1
2dxc_D_H,1
2dxc_E_F,1
2dxc_E_G,1
2dxc_E_H,1
2dxc_E_I,1
2dxc_E_K,1
2dxc_F_H,1
2dxc_G_H,1
2dxc_G_I,1
2dxc_G_K,1
2dxc_H_I,1
2dxc_H_J,1
2dxc_H_K,1
2dxc_I_L,1
2dxc_J_K,1
2dxc_J_L,1
2dxc_K_L,1
2dxe_A_B,1
2dy0_A_B,1
2dya_A_B,1
2dyn_A_B,1
2dyu_A_B,1
2dyv_A_B,1
2dyy_A_B,1
2dyy_A_C,1
2dyy_B_C,1
2dyy_G_H,1
2dyy_G_I,1
2dyy_H_I,1
2dyy_J_K,1
2dyy_J_L,1
2dyy_K_L,1
2dz9_A_B,1
2dzb_A_B,1
2dzd_A_B,1
2dzo_A_B,1
2dzo_C_D,1
2e07_A_B,1
2e0a_A_B,1
2e0c_A_B,1
2e0x_A_B,1
2e0x_C_D,1
2e0y_A_B,1
2e0y_C_D,1
2e10_A_B,1
2e11_A_C,1
2e11_B_D,1
2e12_A_B,1
2e15_A_B,1
2e1q_A_B,1
2e37_E_F,1
2e37_E_H,1
2e37_F_G,1
2e37_G_H,1
2e41_A_B,1
2e42_A_B,1
2e48_A_B,1
2e48_A_C,1
2e48_B_D,1
2e48_C_D,1
2e4a_A_B,1
2e4a_A_D,1
2e4a_B_C,1
2e4a_C_D,1
2e50_P_Q,1
2e51_A_B,1
2e51_C_D,1
2e5b_A_B,1
2e5w_A_B,1
2e5w_C_D,1
2e5y_A_B,1
2e7j_A_B,1
2e7q_A_B,1
2e7q_C_D,1
2e7s_C_D,1
2e7s_Q_R,1
2e7t_A_B,1
2e7t_C_D,1
2e82_A_B,1
2e83_A_B,1
2e85_A_B,1
2e89_A_B,1
2e89_C_D,1
2e8r_A_B,1
2e8s_A_B,1
2e8v_A_B,1
2e8w_A_B,1
2e8x_A_B,1
2e92_A_B,1
2e98_A_B,1
2e9f_A_B,1
2e9f_A_C,1
2e9f_A_D,1
2e9f_B_C,1
2e9f_B_D,1
2e9f_C_D,1
2e9w_A_C,1
2e9w_B_D,1
2e9w_C_D,1
2ea7_A_B,1
2ea7_A_C,1
2ea7_B_C,1
2eaa_A_B,1
2eaa_A_C,1
2eaa_B_C,1
2eaw_A_B,1
2eax_A_C,1
2eax_B_C,1
2eb1_A_C,1
2eb6_A_B,1
2eb6_A_E,1
2eb6_B_C,1
2eb6_C_D,1
2eb6_D_E,1
2ebg_A_B,1
2ec2_A_C,1
2ecs_A_B,1
2ed3_A_B,1
2ed5_A_B,1
2ed6_D_E,1
2ed6_D_F,1
2ed6_E_F,1
2ed6_J_K,1
2ed6_J_L,1
2ed6_K_L,1
2een_A_B,1
2eeq_A_B,1
2ef5_A_F,1
2ef5_B_E,1
2ef5_E_G,1
2ef6_A_B,1
2ef6_A_C,1
2ef6_B_D,1
2ef6_C_D,1
2ef7_A_B,1
2eft_A_B,1
2eg4_A_B,1
2eg6_A_B,1
2eg7_A_B,1
2egy_A_B,1
2egy_C_D,1
2eh2_A_B,1
2eh4_A_B,1
2ehc_A_B,1
2ehd_A_B,1
2ehj_A_D,1
2ehj_B_C,1
2eho_I_J,1
2eho_I_K,1
2eho_J_L,1
2eho_K_L,1
2ehq_A_B,1
2eig_A_B,1
2eig_A_D,1
2eig_B_C,1
2eig_C_D,1
2eih_A_B,1
2eit_A_B,1
2eiu_A_F,1
2eiu_C_E,1
2eiu_D_G,1
2eiv_D_J,1
2eiv_E_F,1
2eiy_A_B,1
2eiy_A_C,1
2eiy_B_C,1
2ej0_A_B,1
2ej0_A_C,1
2ej0_A_D,1
2ej0_A_E,1
2ej0_B_C,1
2ej0_B_D,1
2ej0_B_F,1
2ej0_C_E,1
2ej0_C_F,1
2ej0_D_E,1
2ej0_D_F,1
2ej0_E_F,1
2ej2_A_B,1
2ej2_A_C,1
2ej2_A_D,1
2ej2_A_E,1
2ej2_B_C,1
2ej2_B_D,1
2ej2_B_F,1
2ej2_C_E,1
2ej2_C_F,1
2ej2_D_E,1
2ej2_D_F,1
2ej2_E_F,1
2ej3_A_B,1
2ej3_A_C,1
2ej3_B_C,1
2ejd_A_B,1
2ejf_A_C,1
2ejg_A_C,1
2ejg_B_D,1
2ejk_A_B,1
2ejv_A_B,1
2ek0_A_B,1
2ek1_G_H,1
2ek2_A_B,1
2eka_A_B,1
2ekd_A_B,1
2ekd_A_F,1
2ekd_B_C,1
2ekd_C_D,1
2ekd_D_E,1
2ekd_E_F,1
2ekm_A_B,1
2ekm_A_C,1
2ekm_B_C,1
2ekn_A_B,1
2ekn_A_C,1
2ekq_A_B,1
2ekq_A_C,1
2ekq_A_D,1
2ekq_B_C,1
2ekq_B_D,1
2ekq_C_D,1
2eky_A_B,1
2eky_A_C,1
2eky_A_D,1
2eky_B_C,1
2eky_B_D,1
2eky_C_D,1
2eky_E_F,1
2eky_E_G,1
2eky_E_H,1
2eky_F_G,1
2eky_F_H,1
2eky_G_H,1
2el2_A_B,1
2el3_A_B,1
2ele_A_B,1
2emq_A_B,1
2emu_A_B,1
2en5_A_B,1
2eni_A_B,1
2eo0_A_B,1
2epn_A_B,1
2eq5_A_B,1
2eq5_C_D,1
2eq6_A_B,1
2eq8_D_E,1
2erj_E_H,1
2erj_F_G,1
2erj_F_H,1
2erj_G_H,1
2erp_A_B,1
2es4_B_E,1
2esd_A_B,1
2esd_A_C,1
2esd_A_D,1
2esd_B_C,1
2esd_B_D,1
2esd_C_D,1
2esf_A_B,1
2esr_A_B,1
2eth_A_B,1
2etr_A_B,1
2eu1_H_I,1
2eu1_H_N,1
2eu1_I_J,1
2eu1_J_K,1
2eu1_K_L,1
2eu1_L_M,1
2eu1_M_N,1
2euh_A_B,1
2euh_A_C,1
2euh_A_D,1
2euh_B_C,1
2euh_B_D,1
2euh_C_D,1
2ev0_A_B,1
2ev1_A_B,1
2ev2_A_B,1
2ev3_A_B,1
2ev4_A_B,1
2ew8_A_B,1
2ew8_A_C,1
2ew8_A_D,1
2ew8_B_C,1
2ew8_B_D,1
2ew8_C_D,1
2ewc_A_B,1
2ewc_A_C,1
2ewc_A_K,1
2ewc_B_C,1
2ewc_B_G,1
2ewc_C_L,1
2ewc_D_E,1
2ewc_D_F,1
2ewc_D_I,1
2ewc_E_F,1
2ewc_E_H,1
2ewc_F_J,1
2ewc_G_K,1
2ewc_G_L,1
2ewc_H_I,1
2ewc_H_J,1
2ewc_I_J,1
2ewc_K_L,1
2ewg_A_B,1
2ewo_A_B,1
2ewo_A_F,1
2ewo_A_G,1
2ewo_B_F,1
2ewo_B_G,1
2ewo_C_D,1
2ewo_C_I,1
2ewo_C_J,1
2ewo_D_I,1
2ewo_D_J,1
2ewo_E_H,1
2ewo_E_K,1
2ewo_E_L,1
2ewo_F_G,1
2ewo_H_K,1
2ewo_H_L,1
2ewo_I_J,1
2ewo_K_L,1
2exh_A_C,1
2exh_A_D,1
2exh_B_C,1
2exh_B_D,1
2exx_A_B,1
2ez9_A_B,1
2f02_A_B,1
2f03_A_C,1
2f07_A_B,1
2f0y_A_B,1
2f1d_I_J,1
2f1d_I_L,1
2f1d_J_K,1
2f1d_J_O,1
2f1d_K_N,1
2f1d_L_O,1
2f1d_M_P,1
2f1d_N_O,1
2f1d_N_P,1
2f1d_O_P,1
2f1f_A_B,1
2f1k_C_D,1
2f1r_A_B,1
2f1v_A_B,1
2f1v_A_F,1
2f1v_B_F,1
2f1v_C_D,1
2f1v_C_E,1
2f1v_D_E,1
2f2a_A_B,1
2f2a_A_C,1
2f2a_B_C,1
2f2f_A_B,1
2f2f_A_C,1
2f2f_B_C,1
2f2f_D_E,1
2f2f_D_F,1
2f2f_E_F,1
2f2l_A_X,1
2f2s_A_B,1
2f2s_A_C,1
2f2s_A_D,1
2f2s_B_C,1
2f3m_A_B,1
2f3m_C_D,1
2f3x_A_B,1
2f41_C_D,1
2f43_A_B,1
2f4l_C_D,1
2f4m_A_B,1
2f4o_A_B,1
2f4p_A_B,1
2f4p_C_D,1
2f66_D_E,1
2f66_D_F,1
2f6g_A_B,1
2f6m_C_D,1
2f6n_A_B,1
2f7a_A_B,1
2f7k_A_B,1
2f7w_A_B,1
2f7w_A_C,1
2f7w_B_C,1
2f80_A_B,1
2f8a_A_B,1
2f8f_A_B,1
2f8j_A_B,1
2f8j_C_D,1
2f8m_A_B,1
2f8n_A_B,1
2f8n_A_E,1
2f8n_A_G,1
2f8n_B_D,1
2f8n_B_G,1
2f8n_D_K,1
2f8n_E_F,1
2f8n_E_K,1
2f8n_F_H,1
2f8n_F_K,1
2f8n_G_H,1
2f8v_C_Y,1
2f8v_D_Y,1
2f8x_C_K,1
2f8x_C_M,1
2f8x_K_M,1
2f90_A_B,1
2f93_A_B,1
2f99_A_B,1
2f99_A_C,1
2f99_B_D,1
2f99_C_D,1
2f9c_A_B,1
2f9i_A_B,1
2f9i_A_C,1
2f9i_A_D,1
2f9i_B_C,1
2f9i_C_D,1
2f9q_A_B,1
2f9q_A_C,1
2f9q_A_D,1
2f9q_B_C,1
2f9q_B_D,1
2f9q_C_D,1
2f9r_A_B,1
2f9r_C_D,1
2f9t_A_B,1
2f9w_A_B,1
2f9z_A_C,1
2f9z_B_D,1
2fac_A_B,1
2fae_A_B,1
2fak_1_2,1
2fak_1_H,1
2fak_1_N,1
2fak_1_S,1
2fak_1_T,1
2fak_1_Z,1
2fak_2_M,1
2fak_2_N,1
2fak_2_T,1
2fak_2_U,1
2fak_2_V,1
2fak_A_B,1
2fak_A_G,1
2fak_A_H,1
2fak_A_I,1
2fak_B_C,1
2fak_B_I,1
2fak_B_J,1
2fak_C_D,1
2fak_C_J,1
2fak_C_K,1
2fak_D_E,1
2fak_D_K,1
2fak_D_L,1
2fak_E_F,1
2fak_E_L,1
2fak_E_M,1
2fak_F_G,1
2fak_F_M,1
2fak_F_N,1
2fak_G_H,1
2fak_G_N,1
2fak_H_I,1
2fak_H_N,1
2fak_H_Z,1
2fak_I_J,1
2fak_I_Y,1
2fak_I_Z,1
2fak_J_K,1
2fak_J_X,1
2fak_J_Y,1
2fak_K_L,1
2fak_K_W,1
2fak_K_X,1
2fak_L_M,1
2fak_L_V,1
2fak_L_W,1
2fak_M_N,1
2fak_M_V,1
2fak_O_P,1
2fak_O_U,1
2fak_O_V,1
2fak_O_W,1
2fak_P_Q,1
2fak_P_W,1
2fak_P_X,1
2fak_Q_R,1
2fak_Q_X,1
2fak_Q_Y,1
2fak_R_S,1
2fak_R_Y,1
2fak_R_Z,1
2fak_S_T,1
2fak_S_Z,1
2fak_T_U,1
2fak_U_V,1
2fak_V_W,1
2fak_W_X,1
2fak_X_Y,1
2fak_Y_Z,1
2fb2_A_B,1
2fb5_A_B,1
2fb5_A_C,1
2fb5_B_C,1
2fbw_A_B,1
2fbw_B_C,1
2fbw_B_D,1
2fbw_C_D,1
2fdd_A_B,1
2fde_A_B,1
2fdy_A_B,1
2fg0_A_B,1
2fg6_C_D,1
2fg6_C_E,1
2fg6_D_E,1
2fg6_D_Z,1
2fg6_E_Y,1
2fg6_X_Y,1
2fg6_X_Z,1
2fg6_Y_Z,1
2fg7_C_D,1
2fg7_C_E,1
2fg7_D_E,1
2fg8_A_C,1
2fg8_A_D,1
2fg8_A_E,1
2fg8_B_D,1
2fg8_B_G,1
2fg8_B_H,1
2fg8_C_D,1
2fg8_C_G,1
2fg8_D_E,1
2fg8_D_H,1
2fg8_E_F,1
2fg8_E_H,1
2fg8_F_H,1
2fh5_A_B,1
2fhd_A_B,1
2fhd_A_C,1
2fhl_A_B,1
2fhs_A_B,1
2fhx_A_B,1
2fip_A_B,1
2fip_C_D,1
2fip_E_F,1
2fiu_A_B,1
2fix_A_D,1
2fix_A_H,1
2fix_A_L,1
2fix_D_H,1
2fix_D_L,1
2fix_H_L,1
2fj7_A_B,1
2fj7_A_E,1
2fj7_A_G,1
2fj7_B_D,1
2fj7_B_G,1
2fj7_B_H,1
2fj7_C_D,1
2fj7_C_E,1
2fj7_C_F,1
2fj7_D_F,1
2fj7_E_F,1
2fj7_F_H,1
2fj7_G_H,1
2fjd_A_B,1
2fjd_A_C,1
2fjd_A_D,1
2fjd_B_C,1
2fjd_C_D,1
2fje_A_B,1
2fje_A_C,1
2fje_A_D,1
2fje_B_C,1
2fje_C_D,1
2fjk_A_B,1
2fjk_A_D,1
2fjk_B_C,1
2fjk_C_D,1
2fjr_A_B,1
2fld_A_B,1
2fm0_A_B,1
2fm0_A_C,1
2fm0_B_D,1
2fm0_C_D,1
2fm1_A_B,1
2fm1_A_C,1
2fm1_A_D,1
2fm1_B_C,1
2fm1_B_D,1
2fm1_C_D,1
2fm5_A_B,1
2fm5_A_C,1
2fm5_B_D,1
2fm5_C_D,1
2fm7_A_B,1
2fm7_C_D,1
2fml_A_B,1
2fn7_A_B,1
2foi_A_C,1
2foi_A_D,1
2foi_B_C,1
2foi_B_D,1
2foi_C_D,1
2fom_A_B,1
2fon_A_B,1
2for_A_B,1
2fp1_A_B,1
2fp2_A_B,1
2fpd_A_B,1
2fpd_A_C,1
2fpd_B_D,1
2fpd_C_D,1
2fpe_A_B,1
2fpe_A_F,1
2fpe_B_E,1
2fpe_E_F,1
2fpf_A_B,1
2fpf_A_D,1
2fpf_B_C,1
2fpf_C_D,1
2fpi_A_B,1
2fpp_A_B,1
2fpr_A_B,1
2fps_A_B,1
2fpu_A_B,1
2fpw_A_B,1
2fqm_C_D,1
2fqm_E_F,1
2fsg_A_B,1
2fsh_A_B,1
2fss_B_C,1
2ft0_A_B,1
2ft3_C_D,1
2ft3_E_F,1
2ftx_A_B,1
2fu4_A_B,1
2fur_A_B,1
2fv2_A_B,1
2fv2_C_D,1
2fvh_A_B,1
2fvh_A_C,1
2fvh_B_C,1
2fvk_A_B,1
2fvk_A_C,1
2fvk_B_D,1
2fvk_C_D,1
2fw1_A_B,1
2fw2_A_B,1
2fw2_A_C,1
2fw2_A_F,1
2fw2_B_C,1
2fw2_B_E,1
2fw2_C_D,1
2fw2_D_E,1
2fw2_D_F,1
2fw2_E_F,1
2fwi_A_B,1
2fxa_A_B,1
2fxa_A_D,1
2fxa_B_C,1
2fxa_C_D,1
2fxd_A_B,1
2fxe_A_B,1
2fxm_A_B,1
2fyi_A_B,1
2fym_A_C,1
2fyn_M_N,1
2fyn_M_O,1
2fyn_M_P,1
2fyn_M_R,1
2fyn_N_O,1
2fyn_O_P,1
2fyn_P_Q,1
2fyn_P_R,1
2fyn_Q_R,1
2fyx_A_B,1
2fz2_A_B,1
2fz2_B_C,1
2fzc_A_B,1
2fzc_B_D,1
2fzc_C_D,1
2fzg_A_B,1
2fzg_B_D,1
2fzg_C_D,1
2g0i_A_B,1
2g0j_A_B,1
2g0j_C_D,1
2g25_A_B,1
2g28_A_B,1
2g37_A_B,1
2g3n_A_B,1
2g3n_A_C,1
2g3n_A_E,1
2g3n_B_C,1
2g3n_B_D,1
2g3n_C_F,1
2g3n_D_E,1
2g3n_D_F,1
2g3n_E_F,1
2g3o_A_B,1
2g3o_C_E,1
2g3o_D_F,1
2g45_A_D,1
2g50_E_F,1
2g50_E_G,1
2g50_F_H,1
2g50_G_H,1
2g59_A_B,1
2g5i_A_B,1
2g5i_A_C,1
2g5i_B_C,1
2g67_A_B,1
2g6h_A_B,1
2g6k_A_B,1
2g6o_A_B,1
2g70_A_B,1
2g72_A_B,1
2g76_A_B,1
2g7u_A_B,1
2g7u_A_D,1
2g7u_B_C,1
2g7u_C_D,1
2g82_A_B,1
2g82_A_C,1
2g82_A_D,1
2g82_B_C,1
2g82_B_D,1
2g82_C_D,1
2g82_O_P,1
2g82_O_Q,1
2g82_O_R,1
2g82_P_Q,1
2g82_P_R,1
2g82_Q_R,1
2g84_A_B,1
2g9i_A_B,1
2g9w_A_B,1
2g9z_A_B,1
2ga0_A_B,1
2ga1_A_B,1
2ga4_A_B,1
2ga4_A_C,1
2ga4_A_D,1
2ga4_A_E,1
2ga4_A_F,1
2ga4_B_C,1
2ga4_B_F,1
2ga4_C_D,1
2ga4_D_E,1
2ga4_E_F,1
2gac_A_B,1
2gac_A_D,1
2gac_B_C,1
2gac_B_D,1
2gac_C_D,1
2gam_A_B,1
2gam_C_D,1
2gb3_A_B,1
2gb3_C_D,1
2gb3_E_F,1
2gb5_A_B,1
2gbf_A_B,1
2gbi_A_B,1
2gbl_A_B,1
2gbl_A_F,1
2gbl_B_C,1
2gbl_C_D,1
2gbl_D_E,1
2gbl_E_F,1
2gbw_A_B,1
2gbw_A_C,1
2gbw_A_E,1
2gbw_B_D,1
2gbw_B_F,1
2gbw_C_D,1
2gbw_C_E,1
2gbw_D_F,1
2gbw_E_F,1
2gc0_A_B,1
2gc1_A_B,1
2gce_A_B,1
2gce_C_D,1
2gcg_A_B,1
2gci_A_B,1
2gci_C_D,1
2gd0_A_B,1
2gd0_C_D,1
2gd1_O_P,1
2gd1_O_Q,1
2gd1_O_R,1
2gd1_P_Q,1
2gd1_P_R,1
2gd1_Q_R,1
2gd6_A_B,1
2gdf_A_B,1
2gdf_A_D,1
2gdf_B_C,1
2gdf_C_D,1
2gdq_A_B,1
2gdr_A_B,1
2gdr_C_D,1
2gdr_E_F,1
2gdu_A_B,1
2gdv_A_B,1
2ge7_A_B,1
2ge8_A_B,1
2ge8_C_D,1
2ge8_F_G,1
2ge8_I_J,1
2gec_A_B,1
2ged_A_B,1
2gef_A_B,1
2gff_A_B,1
2gfp_A_B,1
2gfq_A_B,1
2gfq_B_C,1
2ggh_A_C,1
2ggh_B_D,1
2ggu_A_B,1
2ggu_A_C,1
2ggu_B_C,1
2gh1_A_B,1
2ghp_A_B,1
2ghp_A_C,1
2ghp_A_D,1
2ghp_B_C,1
2ghp_B_D,1
2ghp_C_D,1
2gi7_A_B,1
2gie_C_D,1
2gif_A_B,1
2gif_A_C,1
2gif_B_C,1
2gih_A_B,1
2gii_A_B,1
2gij_A_B,1
2gix_A_B,1
2gix_A_D,1
2gix_B_C,1
2gix_C_D,1
2gk9_A_D,1
2gks_A_B,1
2gl0_A_B,1
2gl0_A_C,1
2gl0_A_F,1
2gl0_B_C,1
2gl0_B_E,1
2gl0_C_D,1
2gl0_D_E,1
2gl0_D_F,1
2gl0_E_F,1
2gll_A_B,1
2gll_A_D,1
2gll_B_F,1
2gll_C_D,1
2gll_C_E,1
2gll_E_F,1
2glm_A_B,1
2glm_A_D,1
2glm_B_F,1
2glm_C_D,1
2glm_C_E,1
2glm_E_F,1
2glp_A_B,1
2glp_A_D,1
2glp_B_F,1
2glp_C_D,1
2glp_C_E,1
2glp_E_F,1
2glr_A_B,1
2gls_A_B,1
2gls_A_F,1
2gls_A_G,1
2gls_B_C,1
2gls_B_H,1
2gls_C_D,1
2gls_C_I,1
2gls_D_E,1
2gls_D_J,1
2gls_E_F,1
2gls_E_K,1
2gls_F_L,1
2gls_G_H,1
2gls_G_L,1
2gls_H_I,1
2gls_I_J,1
2gls_J_K,1
2gls_K_L,1
2glv_A_B,1
2glv_A_F,1
2glv_B_C,1
2glv_C_D,1
2glv_D_E,1
2glv_E_F,1
2glv_G_H,1
2glv_G_L,1
2glv_H_I,1
2glv_I_J,1
2glv_J_K,1
2glv_K_L,1
2glz_A_B,1
2gm3_A_B,1
2gm3_C_E,1
2gm3_E_F,1
2gmm_A_B,1
2gmq_A_B,1
2gmr_H_L,1
2gmr_H_M,1
2gmr_L_M,1
2gms_A_B,1
2gmu_A_B,1
2gmy_A_B,1
2gmy_A_E,1
2gmy_B_C,1
2gmy_C_D,1
2gmy_D_F,1
2gmy_E_F,1
2gn4_A_B,1
2gn9_A_B,1
2gnm_A_B,1
2gnt_A_B,1
2gnu_H_L,1
2gnu_H_M,1
2gnu_L_M,1
2go7_C_D,1
2goj_A_B,1
2gp6_A_B,1
2gpc_A_B,1
2gqd_A_B,1
2gqq_A_B,1
2gqq_A_C,1
2gqq_A_D,1
2gqq_B_D,1
2gqq_C_D,1
2gr7_A_B,1
2gr7_A_C,1
2gr7_B_C,1
2gr8_A_C,1
2gr8_A_D,1
2gr8_C_D,1
2gre_M_N,1
2gre_M_P,1
2gre_O_P,1
2grh_A_B,1
2grl_A_B,1
2grl_C_D,1
2grz_A_B,1
2gsa_A_B,1
2gsc_A_B,1
2gsc_A_E,1
2gsc_B_C,1
2gsc_C_D,1
2gsc_D_E,1
2gsk_A_B,1
2gsl_A_B,1
2gsl_C_D,1
2gsl_E_F,1
2gsv_A_B,1
2gsw_A_C,1
2gsw_B_D,1
2gt4_A_B,1
2gtd_A_B,1
2gtd_A_D,1
2gtd_A_F,1
2gtd_B_C,1
2gtd_B_E,1
2gtd_C_D,1
2gtd_C_E,1
2gtd_D_F,1
2gtd_E_F,1
2gtl_A_B,1
2gtl_A_D,1
2gtl_A_G,1
2gtl_A_M,1
2gtl_B_C,1
2gtl_B_M,1
2gtl_C_D,1
2gtl_C_I,1
2gtl_D_H,1
2gtl_D_L,1
2gtl_E_F,1
2gtl_E_H,1
2gtl_E_K,1
2gtl_E_N,1
2gtl_F_G,1
2gtl_F_N,1
2gtl_G_H,1
2gtl_G_M,1
2gtl_H_L,1
2gtl_I_J,1
2gtl_I_L,1
2gtl_I_O,1
2gtl_J_K,1
2gtl_J_O,1
2gtl_K_L,1
2gtl_K_N,1
2gtl_M_N,1
2gtl_M_O,1
2gtl_N_O,1
2gtu_A_B,1
2gu2_A_B,1
2gu9_A_B,1
2guz_I_J,1
2gv5_D_E,1
2gv5_D_F,1
2gv5_E_F,1
2gv8_A_B,1
2gvc_A_B,1
2gvj_A_B,1
2gwc_C_D,1
2gwc_E_F,1
2gwc_G_H,1
2gwf_C_D,1
2gwg_A_B,1
2gx5_A_B,1
2gx5_C_D,1
2gxf_A_B,1
2gxf_C_D,1
2gxs_A_B,1
2gyo_A_B,1
2gz4_A_C,1
2gza_A_B,1
2gza_B_C,1
2h1e_A_B,1
2h39_A_B,1
2h43_A_B,1
2h43_A_C,1
2h43_B_C,1
2h48_A_B,1
2h4c_A_B,1
2h4c_C_D,1
2h4c_E_F,1
2h4c_G_H,1
2h4x_A_B,1
2h4z_A_B,1
2h51_A_B,1
2h54_A_B,1
2h5l_A_B,1
2h5l_A_C,1
2h5l_A_D,1
2h5l_B_C,1
2h5l_B_D,1
2h5l_C_D,1
2h5l_E_F,1
2h5l_E_G,1
2h5l_E_H,1
2h5l_F_G,1
2h5l_F_H,1
2h5l_G_H,1
2h5n_A_B,1
2h5n_A_C,1
2h5n_C_D,1
2h5x_A_B,1
2h5x_A_D,1
2h5x_B_C,1
2h5x_C_D,1
2h5y_A_B,1
2h7y_A_B,1
2h84_A_B,1
2h88_N_O,1
2h88_O_P,1
2h88_O_Q,1
2h88_P_Q,1
2h98_A_B,1
2h9b_A_B,1
2h9c_A_B,1
2h9d_A_B,1
2h9d_A_C,1
2h9d_A_D,1
2h9d_B_C,1
2h9d_B_D,1
2h9d_C_D,1
2ha9_A_B,1
2hae_A_B,1
2hae_A_C,1
2hae_A_D,1
2hae_B_C,1
2hae_B_D,1
2hae_C_D,1
2han_A_B,1
2haw_A_B,1
2hax_A_B,1
2hay_A_B,1
2hay_C_D,1
2hb6_A_B,1
2hbq_A_B,1
2hbr_A_B,1
2hbv_A_B,1
2hby_A_B,1
2hbz_A_B,1
2hc0_A_B,1
2hd0_A_B,1
2hd0_C_D,1
2hd0_E_F,1
2hd0_G_H,1
2hd0_I_J,1
2hdi_A_B,1
2hek_A_B,1
2hev_F_R,1
2hez_A_B,1
2hfo_A_B,1
2hfo_A_C,1
2hfo_A_I,1
2hfo_B_D,1
2hfo_B_J,1
2hfo_C_D,1
2hfo_C_E,1
2hfo_D_F,1
2hfo_E_F,1
2hfo_E_G,1
2hfo_F_H,1
2hfo_G_H,1
2hfo_G_I,1
2hfo_H_J,1
2hfo_I_J,1
2hg3_H_L,1
2hg3_H_M,1
2hg3_L_M,1
2hg9_H_L,1
2hg9_H_M,1
2hg9_L_M,1
2hgw_A_B,1
2hh9_A_B,1
2hhf_A_B,1
2hhm_A_B,1
2hi1_A_B,1
2him_A_B,1
2him_A_C,1
2him_B_D,1
2him_C_D,1
2hiq_A_B,1
2hit_H_L,1
2hit_H_M,1
2hit_L_M,1
2hj0_A_B,1
2hj1_A_B,1
2hj6_H_L,1
2hj6_H_M,1
2hj6_L_M,1
2hjm_A_B,1
2hjm_A_C,1
2hjm_C_D,1
2hjr_A_B,1
2hjr_A_C,1
2hjr_A_D,1
2hjr_B_C,1
2hjr_B_D,1
2hjr_C_D,1
2hjr_E_F,1
2hjr_G_H,1
2hjr_I_J,1
2hjr_I_K,1
2hjr_I_L,1
2hjr_J_K,1
2hjr_J_L,1
2hjr_K_L,1
2hk2_A_B,1
2hk3_A_B,1
2hl1_A_B,1
2hln_A_B,1
2hln_A_E,1
2hln_A_F,1
2hln_B_E,1
2hln_B_F,1
2hln_E_F,1
2hmf_A_B,1
2hmf_A_C,1
2hmf_B_D,1
2hmf_C_D,1
2hmj_A_B,1
2hmn_A_B,1
2hmo_A_B,1
2hmz_C_D,1
2hne_A_B,1
2hne_C_D,1
2hnu_C_D,1
2hnv_A_B,1
2hnv_C_D,1
2hox_A_B,1
2hox_A_C,1
2hox_C_D,1
2hoy_A_B,1
2hp1_A_B,1
2hp2_A_B,1
2hpa_C_D,1
2hpb_A_B,1
2hpc_A_B,1
2hpc_A_C,1
2hpc_B_C,1
2hpc_D_E,1
2hpc_D_F,1
2hpc_E_F,1
2hpc_G_H,1
2hpc_G_I,1
2hpc_H_I,1
2hpc_J_K,1
2hpc_J_L,1
2hpc_K_L,1
2hpe_A_B,1
2hpf_A_B,1
2hq5_A_B,1
2hq5_D_E,1
2hq9_A_B,1
2hqm_A_B,1
2hqu_A_B,1
2hqu_A_C,1
2hqu_B_C,1
2hqx_A_B,1
2hr3_A_B,1
2hr3_C_D,1
2hr5_A_B,1
2hrd_A_E,1
2hrd_A_F,1
2hrd_B_D,1
2hrd_B_F,1
2hrd_C_D,1
2hrd_C_E,1
2hre_A_B,1
2hre_C_D,1
2hs2_A_B,1
2hsd_A_B,1
2hsd_A_C,1
2hsd_A_D,1
2hsd_B_C,1
2hsd_B_D,1
2hsd_C_D,1
2hsw_A_B,1
2ht0_A_B,1
2hte_B_C,1
2htm_A_B,1
2htm_A_D,1
2htm_A_E,1
2htm_B_C,1
2htm_B_F,1
2htm_C_D,1
2htm_C_G,1
2htm_D_H,1
2hwc_1_2,1
2hwc_1_3,1
2hwc_2_3,1
2hwc_3_4,1
2hwg_A_B,1
2hwj_A_B,1
2hwj_A_C,1
2hwj_A_D,1
2hwj_B_C,1
2hwj_B_D,1
2hwj_C_D,1
2hwj_E_F,1
2hx3_A_B,1
2hxi_A_B,1
2hyd_A_B,1
2hyf_C_D,1
2hyi_A_B,1
2hyi_A_C,1
2hyi_A_D,1
2hyi_C_D,1
2hyi_G_H,1
2hyi_G_I,1
2hyi_G_J,1
2hyi_I_J,1
2hyq_A_B,1
2hyx_A_B,1
2hzb_A_B,1
2hzk_A_B,1
2hzk_C_D,1
2hzt_A_B,1
2hzt_C_D,1
2hzy_A_B,1
2i02_A_B,1
2i04_A_B,1
2i0u_A_E,1
2i10_A_B,1
2i1a_A_B,1
2i1a_C_D,1
2i1w_A_B,1
2i1w_A_C,1
2i1w_B_D,1
2i1w_C_D,1
2i2o_A_B,1
2i2x_A_B,1
2i2x_A_C,1
2i2x_A_D,1
2i2x_B_C,1
2i2x_C_D,1
2i2x_E_F,1
2i2x_E_G,1
2i2x_E_H,1
2i2x_F_G,1
2i2x_G_H,1
2i2x_I_J,1
2i2x_I_K,1
2i2x_I_L,1
2i2x_J_K,1
2i2x_K_L,1
2i2x_M_N,1
2i2x_M_O,1
2i2x_M_P,1
2i2x_N_O,1
2i2x_O_P,1
2i33_A_B,1
2i39_A_B,1
2i39_C_D,1
2i3a_A_C,1
2i3a_A_D,1
2i3a_B_C,1
2i3d_A_B,1
2i3g_A_B,1
2i3o_A_B,1
2i3o_C_D,1
2i3p_A_B,1
2i3t_A_B,1
2i3t_C_D,1
2i3t_E_F,1
2i3t_G_H,1
2i3w_A_B,1
2i3z_A_B,1
2i4d_A_B,1
2i4n_A_B,1
2i4o_A_B,1
2i4r_A_B,1
2i4t_A_B,1
2i4t_A_C,1
2i4v_A_B,1
2i4w_A_B,1
2i4x_A_B,1
2i51_A_B,1
2i52_A_C,1
2i57_A_B,1
2i57_A_C,1
2i57_A_D,1
2i57_B_C,1
2i57_B_D,1
2i57_C_D,1
2i5g_A_B,1
2i5i_A_B,1
2i5n_C_H,1
2i5n_C_L,1
2i5n_C_M,1
2i5n_H_L,1
2i5n_H_M,1
2i5n_L_M,1
2i5q_A_B,1
2i6r_A_B,1
2i6u_A_B,1
2i6u_A_C,1
2i6u_B_C,1
2i8a_A_D,1
2i8a_A_E,1
2i8a_B_C,1
2i8a_B_E,1
2i8a_C_F,1
2i8a_D_F,1
2i8u_A_B,1
2ia0_A_B,1
2ia2_A_C,1
2ia2_A_D,1
2ia2_B_C,1
2ia2_B_D,1
2iaz_A_C,1
2iaz_A_D,1
2iaz_B_C,1
2iaz_B_D,1
2iaz_C_D,1
2ib7_A_B,1
2ib7_A_C,1
2ib7_A_D,1
2ib7_B_C,1
2ib7_B_D,1
2ib7_C_D,1
2ib9_A_B,1
2ib9_A_C,1
2ib9_A_D,1
2ib9_B_C,1
2ib9_B_D,1
2ib9_C_D,1
2ibm_A_B,1
2ibp_A_B,1
2ibw_A_B,1
2ibw_A_C,1
2ibw_A_D,1
2ibw_B_C,1
2ibw_B_D,1
2ibw_C_D,1
2icr_A_D,1
2icr_B_C,1
2id5_A_B,1
2id5_A_D,1
2id5_B_C,1
2id5_C_D,1
2idb_A_B,1
2idb_B_C,1
2idg_B_C,1
2idw_A_B,1
2ie4_A_C,1
2iec_A_B,1
2iec_A_C,1
2iec_A_D,1
2iec_B_C,1
2iec_B_D,1
2iec_C_D,1
2ief_A_B,1
2ief_B_C,1
2ieg_A_B,1
2iel_A_B,1
2ien_A_B,1
2iep_A_B,1
2iex_A_B,1
2iex_A_C,1
2iex_B_C,1
2ifc_A_C,1
2ig3_A_B,1
2ig6_A_B,1
2ig7_A_B,1
2ig9_A_B,1
2ig9_A_C,1
2ig9_A_D,1
2ig9_B_C,1
2ig9_B_D,1
2ig9_C_D,1
2igi_A_B,1
2igm_E_F,1
2igm_E_G,1
2igm_E_H,1
2igm_F_G,1
2igm_F_H,1
2igm_G_H,1
2ihc_C_D,1
2iht_A_B,1
2iht_A_C,1
2iht_B_D,1
2iht_C_D,1
2ihu_A_B,1
2ihu_A_C,1
2ihu_B_D,1
2ihu_C_D,1
2ihv_A_B,1
2ihv_A_C,1
2ihv_B_D,1
2ihv_C_D,1
2ii3_A_B,1
2ii3_A_C,1
2ii3_A_F,1
2ii3_B_C,1
2ii3_D_E,1
2ii3_D_F,1
2ii3_E_F,1
2ii8_A_B,1
2ii8_A_F,1
2ii8_B_H,1
2ii8_C_E,1
2ii8_C_G,1
2ii8_D_E,1
2ii8_D_G,1
2ii8_F_H,1
2iir_E_F,1
2ijz_A_D,1
2ijz_A_E,1
2ijz_A_I,1
2ijz_B_C,1
2ijz_B_D,1
2ijz_B_K,1
2ijz_C_D,1
2ijz_C_F,1
2ijz_E_H,1
2ijz_E_I,1
2ijz_F_G,1
2ijz_F_H,1
2ijz_G_H,1
2ijz_G_J,1
2ijz_I_L,1
2ijz_J_K,1
2ijz_J_L,1
2ijz_K_L,1
2ik9_A_B,1
2ikc_A_B,1
2ikk_A_B,1
2iks_A_B,1
2il3_A_B,1
2imj_A_B,1
2imj_C_D,1
2iml_A_C,1
2iml_B_D,1
2imo_A_B,1
2io0_A_B,1
2io1_A_B,1
2io1_C_D,1
2io1_E_F,1
2io2_A_B,1
2io2_A_C,1
2io7_A_B,1
2io8_A_B,1
2io9_A_B,1
2iq5_A_B,1
2iqf_A_B,1
2iqq_A_B,1
2irw_A_B,1
2irw_G_H,1
2is5_A_B,1
2is5_A_D,1
2is5_B_C,1
2is5_C_D,1
2isj_E_F,1
2isj_G_H,1
2isk_A_B,1
2isk_C_D,1
2isk_E_F,1
2isk_G_H,1
2isl_A_B,1
2iss_A_B,1
2iss_A_D,1
2iss_B_C,1
2iss_B_E,1
2iss_C_F,1
2isv_A_B,1
2itf_C_D,1
2itj_A_B,1
2iu0_A_B,1
2iu3_A_B,1
2iu7_A_B,1
2iu7_A_D,1
2iu7_A_F,1
2iu7_A_I,1
2iu7_A_J,1
2iu7_B_D,1
2iu7_B_E,1
2iu7_B_F,1
2iu7_B_G,1
2iu7_C_E,1
2iu7_C_G,1
2iu7_C_H,1
2iu7_C_I,1
2iu7_C_J,1
2iu7_D_F,1
2iu7_D_I,1
2iu7_D_J,1
2iu7_E_F,1
2iu7_E_G,1
2iu7_E_H,1
2iu7_F_G,1
2iu7_G_H,1
2iu7_H_I,1
2iu7_H_J,1
2iu7_I_J,1
2iu8_A_B,1
2iu8_A_C,1
2iu8_B_C,1
2iub_A_B,1
2iub_A_D,1
2iub_B_C,1
2iub_C_E,1
2iub_D_E,1
2iub_F_G,1
2iub_F_I,1
2iub_G_H,1
2iub_H_J,1
2iub_I_J,1
2iuf_A_E,1
2iun_A_B,1
2iun_A_C,1
2iun_B_C,1
2iun_D_E,1
2iun_D_F,1
2iun_E_F,1
2iuo_A_B,1
2iuo_A_D,1
2iuo_A_F,1
2iuo_A_I,1
2iuo_A_J,1
2iuo_B_D,1
2iuo_B_E,1
2iuo_B_F,1
2iuo_B_G,1
2iuo_C_E,1
2iuo_C_G,1
2iuo_C_H,1
2iuo_C_I,1
2iuo_C_J,1
2iuo_D_F,1
2iuo_D_I,1
2iuo_D_J,1
2iuo_E_F,1
2iuo_E_G,1
2iuo_E_H,1
2iuo_F_G,1
2iuo_G_H,1
2iuo_H_I,1
2iuo_H_J,1
2iuo_I_J,1
2iv0_A_B,1
2ivf_A_B,1
2ivf_B_C,1
2ivg_A_B,1
2ivg_A_D,1
2ivg_A_F,1
2ivg_A_I,1
2ivg_A_J,1
2ivg_B_D,1
2ivg_B_E,1
2ivg_B_F,1
2ivg_B_G,1
2ivg_C_E,1
2ivg_C_G,1
2ivg_C_H,1
2ivg_C_I,1
2ivg_C_J,1
2ivg_D_F,1
2ivg_D_I,1
2ivg_D_J,1
2ivg_E_F,1
2ivg_E_G,1
2ivg_E_H,1
2ivg_F_G,1
2ivg_G_H,1
2ivg_H_I,1
2ivg_H_J,1
2ivg_I_J,1
2ivm_A_B,1
2ivo_A_B,1
2iw2_A_B,1
2iw3_A_B,1
2iwh_A_B,1
2iwp_A_B,1
2iwz_A_B,1
2ix3_A_B,1
2ixc_A_B,1
2ixe_A_D,1
2iy0_A_B,1
2iy0_A_C,1
2iy4_A_C,1
2iy4_A_E,1
2iy4_A_H,1
2iy4_A_I,1
2iy4_A_K,1
2iy4_B_D,1
2iy4_B_F,1
2iy4_B_G,1
2iy4_B_J,1
2iy4_B_L,1
2iy4_C_E,1
2iy4_C_H,1
2iy4_C_J,1
2iy4_C_L,1
2iy4_D_F,1
2iy4_D_G,1
2iy4_D_I,1
2iy4_D_K,1
2iy4_E_G,1
2iy4_E_I,1
2iy4_E_L,1
2iy4_F_H,1
2iy4_F_J,1
2iy4_F_K,1
2iy4_G_I,1
2iy4_G_L,1
2iy4_H_J,1
2iy4_H_K,1
2iy4_I_K,1
2iy4_J_L,1
2iy4_M_O,1
2iy4_M_Q,1
2iy4_M_T,1
2iy4_M_U,1
2iy4_M_X,1
2iy4_N_P,1
2iy4_N_R,1
2iy4_N_S,1
2iy4_N_V,1
2iy4_N_Y,1
2iy4_O_Q,1
2iy4_O_T,1
2iy4_O_V,1
2iy4_O_Y,1
2iy4_P_R,1
2iy4_P_S,1
2iy4_P_U,1
2iy4_P_X,1
2iy4_Q_S,1
2iy4_Q_U,1
2iy4_Q_Y,1
2iy4_R_T,1
2iy4_R_V,1
2iy4_R_X,1
2iy4_S_U,1
2iy4_S_Y,1
2iy4_T_V,1
2iy4_T_X,1
2iy4_U_X,1
2iy4_V_Y,1
2iyb_B_F,1
2iyb_C_G,1
2iyc_A_B,1
2iz0_A_B,1
2iz5_A_B,1
2iz5_A_D,1
2iz5_B_C,1
2iz5_C_D,1
2iz6_A_B,1
2iz7_A_B,1
2izn_A_B,1
2izn_A_C,1
2izo_A_C,1
2izo_B_C,1
2izv_A_C,1
2izv_B_C,1
2j04_A_B,1
2j04_C_D,1
2j05_A_B,1
2j0f_B_D,1
2j0g_D_E,1
2j0g_D_F,1
2j0g_E_F,1
2j0h_A_B,1
2j0h_A_C,1
2j0h_B_C,1
2j0h_D_E,1
2j0h_D_F,1
2j0h_E_F,1
2j0q_A_C,1
2j0q_A_T,1
2j0q_B_F,1
2j0q_B_I,1
2j0q_C_D,1
2j0q_C_T,1
2j0q_F_G,1
2j0q_F_I,1
2j0y_A_B,1
2j0y_A_C,1
2j0y_B_C,1
2j1p_A_B,1
2j27_A_B,1
2j2f_A_F,1
2j2j_A_B,1
2j2j_A_D,1
2j2j_B_D,1
2j2j_C_E,1
2j2j_C_F,1
2j2j_E_F,1
2j2p_A_B,1
2j2p_A_C,1
2j2p_B_C,1
2j3f_A_B,1
2j3f_A_C,1
2j3f_B_C,1
2j3g_D_E,1
2j3g_D_F,1
2j3g_E_F,1
2j3i_A_B,1
2j3j_A_B,1
2j3l_A_B,1
2j3n_A_B,1
2j3n_C_D,1
2j3n_E_F,1
2j3o_A_B,1
2j3o_A_C,1
2j3o_B_C,1
2j3o_D_E,1
2j3o_D_F,1
2j3o_E_F,1
2j40_A_B,1
2j4e_A_B,1
2j4e_F_G,1
2j4j_A_B,1
2j4j_A_C,1
2j4j_A_E,1
2j4j_A_F,1
2j4j_B_C,1
2j4j_B_F,1
2j4j_C_D,1
2j4j_D_E,1
2j4j_E_F,1
2j4l_A_B,1
2j4l_A_C,1
2j4l_A_E,1
2j4l_B_C,1
2j4l_B_D,1
2j4l_B_E,1
2j4l_C_D,1
2j4l_D_E,1
2j4l_D_F,1
2j4l_E_F,1
2j4l_G_H,1
2j4l_G_I,1
2j4l_G_K,1
2j4l_G_L,1
2j4l_H_I,1
2j4l_H_J,1
2j4l_H_K,1
2j4l_I_J,1
2j4l_I_L,1
2j4l_J_K,1
2j4l_J_L,1
2j4l_K_L,1
2j4u_P_Q,1
2j4u_P_R,1
2j4u_Q_R,1
2j4u_U_V,1
2j4u_U_W,1
2j4u_V_W,1
2j5b_A_B,1
2j5i_A_B,1
2j5i_A_C,1
2j5i_A_E,1
2j5i_A_F,1
2j5i_B_C,1
2j5i_B_D,1
2j5i_B_E,1
2j5i_C_D,1
2j5i_C_F,1
2j5i_D_E,1
2j5i_D_F,1
2j5i_E_F,1
2j5i_G_H,1
2j5i_G_I,1
2j5i_G_K,1
2j5i_G_L,1
2j5i_H_I,1
2j5i_H_J,1
2j5i_H_K,1
2j5i_I_J,1
2j5i_I_L,1
2j5i_J_K,1
2j5i_J_L,1
2j5i_K_L,1
2j5q_A_B,1
2j5q_A_D,1
2j5q_B_C,1
2j5q_C_D,1
2j5r_A_B,1
2j5r_A_D,1
2j5r_B_C,1
2j5r_C_D,1
2j5s_A_B,1
2j64_A_B,1
2j64_A_C,1
2j64_B_C,1
2j6h_A_B,1
2j6i_A_D,1
2j6l_E_F,1
2j6l_E_G,1
2j6l_E_H,1
2j6l_F_G,1
2j6l_F_H,1
2j6l_G_H,1
2j6r_A_B,1
2j6x_E_F,1
2j6x_E_G,1
2j6x_F_H,1
2j6x_G_H,1
2j6y_C_D,1
2j73_A_B,1
2j7a_A_B,1
2j7a_A_C,1
2j7a_A_D,1
2j7a_A_F,1
2j7a_B_C,1
2j7a_C_D,1
2j7a_C_F,1
2j7a_D_E,1
2j7a_D_F,1
2j7a_E_F,1
2j7n_A_B,1
2j83_A_B,1
2j8c_H_L,1
2j8c_H_M,1
2j8c_L_M,1
2j8n_A_B,1
2j8q_A_B,1
2j91_A_B,1
2j91_A_C,1
2j91_A_D,1
2j91_B_C,1
2j91_B_D,1
2j91_C_D,1
2j9d_A_B,1
2j9d_A_C,1
2j9d_B_C,1
2j9f_A_B,1
2j9f_A_C,1
2j9f_A_D,1
2j9f_B_C,1
2j9f_B_D,1
2j9f_C_D,1
2jb3_A_B,1
2jb7_A_B,1
2jb7_A_C,1
2jb7_B_C,1
2jbm_A_B,1
2jbm_A_C,1
2jbm_A_D,1
2jbm_A_F,1
2jbm_B_C,1
2jbm_B_E,1
2jbm_B_F,1
2jbm_C_D,1
2jbm_C_E,1
2jbm_D_E,1
2jbm_D_F,1
2jbm_E_F,1
2jbm_G_H,1
2jbm_G_I,1
2jbm_G_J,1
2jbm_G_L,1
2jbm_H_I,1
2jbm_H_K,1
2jbm_H_L,1
2jbm_I_J,1
2jbm_I_K,1
2jbm_J_K,1
2jbm_J_L,1
2jbm_K_L,1
2jbs_A_B,1
2jbs_A_D,1
2jbs_B_C,1
2jbs_C_D,1
2jd1_A_B,1
2jd3_A_B,1
2jd7_A_C,1
2jd7_A_D,1
2jd7_A_S,1
2jd7_A_U,1
2jd7_A_W,1
2jd7_B_E,1
2jd7_B_T,1
2jd7_B_U,1
2jd7_B_W,1
2jd7_C_D,1
2jd7_C_U,1
2jd7_C_V,1
2jd7_D_S,1
2jd7_D_V,1
2jd7_E_W,1
2jd7_E_X,1
2jd7_F_S,1
2jd7_F_X,1
2jd7_S_W,1
2jd7_S_X,1
2jd7_T_U,1
2jd7_W_X,1
2jdh_A_B,1
2jdh_A_D,1
2jdh_B_C,1
2jdh_C_D,1
2jdm_A_B,1
2jdm_A_D,1
2jdm_B_C,1
2jdm_C_D,1
2jdp_A_B,1
2jdp_A_D,1
2jdp_B_C,1
2jdp_C_D,1
2jdy_A_B,1
2jdy_A_D,1
2jdy_B_C,1
2jdy_C_D,1
2jea_A_B,1
2jea_A_I,1
2jeb_A_B,1
2jeb_A_I,1
2jee_A_B,1
2jer_A_B,1
2jer_A_E,1
2jer_A_F,1
2jer_B_F,1
2jer_C_D,1
2jer_C_G,1
2jer_C_H,1
2jer_D_G,1
2jer_D_H,1
2jer_E_F,1
2jer_G_H,1
2jes_A_W,1
2jes_A_Y,1
2jes_C_G,1
2jes_E_G,1
2jes_G_I,1
2jes_I_K,1
2jes_K_M,1
2jfc_A_D,1
2jfc_A_E,1
2jfc_B_C,1
2jfc_B_F,1
2jfc_C_F,1
2jfc_D_E,1
2jfp_A_B,1
2jfq_A_B,1
2jg1_A_D,1
2jg9_A_B,1
2jg9_A_C,1
2jg9_B_C,1
2jg9_D_E,1
2jg9_D_F,1
2jg9_E_F,1
2jgq_A_B,1
2jgs_A_B,1
2jgs_A_D,1
2jgs_B_C,1
2jgs_C_D,1
2jgv_A_D,1
2jgv_B_C,1
2jgy_A_B,1
2jhe_A_B,1
2ji1_A_B,1
2ji1_C_D,1
2ji2_A_B,1
2ji2_C_D,1
2ji3_A_B,1
2jif_A_B,1
2jif_A_C,1
2jif_B_D,1
2jif_C_D,1
2jj2_A_D,1
2jj2_A_E,1
2jj2_A_G,1
2jj2_B_E,1
2jj2_B_F,1
2jj2_C_D,1
2jj2_C_F,1
2jj2_D_G,1
2jj2_F_G,1
2jj4_A_C,1
2jj4_A_F,1
2jj4_B_E,1
2jj4_C_D,1
2jj4_D_E,1
2jj7_A_B,1
2jjm_A_B,1
2jjm_A_C,1
2jjm_C_D,1
2jjm_E_F,1
2jjm_E_H,1
2jjm_F_G,1
2jjm_G_H,1
2jjm_I_J,1
2jjm_J_L,1
2jjm_K_L,1
2jjt_A_C,1
2jjy_A_C,1
2jjy_B_D,1
2jjy_C_D,1
2jk0_A_B,1
2jk0_A_C,1
2jk0_A_D,1
2jk0_B_C,1
2jk0_B_D,1
2jk0_C_D,1
2jk0_E_F,1
2jk0_E_G,1
2jk0_E_H,1
2jk0_F_G,1
2jk0_F_H,1
2jk0_G_H,1
2jk2_A_B,1
2jk6_A_B,1
2jka_A_B,1
2jkt_A_B,1
2jkt_A_M,1
2jkt_A_S,1
2jkt_B_M,1
2jkt_M_S,1
2jkv_A_B,1
2jkv_C_D,1
2jkv_E_F,1
2jld_A_B,1
2kmb_1_2,1
2kmb_1_3,1
2kmb_2_3,1
2ldb_A_B,1
2ldb_A_C,1
2ldb_A_D,1
2ldb_B_C,1
2ldb_B_D,1
2ldb_C_D,1
2ldx_A_B,1
2ldx_A_C,1
2ldx_A_D,1
2ldx_B_C,1
2ldx_B_D,1
2ldx_C_D,1
2lig_A_B,1
2ljr_A_B,1
2lyn_A_B,1
2lyn_A_C,1
2lyn_A_D,1
2lyn_C_D,1
2mjp_A_B,1
2mll_A_B,1
2nck_L_R,1
2nli_A_B,1
2nll_A_B,1
2nlx_A_B,1
2nnf_A_B,1
2nnh_A_B,1
2nnw_A_B,1
2nnw_C_D,1
2np5_B_D,1
2np9_A_B,1
2np9_A_C,1
2np9_B_C,1
2npp_D_E,1
2npp_D_F,1
2npp_E_F,1
2nps_A_B,1
2nps_A_C,1
2nps_A_D,1
2nps_B_C,1
2nps_B_D,1
2nps_C_D,1
2npt_B_C,1
2nq2_A_B,1
2nq2_A_C,1
2nq2_B_D,1
2nq2_C_D,1
2nqa_A_B,1
2nql_A_B,1
2nqm_A_B,1
2nqo_A_B,1
2nqp_A_B,1
2nqp_C_D,1
2nqq_A_B,1
2nqr_A_B,1
2nqu_A_B,1
2nqv_A_B,1
2ns1_A_B,1
2ns7_A_B,1
2ns7_C_D,1
2nu6_A_B,1
2nu6_D_E,1
2nu7_A_B,1
2nu7_D_E,1
2nu8_A_B,1
2nu8_D_E,1
2nu9_D_E,1
2nu9_D_I,1
2nu9_E_H,1
2nu9_H_I,1
2nua_A_B,1
2nua_D_E,1
2nue_A_B,1
2nuf_A_B,1
2nuj_A_B,1
2nuo_A_B,1
2nut_A_B,1
2nut_A_C,1
2nut_B_C,1
2nuu_A_B,1
2nuu_A_C,1
2nuu_A_E,1
2nuu_A_G,1
2nuu_A_I,1
2nuu_B_C,1
2nuu_B_D,1
2nuu_B_G,1
2nuu_B_H,1
2nuu_C_F,1
2nuu_C_H,1
2nuu_C_I,1
2nuu_D_E,1
2nuu_D_F,1
2nuu_D_J,1
2nuu_D_L,1
2nuu_E_F,1
2nuu_E_J,1
2nuu_E_K,1
2nuu_F_K,1
2nuu_F_L,1
2nuu_G_H,1
2nuu_G_I,1
2nuu_H_I,1
2nuu_J_K,1
2nuu_J_L,1
2nuu_K_L,1
2nv4_A_B,1
2nv7_A_B,1
2nv9_A_B,1
2nv9_E_F,1
2nva_A_B,1
2nva_C_D,1
2nva_E_F,1
2nva_G_H,1
2nvl_A_B,1
2nvl_A_C,1
2nvl_A_I,1
2nvl_A_J,1
2nvl_B_C,1
2nvl_B_D,1
2nvl_B_J,1
2nvl_C_D,1
2nvl_C_E,1
2nvl_D_E,1
2nvl_D_F,1
2nvl_E_F,1
2nvl_E_G,1
2nvl_F_G,1
2nvl_F_H,1
2nvl_G_H,1
2nvl_G_I,1
2nvl_H_I,1
2nvl_H_J,1
2nvl_I_J,1
2nvq_A_B,1
2nvq_A_C,1
2nvq_A_E,1
2nvq_A_F,1
2nvq_A_H,1
2nvq_A_I,1
2nvq_A_K,1
2nvq_B_C,1
2nvq_B_I,1
2nvq_B_J,1
2nvq_B_K,1
2nvq_B_L,1
2nvq_C_J,1
2nvq_C_K,1
2nvq_C_L,1
2nvv_A_B,1
2nvv_C_D,1
2nvv_E_F,1
2nvw_A_B,1
2nvy_A_B,1
2nvy_A_C,1
2nvy_A_E,1
2nvy_A_F,1
2nvy_A_H,1
2nvy_A_I,1
2nvy_A_K,1
2nvy_B_C,1
2nvy_B_I,1
2nvy_B_J,1
2nvy_B_K,1
2nvy_B_L,1
2nvy_C_J,1
2nvy_C_K,1
2nvy_C_L,1
2nw9_A_B,1
2nwa_A_B,1
2nwa_A_C,1
2nwa_B_D,1
2nwa_C_D,1
2nwa_E_F,1
2nwa_E_G,1
2nwa_F_H,1
2nwa_G_H,1
2nwb_A_B,1
2nwi_A_B,1
2nwi_C_D,1
2nwr_A_B,1
2nws_A_B,1
2nye_A_B,1
2nyg_C_D,1
2nys_A_B,1
2nyx_C_D,1
2nzc_A_B,1
2nzc_A_C,1
2nzc_B_D,1
2nzc_C_D,1
2nzt_A_B,1
2nzx_A_B,1
2o05_A_B,1
2o0t_A_B,1
2o0t_C_D,1
2o0y_A_B,1
2o0y_B_D,1
2o0y_C_D,1
2o16_A_B,1
2o18_A_C,1
2o18_B_C,1
2o18_B_D,1
2o1x_A_B,1
2o1z_A_B,1
2o26_A_B,1
2o26_A_X,1
2o26_B_Y,1
2o26_E_F,1
2o26_E_U,1
2o26_F_W,1
2o2a_A_B,1
2o2c_B_C,1
2o2r_A_B,1
2o2r_A_C,1
2o2r_A_D,1
2o2r_B_C,1
2o2r_B_D,1
2o2r_C_D,1
2o2s_A_B,1
2o2v_A_B,1
2o2y_A_B,1
2o2y_A_C,1
2o2y_A_D,1
2o2y_B_C,1
2o2y_B_D,1
2o2y_C_D,1
2o38_A_B,1
2o3a_A_B,1
2o3i_A_B,1
2o3z_A_B,1
2o4c_A_B,1
2o4g_A_C,1
2o4g_B_D,1
2o4m_A_B,1
2o4m_C_P,1
2o4n_A_B,1
2o4p_A_B,1
2o4q_A_B,1
2o4q_K_P,1
2o50_A_B,1
2o53_A_B,1
2o5a_A_B,1
2o5u_A_B,1
2o6c_A_B,1
2o6d_A_B,1
2o6m_A_B,1
2o73_A_B,1
2o73_C_D,1
2o73_E_F,1
2o78_E_F,1
2o78_E_H,1
2o78_F_G,1
2o78_G_H,1
2o7d_A_B,1
2o7d_A_D,1
2o7d_B_C,1
2o7d_C_D,1
2o7d_E_F,1
2o7d_E_H,1
2o7d_F_G,1
2o7d_G_H,1
2o7e_E_F,1
2o7e_E_H,1
2o7e_F_G,1
2o7e_G_H,1
2o7f_E_F,1
2o7f_E_H,1
2o7f_F_G,1
2o7f_G_H,1
2o8a_B_J,1
2o8b_A_B,1
2o8x_A_B,1
2o8x_A_C,1
2o8x_B_C,1
2o93_L_M,1
2o94_A_B,1
2o94_A_C,1
2o94_A_D,1
2o94_B_C,1
2o94_B_D,1
2o94_C_D,1
2o96_A_B,1
2o97_A_B,1
2o99_A_D,1
2o99_B_C,1
2o9a_A_D,1
2o9a_B_C,1
2oa5_A_B,1
2oa6_A_B,1
2oa6_A_C,1
2oa6_A_D,1
2oa6_B_C,1
2oa6_B_D,1
2oa6_C_D,1
2oa7_A_B,1
2oac_A_B,1
2oaf_A_B,1
2oap_1_2,1
2oaq_1_2,1
2oba_A_B,1
2oba_A_C,1
2oba_A_D,1
2oba_B_C,1
2oba_B_F,1
2oba_C_E,1
2oba_D_E,1
2oba_D_F,1
2oba_E_F,1
2obe_A_B,1
2obe_A_C,1
2obe_B_C,1
2obf_A_B,1
2obk_A_B,1
2obk_A_D,1
2obk_B_C,1
2obk_C_D,1
2obk_E_F,1
2obk_E_H,1
2obk_F_G,1
2obk_G_H,1
2oc0_A_C,1
2oc1_A_C,1
2ocf_A_D,1
2ocp_A_B,1
2ocp_C_D,1
2ocp_E_F,1
2ocp_G_H,1
2od6_A_B,1
2od6_C_D,1
2odf_E_G,1
2odo_A_B,1
2odo_C_D,1
2oe1_A_B,1
2oej_A_B,1
2oer_A_B,1
2of9_A_B,1
2ofc_A_B,1
2ofd_A_B,1
2ofe_A_B,1
2ofx_A_B,1
2ogd_A_B,1
2ogf_A_B,1
2ogf_A_C,1
2ogf_A_D,1
2ogf_B_C,1
2ogf_B_D,1
2ogf_C_D,1
2ogk_A_D,1
2ogk_B_D,1
2ogk_C_D,1
2ohd_A_B,1
2ohd_A_C,1
2ohd_A_D,1
2ohd_B_C,1
2ohd_B_F,1
2ohd_C_E,1
2ohd_D_E,1
2ohd_D_F,1
2ohd_E_F,1
2ohi_A_B,1
2ohi_A_D,1
2ohi_B_E,1
2ohi_D_E,1
2ohi_G_H,1
2ohi_G_I,1
2ohi_H_J,1
2ohi_I_J,1
2oie_A_B,1
2oie_A_C,1
2oie_A_D,1
2oie_B_C,1
2oie_B_D,1
2oie_C_D,1
2oif_A_F,1
2oj5_A_B,1
2oj5_A_C,1
2oj5_B_C,1
2oj5_D_E,1
2oj5_D_F,1
2oj5_E_F,1
2oj6_D_E,1
2oj6_D_F,1
2oj6_E_F,1
2ojl_A_B,1
2ojp_A_B,1
2ojw_A_B,1
2ojw_A_E,1
2ojw_B_C,1
2ojw_C_D,1
2ojw_D_E,1
2oka_A_B,1
2oka_A_D,1
2oka_B_C,1
2oka_C_D,1
2okb_A_B,1
2okb_A_C,1
2okb_B_C,1
2okd_A_B,1
2okd_A_C,1
2okd_B_C,1
2oke_A_B,1
2oke_A_C,1
2oke_B_C,1
2oki_A_B,1
2okj_A_B,1
2oku_A_B,1
2ol1_A_B,1
2ol1_A_C,1
2ol1_B_C,1
2olp_A_B,1
2om6_A_B,1
2ome_A_B,1
2ome_C_D,1
2ome_E_F,1
2ome_G_H,1
2omo_A_H,1
2omo_B_C,1
2omo_D_G,1
2omo_E_F,1
2omv_A_B,1
2omw_A_B,1
2omz_A_B,1
2op1_A_B,1
2op9_A_B,1
2opb_A_B,1
2oph_A_B,1
2opk_A_B,1
2opk_C_D,1
2opo_C_D,1
2oqe_C_D,1
2oqe_E_F,1
2oqg_A_B,1
2oqg_A_C,1
2oqg_B_D,1
2oqg_C_D,1
2oqh_B_D,1
2oqy_A_B,1
2oqy_A_D,1
2oqy_A_F,1
2oqy_A_G,1
2oqy_B_C,1
2oqy_B_F,1
2oqy_B_G,1
2oqy_C_E,1
2oqy_C_G,1
2oqy_C_H,1
2oqy_D_E,1
2oqy_D_F,1
2oqy_D_H,1
2oqy_E_F,1
2oqy_E_H,1
2oqy_G_H,1
2or0_A_B,1
2or1_L_R,1
2or2_A_B,1
2or3_A_B,1
2ori_A_B,1
2ork_A_B,1
2ork_A_C,1
2ork_B_C,1
2orw_A_B,1
2ost_A_B,1
2ost_A_C,1
2ost_A_D,1
2ost_B_C,1
2ost_B_D,1
2ost_C_D,1
2oto_A_B,1
2oto_C_D,1
2otx_A_B,1
2ou4_A_D,1
2ou4_B_C,1
2ouw_A_B,1
2oux_A_B,1
2ovl_A_B,1
2ovl_C_D,1
2owg_A_B,1
2owk_A_B,1
2owp_A_B,1
2owu_A_B,1
2ox1_A_B,1
2ox4_A_B,1
2ox4_A_C,1
2ox4_A_F,1
2ox4_A_H,1
2ox4_B_C,1
2ox4_B_G,1
2ox4_B_H,1
2ox4_C_D,1
2ox4_C_G,1
2ox4_D_E,1
2ox4_D_F,1
2ox4_D_G,1
2ox4_E_F,1
2ox4_E_G,1
2ox4_E_H,1
2ox4_F_H,1
2ox5_E_F,1
2oxh_A_B,1
2oxh_C_D,1
2oxh_E_F,1
2oxh_Y_Z,1
2oy9_A_B,1
2oyi_A_B,1
2oyi_A_C,1
2oyi_B_C,1
2oyi_D_E,1
2oyi_D_F,1
2oyi_E_F,1
2oyo_A_B,1
2oyy_A_B,1
2oz1_A_B,1
2oz1_C_D,1
2oz1_E_F,1
2oz1_G_H,1
2oz8_A_B,1
2ozl_A_B,1
2ozl_A_C,1
2ozl_A_D,1
2ozl_B_C,1
2ozl_B_D,1
2ozl_C_D,1
2p04_A_B,1
2p06_A_B,1
2p0a_A_B,1
2p0g_A_B,1
2p0g_A_D,1
2p0g_B_C,1
2p0g_C_D,1
2p0u_A_B,1
2p0v_A_B,1
2p11_A_B,1
2p1m_A_B,1
2p1o_A_B,1
2p1p_A_B,1
2p1q_A_B,1
2p1z_A_B,1
2p2o_D_E,1
2p2o_D_F,1
2p2o_E_F,1
2p2s_A_B,1
2p4b_A_B,1
2p4p_A_B,1
2p4s_A_B,1
2p4s_A_C,1
2p4s_B_C,1
2p4z_A_B,1
2p50_A_B,1
2p5f_A_B,1
2p5l_C_D,1
2p5m_A_B,1
2p5m_A_C,1
2p5m_B_C,1
2p5t_A_B,1
2p5t_A_C,1
2p5t_C_D,1
2p5u_A_D,1
2p5v_A_B,1
2p5v_A_C,1
2p5v_A_D,1
2p5v_A_G,1
2p5v_B_D,1
2p5v_B_G,1
2p5v_B_H,1
2p5v_C_D,1
2p5v_C_E,1
2p5v_C_F,1
2p5v_D_F,1
2p5v_E_F,1
2p5v_E_G,1
2p5v_E_H,1
2p5v_F_H,1
2p5v_G_H,1
2p63_A_B,1
2p63_B_D,1
2p63_C_D,1
2p6k_A_B,1
2p7h_A_B,1
2p7h_A_C,1
2p7h_A_D,1
2p7h_B_C,1
2p7h_B_D,1
2p7h_C_D,1
2p7k_A_B,1
2p7l_A_B,1
2p7l_C_D,1
2p7p_A_B,1
2p7q_A_B,1
2p7q_C_D,1
2p7q_E_F,1
2p7v_A_B,1
2p88_A_B,1
2p88_A_E,1
2p88_A_F,1
2p88_A_G,1
2p88_B_F,1
2p88_B_G,1
2p88_B_H,1
2p88_C_D,1
2p88_C_E,1
2p88_C_G,1
2p88_C_H,1
2p88_D_E,1
2p88_D_F,1
2p88_D_H,1
2p88_E_F,1
2p88_G_H,1
2p8i_A_B,1
2p8i_C_D,1
2p8s_A_B,1
2p8u_A_B,1
2p9m_A_B,1
2p9x_A_B,1
2p9x_A_C,1
2p9x_A_D,1
2p9x_B_C,1
2p9x_B_D,1
2p9x_C_D,1
2pa6_A_B,1
2pa8_D_L,1
2paf_A_B,1
2pah_A_B,1
2paq_A_B,1
2pb0_A_B,1
2pb6_A_B,1
2pbj_A_B,1
2pbj_C_D,1
2pbz_A_B,1
2pbz_A_C,1
2pbz_B_C,1
2pd1_A_C,1
2pd1_B_D,1
2pd6_A_B,1
2pd6_A_D,1
2pd6_B_C,1
2pd6_C_D,1
2pda_A_B,1
2peb_A_B,1
2pek_A_B,1
2pek_C_D,1
2pek_E_F,1
2pel_A_B,1
2pel_A_D,1
2pel_B_C,1
2pel_C_D,1
2pey_A_B,1
2pez_A_B,1
2pfk_C_D,1
2pfm_A_B,1
2pg0_A_B,1
2pg1_C_D,1
2pg1_E_H,1
2pga_A_E,1
2pga_A_F,1
2pga_B_D,1
2pga_B_F,1
2pga_C_D,1
2pga_C_E,1
2pgn_A_B,1
2pgo_A_B,1
2pgw_A_B,1
2pgw_A_E,1
2pgw_A_F,1
2pgw_A_G,1
2pgw_B_C,1
2pgw_B_F,1
2pgw_B_G,1
2pgw_C_D,1
2pgw_C_F,1
2pgw_C_H,1
2pgw_D_E,1
2pgw_D_G,1
2pgw_D_H,1
2pgw_E_G,1
2pgw_E_H,1
2pgw_F_H,1
2ph3_A_B,1
2ph9_A_B,1
2ph9_A_E,1
2ph9_B_C,1
2ph9_C_D,1
2ph9_D_E,1
2phd_A_C,1
2phd_A_D,1
2phd_B_C,1
2phd_B_D,1
2phx_A_B,1
2pi2_C_G,1
2pi2_D_H,1
2pij_A_B,1
2pin_A_B,1
2pjs_A_B,1
2pju_A_B,1
2pjw_H_V,1
2pk2_A_B,1
2pk2_A_D,1
2pk2_B_C,1
2pk2_C_D,1
2pk3_A_B,1
2pk5_A_B,1
2pk6_A_B,1
2pkg_A_C,1
2pkg_B_D,1
2pkh_A_B,1
2pkh_B_D,1
2pkh_C_D,1
2pkh_E_F,1
2pkh_F_H,1
2pkh_G_H,1
2pkr_H_I,1
2pkr_H_L,1
2pkr_H_M,1
2pkr_I_L,1
2pkr_I_M,1
2pkr_L_M,1
2pkr_O_P,1
2pkr_O_Q,1
2pkr_O_R,1
2pkr_P_Q,1
2pkr_P_R,1
2pkr_Q_R,1
2pkx_A_B,1
2pl7_A_B,1
2plr_A_B,1
2plv_1_2,1
2plv_1_3,1
2plv_2_4,1
2plv_3_4,1
2pm7_A_B,1
2pm7_A_C,1
2pm7_C_D,1
2pmt_A_B,1
2pmt_C_D,1
2pmy_A_B,1
2pn0_A_D,1
2pn0_B_C,1
2pnc_A_B,1
2pnz_A_B,1
2po2_A_B,1
2poz_A_B,1
2poz_A_D,1
2poz_A_E,1
2poz_A_F,1
2poz_B_C,1
2poz_B_F,1
2poz_B_H,1
2poz_C_D,1
2poz_C_G,1
2poz_C_H,1
2poz_D_E,1
2poz_D_G,1
2poz_E_F,1
2poz_E_G,1
2poz_F_H,1
2poz_G_H,1
2pp0_B_C,1
2pp1_A_B,1
2pp1_C_E,1
2pp1_D_F,1
2pp7_A_B,1
2pp7_A_C,1
2pp7_B_C,1
2ppa_A_B,1
2ppa_A_C,1
2ppa_B_C,1
2ppf_A_B,1
2ppf_A_C,1
2ppf_B_C,1
2ppg_A_B,1
2ppg_A_C,1
2ppg_A_D,1
2ppg_B_C,1
2ppg_C_D,1
2ppt_A_B,1
2pqa_A_B,1
2pqq_A_B,1
2pqq_A_C,1
2pqq_A_D,1
2pqq_B_C,1
2pqq_B_D,1
2pqr_A_C,1
2pqz_A_B,1
2pr5_A_B,1
2prr_A_B,1
2prr_A_D,1
2prr_B_I,1
2prr_C_G,1
2prr_C_K,1
2prr_D_E,1
2prr_E_H,1
2prr_F_J,1
2prr_F_L,1
2prr_G_J,1
2prr_H_I,1
2prr_K_L,1
2ps2_A_C,1
2ps2_B_C,1
2ps2_B_D,1
2psm_A_F,1
2psm_B_C,1
2psn_A_B,1
2psn_C_D,1
2psz_A_B,1
2pt6_B_C,1
2pt9_B_C,1
2ptr_A_B,1
2ptt_A_B,1
2pu5_A_B,1
2pu9_A_B,1
2pu9_A_C,1
2puo_A_B,1
2puz_A_B,1
2pva_A_B,1
2pva_A_C,1
2pva_A_D,1
2pva_B_C,1
2pva_B_D,1
2pva_C_D,1
2pvd_A_B,1
2pvy_A_C,1
2pvy_A_D,1
2pvy_B_C,1
2pvy_B_D,1
2pw0_A_B,1
2pw3_A_B,1
2pwc_A_B,1
2pwj_B_F,1
2pwr_A_B,1
2pwz_A_C,1
2px0_A_E,1
2px0_B_F,1
2px0_D_H,1
2pyt_A_B,1
2pyy_A_B,1
2pyy_B_C,1
2pz0_A_B,1
2pz8_A_B,1
2pzk_A_B,1
2pzm_A_B,1
2pzp_A_B,1
2pzv_C_D,1
2q0b_A_B,1
2q0q_A_B,1
2q0q_G_H,1
2q16_A_B,1
2q1l_A_B,1
2q1l_A_C,1
2q1l_A_D,1
2q1l_B_C,1
2q1l_B_D,1
2q1l_C_D,1
2q1w_B_C,1
2q27_A_B,1
2q29_A_B,1
2q2g_A_B,1
2q2h_A_B,1
2q30_A_B,1
2q30_C_D,1
2q30_G_H,1
2q39_A_B,1
2q3e_A_B,1
2q3e_A_C,1
2q3e_A_E,1
2q3e_B_D,1
2q3e_B_F,1
2q3e_C_D,1
2q3e_C_E,1
2q3e_D_F,1
2q3e_E_F,1
2q3e_G_H,1
2q3e_G_I,1
2q3e_G_K,1
2q3e_H_J,1
2q3e_H_L,1
2q3e_I_J,1
2q3e_I_K,1
2q3e_J_L,1
2q3e_K_L,1
2q3v_A_B,1
2q3x_A_B,1
2q49_A_B,1
2q49_A_C,1
2q49_A_D,1
2q49_B_C,1
2q49_B_D,1
2q49_C_D,1
2q4k_A_B,1
2q4p_A_B,1
2q4z_A_B,1
2q51_A_B,1
2q5l_A_B,1
2q5o_A_B,1
2q5q_A_B,1
2q5r_A_B,1
2q5z_A_B,1
2q73_A_B,1
2q73_A_C,1
2q73_B_D,1
2q73_C_D,1
2q74_A_C,1
2q7d_A_B,1
2q8i_A_B,1
2q8u_A_B,1
2q9l_A_B,1
2q9l_A_C,1
2q9l_B_D,1
2q9l_C_D,1
2q9o_A_B,1
2q9y_A_B,1
2qa5_A_B,1
2qaf_A_B,1
2qby_A_B,1
2qc2_A_B,1
2qcg_A_B,1
2qci_A_B,1
2qcs_A_B,1
2qcx_A_B,1
2qd0_A_B,1
2qd2_A_B,1
2qd4_A_B,1
2qdh_A_B,1
2qdh_A_C,1
2qdh_A_D,1
2qdh_B_C,1
2qdh_B_D,1
2qdh_C_D,1
2qdq_A_B,1
2qfa_A_B,1
2qfc_A_B,1
2qfj_A_B,1
2qfr_A_B,1
2qg9_A_B,1
2qg9_B_D,1
2qg9_C_D,1
2qga_B_C,1
2qgi_A_B,1
2qgs_A_B,1
2qgv_C_D,1
2qhd_A_B,1
2qhx_A_B,1
2qhx_A_C,1
2qhx_A_D,1
2qhx_B_C,1
2qhx_B_D,1
2qhx_C_D,1
2qi0_A_B,1
2qi4_A_B,1
2qi5_A_B,1
2qi6_A_B,1
2qi7_A_B,1
2qib_A_B,1
2qie_A_B,1
2qie_A_E,1
2qie_D_E,1
2qin_A_B,1
2qin_A_C,1
2qin_A_D,1
2qin_B_C,1
2qin_B_D,1
2qin_C_D,1
2qio_A_B,1
2qio_A_C,1
2qio_A_D,1
2qio_B_C,1
2qio_B_D,1
2qio_C_D,1
2qj4_A_B,1
2qj8_A_B,1
2qjf_A_B,1
2qjg_A_D,1
2qjg_A_E,1
2qjg_A_N,1
2qjg_B_C,1
2qjg_B_E,1
2qjg_B_L,1
2qjg_C_D,1
2qjg_C_O,1
2qjg_D_K,1
2qjg_E_M,1
2qjg_F_I,1
2qjg_F_J,1
2qjg_F_P,1
2qjg_G_H,1
2qjg_G_J,1
2qjg_G_R,1
2qjg_H_I,1
2qjg_H_Q,1
2qjg_I_T,1
2qjg_J_S,1
2qjg_K_N,1
2qjg_K_O,1
2qjg_L_M,1
2qjg_L_O,1
2qjg_M_N,1
2qjg_P_S,1
2qjg_P_T,1
2qjg_Q_R,1
2qjg_Q_T,1
2qjg_R_S,1
2qjj_A_B,1
2qjj_C_D,1
2qjm_A_B,1
2qjm_A_C,1
2qjm_A_D,1
2qjm_B_D,1
2qjm_C_D,1
2qjn_A_B,1
2qjn_A_C,1
2qjn_A_D,1
2qjn_B_D,1
2qjn_C_D,1
2qjo_A_B,1
2qjo_A_C,1
2qjt_A_B,1
2qjw_A_B,1
2ql2_A_B,1
2ql2_B_D,1
2ql2_C_D,1
2ql3_A_B,1
2ql3_C_D,1
2ql3_E_F,1
2ql3_G_H,1
2ql3_I_J,1
2ql3_K_L,1
2ql8_A_B,1
2qlr_A_B,1
2qlr_C_D,1
2qlv_A_B,1
2qlv_A_C,1
2qlv_B_C,1
2qm0_A_B,1
2qm2_A_B,1
2qm4_A_B,1
2qm4_C_D,1
2qm6_A_B,1
2qm6_B_D,1
2qm6_C_D,1
2qma_A_B,1
2qmi_A_B,1
2qmi_A_D,1
2qmi_A_E,1
2qmi_A_F,1
2qmi_B_C,1
2qmi_B_E,1
2qmi_B_H,1
2qmi_C_D,1
2qmi_C_G,1
2qmi_D_F,1
2qmi_D_G,1
2qmi_E_F,1
2qmi_E_H,1
2qmi_F_G,1
2qmi_G_H,1
2qmm_A_B,1
2qms_C_D,1
2qmu_A_B,1
2qmu_A_C,1
2qmz_A_B,1
2qnn_A_B,1
2qnz_A_B,1
2qoe_A_B,1
2qpd_A_B,1
2qpp_A_B,1
2qq2_A_B,1
2qq2_A_E,1
2qq2_B_C,1
2qq2_C_K,1
2qq2_D_E,1
2qq2_D_K,1
2qq2_F_G,1
2qq2_F_I,1
2qq2_G_J,1
2qq2_H_I,1
2qq2_H_L,1
2qq2_J_L,1
2qqc_A_B,1
2qqc_A_C,1
2qqc_A_E,1
2qqc_A_F,1
2qqc_B_C,1
2qqc_B_E,1
2qqc_C_D,1
2qqc_C_E,1
2qqc_D_E,1
2qqc_E_F,1
2qqc_G_H,1
2qqc_G_J,1
2qqc_H_K,1
2qqc_I_J,1
2qqc_I_L,1
2qqc_K_L,1
2qqe_A_B,1
2qqz_A_B,1
2qr1_A_B,1
2qr1_A_E,1
2qr1_A_G,1
2qr1_B_E,1
2qr1_B_G,1
2qr1_C_D,1
2qr1_C_E,1
2qr1_C_G,1
2qr1_D_E,1
2qr1_D_G,1
2qrc_C_D,1
2qrc_C_E,1
2qrc_D_E,1
2qrd_A_B,1
2qrd_A_E,1
2qrd_A_G,1
2qrd_B_E,1
2qrd_B_G,1
2qrd_C_D,1
2qrd_C_E,1
2qrd_C_G,1
2qrd_D_E,1
2qrd_D_G,1
2qro_A_B,1
2qro_C_D,1
2qrv_A_B,1
2qrv_A_D,1
2qrv_C_D,1
2qrv_E_F,1
2qrv_E_H,1
2qrv_G_H,1
2qrw_B_E,1
2qrw_B_H,1
2qrw_B_J,1
2qrw_C_F,1
2qrw_C_I,1
2qrw_C_K,1
2qrw_D_L,1
2qrw_E_H,1
2qrw_E_J,1
2qrw_F_I,1
2qrw_F_K,1
2qs8_A_B,1
2qsd_A_B,1
2qsd_D_E,1
2qsf_A_X,1
2qsu_A_B,1
2qsx_A_B,1
2qt3_A_B,1
2qtb_A_B,1
2qtc_A_B,1
2qtq_A_B,1
2qtq_C_D,1
2qtr_B_C,1
2qtt_A_B,1
2quf_A_B,1
2qul_A_B,1
2qul_C_D,1
2quv_A_B,1
2quv_A_D,1
2quv_B_C,1
2quv_C_D,1
2qux_D_E,1
2quy_A_B,1
2quy_A_C,1
2quy_A_D,1
2quy_B_C,1
2quy_B_D,1
2quy_C_D,1
2quy_E_F,1
2quy_E_G,1
2quy_E_H,1
2quy_F_G,1
2quy_F_H,1
2quy_G_H,1
2qva_A_D,1
2qva_B_C,1
2qvh_A_B,1
2qvj_A_B,1
2qvj_A_C,1
2qvj_A_E,1
2qvj_B_C,1
2qvj_B_D,1
2qvj_B_E,1
2qvj_C_D,1
2qvv_A_B,1
2qw6_A_B,1
2qw6_A_D,1
2qw6_B_C,1
2qw6_C_D,1
2qwv_A_B,1
2qwx_A_B,1
2qx1_A_B,1
2qxl_A_B,1
2qyf_A_B,1
2qyf_C_D,1
2qyg_C_D,1
2qyn_A_B,1
2qyv_A_B,1
2qz8_A_C,1
2qz8_A_D,1
2qz8_B_D,1
2qz9_A_C,1
2qzc_A_B,1
2r07_1_2,1
2r07_1_3,1
2r07_1_4,1
2r0h_A_B,1
2r0h_A_C,1
2r0h_B_D,1
2r0h_C_D,1
2r11_A_B,1
2r11_C_D,1
2r1a_A_B,1
2r1a_B_C,1
2r1a_C_D,1
2r1r_A_B,1
2r1v_A_B,1
2r28_A_B,1
2r2f_A_B,1
2r2n_A_B,1
2r2n_C_D,1
2r41_A_B,1
2r41_A_C,1
2r41_B_C,1
2r41_B_D,1
2r4f_A_B,1
2r4f_A_C,1
2r4f_A_D,1
2r4f_B_C,1
2r4f_B_D,1
2r4f_C_D,1
2r4w_A_B,1
2r4y_A_B,1
2r5i_A_B,1
2r5i_A_E,1
2r5i_B_C,1
2r5i_C_D,1
2r5i_D_E,1
2r5i_F_G,1
2r5i_F_J,1
2r5i_G_H,1
2r5i_H_I,1
2r5i_I_J,1
2r5i_K_L,1
2r5i_K_O,1
2r5i_L_M,1
2r5i_M_N,1
2r5i_N_O,1
2r5j_F_G,1
2r5j_F_J,1
2r5j_G_H,1
2r5j_H_I,1
2r5j_I_J,1
2r5k_A_B,1
2r5k_A_E,1
2r5k_B_C,1
2r5k_C_D,1
2r5k_D_E,1
2r5n_A_B,1
2r5o_A_B,1
2r5p_A_B,1
2r5p_C_D,1
2r5q_C_D,1
2r5w_A_B,1
2r5z_A_B,1
2r6g_A_B,1
2r6g_A_G,1
2r6g_B_F,1
2r6g_E_F,1
2r6g_E_G,1
2r6g_F_G,1
2r6u_B_D,1
2r6w_A_B,1
2r76_A_B,1
2r7g_A_C,1
2r83_A_B,1
2r87_A_B,1
2r87_A_C,1
2r87_B_C,1
2r87_D_E,1
2r87_D_F,1
2r87_E_F,1
2r8e_A_B,1
2r8e_A_C,1
2r8e_B_D,1
2r8e_C_D,1
2r8e_E_G,1
2r8e_E_H,1
2r8e_F_G,1
2r8e_F_H,1
2r8q_A_B,1
2r8y_A_B,1
2r8y_A_D,1
2r8y_B_C,1
2r8y_C_D,1
2r8y_E_F,1
2r8y_E_H,1
2r8y_F_G,1
2r8y_G_H,1
2r8y_I_J,1
2r8y_I_L,1
2r8y_J_K,1
2r8y_K_L,1
2r91_A_C,1
2r91_A_D,1
2r91_B_C,1
2r91_B_D,1
2r97_A_C,1
2r9e_C_D,1
2r9k_A_B,1
2r9q_A_C,1
2r9q_B_D,1
2raf_A_B,1
2rag_A_B,1
2rag_C_D,1
2ras_A_B,1
2raw_A_B,1
2rax_A_B,1
2rax_E_F,1
2rax_X_Y,1
2rb3_A_D,1
2rb3_B_C,1
2rba_A_B,1
2rbb_A_B,1
2rbe_A_B,1
2rbh_A_B,1
2rbl_A_B,1
2rce_D_E,1
2rce_D_F,1
2rce_E_F,1
2rce_G_H,1
2rce_G_I,1
2rce_H_I,1
2rcf_A_B,1
2rcf_A_E,1
2rcf_B_C,1
2rcf_C_D,1
2rcf_D_E,1
2rcz_A_B,1
2rd3_A_D,1
2rd9_A_B,1
2rd9_A_C,1
2rd9_A_D,1
2rd9_B_C,1
2rd9_B_D,1
2rd9_C_D,1
2rdc_A_B,1
2rdh_A_C,1
2rdh_B_D,1
2rdy_A_B,1
2re1_A_B,1
2reh_A_B,1
2reh_A_C,1
2reh_B_D,1
2reh_C_D,1
2rf4_A_B,1
2rf4_C_D,1
2rf4_E_F,1
2rf7_C_D,1
2rf9_A_C,1
2rf9_B_D,1
2rfq_A_B,1
2rfq_A_D,1
2rfq_B_C,1
2rfq_C_D,1
2rg9_A_B,1
2rgi_A_B,1
2rgk_A_B,1
2rgk_A_C,1
2rgk_A_D,1
2rgk_B_C,1
2rgk_B_F,1
2rgk_C_E,1
2rgk_D_E,1
2rgk_D_F,1
2rgk_E_F,1
2rgm_A_B,1
2rgq_A_B,1
2rgq_A_C,1
2rgq_B_C,1
2rgu_A_B,1
2rgw_A_B,1
2rgw_A_C,1
2rgw_B_C,1
2rgz_A_B,1
2rh0_A_B,1
2rh0_C_D,1
2rh4_A_B,1
2rh7_A_B,1
2rhc_A_B,1
2rhs_A_B,1
2rhs_A_D,1
2rhs_B_C,1
2rhs_B_D,1
2rhs_C_D,1
2rjg_A_B,1
2rjg_C_D,1
2rk0_A_B,1
2rkb_A_B,1
2rkb_C_D,1
2rl3_A_B,1
2rl7_A_B,1
2rl7_C_D,1
2rl8_A_B,1
2rlb_A_B,1
2rld_A_B,1
2rld_A_C,1
2rld_B_E,1
2rld_C_D,1
2rld_D_E,1
2rs3_1_3,1
2rs3_2_4,1
2rs3_3_4,1
2rus_A_B,1
2tmd_A_B,1
2tmg_A_B,1
2tmg_A_C,1
2tmg_A_E,1
2tmg_A_F,1
2tmg_B_C,1
2tmg_B_D,1
2tmg_B_E,1
2tmg_C_D,1
2tmg_C_F,1
2tmg_D_E,1
2tmg_D_F,1
2tmg_E_F,1
2tnf_A_B,1
2tnf_A_C,1
2tnf_B_C,1
2tod_A_B,1
2tod_C_D,1
2tsc_A_B,1
2tsr_C_D,1
2ubp_A_C,1
2ubp_B_C,1
2uul_M_N,1
2uul_M_P,1
2uul_M_S,1
2uul_M_W,1
2uul_N_Q,1
2uul_O_P,1
2uul_O_R,1
2uul_O_U,1
2uul_O_W,1
2uul_Q_R,1
2uul_Q_S,1
2uul_Q_U,1
2uul_S_T,1
2uul_S_V,1
2uul_T_W,1
2uul_U_V,1
2uul_U_X,1
2uul_W_X,1
2uuz_A_B,1
2uv0_F_H,1
2uv1_A_B,1
2uvo_E_F,1
2uvp_A_B,1
2uvp_A_D,1
2uvp_B_C,1
2uvp_C_D,1
2uw1_A_B,1
2uww_H_L,1
2uww_H_M,1
2uww_L_M,1
2ux0_A_B,1
2ux0_A_F,1
2ux0_B_C,1
2ux0_C_D,1
2ux0_D_E,1
2ux0_E_F,1
2ux5_H_L,1
2ux5_H_M,1
2ux5_L_M,1
2uxc_B_H,1
2uxc_C_J,1
2uxc_C_N,1
2uxc_E_H,1
2uxc_F_R,1
2uxc_J_N,1
2uxc_K_R,1
2uxc_M_S,1
2uxd_B_H,1
2uxd_C_J,1
2uxd_C_N,1
2uxd_D_E,1
2uxd_E_H,1
2uxd_F_R,1
2uxd_J_N,1
2uxd_K_R,1
2uxd_M_S,1
2uxh_A_B,1
2uxk_H_L,1
2uxk_H_M,1
2uxk_L_M,1
2uxm_H_L,1
2uxm_H_M,1
2uxm_L_M,1
2uxq_A_B,1
2uxq_C_D,1
2uxr_A_B,1
2uxu_A_B,1
2uxx_A_B,1
2uxz_A_B,1
2uy6_A_B,1
2uy6_B_C,1
2uye_A_B,1
2uyf_A_B,1
2uyj_A_B,1
2uyj_A_C,1
2uyj_B_C,1
2uyn_A_B,1
2uyn_A_C,1
2uyn_B_C,1
2uyp_A_B,1
2uyp_A_C,1
2uyp_B_C,1
2uz1_A_B,1
2uz1_A_C,1
2uz1_A_D,1
2uz1_B_C,1
2uz1_B_D,1
2uz1_C_D,1
2uz3_A_B,1
2uz3_A_C,1
2uz3_B_D,1
2uz3_C_D,1
2uzf_A_B,1
2uzq_A_B,1
2uzq_C_D,1
2uzq_E_F,1
2uzx_A_B,1
2uzx_C_D,1
2v08_A_B,1
2v0o_A_B,1
2v0p_A_B,1
2v0t_D_F,1
2v27_A_B,1
2v2g_A_B,1
2v2g_C_D,1
2v30_A_B,1
2v32_A_B,1
2v32_C_D,1
2v36_C_D,1
2v3w_A_B,1
2v3w_A_C,1
2v3w_A_D,1
2v3w_B_C,1
2v3w_B_D,1
2v3w_C_D,1
2v41_A_B,1
2v41_E_F,1
2v43_A_B,1
2v4o_C_D,1
2v4y_A_D,1
2v4y_A_F,1
2v4y_B_C,1
2v4y_B_D,1
2v4y_C_E,1
2v4y_E_F,1
2v50_A_B,1
2v50_A_C,1
2v50_B_C,1
2v50_D_E,1
2v50_D_F,1
2v50_E_F,1
2v54_A_B,1
2v57_A_B,1
2v57_C_D,1
2v5h_A_B,1
2v5h_A_C,1
2v5h_A_L,1
2v5h_B_E,1
2v5h_B_H,1
2v5h_C_F,1
2v5h_C_G,1
2v5h_D_E,1
2v5h_D_F,1
2v5h_D_I,1
2v5h_E_K,1
2v5h_F_J,1
2v5h_G_H,1
2v5h_G_I,1
2v5h_H_I,1
2v5h_J_K,1
2v5h_J_L,1
2v5h_K_L,1
2v5j_A_B,1
2v5r_A_B,1
2v61_A_B,1
2v66_B_C,1
2v66_B_D,1
2v66_B_E,1
2v66_C_D,1
2v66_C_E,1
2v66_D_E,1
2v6a_A_B,1
2v6a_A_C,1
2v6a_A_D,1
2v6a_A_G,1
2v6a_A_I,1
2v6a_A_L,1
2v6a_A_O,1
2v6a_B_D,1
2v6a_B_G,1
2v6a_B_H,1
2v6a_B_J,1
2v6a_B_L,1
2v6a_B_O,1
2v6a_C_D,1
2v6a_C_E,1
2v6a_C_F,1
2v6a_C_I,1
2v6a_C_K,1
2v6a_C_N,1
2v6a_D_F,1
2v6a_D_I,1
2v6a_D_L,1
2v6a_D_N,1
2v6a_E_F,1
2v6a_E_G,1
2v6a_E_H,1
2v6a_E_K,1
2v6a_E_M,1
2v6a_E_P,1
2v6a_F_H,1
2v6a_F_K,1
2v6a_F_N,1
2v6a_F_P,1
2v6a_G_H,1
2v6a_G_J,1
2v6a_G_M,1
2v6a_G_O,1
2v6a_H_J,1
2v6a_H_M,1
2v6a_H_P,1
2v6a_I_K,1
2v6a_I_O,1
2v6a_J_L,1
2v6a_J_P,1
2v6a_K_M,1
2v6a_L_N,1
2v6a_M_O,1
2v6a_N_P,1
2v6u_A_B,1
2v6x_A_B,1
2v74_F_H,1
2v78_A_B,1
2v78_A_C,1
2v7g_A_C,1
2v7p_A_B,1
2v7p_A_D,1
2v7p_B_C,1
2v7p_C_D,1
2v7t_A_B,1
2v7t_A_C,1
2v7t_B_C,1
2v7v_A_B,1
2v7v_A_C,1
2v7v_B_C,1
2v7w_A_B,1
2v7w_A_C,1
2v7w_B_C,1
2vb7_A_B,1
2vb8_A_B,1
2vb8_C_D,1
2vba_C_D,1
2vbf_A_B,1
2vbj_A_B,1
2vbl_A_B,1
2vbo_A_B,1
2vc1_A_B,1
2vc5_C_D,1
2vcq_A_B,1
2vcq_C_D,1
2vct_A_B,1
2vcv_A_B,1
2vcv_E_F,1
2vcx_A_B,1
2vcx_C_D,1
2vcz_A_B,1
2vcz_C_D,1
2vd0_A_B,1
2vd0_C_D,1
2vd1_A_B,1
2vd6_A_B,1
2vd6_A_C,1
2vd6_A_D,1
2vd6_B_C,1
2vd6_B_D,1
2vd6_C_D,1
2vde_A_B,1
2vde_A_C,1
2vde_B_C,1
2vdi_A_B,1
2vdi_A_C,1
2vdi_A_D,1
2vdi_A_G,1
2vdi_A_I,1
2vdi_A_L,1
2vdi_A_O,1
2vdi_B_D,1
2vdi_B_G,1
2vdi_B_H,1
2vdi_B_J,1
2vdi_B_L,1
2vdi_B_O,1
2vdi_C_D,1
2vdi_C_E,1
2vdi_C_F,1
2vdi_C_I,1
2vdi_C_K,1
2vdi_C_N,1
2vdi_D_F,1
2vdi_D_I,1
2vdi_D_L,1
2vdi_D_N,1
2vdi_E_F,1
2vdi_E_G,1
2vdi_E_H,1
2vdi_E_K,1
2vdi_E_M,1
2vdi_E_P,1
2vdi_F_H,1
2vdi_F_K,1
2vdi_F_N,1
2vdi_F_P,1
2vdi_G_H,1
2vdi_G_J,1
2vdi_G_M,1
2vdi_G_O,1
2vdi_H_J,1
2vdi_H_M,1
2vdi_H_P,1
2vdi_I_K,1
2vdi_I_O,1
2vdi_J_L,1
2vdi_J_P,1
2vdi_K_M,1
2vdi_L_N,1
2vdi_M_O,1
2vdi_N_P,1
2vdw_A_B,1
2vdw_C_D,1
2vdw_E_F,1
2vdw_G_H,1
2vf0_A_B,1
2vf8_A_B,1
2vf9_A_B,1
2vfe_A_B,1
2vff_A_B,1
2vfh_A_B,1
2vfi_A_B,1
2vg1_A_B,1
2vg2_A_C,1
2vgf_A_B,1
2vgf_A_C,1
2vgf_B_D,1
2vgf_C_D,1
2vgz_A_B,1
2vhj_A_B,1
2vhj_B_C,1
2vhu_A_B,1
2vhu_B_C,1
2vhw_A_B,1
2vhw_A_C,1
2vhw_A_D,1
2vhw_A_E,1
2vhw_B_C,1
2vhw_B_D,1
2vhw_B_F,1
2vhw_C_E,1
2vhw_C_F,1
2vhw_D_E,1
2vhw_D_F,1
2vhw_E_F,1
2vhx_A_B,1
2vhx_A_C,1
2vhx_A_D,1
2vhx_A_E,1
2vhx_B_C,1
2vhx_B_D,1
2vhx_B_F,1
2vhx_C_E,1
2vhx_C_F,1
2vhx_D_E,1
2vhx_D_F,1
2vhx_E_F,1
2vhy_A_B,1
2vhz_A_B,1
2vih_A_B,1
2vje_A_B,1
2vje_C_D,1
2vjf_A_B,1
2vjf_C_D,1
2vjq_C_D,1
2vjv_A_B,1
2vjy_C_D,1
2vk1_A_B,1
2vk8_C_D,1
2vkj_A_B,1
2vko_B_D,1
2vkw_A_B,1
2vl0_F_G,1
2vl0_F_J,1
2vl0_G_H,1
2vl0_H_I,1
2vl0_I_J,1
2vl2_B_C,1
2vl3_B_C,1
2vld_A_B,1
2vle_A_B,1
2vle_A_C,1
2vle_A_D,1
2vle_B_C,1
2vle_B_D,1
2vle_C_D,1
2vle_E_F,1
2vle_E_G,1
2vle_E_H,1
2vle_F_G,1
2vle_F_H,1
2vle_G_H,1
2vlf_A_B,1
2vme_A_B,1
2vme_A_C,1
2vme_B_C,1
2vme_D_E,1
2vme_D_F,1
2vme_E_F,1
2vmk_A_B,1
2vmk_A_D,1
2vmk_B_C,1
2vmk_C_D,1
2vml_A_B,1
2vml_A_F,1
2vml_A_I,1
2vml_A_K,1
2vml_A_L,1
2vml_B_C,1
2vml_B_K,1
2vml_C_D,1
2vml_C_G,1
2vml_C_H,1
2vml_C_K,1
2vml_D_E,1
2vml_D_G,1
2vml_E_F,1
2vml_E_G,1
2vml_E_I,1
2vml_E_J,1
2vml_F_I,1
2vml_G_H,1
2vml_G_J,1
2vml_H_K,1
2vml_I_J,1
2vml_I_L,1
2vml_K_L,1
2vmy_A_B,1
2vn2_A_C,1
2vn5_A_B,1
2vn5_C_D,1
2vnc_A_B,1
2vo1_A_B,1
2vou_B_C,1
2voz_A_B,1
2vp0_A_B,1
2vp4_A_B,1
2vp4_A_C,1
2vp4_B_D,1
2vp4_C_D,1
2vp5_A_B,1
2vp6_A_B,1
2vp9_A_B,1
2vph_A_B,1
2vpp_A_B,1
2vpq_A_B,1
2vpy_A_B,1
2vpy_B_C,1
2vpy_B_F,1
2vpy_C_G,1
2vpy_E_F,1
2vpy_F_G,1
2vpz_A_B,1
2vpz_B_C,1
2vpz_B_F,1
2vpz_C_G,1
2vpz_E_F,1
2vpz_F_G,1
2vq5_A_B,1
2vqb_A_D,1
2vqe_B_H,1
2vqe_C_J,1
2vqe_C_N,1
2vqe_D_E,1
2vqe_E_H,1
2vqe_F_R,1
2vqe_J_N,1
2vqe_K_R,1
2vqe_M_S,1
2vqs_C_D,1
2vrl_A_B,1
2vrz_A_B,1
2vs3_A_B,1
2vso_A_E,1
2vso_B_F,1
2vsx_B_F,1
2vsz_A_B,1
2vt2_A_B,1
2vt3_A_B,1
2vt4_C_D,1
2vu0_A_B,1
2vu0_A_C,1
2vu0_A_D,1
2vu0_B_C,1
2vu0_B_D,1
2vu0_C_D,1
2vug_A_B,1
2vum_A_B,1
2vum_A_C,1
2vum_A_E,1
2vum_A_F,1
2vum_A_G,1
2vum_A_H,1
2vum_A_I,1
2vum_A_K,1
2vum_B_C,1
2vum_B_I,1
2vum_B_J,1
2vum_B_K,1
2vum_B_L,1
2vum_C_J,1
2vum_C_K,1
2vum_C_L,1
2vum_D_G,1
2vum_F_G,1
2vum_H_K,1
2vun_A_B,1
2vun_A_C,1
2vun_B_D,1
2vun_C_D,1
2vv5_A_B,1
2vv5_A_G,1
2vv5_B_C,1
2vv5_C_D,1
2vv5_D_E,1
2vv5_E_F,1
2vv5_F_G,1
2vv6_A_B,1
2vv6_C_D,1
2vvf_D_E,1
2vvf_D_F,1
2vvf_E_F,1
2vvm_A_B,1
2vvp_C_D,1
2vvr_C_D,1
2vvr_E_F,1
2vvw_A_B,1
2vvx_A_B,1
2vws_A_B,1
2vws_A_C,1
2vws_B_C,1
2vwt_A_B,1
2vwt_A_C,1
2vwt_B_C,1
2vx2_D_E,1
2vx2_D_F,1
2vx2_E_F,1
2vxb_A_B,1
2vxi_A_B,1
2vxi_A_D,1
2vxi_A_I,1
2vxi_A_J,1
2vxi_B_D,1
2vxi_B_E,1
2vxi_B_F,1
2vxi_C_D,1
2vxi_C_F,1
2vxi_C_K,1
2vxi_D_F,1
2vxi_D_K,1
2vxi_E_F,1
2vxi_G_H,1
2vxi_G_L,1
2vxi_H_I,1
2vxi_H_J,1
2vxi_H_L,1
2vxi_I_J,1
2vxi_J_K,1
2vxi_J_L,1
2vxi_K_L,1
2vxo_A_B,1
2vxx_A_B,1
2vxx_A_C,1
2vxx_A_D,1
2vxx_C_D,1
2vyv_A_B,1
2vyv_A_C,1
2vyv_A_D,1
2vyv_B_C,1
2vyv_B_D,1
2vyv_C_D,1
2vyx_A_B,1
2vyx_A_C,1
2vyx_A_H,1
2vyx_A_L,1
2vyx_B_C,1
2vyx_B_F,1
2vyx_B_G,1
2vyx_C_E,1
2vyx_C_J,1
2vyx_D_E,1
2vyx_D_F,1
2vyx_D_I,1
2vyx_D_K,1
2vyx_E_F,1
2vyx_E_J,1
2vyx_F_G,1
2vyx_G_H,1
2vyx_G_I,1
2vyx_H_I,1
2vyx_H_L,1
2vyx_I_K,1
2vyx_J_K,1
2vyx_J_L,1
2vyx_K_L,1
2vzk_E_F,1
2w01_E_F,1
2w07_A_B,1
2w0p_A_B,1
2w24_A_B,1
2w2a_A_B,1
2w2b_A_B,1
2w2k_A_B,1
2w3d_A_B,1
2w3g_A_B,1
2w3h_A_B,1
2w3p_A_B,1
2w4d_C_D,1
2w4e_A_B,1
2w4l_A_B,1
2w4l_A_F,1
2w4l_B_C,1
2w4l_C_D,1
2w4l_D_E,1
2w4l_E_F,1
2w4s_C_D,1
2w5e_A_B,1
2w5e_C_D,1
2w5e_E_F,1
2w5p_A_B,1
2w5p_A_C,1
2w5p_B_C,1
2w5v_A_B,1
2w6a_A_B,1
2w7n_A_B,1
2w7z_A_B,1
2w81_A_D,1
2w81_B_C,1
2w81_E_F,1
2w82_A_B,1
2w82_C_D,1
2w8f_A_B,1
2w8f_A_E,1
2w8f_B_C,1
2w8f_C_D,1
2w8f_D_E,1
2w8f_F_G,1
2w8f_F_J,1
2w8f_G_H,1
2w8f_H_I,1
2w8f_I_J,1
2w8g_A_B,1
2w8g_A_E,1
2w8g_B_C,1
2w8g_C_D,1
2w8g_D_E,1
2w8h_A_C,1
2w8h_A_D,1
2w8h_A_G,1
2w8h_A_H,1
2w8h_B_D,1
2w8h_B_E,1
2w8h_B_F,1
2w8h_B_H,1
2w8h_C_D,1
2w8h_C_E,1
2w8h_C_G,1
2w8h_D_E,1
2w8h_E_F,1
2w8h_F_G,1
2w8h_F_H,1
2w8h_G_H,1
2w8m_A_B,1
2w8x_A_B,1
2w8z_A_B,1
2w93_A_B,1
2w93_C_D,1
2w94_A_B,1
2w94_A_C,1
2w94_B_C,1
2w9x_A_B,1
2wb4_A_B,1
2wbb_A_B,1
2wbb_A_C,1
2wbb_A_D,1
2wbb_B_C,1
2wbb_B_D,1
2wbb_C_D,1
2wbb_E_F,1
2wbb_E_G,1
2wbb_E_H,1
2wbb_F_G,1
2wbb_F_H,1
2wbb_G_H,1
2wbt_A_B,1
2wce_A_B,1
2wcf_A_B,1
2wcf_C_D,1
2wcu_A_B,1
2wd5_A_B,1
2wd6_A_B,1
2wd8_A_B,1
2wd8_A_C,1
2wd8_A_D,1
2wd8_B_C,1
2wd8_B_D,1
2wd8_C_D,1
2wdq_E_F,1
2wdq_F_G,1
2wdq_F_H,1
2wdq_G_H,1
2wdr_A_B,1
2wdr_B_C,1
2wdr_B_D,1
2wdr_C_D,1
2wdr_E_F,1
2wdr_F_G,1
2wdr_F_H,1
2wdr_G_H,1
2wdr_I_J,1
2wdr_J_K,1
2wdr_J_L,1
2wdr_K_L,1
2wdz_C_D,1
2wes_A_D,1
2wes_B_C,1
2weu_A_B,1
2weu_C_D,1
2wfc_B_C,1
2wfh_A_B,1
2wfk_A_B,1
2wfk_A_C,1
2wfk_A_D,1
2wfk_B_C,1
2wfk_B_D,1
2wfk_B_E,1
2wfk_D_E,1
2wfw_A_B,1
2wfw_A_C,1
2wg6_A_B,1
2wg6_A_F,1
2wg6_B_C,1
2wg6_C_D,1
2wg6_D_E,1
2wg6_E_F,1
2wg6_G_H,1
2wg6_G_L,1
2wg6_H_I,1
2wg6_I_J,1
2wg6_J_K,1
2wg6_K_L,1
2wgf_C_D,1
2wgf_E_F,1
2wgg_A_B,1
2wgg_C_D,1
2wgq_A_B,1
2wgs_G_H,1
2wgs_G_L,1
2wgs_H_I,1
2wgs_I_J,1
2wgs_J_K,1
2wgs_K_L,1
2wgv_A_B,1
2whi_A_B,1
2whi_A_F,1
2whi_B_C,1
2whi_C_D,1
2whi_D_E,1
2whi_E_F,1
2wie_A_B,1
2wie_B_C,1
2wie_C_D,1
2wie_D_E,1
2wis_A_B,1
2wit_A_B,1
2wit_A_C,1
2wit_B_C,1
2wiu_A_B,1
2wiu_A_D,1
2wiu_B_C,1
2wiu_B_D,1
2wiu_C_D,1
2wiw_A_B,1
2wiz_A_B,1
2wj1_A_B,1
2wjm_C_H,1
2wjm_C_L,1
2wjm_C_M,1
2wjm_H_L,1
2wjm_H_M,1
2wjm_L_M,1
2wju_A_B,1
2wju_C_D,1
2wk4_A_B,1
2wk7_A_B,1
2wk8_A_B,1
2wkb_A_B,1
2wkb_A_C,1
2wkb_B_C,1
2wkb_D_E,1
2wkb_D_F,1
2wkb_E_F,1
2wkc_A_B,1
2wkc_A_C,1
2wkc_A_D,1
2wkc_B_C,1
2wkc_B_D,1
2wkc_C_D,1
2wkh_A_B,1
2wki_A_B,1
2wkj_A_C,1
2wkj_A_D,1
2wkj_B_C,1
2wkj_B_D,1
2wkk_A_B,1
2wkk_A_C,1
2wkk_B_D,1
2wkk_C_D,1
2wkn_A_B,1
2wkn_A_D,1
2wkn_B_C,1
2wkn_C_D,1
2wkt_A_B,1
2wkt_A_C,1
2wkt_A_D,1
2wkt_B_C,1
2wkt_B_D,1
2wkt_C_D,1
2wkz_A_B,1
2wl0_A_B,1
2wl3_A_B,1
2wl3_C_D,1
2wl5_A_B,1
2wl5_A_C,1
2wl5_A_D,1
2wl5_B_C,1
2wl5_B_D,1
2wl5_C_D,1
2wl9_A_B,1
2wl9_C_D,1
2wld_A_B,1
2wld_A_C,1
2wld_B_C,1
2wln_A_B,1
2wln_A_D,1
2wln_B_C,1
2wln_C_D,1
2wmz_A_B,1
2wmz_A_C,1
2wmz_B_C,1
2wn3_A_B,1
2wn3_A_C,1
2wn3_B_C,1
2wn9_A_B,1
2wn9_A_E,1
2wn9_B_C,1
2wn9_C_D,1
2wn9_D_E,1
2wnh_A_B,1
2wnz_A_C,1
2wnz_A_D,1
2wnz_B_C,1
2wnz_B_D,1
2wo5_A_C,1
2wo5_A_D,1
2wo5_B_C,1
2wo5_B_D,1
2wof_A_B,1
2woj_C_D,1
2wov_A_B,1
2wov_C_D,1
2wp4_A_B,1
2wp5_A_B,1
2wp5_C_D,1
2wp6_A_B,1
2wp6_C_D,1
2wp8_A_B,1
2wp8_A_J,1
2wp8_B_J,1
2wpb_A_C,1
2wpb_A_D,1
2wpb_B_C,1
2wpb_B_D,1
2ws2_A_B,1
2ws9_1_2,1
2ws9_1_3,1
2ws9_1_4,1
2wsh_A_B,1
2wsh_A_C,1
2wsh_A_D,1
2wsh_B_C,1
2wsh_B_D,1
2wsh_C_D,1
2wsx_A_B,1
2wsx_A_C,1
2wsx_B_C,1
2wth_A_B,1
2wtl_A_B,1
2wtl_B_C,1
2wtl_B_D,1
2wtl_C_D,1
2wtl_C_E,1
2wtl_C_F,1
2wtl_E_F,1
2wtm_C_D,1
2wtn_A_B,1
2wto_A_B,1
2wtt_A_B,1
2wtt_A_C,1
2wtt_A_D,1
2wtt_B_D,1
2wtt_C_D,1
2wtt_M_N,1
2wtt_M_O,1
2wtt_M_P,1
2wtt_N_P,1
2wtt_O_P,1
2wtu_A_B,1
2wtx_A_D,1
2wua_A_B,1
2wuq_A_B,1
2wus_A_R,1
2wus_B_S,1
2wv0_E_F,1
2wv0_H_I,1
2wv1_A_B,1
2wva_A_B,1
2wva_A_E,1
2wva_A_F,1
2wva_B_E,1
2wva_B_F,1
2wva_E_F,1
2wva_V_X,1
2wva_V_Y,1
2wva_V_Z,1
2wva_X_Y,1
2wva_X_Z,1
2wva_Y_Z,1
2wvd_A_B,1
2wvd_C_D,1
2wvk_A_B,1
2wvm_A_B,1
2wvo_A_B,1
2wvr_A_B,1
2wvr_A_C,1
2wvr_B_C,1
2wvy_A_B,1
2wvy_A_C,1
2wvy_B_C,1
2ww2_A_B,1
2ww2_A_C,1
2ww2_B_C,1
2wwg_B_C,1
2wwh_B_C,1
2wwo_A_B,1
2wx3_A_B,1
2wx3_A_C,1
2wx3_B_C,1
2wx5_H_L,1
2wx5_H_M,1
2wx5_L_M,1
2wy3_A_B,1
2wy3_C_D,1
2wya_A_D,1
2wyb_A_B,1
2wyc_A_B,1
2wye_A_B,1
2wyf_E_F,1
2wyf_E_H,1
2wyf_F_G,1
2wyf_G_H,1
2wz7_A_B,1
2wz7_A_F,1
2wz7_B_F,1
2wzj_A_F,1
2x00_A_B,1
2x00_A_E,1
2x00_B_C,1
2x00_C_D,1
2x00_D_E,1
2x01_A_B,1
2x0d_A_B,1
2x0g_A_B,1
2x0l_A_B,1
2x0n_O_P,1
2x0n_O_Q,1
2x0n_O_R,1
2x0n_P_Q,1
2x0n_P_R,1
2x0n_Q_R,1
2x17_0_7,1
2x17_0_G,1
2x17_0_H,1
2x17_0_I,1
2x17_0_Z,1
2x17_1_5,1
2x17_1_6,1
2x17_1_I,1
2x17_1_J,1
2x17_1_O,1
2x17_2_3,1
2x17_2_G,1
2x17_2_H,1
2x17_2_K,1
2x17_2_Y,1
2x17_3_K,1
2x17_3_L,1
2x17_3_Q,1
2x17_3_Y,1
2x17_4_8,1
2x17_4_9,1
2x17_4_M,1
2x17_4_P,1
2x17_4_R,1
2x17_5_6,1
2x17_5_J,1
2x17_5_L,1
2x17_5_N,1
2x17_6_M,1
2x17_6_N,1
2x17_6_O,1
2x17_7_I,1
2x17_7_O,1
2x17_7_P,1
2x17_7_Z,1
2x17_8_9,1
2x17_8_M,1
2x17_8_N,1
2x17_8_Q,1
2x17_9_K,1
2x17_9_Q,1
2x17_9_R,1
2x17_G_I,1
2x17_G_J,1
2x17_G_Y,1
2x17_H_K,1
2x17_H_R,1
2x17_H_Z,1
2x17_I_J,1
2x17_J_Y,1
2x17_K_R,1
2x17_L_N,1
2x17_L_Q,1
2x17_L_Y,1
2x17_M_O,1
2x17_M_P,1
2x17_N_Q,1
2x17_O_P,1
2x17_P_Z,1
2x17_R_Z,1
2x1g_A_B,1
2x1g_A_F,1
2x1g_B_F,1
2x1g_C_D,1
2x1g_C_G,1
2x1g_D_G,1
2x22_A_B,1
2x24_A_B,1
2x2m_A_B,1
2x2n_A_C,1
2x2n_B_D,1
2x2s_A_B,1
2x36_A_B,1
2x36_A_E,1
2x36_C_D,1
2x36_C_F,1
2x3e_A_B,1
2x3f_A_B,1
2x3h_A_B,1
2x3h_A_C,1
2x3h_B_C,1
2x3j_A_B,1
2x3k_A_B,1
2x3w_A_B,1
2x4k_A_B,1
2x64_A_B,1
2x6h_A_B,1
2x6i_A_B,1
2x6j_A_B,1
2x78_A_B,1
2x7a_A_B,1
2x7a_C_D,1
2x7a_E_F,1
2x7a_G_H,1
2x7a_I_J,1
2x7j_A_B,1
2x7j_A_C,1
2x7j_A_D,1
2x7j_B_C,1
2x7j_B_D,1
2x7j_C_D,1
2x7x_A_B,1
2x9m_A_C,1
2x9q_A_B,1
2xa7_A_B,1
2xa7_A_S,1
2xa7_B_M,1
2xa7_B_S,1
2xaa_A_B,1
2xaa_A_C,1
2xaa_A_D,1
2xaa_B_C,1
2xaa_B_D,1
2xaa_C_D,1
2xah_A_B,1
2xas_A_B,1
2xaz_A_B,1
2xbm_A_C,1
2xbm_B_D,1
2xbq_A_B,1
2xc1_A_B,1
2xc1_A_C,1
2xc1_B_C,1
2xc8_A_B,1
2xc8_B_C,1
2xcf_A_B,1
2xcg_A_B,1
2xcn_A_B,1
2xcu_A_C,1
2xcu_B_D,1
2xd5_A_B,1
2xd9_A_B,1
2xd9_A_C,1
2xd9_B_C,1
2xdg_A_B,1
2xdj_A_B,1
2xdj_A_F,1
2xdj_B_F,1
2xdj_C_D,1
2xdj_C_E,1
2xdj_D_E,1
2xdn_A_B,1
2xdn_C_D,1
2xdq_A_B,1
2xem_A_B,1
2xem_A_C,1
2xem_A_D,1
2xem_B_C,1
2xem_B_D,1
2xem_C_D,1
2xf2_A_E,1
2xf7_A_C,1
2xf7_A_F,1
2xf7_B_E,1
2xf7_B_F,1
2xf7_C_D,1
2xf7_D_E,1
2xf8_E_F,1
2xf8_E_G,1
2xf8_E_H,1
2xf8_F_G,1
2xf8_F_H,1
2xf8_G_H,1
2xf8_M_N,1
2xf8_M_O,1
2xf8_M_P,1
2xf8_N_O,1
2xf8_N_P,1
2xf8_O_P,1
2xfl_A_B,1
2xfl_A_C,1
2xfl_A_D,1
2xfl_B_C,1
2xfl_B_D,1
2xfl_C_D,1
2xfl_E_F,1
2xfl_E_G,1
2xfl_E_H,1
2xfl_F_G,1
2xfl_F_H,1
2xfl_G_H,1
2xfp_A_B,1
2xfw_A_C,1
2xfw_A_D,1
2xfw_B_C,1
2xfw_B_D,1
2xg6_A_B,1
2xg6_A_C,1
2xg6_B_C,1
2xg6_D_E,1
2xg6_D_F,1
2xg6_E_F,1
2xg8_A_B,1
2xg8_A_C,1
2xg8_A_E,1
2xg8_A_F,1
2xg8_B_C,1
2xg8_B_D,1
2xg8_B_E,1
2xg8_C_D,1
2xg8_C_F,1
2xga_A_B,1
2xgf_A_B,1
2xgf_A_C,1
2xgf_B_C,1
2xgg_A_B,1
2xgu_A_B,1
2xh0_A_B,1
2xh0_C_D,1
2xh2_A_B,1
2xh4_A_B,1
2xh4_C_D,1
2xhk_A_B,1
2xin_A_B,1
2xin_A_C,1
2xin_A_D,1
2xin_B_C,1
2xin_B_D,1
2xin_C_D,1
2xiw_A_B,1
2xj7_A_B,1
2xjm_A_C,1
2xjm_A_E,1
2xjm_A_H,1
2xjm_A_I,1
2xjm_A_K,1
2xjm_B_D,1
2xjm_B_F,1
2xjm_B_G,1
2xjm_B_J,1
2xjm_B_L,1
2xjm_C_E,1
2xjm_C_H,1
2xjm_C_J,1
2xjm_C_L,1
2xjm_D_F,1
2xjm_D_G,1
2xjm_D_I,1
2xjm_D_K,1
2xjm_E_G,1
2xjm_E_I,1
2xjm_E_L,1
2xjm_F_H,1
2xjm_F_J,1
2xjm_F_K,1
2xjm_G_I,1
2xjm_G_L,1
2xjm_H_J,1
2xjm_H_K,1
2xjm_I_K,1
2xjm_J_L,1
2xjn_A_C,1
2xjn_A_E,1
2xjn_A_H,1
2xjn_A_I,1
2xjn_A_K,1
2xjn_B_D,1
2xjn_B_F,1
2xjn_B_G,1
2xjn_B_J,1
2xjn_B_L,1
2xjn_C_E,1
2xjn_C_H,1
2xjn_C_J,1
2xjn_C_L,1
2xjn_D_F,1
2xjn_D_G,1
2xjn_D_I,1
2xjn_D_K,1
2xjn_E_G,1
2xjn_E_I,1
2xjn_E_L,1
2xjn_F_H,1
2xjn_F_J,1
2xjn_F_K,1
2xjn_G_I,1
2xjn_G_L,1
2xjn_H_J,1
2xjn_H_K,1
2xjn_I_K,1
2xjn_J_L,1
2xjo_A_C,1
2xjo_A_E,1
2xjo_A_H,1
2xjo_A_I,1
2xjo_A_K,1
2xjo_B_D,1
2xjo_B_F,1
2xjo_B_G,1
2xjo_B_J,1
2xjo_B_L,1
2xjo_C_E,1
2xjo_C_H,1
2xjo_C_J,1
2xjo_C_L,1
2xjo_D_F,1
2xjo_D_G,1
2xjo_D_I,1
2xjo_D_K,1
2xjo_E_G,1
2xjo_E_I,1
2xjo_E_L,1
2xjo_F_H,1
2xjo_F_J,1
2xjo_F_K,1
2xjo_G_I,1
2xjo_G_L,1
2xjo_H_J,1
2xjo_H_K,1
2xjo_I_K,1
2xjo_J_L,1
2xkk_A_C,1
2xko_A_B,1
2xko_A_C,1
2xko_A_D,1
2xko_B_C,1
2xko_B_D,1
2xkp_A_B,1
2xkp_C_F,1
2xkp_D_E,1
2xla_A_B,1
2xla_C_D,1
2xlc_A_B,1
2xlc_A_C,1
2xlc_A_D,1
2xlc_A_E,1
2xlc_B_D,1
2xlc_B_E,1
2xlc_B_F,1
2xlc_C_D,1
2xlc_C_E,1
2xlc_C_F,1
2xlc_D_F,1
2xlc_E_F,1
2xlf_A_B,1
2xlf_C_D,1
2xlp_A_D,1
2xlp_B_C,1
2xls_A_D,1
2xls_B_C,1
2xlt_A_D,1
2xlt_B_C,1
2xme_C_D,1
2xmm_A_B,1
2xmn_A_B,1
2xmn_A_C,1
2xmn_B_C,1
2xo5_A_B,1
2xo6_A_D,1
2xot_A_B,1
2xox_A_B,1
2xq1_A_B,1
2xq1_A_C,1
2xq1_A_D,1
2xq1_B_C,1
2xq1_B_D,1
2xq1_C_D,1
2xq1_I_J,1
2xq1_I_K,1
2xq1_I_L,1
2xq1_J_K,1
2xq1_J_L,1
2xq1_K_L,1
2xqc_A_D,1
2xqq_A_C,1
2xqr_A_B,1
2xqr_C_D,1
2xqr_E_F,1
2xqr_G_H,1
2xqr_I_J,1
2xqr_K_L,1
2xqu_A_B,1
2xqu_B_C,1
2xqu_C_D,1
2xqu_D_E,1
2xr8_A_B,1
2xr8_A_C,1
2xr8_A_E,1
2xr8_A_F,1
2xr8_B_C,1
2xr8_B_D,1
2xr8_B_F,1
2xr8_C_D,1
2xr8_C_E,1
2xr8_D_E,1
2xr8_D_F,1
2xr8_E_F,1
2xr8_G_H,1
2xr8_G_I,1
2xr8_G_K,1
2xr8_G_L,1
2xr8_H_I,1
2xr8_H_J,1
2xr8_H_L,1
2xr8_I_J,1
2xr8_I_K,1
2xr8_J_K,1
2xr8_J_L,1
2xr8_K_L,1
2xr8_M_N,1
2xr8_M_O,1
2xr8_M_Q,1
2xr8_M_R,1
2xr8_N_O,1
2xr8_N_P,1
2xr8_N_R,1
2xr8_O_P,1
2xr8_O_Q,1
2xr8_P_Q,1
2xr8_P_R,1
2xr8_Q_R,1
2xr8_S_T,1
2xr8_S_U,1
2xr8_S_W,1
2xr8_S_X,1
2xr8_T_U,1
2xr8_T_V,1
2xr8_T_X,1
2xr8_U_V,1
2xr8_U_W,1
2xr8_V_W,1
2xr8_V_X,1
2xr8_W_X,1
2xrf_B_C,1
2xrn_A_B,1
2xro_A_B,1
2xro_A_F,1
2xro_B_E,1
2xro_E_F,1
2xsh_A_B,1
2xsh_A_C,1
2xsh_A_E,1
2xsh_A_F,1
2xsh_B_C,1
2xsh_B_D,1
2xsh_B_F,1
2xsh_C_D,1
2xsh_C_E,1
2xsh_D_E,1
2xsh_D_F,1
2xsh_E_F,1
2xsh_G_H,1
2xsh_G_I,1
2xsh_G_K,1
2xsh_G_L,1
2xsh_H_I,1
2xsh_H_J,1
2xsh_H_L,1
2xsh_I_J,1
2xsh_I_K,1
2xsh_J_K,1
2xsh_J_L,1
2xsh_K_L,1
2xsj_A_B,1
2xsj_A_C,1
2xsj_A_D,1
2xsj_A_E,1
2xsj_B_C,1
2xsj_B_D,1
2xsj_B_E,1
2xsj_D_E,1
2xsj_D_F,1
2xsj_E_F,1
2xt2_A_B,1
2xtc_A_B,1
2xtd_A_B,1
2xts_A_B,1
2xts_A_C,1
2xts_A_D,1
2xts_B_C,1
2xts_C_D,1
2xty_A_B,1
2xu6_A_B,1
2xul_A_B,1
2xul_A_C,1
2xul_B_C,1
2xul_D_E,1
2xul_D_F,1
2xul_E_F,1
2xuv_A_B,1
2xuv_C_D,1
2xve_A_B,1
2xvi_A_B,1
2xvo_A_B,1
2xw6_A_C,1
2xwm_A_B,1
2xwn_A_B,1
2xwq_C_D,1
2xwz_A_D,1
2xwz_A_E,1
2xwz_B_C,1
2xwz_B_F,1
2xwz_C_F,1
2xwz_D_E,1
2xxb_A_B,1
2xxh_A_C,1
2xxj_A_B,1
2xxj_A_C,1
2xxj_A_D,1
2xxj_B_C,1
2xxj_C_D,1
2xyf_A_B,1
2xyq_A_B,1
2xzw_D_E,1
2xzw_D_F,1
2xzw_E_F,1
2y02_A_B,1
2y0c_A_B,1
2y0c_C_D,1
2y0d_A_B,1
2y0d_A_C,1
2y0d_B_D,1
2y0d_C_D,1
2y0f_C_D,1
2y0n_A_C,1
2y0n_A_E,1
2y0n_A_H,1
2y0n_B_D,1
2y0n_B_F,1
2y0n_B_G,1
2y0n_C_F,1
2y0n_C_G,1
2y0n_D_E,1
2y0n_D_H,1
2y0n_E_F,1
2y0n_E_G,1
2y0n_E_H,1
2y0n_F_G,1
2y0n_F_H,1
2y0q_A_B,1
2y1c_A_B,1
2y1d_A_B,1
2y1t_A_B,1
2y1t_A_C,1
2y1t_B_C,1
2y1x_B_D,1
2y25_A_B,1
2y25_C_D,1
2y2h_A_B,1
2y2l_A_B,1
2y2q_A_B,1
2y30_A_B,1
2y3e_A_B,1
2y3g_A_D,1
2y3g_B_C,1
2y3n_C_D,1
2y3p_A_B,1
2y3q_A_B,1
2y3q_A_D,1
2y3q_A_I,1
2y3q_A_J,1
2y3q_B_D,1
2y3q_B_E,1
2y3q_B_F,1
2y3q_C_D,1
2y3q_C_F,1
2y3q_C_K,1
2y3q_D_F,1
2y3q_D_K,1
2y3q_E_F,1
2y3q_G_H,1
2y3q_G_L,1
2y3q_H_I,1
2y3q_H_J,1
2y3q_H_L,1
2y3q_I_J,1
2y3q_J_K,1
2y3q_J_L,1
2y3q_K_L,1
2y40_A_B,1
2y41_A_B,1
2y42_C_D,1
2y43_A_B,1
2y4f_A_B,1
2y4i_B_C,1
2y4o_A_B,1
2y5d_A_B,1
2y5i_C_D,1
2y5i_E_F,1
2y5l_A_B,1
2y5l_A_C,1
2y5l_A_D,1
2y5l_B_C,1
2y5l_B_D,1
2y5l_C_D,1
2y5p_A_B,1
2y5p_B_C,1
2y5p_C_D,1
2y5s_A_B,1
2y5w_A_B,1
2y73_A_B,1
2y74_A_B,1
2y75_A_C,1
2y75_A_E,1
2y75_C_E,1
2y7d_A_B,1
2y7d_A_D,1
2y7d_B_C,1
2y7d_C_D,1
2y7e_A_B,1
2y7f_A_B,1
2y7f_A_D,1
2y7f_B_C,1
2y7f_C_D,1
2y7k_A_B,1
2y7k_C_D,1
2y84_F_G,1
2y8q_A_B,1
2y8q_A_E,1
2y8q_B_E,1
2y9w_A_C,1
2y9w_B_D,1
2y9x_A_E,1
2y9x_C_G,1
2y9x_D_H,1
2yad_A_B,1
2yad_A_E,1
2yad_B_E,1
2yad_C_D,1
2yad_C_F,1
2yad_D_F,1
2yav_A_B,1
2yav_B_C,1
2yav_B_E,1
2yav_C_E,1
2yav_D_E,1
2yav_D_F,1
2yav_E_F,1
2ybv_A_B,1
2ybv_A_C,1
2ybv_A_G,1
2ybv_A_H,1
2ybv_A_I,1
2ybv_A_J,1
2ybv_A_K,1
2ybv_B_C,1
2ybv_B_K,1
2ybv_C_D,1
2ybv_C_E,1
2ybv_C_K,1
2ybv_C_L,1
2ybv_C_M,1
2ybv_D_E,1
2ybv_D_M,1
2ybv_E_F,1
2ybv_E_G,1
2ybv_E_M,1
2ybv_E_N,1
2ybv_E_O,1
2ybv_F_G,1
2ybv_F_O,1
2ybv_G_H,1
2ybv_G_I,1
2ybv_G_O,1
2ybv_G_P,1
2ybv_H_I,1
2ybv_I_J,1
2ybv_I_K,1
2ybv_I_O,1
2ybv_I_P,1
2ybv_J_K,1
2ybv_K_L,1
2ybv_K_M,1
2ybv_L_M,1
2ybv_M_N,1
2ybv_M_O,1
2ybv_N_O,1
2ybv_O_P,1
2yc2_A_D,1
2yc2_B_C,1
2ycl_A_B,1
2ydw_A_C,1
2ydx_A_C,1
2yf2_A_B,1
2yf2_A_G,1
2yf2_B_C,1
2yf2_C_D,1
2yf2_D_E,1
2yf2_E_F,1
2yf2_F_G,1
2yfa_A_B,1
2yfh_A_B,1
2yfh_A_C,1
2yfh_A_D,1
2yfh_A_E,1
2yfh_B_C,1
2yfh_B_D,1
2yfh_B_F,1
2yfh_C_E,1
2yfh_C_F,1
2yfh_D_E,1
2yfh_D_F,1
2yfh_E_F,1
2yfi_A_B,1
2yfi_A_C,1
2yfi_A_D,1
2yfi_A_E,1
2yfi_B_D,1
2yfi_B_E,1
2yfi_B_F,1
2yfi_C_D,1
2yfi_C_E,1
2yfi_C_F,1
2yfi_D_F,1
2yfi_E_F,1
2yfi_G_H,1
2yfi_G_I,1
2yfi_G_K,1
2yfi_G_L,1
2yfi_H_I,1
2yfi_H_J,1
2yfi_H_L,1
2yfi_I_J,1
2yfi_I_K,1
2yfi_J_K,1
2yfi_J_L,1
2yfi_K_L,1
2yfj_G_H,1
2yfj_G_I,1
2yfj_G_J,1
2yfj_G_K,1
2yfj_H_J,1
2yfj_H_K,1
2yfj_H_L,1
2yfj_I_J,1
2yfj_I_K,1
2yfj_I_L,1
2yfj_J_L,1
2yfj_K_L,1
2yfl_A_B,1
2yfl_A_C,1
2yfl_A_D,1
2yfl_A_E,1
2yfl_B_D,1
2yfl_B_E,1
2yfl_B_F,1
2yfl_C_D,1
2yfl_C_E,1
2yfl_C_F,1
2yfl_D_F,1
2yfl_E_F,1
2yfw_C_D,1
2yfw_E_F,1
2yg3_A_B,1
2ygc_A_B,1
2ygc_A_C,1
2ygc_B_C,1
2ygy_A_C,1
2ygy_A_D,1
2ygy_B_C,1
2ygy_B_D,1
2yh6_C_D,1
2yhe_B_F,1
2yhk_A_B,1
2yhn_A_B,1
2yht_A_B,1
2yht_A_F,1
2yht_B_C,1
2yht_C_D,1
2yht_D_E,1
2yht_E_F,1
2yht_G_H,1
2yht_G_L,1
2yht_H_I,1
2yht_I_J,1
2yht_J_K,1
2yht_K_L,1
2yhu_A_B,1
2yhu_A_C,1
2yhu_A_D,1
2yhu_B_C,1
2yhu_B_D,1
2yhu_C_D,1
2yil_A_B,1
2yil_C_D,1
2yil_E_F,1
2yim_A_B,1
2yim_C_D,1
2yks_A_B,1
2yks_A_E,1
2yks_B_C,1
2yks_C_D,1
2yks_D_E,1
2yku_A_B,1
2ykv_A_B,1
2yky_A_B,1
2ym9_A_C,1
2ym9_A_D,1
2ym9_B_C,1
2ym9_B_D,1
2ym9_C_D,1
2yme_A_B,1
2yme_A_E,1
2yme_B_C,1
2yme_C_D,1
2yme_D_E,1
2yme_F_G,1
2yme_F_J,1
2yme_G_H,1
2yme_H_I,1
2yme_I_J,1
2yml_A_B,1
2ymp_A_B,1
2ymw_A_B,1
2ynb_A_B,1
2yny_A_B,1
2yny_A_C,1
2yny_B_C,1
2ynz_A_B,1
2ynz_A_C,1
2ynz_B_C,1
2yor_A_B,1
2yp1_A_C,1
2yp1_B_D,1
2ypi_A_B,1
2ypo_A_B,1
2ypr_A_B,1
2yq5_A_B,1
2yq5_A_D,1
2yq5_B_C,1
2yq5_C_D,1
2yq8_A_B,1
2yr1_A_B,1
2yrf_A_B,1
2ytz_A_B,1
2yv3_A_B,1
2yv9_A_B,1
2yva_A_B,1
2yvh_A_B,1
2yvh_C_D,1
2yvx_A_B,1
2yvx_C_D,1
2yw3_A_B,1
2yw3_A_C,1
2yw3_B_C,1
2yw3_D_E,1
2yw3_D_F,1
2yw3_E_F,1
2yw6_A_B,1
2yw6_A_C,1
2yw6_B_C,1
2yw9_E_F,1
2yw9_E_G,1
2yw9_E_H,1
2yw9_F_G,1
2yw9_F_H,1
2yw9_G_H,1
2ywm_A_B,1
2ywm_A_C,1
2ywm_B_D,1
2ywm_C_D,1
2yww_A_B,1
2yx9_A_B,1
2yxd_A_B,1
2yxg_A_B,1
2yxg_A_D,1
2yxg_B_C,1
2yxg_C_D,1
2yxt_A_B,1
2yxu_A_B,1
2yy2_A_B,1
2yy5_A_B,1
2yy7_A_B,1
2yy9_A_B,1
2yyb_A_B,1
2yye_A_B,1
2yyr_A_B,1
2yyu_A_B,1
2yyv_A_B,1
2yz5_A_B,1
2yz7_A_B,1
2yz7_A_D,1
2yz7_B_C,1
2yz7_C_D,1
2yzb_A_B,1
2yzb_A_C,1
2yzb_A_D,1
2yzb_B_C,1
2yzb_B_D,1
2yzb_C_D,1
2yzb_E_F,1
2yzb_E_G,1
2yzb_E_H,1
2yzb_F_G,1
2yzb_F_H,1
2yzb_G_H,1
2yzg_A_B,1
2yzj_A_B,1
2yzj_A_C,1
2yzj_B_C,1
2yzs_A_B,1
2z06_A_B,1
2z06_A_C,1
2z06_A_D,1
2z06_B_C,1
2z06_B_D,1
2z06_C_D,1
2z0b_A_F,1
2z0f_A_B,1
2z0i_A_B,1
2z0j_A_B,1
2z0l_A_B,1
2z0l_G_H,1
2z0p_A_B,1
2z0r_G_H,1
2z0v_A_B,1
2z1b_B_C,1
2z1m_A_B,1
2z1m_A_D,1
2z1m_B_C,1
2z1m_C_D,1
2z1n_A_B,1
2z1y_A_B,1
2z1z_A_B,1
2z3b_A_B,1
2z3b_A_F,1
2z3b_B_C,1
2z3b_C_D,1
2z3b_D_E,1
2z3b_E_F,1
2z3b_G_H,1
2z3b_G_J,1
2z3b_H_I,1
2z3b_H_J,1
2z3b_H_L,1
2z3b_I_K,1
2z3b_I_L,1
2z3b_J_L,1
2z3b_K_L,1
2z3g_A_B,1
2z3g_A_C,1
2z3g_A_D,1
2z3g_B_C,1
2z3g_B_D,1
2z3g_C_D,1
2z3l_A_B,1
2z3o_A_B,1
2z3q_C_D,1
2z3r_I_J,1
2z4e_A_B,1
2z4e_A_C,1
2z4e_B_C,1
2z4e_C_F,1
2z4e_D_E,1
2z4e_D_F,1
2z4e_E_F,1
2z4o_A_B,1
2z50_A_B,1
2z52_A_B,1
2z54_A_B,1
2z5b_A_B,1
2z5c_D_E,1
2z5c_D_F,1
2z5c_E_F,1
2z5e_A_B,1
2z5h_A_B,1
2z5h_A_T,1
2z5h_C_D,1
2z5h_E_F,1
2z5h_G_H,1
2z5i_A_B,1
2z5i_C_D,1
2z5i_E_F,1
2z5i_G_H,1
2z67_A_B,1
2z67_A_C,1
2z67_A_D,1
2z67_B_C,1
2z67_B_D,1
2z67_C_D,1
2z69_A_B,1
2z6c_A_B,1
2z6d_A_B,1
2z6e_A_B,1
2z6e_C_D,1
2z6j_A_B,1
2z6x_A_B,1
2z6x_A_C,1
2z6x_B_D,1
2z6x_C_D,1
2z71_A_C,1
2z76_A_B,1
2z78_A_B,1
2z7a_A_B,1
2z7h_A_B,1
2z86_A_B,1
2z87_A_B,1
2z8j_A_B,1
2z8j_C_D,1
2z8r_A_B,1
2z8u_A_B,1
2z8y_A_B,1
2z8y_A_M,1
2z8y_A_N,1
2z8y_B_M,1
2z8y_B_N,1
2z8y_C_D,1
2z8y_C_O,1
2z8y_C_P,1
2z8y_D_O,1
2z8y_D_P,1
2z9d_A_B,1
2z9i_A_B,1
2z9i_A_C,1
2z9i_B_C,1
2z9k_A_B,1
2z9l_A_B,1
2z9s_A_B,1
2z9s_A_C,1
2z9s_B_F,1
2z9s_C_D,1
2z9s_D_G,1
2z9s_E_F,1
2z9s_E_J,1
2z9s_G_H,1
2z9s_H_I,1
2z9s_I_J,1
2z9w_A_B,1
2za1_A_B,1
2zaf_A_B,1
2zaf_A_C,1
2zaf_B_D,1
2zaf_C_D,1
2zag_A_B,1
2zag_C_D,1
2zal_A_B,1
2zal_A_D,1
2zal_B_C,1
2zal_B_D,1
2zal_C_D,1
2zat_A_B,1
2zb2_A_B,1
2zbc_A_C,1
2zbc_A_D,1
2zbc_B_C,1
2zbc_B_D,1
2zbc_E_G,1
2zbc_E_H,1
2zbc_F_G,1
2zbc_F_H,1
2zbv_A_B,1
2zbv_A_C,1
2zbv_B_C,1
2zc0_A_B,1
2zc0_A_C,1
2zc0_A_D,1
2zc0_B_C,1
2zc0_B_D,1
2zc0_C_D,1
2zc3_A_B,1
2zc3_B_C,1
2zc3_D_E,1
2zc3_E_F,1
2zc4_A_B,1
2zc4_B_C,1
2zcf_A_B,1
2zci_A_C,1
2zci_B_D,1
2zcm_A_B,1
2zcn_A_B,1
2zcn_C_D,1
2zcy_0_1,1
2zcy_0_H,1
2zcy_0_N,1
2zcy_0_S,1
2zcy_0_T,1
2zcy_0_Z,1
2zcy_1_M,1
2zcy_1_N,1
2zcy_1_T,1
2zcy_1_U,1
2zcy_1_V,1
2zcy_A_B,1
2zcy_A_G,1
2zcy_A_H,1
2zcy_A_I,1
2zcy_B_C,1
2zcy_B_I,1
2zcy_B_J,1
2zcy_C_D,1
2zcy_C_J,1
2zcy_C_K,1
2zcy_D_E,1
2zcy_D_K,1
2zcy_D_L,1
2zcy_E_F,1
2zcy_E_L,1
2zcy_E_M,1
2zcy_F_G,1
2zcy_F_M,1
2zcy_F_N,1
2zcy_G_H,1
2zcy_G_N,1
2zcy_H_I,1
2zcy_H_N,1
2zcy_H_Z,1
2zcy_I_J,1
2zcy_I_Y,1
2zcy_I_Z,1
2zcy_J_K,1
2zcy_J_X,1
2zcy_J_Y,1
2zcy_K_L,1
2zcy_K_W,1
2zcy_K_X,1
2zcy_L_M,1
2zcy_L_V,1
2zcy_L_W,1
2zcy_M_N,1
2zcy_M_V,1
2zcy_O_P,1
2zcy_O_U,1
2zcy_O_V,1
2zcy_O_W,1
2zcy_P_Q,1
2zcy_P_W,1
2zcy_P_X,1
2zcy_Q_R,1
2zcy_Q_X,1
2zcy_Q_Y,1
2zcy_R_S,1
2zcy_R_Y,1
2zcy_R_Z,1
2zcy_S_T,1
2zcy_S_Z,1
2zcy_T_U,1
2zcy_U_V,1
2zcy_V_W,1
2zcy_W_X,1
2zcy_X_Y,1
2zcy_Y_Z,1
2zeg_A_B,1
2zej_A_B,1
2zem_A_B,1
2zen_A_B,1
2zep_A_B,1
2zeu_A_B,1
2zho_C_D,1
2zho_E_F,1
2zhz_A_B,1
2zhz_A_C,1
2zhz_B_C,1
2zi3_A_B,1
2zi5_A_B,1
2zi7_A_B,1
2zi9_A_B,1
2zie_A_B,1
2zir_A_B,1
2ziu_A_B,1
2ziv_A_B,1
2ziw_A_B,1
2zj0_A_B,1
2zj0_A_C,1
2zj0_A_D,1
2zj0_B_C,1
2zj0_B_D,1
2zj0_C_D,1
2zjb_A_B,1
2zju_A_B,1
2zju_A_E,1
2zju_B_C,1
2zju_C_D,1
2zju_D_E,1
2zjv_A_B,1
2zjv_A_E,1
2zjv_B_C,1
2zjv_C_D,1
2zjv_D_E,1
2zk7_A_B,1
2zl2_A_B,1
2zl2_A_G,1
2zl2_A_H,1
2zl2_B_C,1
2zl2_B_I,1
2zl2_C_D,1
2zl2_C_J,1
2zl2_D_E,1
2zl2_D_K,1
2zl2_E_F,1
2zl2_E_L,1
2zl2_F_G,1
2zl2_F_M,1
2zl2_G_N,1
2zl2_H_I,1
2zl2_H_N,1
2zl2_I_J,1
2zl2_J_K,1
2zl2_K_L,1
2zl2_L_M,1
2zl2_M_N,1
2zl3_A_B,1
2zl3_A_G,1
2zl3_A_H,1
2zl3_B_C,1
2zl3_B_I,1
2zl3_C_D,1
2zl3_C_J,1
2zl3_D_E,1
2zl3_D_K,1
2zl3_E_F,1
2zl3_E_L,1
2zl3_F_G,1
2zl3_F_M,1
2zl3_G_N,1
2zl3_H_I,1
2zl3_H_N,1
2zl3_I_J,1
2zl3_J_K,1
2zl3_K_L,1
2zl3_L_M,1
2zl3_M_N,1
2zl5_A_B,1
2zl7_A_B,1
2zl8_A_B,1
2zm6_B_H,1
2zm6_C_J,1
2zm6_C_N,1
2zm6_D_E,1
2zm6_E_H,1
2zm6_F_R,1
2zm6_G_I,1
2zm6_J_N,1
2zm6_K_R,1
2zm6_M_S,1
2zn9_A_B,1
2znl_A_B,1
2zny_A_B,1
2zny_B_C,1
2zny_C_D,1
2zny_D_E,1
2zny_E_F,1
2zny_F_G,1
2zny_G_H,1
2znz_E_F,1
2zop_A_C,1
2zop_B_C,1
2zop_D_F,1
2zop_E_F,1
2zp7_B_D,1
2zpb_A_B,1
2zpe_A_B,1
2zpf_A_B,1
2zqk_A_N,1
2zqk_B_D,1
2zqk_C_D,1
2zqk_M_N,1
2zqr_A_B,1
2zqr_A_C,1
2zqr_A_D,1
2zqr_B_C,1
2zqr_B_F,1
2zqr_C_E,1
2zqr_D_E,1
2zqr_D_F,1
2zqr_E_F,1
2zqz_A_B,1
2zr2_A_B,1
2zrs_C_D,1
2zrt_C_D,1
2zrt_E_F,1
2zrt_G_H,1
2zru_A_B,1
2zru_A_D,1
2zru_B_C,1
2zru_C_D,1
2zrv_A_B,1
2zrv_A_D,1
2zrv_B_C,1
2zrv_C_D,1
2zrw_A_B,1
2zrw_A_D,1
2zrw_B_C,1
2zrw_C_D,1
2zry_A_B,1
2zry_A_D,1
2zry_B_C,1
2zry_C_D,1
2zs0_A_C,1
2zs0_A_D,1
2zs0_B_C,1
2zs0_B_D,1
2zsh_A_B,1
2zw3_A_B,1
2zw3_A_F,1
2zw3_B_C,1
2zw3_C_D,1
2zw3_D_E,1
2zw3_E_F,1
2zwe_A_B,1
2zwk_A_B,1
2zwk_C_D,1
2zwk_E_F,1
2zx3_A_B,1
2zx9_A_B,1
2zxb_A_B,1
2zxd_A_B,1
2zxl_A_B,1
2zxu_A_B,1
2zxw_A_B,1
2zxw_A_C,1
2zxw_A_D,1
2zxw_A_F,1
2zxw_A_G,1
2zxw_A_J,1
2zxw_A_K,1
2zxw_B_D,1
2zxw_B_E,1
2zxw_B_H,1
2zxw_B_I,1
2zxw_C_F,1
2zxw_C_G,1
2zxw_C_J,1
2zxw_D_E,1
2zxw_D_I,1
2zxw_D_K,1
2zxw_E_I,1
2zxw_N_O,1
2zxw_N_P,1
2zxw_N_Q,1
2zxw_N_S,1
2zxw_N_T,1
2zxw_N_W,1
2zxw_N_X,1
2zxw_O_Q,1
2zxw_O_R,1
2zxw_O_U,1
2zxw_O_V,1
2zxw_P_S,1
2zxw_P_T,1
2zxw_P_W,1
2zxw_Q_R,1
2zxw_Q_V,1
2zxw_Q_X,1
2zxw_R_V,1
2zxx_A_B,1
2zxx_A_C,1
2zxx_B_C,1
2zyj_A_B,1
2zz3_A_B,1
2zz6_A_B,1
2zz8_A_B,1
2zzc_C_D,1
2zzx_A_D,1
2zzx_B_C,1
3a06_A_B,1
3a0c_C_D,1
3a11_A_B,1
3a11_A_C,1
3a11_A_E,1
3a11_B_D,1
3a11_B_F,1
3a11_C_D,1
3a11_C_E,1
3a11_D_F,1
3a11_E_F,1
3a12_B_C,1
3a13_I_J,1
3a15_C_D,1
3a16_A_B,1
3a16_C_D,1
3a17_A_B,1
3a1c_A_B,1
3a1d_A_B,1
3a1n_A_B,1
3a20_A_B,1
3a29_A_C,1
3a2f_A_B,1
3a2v_A_B,1
3a2v_A_C,1
3a2v_A_I,1
3a2v_A_J,1
3a2v_B_C,1
3a2v_B_D,1
3a2v_B_J,1
3a2v_C_D,1
3a2v_C_E,1
3a2v_D_E,1
3a2v_D_F,1
3a2v_E_F,1
3a2v_E_G,1
3a2v_F_G,1
3a2v_F_H,1
3a2v_G_H,1
3a2v_G_I,1
3a2v_H_I,1
3a2v_H_J,1
3a2v_I_J,1
3a36_A_B,1
3a3d_A_B,1
3a3e_A_B,1
3a3f_A_B,1
3a43_A_B,1
3a4l_A_B,1
3a4u_A_B,1
3a5w_A_B,1
3a5w_A_C,1
3a5w_A_I,1
3a5w_A_J,1
3a5w_B_C,1
3a5w_B_D,1
3a5w_B_J,1
3a5w_C_D,1
3a5w_C_E,1
3a5w_D_E,1
3a5w_D_F,1
3a5w_E_F,1
3a5w_E_G,1
3a5w_F_G,1
3a5w_F_H,1
3a5w_G_H,1
3a5w_G_I,1
3a5w_H_I,1
3a5w_H_J,1
3a5w_I_J,1
3a5y_A_B,1
3a5y_C_D,1
3a5z_A_B,1
3a5z_A_C,1
3a5z_C_D,1
3a60_A_B,1
3a6g_A_B,1
3a6g_A_F,1
3a6g_B_C,1
3a6g_C_D,1
3a6g_D_E,1
3a6g_E_F,1
3a6h_A_B,1
3a6h_A_F,1
3a6h_B_C,1
3a6h_C_D,1
3a6h_D_E,1
3a6h_E_F,1
3a6l_A_B,1
3a6l_A_F,1
3a6l_B_C,1
3a6l_C_D,1
3a6l_D_E,1
3a6l_E_F,1
3a6n_A_B,1
3a6n_A_E,1
3a6n_A_G,1
3a6n_B_D,1
3a6n_B_G,1
3a6n_B_H,1
3a6n_C_D,1
3a6n_C_E,1
3a6n_C_F,1
3a6n_E_F,1
3a6n_F_H,1
3a6n_G_H,1
3a6r_A_B,1
3a6r_C_D,1
3a6s_A_B,1
3a6z_A_C,1
3a74_A_B,1
3a74_C_D,1
3a7o_A_B,1
3a7o_C_D,1
3a7o_E_F,1
3a7p_A_B,1
3a8g_A_B,1
3a8i_A_E,1
3a8i_B_F,1
3a8k_B_F,1
3a8x_A_B,1
3a98_A_B,1
3a98_C_D,1
3a9l_A_B,1
3a9s_A_B,1
3a9s_A_C,1
3a9s_B_C,1
3a9t_A_B,1
3a9t_A_C,1
3a9t_B_C,1
3a9w_A_B,1
3aa8_A_B,1
3aa8_A_C,1
3aa8_B_C,1
3aa9_A_B,1
3aa9_A_C,1
3aa9_B_C,1
3aac_A_B,1
3ab2_E_F,1
3ab2_E_G,1
3ab2_G_H,1
3ab4_A_B,1
3ab4_A_C,1
3ab4_C_D,1
3ab7_A_B,1
3ab8_A_B,1
3abf_A_B,1
3abf_A_C,1
3abf_A_E,1
3abf_B_D,1
3abf_B_F,1
3abf_C_D,1
3abf_C_E,1
3abf_D_F,1
3abf_E_F,1
3abh_A_B,1
3abi_A_B,1
3abm_A_B,1
3abm_A_C,1
3abm_A_D,1
3abm_A_F,1
3abm_A_G,1
3abm_A_J,1
3abm_A_K,1
3abm_B_D,1
3abm_B_E,1
3abm_B_H,1
3abm_B_I,1
3abm_C_F,1
3abm_C_G,1
3abm_C_J,1
3abm_D_E,1
3abm_D_I,1
3abm_D_K,1
3abm_E_I,1
3abq_A_B,1
3abq_A_C,1
3abq_A_D,1
3abq_B_C,1
3abq_C_D,1
3abr_A_B,1
3abr_A_C,1
3abr_A_D,1
3abr_B_C,1
3abr_C_D,1
3abs_A_B,1
3abs_A_C,1
3abs_A_D,1
3abs_B_C,1
3abs_C_D,1
3abv_A_B,1
3abv_B_C,1
3abv_B_D,1
3abv_C_D,1
3ac9_A_B,1
3act_A_B,1
3acz_A_B,1
3acz_A_C,1
3acz_A_D,1
3acz_B_C,1
3acz_B_D,1
3acz_C_D,1
3ad8_A_B,1
3ad8_A_C,1
3ad8_A_D,1
3ad8_B_D,1
3ad8_C_D,1
3adb_A_B,1
3add_A_B,1
3afa_A_B,1
3afa_A_E,1
3afa_A_G,1
3afa_B_D,1
3afa_B_G,1
3afa_B_H,1
3afa_C_D,1
3afa_C_E,1
3afa_C_F,1
3afa_E_F,1
3afa_F_H,1
3afa_G_H,1
3afc_A_B,1
3afe_A_B,1
3afe_A_D,1
3afe_B_C,1
3afe_C_D,1
3aff_A_B,1
3afi_A_E,1
3afi_B_F,1
3afj_A_B,1
3afk_A_B,1
3afm_A_B,1
3afn_A_B,1
3afn_A_C,1
3afn_B_D,1
3afn_C_D,1
3ag6_A_B,1
3aga_A_B,1
3agb_A_B,1
3agc_A_B,1
3agf_A_B,1
3agz_A_B,1
3ah3_A_C,1
3ah3_B_D,1
3ah4_A_B,1
3ah6_D_E,1
3ah6_D_F,1
3ah6_E_F,1
3ahp_A_B,1
3ahp_A_C,1
3ahp_B_C,1
3ahp_D_E,1
3ahp_D_F,1
3ahp_E_F,1
3ai7_A_B,1
3aik_A_B,1
3aik_A_D,1
3aik_B_C,1
3aik_C_D,1
3ail_B_C,1
3aim_A_D,1
3aim_B_C,1
3ajm_A_B,1
3ajv_A_B,1
3ajv_A_D,1
3ajv_B_C,1
3ajv_B_D,1
3ajv_C_D,1
3ak0_A_B,1
3ak1_A_B,1
3ak1_A_C,1
3ak1_B_D,1
3ak1_C_D,1
3akl_A_B,1
3akl_C_D,1
3al0_A_B,1
3al0_A_C,1
3al0_B_C,1
3al6_A_B,1
3al6_C_D,1
3ala_A_B,1
3ale_A_B,1
3ale_C_D,1
3am3_A_B,1
3am6_A_B,1
3am6_A_C,1
3am6_B_D,1
3am6_C_D,1
3am9_A_B,1
3amj_A_B,1
3amj_A_C,1
3amj_C_D,1
3an1_A_B,1
3anm_A_B,1
3ano_A_B,1
3ans_A_B,1
3anw_A_B,1
3anz_A_B,1
3anz_A_G,1
3anz_B_C,1
3anz_C_D,1
3anz_D_E,1
3anz_E_F,1
3anz_F_G,1
3anz_O_P,1
3anz_O_U,1
3anz_P_Q,1
3anz_Q_R,1
3anz_R_S,1
3anz_S_T,1
3anz_T_U,1
3anz_V_W,1
3anz_V_b,1
3anz_W_X,1
3anz_X_Y,1
3anz_Y_Z,1
3anz_Z_a,1
3anz_a_b,1
3aoa_A_B,1
3aoa_A_C,1
3aoa_B_C,1
3aoc_A_B,1
3aoc_A_C,1
3aoc_B_C,1
3aog_G_H,1
3aog_G_I,1
3aog_G_J,1
3aog_H_I,1
3aog_H_L,1
3aog_I_K,1
3aog_J_K,1
3aog_J_L,1
3aog_K_L,1
3aou_A_B,1
3aou_A_J,1
3aou_B_C,1
3aou_C_D,1
3aou_D_E,1
3aou_E_F,1
3aou_F_G,1
3aou_G_H,1
3aou_H_I,1
3aou_I_J,1
3aow_A_C,1
3aqb_A_B,1
3aqc_A_B,1
3aqi_A_B,1
3aqn_A_B,1
3aqq_A_B,1
3aqq_B_C,1
3aqq_B_D,1
3aqq_C_D,1
3aqt_A_B,1
3asj_A_B,1
3asj_A_D,1
3asj_B_C,1
3asj_C_D,1
3asn_N_O,1
3asn_N_P,1
3asn_N_Q,1
3asn_N_S,1
3asn_N_T,1
3asn_N_W,1
3asn_N_X,1
3asn_O_Q,1
3asn_O_R,1
3asn_O_U,1
3asn_O_V,1
3asn_P_S,1
3asn_P_T,1
3asn_P_W,1
3asn_Q_R,1
3asn_Q_V,1
3asn_Q_X,1
3asn_R_V,1
3asr_A_B,1
3asu_A_B,1
3asv_A_B,1
3asv_C_D,1
3asv_C_E,1
3asv_C_F,1
3asv_D_E,1
3asv_D_F,1
3asv_E_F,1
3asz_A_B,1
3at1_A_B,1
3at1_B_D,1
3at1_C_D,1
3atp_A_B,1
3au8_A_B,1
3au9_A_B,1
3aus_A_B,1
3aut_A_B,1
3av7_A_C,1
3aw1_A_B,1
3awd_A_B,1
3awd_A_C,1
3awd_A_D,1
3awd_B_C,1
3awd_B_D,1
3awd_C_D,1
3awh_A_B,1
3awt_A_B,1
3awu_A_B,1
3awv_A_B,1
3aww_A_B,1
3awx_A_B,1
3awy_A_B,1
3ax0_A_B,1
3ax7_A_B,1
3axg_A_B,1
3axg_A_D,1
3axg_B_C,1
3axg_C_D,1
3axg_E_F,1
3axg_E_G,1
3axg_F_H,1
3axg_G_H,1
3axg_I_J,1
3axg_I_K,1
3axg_J_L,1
3axg_K_L,1
3axj_A_B,1
3axk_A_B,1
3axk_A_S,1
3axk_B_T,1
3axm_A_B,1
3axm_A_C,1
3axm_A_D,1
3axm_A_G,1
3axm_A_S,1
3axm_A_V,1
3axm_A_Y,1
3axm_B_D,1
3axm_B_G,1
3axm_B_H,1
3axm_B_T,1
3axm_B_V,1
3axm_B_Y,1
3axm_C_D,1
3axm_C_E,1
3axm_C_F,1
3axm_C_S,1
3axm_C_U,1
3axm_C_X,1
3axm_D_F,1
3axm_D_S,1
3axm_D_V,1
3axm_D_X,1
3axm_E_F,1
3axm_E_G,1
3axm_E_H,1
3axm_E_U,1
3axm_E_W,1
3axm_E_Z,1
3axm_F_H,1
3axm_F_U,1
3axm_F_X,1
3axm_F_Z,1
3axm_G_H,1
3axm_G_T,1
3axm_G_W,1
3axm_G_Y,1
3axm_H_T,1
3axm_H_W,1
3axm_H_Z,1
3axm_S_U,1
3axm_S_Y,1
3axm_T_V,1
3axm_T_Z,1
3axm_U_W,1
3axm_V_X,1
3axm_W_Y,1
3axm_X_Z,1
3ay3_C_D,1
3ayi_A_B,1
3ayt_A_C,1
3ayt_B_D,1
3ayv_B_C,1
3ayx_A_B,1
3ayx_A_C,1
3ayx_A_D,1
3ayx_B_C,1
3ayx_B_D,1
3ayx_C_D,1
3ayz_A_B,1
3ayz_A_C,1
3ayz_A_D,1
3ayz_B_C,1
3ayz_B_D,1
3ayz_C_D,1
3azf_A_B,1
3azf_A_E,1
3azf_A_G,1
3azf_B_D,1
3azf_B_G,1
3azf_C_D,1
3azf_C_E,1
3azf_C_F,1
3azf_E_F,1
3azf_F_H,1
3azf_G_H,1
3azi_A_B,1
3azi_A_E,1
3azi_A_G,1
3azi_B_D,1
3azi_B_G,1
3azi_C_D,1
3azi_C_E,1
3azi_C_F,1
3azi_E_F,1
3azi_F_H,1
3azi_G_H,1
3azk_A_B,1
3azk_A_E,1
3azk_A_G,1
3azk_B_D,1
3azk_B_G,1
3azk_C_D,1
3azk_C_E,1
3azk_C_F,1
3azk_E_F,1
3azk_F_H,1
3azk_G_H,1
3azl_A_B,1
3azl_A_E,1
3azl_A_G,1
3azl_B_D,1
3azl_B_G,1
3azl_C_D,1
3azl_C_E,1
3azl_C_F,1
3azl_E_F,1
3azl_F_H,1
3azl_G_H,1
3azu_A_B,1
3azu_A_C,1
3azu_A_D,1
3azu_B_C,1
3azu_B_D,1
3azu_C_D,1
3b1e_A_B,1
3b1e_C_D,1
3b1o_A_B,1
3b2d_A_B,1
3b2d_A_C,1
3b2d_A_D,1
3b2d_B_C,1
3b2d_B_D,1
3b2e_A_B,1
3b2e_A_E,1
3b2e_A_F,1
3b2e_B_E,1
3b2e_B_F,1
3b2e_C_D,1
3b2e_C_G,1
3b2e_C_H,1
3b2e_D_G,1
3b2e_D_H,1
3b2t_A_B,1
3b3f_A_B,1
3b3f_C_D,1
3b3g_A_B,1
3b3l_C_D,1
3b3n_A_B,1
3b3o_A_B,1
3b4m_A_B,1
3b4t_A_B,1
3b4t_A_C,1
3b4t_B_F,1
3b4t_C_D,1
3b4t_D_E,1
3b4t_E_F,1
3b4u_A_B,1
3b59_A_B,1
3b59_A_C,1
3b59_B_E,1
3b59_C_D,1
3b59_D_F,1
3b59_E_F,1
3b5k_A_B,1
3b5m_A_B,1
3b5m_C_D,1
3b6g_A_B,1
3b6g_A_E,1
3b6g_A_G,1
3b6g_B_D,1
3b6g_B_G,1
3b6g_B_H,1
3b6g_C_D,1
3b6g_C_E,1
3b6g_C_F,1
3b6g_D_F,1
3b6g_E_F,1
3b6g_F_H,1
3b6g_G_H,1
3b6i_A_B,1
3b6p_A_C,1
3b6r_A_B,1
3b6w_A_C,1
3b77_A_B,1
3b77_B_C,1
3b77_D_E,1
3b77_E_F,1
3b7d_A_B,1
3b7d_E_F,1
3b7j_A_B,1
3b7j_A_D,1
3b7j_B_F,1
3b7j_C_D,1
3b7j_C_E,1
3b7j_E_F,1
3b7p_B_C,1
3b7v_A_B,1
3b83_C_F,1
3b8d_A_B,1
3b8d_A_D,1
3b8d_B_C,1
3b8d_C_D,1
3b8i_A_B,1
3b8i_A_C,1
3b8i_A_D,1
3b8i_B_C,1
3b8i_B_D,1
3b8i_C_D,1
3b8m_A_B,1
3b8m_B_C,1
3b8w_A_B,1
3b8x_A_B,1
3b94_A_B,1
3b94_A_C,1
3b94_B_C,1
3b97_A_B,1
3b97_C_D,1
3b9g_A_B,1
3b9n_A_B,1
3b9s_A_B,1
3b9s_A_C,1
3b9s_B_C,1
3b9x_A_B,1
3b9x_A_C,1
3b9x_B_D,1
3b9x_C_D,1
3ba3_A_B,1
3bal_A_B,1
3bal_A_C,1
3bal_A_D,1
3bal_B_C,1
3bal_B_D,1
3bal_C_D,1
3ban_A_B,1
3bas_A_B,1
3bcw_A_B,1
3bdb_A_B,1
3bdb_E_F,1
3bdg_A_B,1
3bdh_A_B,1
3bdj_A_B,1
3bdk_A_B,1
3bdm_0_1,1
3bdm_0_H,1
3bdm_0_N,1
3bdm_0_S,1
3bdm_0_T,1
3bdm_0_Z,1
3bdm_1_M,1
3bdm_1_N,1
3bdm_1_T,1
3bdm_1_U,1
3bdm_1_V,1
3bdm_A_B,1
3bdm_A_G,1
3bdm_A_H,1
3bdm_A_I,1
3bdm_B_C,1
3bdm_B_I,1
3bdm_B_J,1
3bdm_C_D,1
3bdm_C_J,1
3bdm_C_K,1
3bdm_D_E,1
3bdm_D_K,1
3bdm_D_L,1
3bdm_E_F,1
3bdm_E_L,1
3bdm_E_M,1
3bdm_F_G,1
3bdm_F_M,1
3bdm_F_N,1
3bdm_G_H,1
3bdm_G_N,1
3bdm_H_I,1
3bdm_H_N,1
3bdm_H_Z,1
3bdm_I_J,1
3bdm_I_Y,1
3bdm_I_Z,1
3bdm_J_K,1
3bdm_J_X,1
3bdm_J_Y,1
3bdm_K_L,1
3bdm_K_W,1
3bdm_K_X,1
3bdm_L_M,1
3bdm_L_V,1
3bdm_L_W,1
3bdm_M_N,1
3bdm_M_V,1
3bdm_O_P,1
3bdm_O_U,1
3bdm_O_V,1
3bdm_O_W,1
3bdm_P_Q,1
3bdm_P_W,1
3bdm_P_X,1
3bdm_Q_R,1
3bdm_Q_X,1
3bdm_Q_Y,1
3bdm_R_S,1
3bdm_R_Y,1
3bdm_R_Z,1
3bdm_S_T,1
3bdm_S_Z,1
3bdm_T_U,1
3bdm_U_V,1
3bdm_V_W,1
3bdm_W_X,1
3bdm_X_Y,1
3bdm_Y_Z,1
3be6_A_B,1
3be6_C_D,1
3bed_A_B,1
3bep_A_B,1
3bex_A_B,1
3bex_C_D,1
3bex_E_F,1
3bh2_A_B,1
3bh2_A_C,1
3bh2_A_D,1
3bh2_B_C,1
3bh2_B_D,1
3bhe_A_B,1
3bi4_A_B,1
3bil_A_B,1
3bim_A_B,1
3bim_C_D,1
3bim_E_F,1
3bim_G_H,1
3bio_A_B,1
3bj8_C_D,1
3bjb_A_B,1
3bjb_C_D,1
3bjd_A_B,1
3bje_A_B,1
3bjm_A_B,1
3bjq_A_C,1
3bjq_A_D,1
3bjq_A_J,1
3bjq_B_C,1
3bjq_B_E,1
3bjq_B_G,1
3bjq_C_F,1
3bjq_D_E,1
3bjq_D_H,1
3bjq_E_I,1
3bjq_F_G,1
3bjq_F_J,1
3bjq_G_I,1
3bjq_H_I,1
3bjq_H_J,1
3bjw_A_F,1
3bjw_A_G,1
3bjw_B_C,1
3bjw_C_D,1
3bjw_D_E,1
3bjw_E_H,1
3bjw_G_H,1
3bk6_A_B,1
3bk6_A_C,1
3bk6_B_C,1
3bk9_A_B,1
3bk9_A_C,1
3bk9_A_D,1
3bk9_B_C,1
3bk9_B_D,1
3bk9_C_D,1
3bk9_E_F,1
3bk9_E_G,1
3bk9_E_H,1
3bk9_F_G,1
3bk9_F_H,1
3bk9_G_H,1
3bkn_A_B,1
3bkn_A_C,1
3bkn_A_D,1
3bkn_A_G,1
3bkn_A_K,1
3bkn_B_G,1
3bkn_B_K,1
3bkn_C_D,1
3bkn_C_F,1
3bkn_C_I,1
3bkn_C_J,1
3bkn_D_F,1
3bkn_D_K,1
3bkn_E_F,1
3bkn_E_J,1
3bkn_F_J,1
3bkn_G_H,1
3bkn_G_I,1
3bkn_H_I,1
3bkn_H_L,1
3bkn_I_J,1
3bkn_I_L,1
3bkn_J_L,1
3bku_A_B,1
3bku_A_C,1
3bku_B_D,1
3bku_C_D,1
3bkw_A_B,1
3bl4_A_B,1
3blv_A_B,1
3blv_A_D,1
3blv_A_E,1
3blv_B_C,1
3blv_C_D,1
3blv_C_G,1
3blv_E_F,1
3blv_E_H,1
3blv_F_G,1
3blv_G_H,1
3blx_A_B,1
3blx_A_D,1
3blx_A_E,1
3blx_B_C,1
3blx_C_D,1
3blx_C_G,1
3blx_E_F,1
3blx_E_H,1
3blx_F_G,1
3blx_G_H,1
3blx_I_J,1
3blx_I_L,1
3blx_I_M,1
3blx_J_K,1
3blx_K_L,1
3blx_K_O,1
3blx_M_N,1
3blx_M_P,1
3blx_N_O,1
3blx_O_P,1
3blz_A_B,1
3blz_A_D,1
3blz_B_C,1
3blz_C_D,1
3bm2_A_B,1
3bmc_A_B,1
3bmc_A_C,1
3bmc_A_D,1
3bmc_B_C,1
3bmc_B_D,1
3bmc_C_D,1
3bn4_A_B,1
3bn4_A_F,1
3bn4_B_C,1
3bn4_C_D,1
3bn4_D_E,1
3bn4_E_F,1
3bnk_A_B,1
3bnm_A_B,1
3bny_A_D,1
3bny_B_C,1
3bo9_A_B,1
3bol_A_B,1
3boy_A_B,1
3boy_A_C,1
3boy_B_C,1
3bp6_A_B,1
3bp9_A_B,1
3bp9_A_F,1
3bp9_B_C,1
3bp9_C_D,1
3bp9_D_E,1
3bp9_E_F,1
3bq9_A_B,1
3bqb_A_X,1
3bqb_A_Z,1
3bqb_X_Y,1
3bqb_Y_Z,1
3bqz_A_B,1
3br0_A_B,1
3br1_A_B,1
3br1_D_E,1
3br3_A_B,1
3br6_A_B,1
3brc_A_B,1
3bre_A_B,1
3brj_A_B,1
3brj_C_D,1
3brq_A_B,1
3bru_A_B,1
3brv_B_D,1
3bsf_A_B,1
3btl_D_E,1
3btp_A_B,1
3bts_A_B,1
3btu_A_B,1
3btu_C_D,1
3btu_E_F,1
3btv_A_B,1
3bu7_A_B,1
3bue_A_B,1
3bue_A_C,1
3bue_A_F,1
3bue_B_C,1
3bue_B_E,1
3bue_C_D,1
3bue_D_E,1
3bue_D_F,1
3bue_E_F,1
3bve_A_C,1
3bve_A_D,1
3bve_A_F,1
3bve_B_D,1
3bve_B_E,1
3bve_C_D,1
3bve_D_E,1
3bvf_A_C,1
3bvf_A_D,1
3bvf_A_F,1
3bvf_B_D,1
3bvf_B_E,1
3bvf_C_D,1
3bvf_D_E,1
3bvp_A_B,1
3bvq_A_B,1
3bwe_A_B,1
3bwg_A_B,1
3bwn_A_B,1
3bwn_C_D,1
3bwn_E_F,1
3bwv_A_B,1
3bxp_A_B,1
3bxr_A_B,1
3bxs_A_B,1
3bxw_A_B,1
3by7_A_B,1
3by7_A_C,1
3by7_B_D,1
3by7_C_E,1
3by7_D_E,1
3byi_A_B,1
3byi_A_C,1
3byi_A_D,1
3byi_B_C,1
3byi_B_D,1
3byi_C_D,1
3byp_A_B,1
3byq_A_B,1
3byq_A_C,1
3byq_B_C,1
3byz_C_D,1
3bzl_A_C,1
3bzl_B_D,1
3bzl_C_D,1
3bzo_A_B,1
3bzx_A_B,1
3c0o_A_B,1
3c18_A_B,1
3c1l_G_H,1
3c1l_G_I,1
3c1l_H_L,1
3c1l_I_J,1
3c1l_J_K,1
3c1l_K_L,1
3c1m_C_D,1
3c1z_A_B,1
3c23_A_B,1
3c24_A_B,1
3c29_A_B,1
3c29_A_H,1
3c29_B_G,1
3c29_G_H,1
3c2b_A_B,1
3c2r_A_B,1
3c2w_A_B,1
3c2w_E_F,1
3c2w_G_H,1
3c3d_A_B,1
3c3d_C_D,1
3c3j_A_B,1
3c3k_A_B,1
3c3s_A_B,1
3c3t_A_B,1
3c48_A_B,1
3c4n_A_B,1
3c4r_A_B,1
3c4r_A_C,1
3c4r_A_D,1
3c4r_B_D,1
3c4r_C_D,1
3c4v_A_B,1
3c50_A_B,1
3c52_A_B,1
3c5p_B_C,1
3c5y_A_B,1
3c5y_A_C,1
3c5y_A_D,1
3c5y_B_C,1
3c5y_B_D,1
3c5y_C_D,1
3c62_A_B,1
3c62_A_D,1
3c62_B_C,1
3c62_C_D,1
3c6m_C_D,1
3c79_A_B,1
3c79_A_E,1
3c79_B_C,1
3c79_C_D,1
3c79_D_E,1
3c84_A_B,1
3c84_A_E,1
3c84_B_C,1
3c84_C_D,1
3c84_D_E,1
3c85_A_C,1
3c8c_A_B,1
3c8d_C_D,1
3c8e_A_B,1
3c8i_A_B,1
3c8v_C_D,1
3c90_A_X,1
3c98_A_B,1
3c9i_D_E,1
3c9i_D_F,1
3c9i_E_F,1
3cai_A_B,1
3cc0_A_B,1
3cc0_A_C,1
3cc0_B_C,1
3cc1_A_B,1
3cc2_2_S,1
3cc2_A_Z,1
3cc2_B_K,1
3cc2_E_J,1
3cc2_F_M,1
3cc2_K_U,1
3cc2_N_Q,1
3cc2_S_V,1
3cc7_2_S,1
3cc7_A_Z,1
3cc7_B_K,1
3cc7_E_J,1
3cc7_F_M,1
3cc7_K_U,1
3cc7_N_Q,1
3cc7_S_V,1
3cc9_A_B,1
3ccb_A_B,1
3ccb_C_D,1
3ccl_2_S,1
3ccl_A_Z,1
3ccl_B_K,1
3ccl_E_J,1
3ccl_F_M,1
3ccl_K_U,1
3ccl_N_Q,1
3ccl_S_V,1
3ccm_2_S,1
3ccm_A_Z,1
3ccm_B_K,1
3ccm_E_J,1
3ccm_F_M,1
3ccm_K_U,1
3ccm_N_Q,1
3ccm_S_V,1
3ccu_2_S,1
3ccu_A_Z,1
3ccu_B_K,1
3ccu_E_J,1
3ccu_F_M,1
3ccu_K_U,1
3ccu_N_Q,1
3ccu_S_V,1
3ccv_2_S,1
3ccv_A_Z,1
3ccv_B_K,1
3ccv_E_J,1
3ccv_F_M,1
3ccv_K_U,1
3ccv_N_Q,1
3ccv_S_V,1
3ccw_A_B,1
3ccw_A_C,1
3ccw_A_D,1
3ccw_B_C,1
3ccw_B_D,1
3ccw_C_D,1
3cd0_A_B,1
3cd0_A_C,1
3cd0_A_D,1
3cd0_B_C,1
3cd0_B_D,1
3cd0_C_D,1
3cd5_A_B,1
3cd5_A_C,1
3cd5_A_D,1
3cd5_B_C,1
3cd5_B_D,1
3cd5_C_D,1
3cd7_A_B,1
3cd7_A_C,1
3cd7_A_D,1
3cd7_B_C,1
3cd7_B_D,1
3cd7_C_D,1
3cda_A_B,1
3cda_A_C,1
3cda_A_D,1
3cda_B_C,1
3cda_B_D,1
3cda_C_D,1
3cdb_A_B,1
3cdb_A_C,1
3cdb_A_D,1
3cdb_B_C,1
3cdb_B_D,1
3cdb_C_D,1
3cdd_A_B,1
3cdd_A_C,1
3cdd_B_C,1
3cdd_D_E,1
3cdd_D_F,1
3cdd_E_F,1
3cdk_A_B,1
3cdk_A_C,1
3cdk_A_D,1
3cdk_B_C,1
3cdk_C_D,1
3cdl_A_B,1
3ce4_A_B,1
3ce4_A_C,1
3ce4_B_C,1
3ces_A_B,1
3cf0_A_B,1
3cf0_A_N,1
3cf0_B_C,1
3cf0_C_G,1
3cf0_D_E,1
3cf0_D_L,1
3cf0_E_F,1
3cf0_F_I,1
3cf0_G_H,1
3cf0_H_M,1
3cf0_I_J,1
3cf0_J_K,1
3cf0_K_L,1
3cf0_M_N,1
3cf4_A_G,1
3cfa_A_B,1
3cfa_A_G,1
3cfa_A_L,1
3cfa_B_H,1
3cfa_B_M,1
3cfa_G_H,1
3cfa_G_R,1
3cfa_H_S,1
3cff_A_B,1
3cff_A_G,1
3cff_A_L,1
3cff_B_H,1
3cff_B_M,1
3cff_G_H,1
3cff_G_R,1
3cff_H_S,1
3cfh_A_B,1
3cfh_A_G,1
3cfh_A_L,1
3cfh_B_H,1
3cfh_B_M,1
3cfh_G_H,1
3cfh_G_R,1
3cfh_H_S,1
3cgc_A_B,1
3cgd_A_B,1
3cge_A_B,1
3cgi_C_D,1
3ch6_A_B,1
3ch6_D_E,1
3cht_A_B,1
3chu_A_B,1
3ck5_A_B,1
3ck5_C_D,1
3cka_A_B,1
3cke_A_B,1
3cke_A_C,1
3cke_A_D,1
3cke_B_C,1
3cke_B_D,1
3cke_C_D,1
3ckt_A_B,1
3cky_A_B,1
3cky_A_C,1
3cky_A_D,1
3cky_B_C,1
3cky_B_D,1
3cky_C_D,1
3cl3_A_D,1
3cl3_A_E,1
3cl3_B_D,1
3cl3_B_E,1
3cl3_D_E,1
3cld_A_B,1
3clp_A_C,1
3clq_A_B,1
3clq_C_D,1
3cm5_A_B,1
3cmc_O_P,1
3cmc_O_Q,1
3cmc_O_R,1
3cmc_P_Q,1
3cmc_P_R,1
3cmc_Q_R,1
3cme_2_S,1
3cme_A_Z,1
3cme_B_K,1
3cme_E_J,1
3cme_F_M,1
3cme_K_U,1
3cme_N_Q,1
3cme_S_V,1
3cmr_A_B,1
3cne_A_D,1
3cne_B_C,1
3cnm_A_B,1
3cnw_A_B,1
3cp7_A_B,1
3cp8_A_B,1
3cp8_C_D,1
3cpw_1_R,1
3cpw_A_Y,1
3cpw_B_J,1
3cpw_E_I,1
3cpw_F_L,1
3cpw_J_T,1
3cpw_M_P,1
3cpw_R_U,1
3cq3_D_E,1
3cq4_A_B,1
3cq9_A_B,1
3cqj_A_B,1
3cqr_A_B,1
3cqy_A_B,1
3cqz_A_B,1
3cqz_A_C,1
3cqz_A_E,1
3cqz_A_F,1
3cqz_A_H,1
3cqz_A_I,1
3cqz_A_K,1
3cqz_B_C,1
3cqz_B_I,1
3cqz_B_J,1
3cqz_B_K,1
3cqz_B_L,1
3cqz_C_J,1
3cqz_C_L,1
3cr3_A_C,1
3cr3_A_D,1
3cr3_B_C,1
3cr3_B_D,1
3cr3_C_D,1
3cr7_A_B,1
3cr7_C_D,1
3cra_A_B,1
3crl_A_B,1
3crl_A_C,1
3crl_A_D,1
3crl_B_C,1
3crl_B_D,1
3cry_A_B,1
3cs5_A_B,1
3cs5_C_D,1
3csj_A_B,1
3ct7_A_C,1
3ct7_A_E,1
3ct7_A_F,1
3ct7_B_D,1
3ct7_B_E,1
3ct7_B_F,1
3ct7_C_D,1
3ct7_C_E,1
3ct7_D_F,1
3ct9_A_B,1
3ctb_A_B,1
3ctd_A_B,1
3cu0_A_B,1
3cu2_A_B,1
3cu7_A_B,1
3cuq_A_B,1
3cuq_A_C,1
3cuq_B_D,1
3cur_A_H,1
3cus_A_Q,1
3cus_B_R,1
3cus_C_S,1
3cve_C_D,1
3cvf_A_B,1
3cvf_A_C,1
3cvf_A_D,1
3cvf_B_C,1
3cvf_B_D,1
3cvf_C_D,1
3cvj_C_D,1
3cw7_A_D,1
3cw7_B_C,1
3cw9_A_B,1
3cwq_A_B,1
3cxa_C_D,1
3cxi_A_B,1
3cxk_A_B,1
3d01_A_I,1
3d01_A_K,1
3d01_B_D,1
3d01_B_H,1
3d01_C_F,1
3d01_C_J,1
3d01_D_H,1
3d01_E_G,1
3d01_E_L,1
3d01_F_J,1
3d01_G_L,1
3d01_I_K,1
3d03_A_B,1
3d03_A_D,1
3d03_A_F,1
3d03_B_C,1
3d03_B_D,1
3d03_B_F,1
3d03_C_D,1
3d03_C_E,1
3d03_C_F,1
3d03_D_E,1
3d03_E_F,1
3d0a_A_B,1
3d0a_C_D,1
3d0s_A_B,1
3d1d_B_C,1
3d1d_E_F,1
3d1f_A_B,1
3d1g_A_B,1
3d1l_A_B,1
3d1o_A_B,1
3d1y_A_B,1
3d2c_A_B,1
3d2c_A_D,1
3d2c_A_E,1
3d2c_A_K,1
3d2c_B_H,1
3d2c_B_I,1
3d2c_C_D,1
3d2c_C_E,1
3d2c_C_F,1
3d2c_C_L,1
3d2c_D_G,1
3d2c_D_K,1
3d2c_E_F,1
3d2c_E_H,1
3d2c_F_J,1
3d2c_G_L,1
3d2c_I_K,1
3d2c_J_L,1
3d2p_A_B,1
3d34_A_B,1
3d36_A_B,1
3d37_A_B,1
3d38_C_H,1
3d38_C_L,1
3d38_C_M,1
3d38_H_L,1
3d38_H_M,1
3d38_L_M,1
3d3e_A_B,1
3d3e_C_D,1
3d3f_A_B,1
3d3n_A_B,1
3d3r_A_B,1
3d3s_A_B,1
3d3w_A_B,1
3d46_A_B,1
3d46_A_E,1
3d46_A_F,1
3d46_A_G,1
3d46_B_E,1
3d46_B_G,1
3d46_B_H,1
3d46_C_D,1
3d46_C_F,1
3d46_C_G,1
3d46_C_H,1
3d46_D_E,1
3d46_D_F,1
3d46_D_H,1
3d46_E_F,1
3d46_G_H,1
3d4n_A_B,1
3d4n_C_D,1
3d4o_A_B,1
3d4o_A_C,1
3d4o_B_D,1
3d4o_C_D,1
3d4r_A_B,1
3d4r_C_D,1
3d4r_E_F,1
3d4v_A_D,1
3d4v_B_C,1
3d53_A_B,1
3d53_A_C,1
3d53_A_E,1
3d53_B_D,1
3d53_B_F,1
3d53_C_E,1
3d53_C_F,1
3d53_D_E,1
3d53_D_F,1
3d54_E_G,1
3d54_E_H,1
3d54_F_G,1
3d54_F_H,1
3d54_G_H,1
3d55_A_B,1
3d55_A_C,1
3d55_A_D,1
3d55_B_C,1
3d55_B_D,1
3d55_C_D,1
3d5p_A_B,1
3d6a_A_C,1
3d6a_A_D,1
3d6a_B_C,1
3d6a_B_D,1
3d6r_A_B,1
3d6x_A_B,1
3d6x_A_F,1
3d6x_B_C,1
3d6x_C_D,1
3d6x_D_E,1
3d6x_E_F,1
3d82_B_C,1
3d82_D_E,1
3d8k_A_B,1
3d8k_A_D,1
3d8k_B_C,1
3d8k_C_D,1
3d9r_A_B,1
3d9r_C_D,1
3d9w_C_D,1
3da5_A_B,1
3daa_A_B,1
3dah_A_B,1
3dah_A_C,1
3dah_B_C,1
3daq_C_D,1
3db0_A_B,1
3db1_A_C,1
3db2_A_B,1
3dbj_G_H,1
3dbo_A_B,1
3dby_S_T,1
3dbz_A_B,1
3dbz_A_C,1
3dbz_B_C,1
3dc5_A_C,1
3dc7_A_B,1
3dc7_A_C,1
3dc7_B_C,1
3dd9_A_B,1
3dde_A_B,1
3ddn_A_B,1
3ddv_A_B,1
3ddv_C_D,1
3ded_A_B,1
3ded_C_D,1
3ded_E_F,1
3des_A_B,1
3det_A_B,1
3dev_A_B,1
3df6_A_C,1
3df6_B_D,1
3df9_A_B,1
3dfo_A_B,1
3dfo_A_D,1
3dfo_B_C,1
3dfo_C_D,1
3dfp_A_B,1
3dfp_A_D,1
3dfp_B_C,1
3dfp_C_D,1
3dfy_A_B,1
3dfy_A_D,1
3dfy_A_G,1
3dfy_A_H,1
3dfy_B_C,1
3dfy_B_D,1
3dfy_B_G,1
3dfy_C_D,1
3dfy_C_E,1
3dfy_C_F,1
3dfy_D_E,1
3dfy_E_F,1
3dfy_E_H,1
3dfy_F_G,1
3dfy_F_H,1
3dfy_G_H,1
3dfy_I_J,1
3dfy_I_N,1
3dfy_I_O,1
3dfy_I_P,1
3dfy_J_M,1
3dfy_J_N,1
3dfy_J_O,1
3dfy_K_L,1
3dfy_K_M,1
3dfy_K_N,1
3dfy_K_P,1
3dfy_L_M,1
3dfy_L_O,1
3dfy_L_P,1
3dfy_M_N,1
3dfy_O_P,1
3dfz_A_B,1
3dg7_A_B,1
3dg7_C_D,1
3dgh_A_B,1
3dgq_A_B,1
3dgr_A_B,1
3dh1_A_D,1
3dh9_A_B,1
3dhh_A_B,1
3dhh_A_C,1
3dhh_A_E,1
3dhi_A_B,1
3dhi_A_C,1
3dhi_A_E,1
3dhx_A_B,1
3dhy_A_B,1
3dhy_A_C,1
3dhy_A_D,1
3dhy_B_C,1
3dhy_B_D,1
3dhy_C_D,1
3di3_A_B,1
3dja_A_B,1
3dji_D_E,1
3dji_D_F,1
3dji_E_F,1
3djw_A_B,1
3dkh_A_B,1
3dki_A_B,1
3dkj_A_B,1
3dkx_A_B,1
3dkx_B_C,1
3dl2_A_B,1
3dl5_A_B,1
3dla_A_B,1
3dla_A_D,1
3dla_B_C,1
3dla_B_D,1
3dla_C_D,1
3dlx_C_D,1
3dm7_A_B,1
3dme_A_B,1
3dmp_A_B,1
3dmp_A_C,1
3dmp_B_C,1
3dmp_B_D,1
3dmp_C_D,1
3dmt_A_D,1
3dnh_A_B,1
3dnm_B_C,1
3dns_A_B,1
3doc_B_D,1
3dor_A_B,1
3doy_A_B,1
3doy_A_D,1
3doy_B_F,1
3doy_C_D,1
3doy_C_E,1
3doy_E_F,1
3dqg_C_D,1
3dqr_A_B,1
3dr6_A_B,1
3drb_A_B,1
3dt3_A_B,1
3dta_H_L,1
3dta_H_M,1
3dta_L_M,1
3dtd_B_J,1
3dtd_C_E,1
3dtd_H_I,1
3dtd_K_L,1
3dto_A_B,1
3dto_C_D,1
3dtr_H_L,1
3dtr_H_M,1
3dtr_L_M,1
3dty_A_B,1
3dty_A_D,1
3dty_A_E,1
3dty_B_D,1
3dty_B_E,1
3dty_D_E,1
3dui_A_B,1
3dul_A_B,1
3dv2_C_D,1
3dvp_A_B,1
3dvt_E_F,1
3dw8_A_B,1
3dw8_A_C,1
3dw8_D_E,1
3dw8_D_F,1
3dw9_A_B,1
3dwc_C_D,1
3dwf_A_B,1
3dwf_A_D,1
3dwf_C_D,1
3dwg_A_B,1
3dwg_A_C,1
3dwi_A_B,1
3dwq_A_C,1
3dwq_A_E,1
3dwq_B_D,1
3dwq_B_E,1
3dwq_C_D,1
3dxi_A_B,1
3dxo_A_B,1
3dxr_A_B,1
3dyc_A_B,1
3dyd_A_B,1
3dyf_A_B,1
3dyg_A_B,1
3dyh_A_B,1
3dym_A_B,1
3dym_A_D,1
3dym_B_C,1
3dym_C_D,1
3dyp_A_B,1
3dyp_A_D,1
3dyp_B_C,1
3dyp_C_D,1
3dz4_A_B,1
3dz6_A_B,1
3dz7_A_B,1
3dzc_A_B,1
3dzd_A_B,1
3dzm_A_B,1
3dzm_A_C,1
3dzz_A_B,1
3e05_A_D,1
3e05_A_E,1
3e05_A_G,1
3e05_B_C,1
3e05_B_F,1
3e05_B_H,1
3e05_C_F,1
3e05_C_H,1
3e05_D_E,1
3e05_D_G,1
3e05_E_G,1
3e05_F_H,1
3e08_A_B,1
3e08_A_C,1
3e08_A_D,1
3e08_B_C,1
3e08_B_D,1
3e08_C_D,1
3e0i_A_B,1
3e0l_A_B,1
3e0q_A_B,1
3e0q_A_C,1
3e0q_B_C,1
3e15_A_B,1
3e17_A_B,1
3e19_A_B,1
3e19_A_D,1
3e19_B_C,1
3e1h_A_B,1
3e1i_A_B,1
3e1i_A_C,1
3e1i_B_C,1
3e1i_D_E,1
3e1i_D_F,1
3e1i_E_F,1
3e1j_A_B,1
3e1j_A_C,1
3e1j_A_J,1
3e1j_B_C,1
3e1j_B_G,1
3e1j_B_H,1
3e1j_B_J,1
3e1j_C_D,1
3e1j_C_H,1
3e1j_D_H,1
3e1j_E_F,1
3e1j_E_I,1
3e1j_F_I,1
3e1j_F_K,1
3e1j_F_L,1
3e1j_G_H,1
3e1j_G_K,1
3e1j_G_L,1
3e1j_I_J,1
3e1j_I_K,1
3e1j_J_K,1
3e1j_K_L,1
3e1k_E_G,1
3e1l_A_B,1
3e1l_A_C,1
3e1l_A_J,1
3e1l_B_C,1
3e1l_B_G,1
3e1l_B_H,1
3e1l_B_J,1
3e1l_C_D,1
3e1l_C_H,1
3e1l_D_H,1
3e1l_E_F,1
3e1l_E_I,1
3e1l_F_I,1
3e1l_F_K,1
3e1l_F_L,1
3e1l_G_H,1
3e1l_G_K,1
3e1l_G_L,1
3e1l_I_J,1
3e1l_I_K,1
3e1l_J_K,1
3e1l_K_L,1
3e1n_A_B,1
3e1n_A_C,1
3e1n_A_J,1
3e1n_B_C,1
3e1n_B_G,1
3e1n_B_H,1
3e1n_B_J,1
3e1n_C_D,1
3e1n_C_H,1
3e1n_D_H,1
3e1n_E_F,1
3e1n_E_I,1
3e1n_F_I,1
3e1n_F_K,1
3e1n_F_L,1
3e1n_G_H,1
3e1n_G_K,1
3e1n_G_L,1
3e1n_I_J,1
3e1n_I_K,1
3e1n_J_K,1
3e1n_K_L,1
3e1o_A_B,1
3e1o_A_C,1
3e1o_A_J,1
3e1o_B_C,1
3e1o_B_G,1
3e1o_B_H,1
3e1o_B_J,1
3e1o_C_D,1
3e1o_C_H,1
3e1o_D_H,1
3e1o_E_F,1
3e1o_E_I,1
3e1o_F_I,1
3e1o_F_K,1
3e1o_F_L,1
3e1o_G_H,1
3e1o_G_K,1
3e1o_G_L,1
3e1o_I_J,1
3e1o_I_K,1
3e1o_J_K,1
3e1o_K_L,1
3e1q_A_B,1
3e1q_A_C,1
3e1q_A_J,1
3e1q_B_C,1
3e1q_B_G,1
3e1q_B_H,1
3e1q_B_J,1
3e1q_C_D,1
3e1q_C_H,1
3e1q_D_H,1
3e1q_E_F,1
3e1q_E_I,1
3e1q_F_I,1
3e1q_F_K,1
3e1q_F_L,1
3e1q_G_H,1
3e1q_G_K,1
3e1q_G_L,1
3e1q_I_J,1
3e1q_I_K,1
3e1q_J_K,1
3e1q_K_L,1
3e1w_A_B,1
3e31_A_B,1
3e33_A_B,1
3e37_A_B,1
3e38_A_B,1
3e3a_A_B,1
3e3n_A_B,1
3e3n_A_C,1
3e3n_A_D,1
3e3n_B_C,1
3e3n_C_D,1
3e3n_E_F,1
3e3n_G_H,1
3e3y_A_B,1
3e42_A_B,1
3e47_1_2,1
3e47_1_H,1
3e47_1_N,1
3e47_1_S,1
3e47_1_T,1
3e47_1_Z,1
3e47_2_M,1
3e47_2_N,1
3e47_2_T,1
3e47_2_U,1
3e47_2_V,1
3e47_A_B,1
3e47_A_G,1
3e47_A_H,1
3e47_A_I,1
3e47_B_C,1
3e47_B_I,1
3e47_B_J,1
3e47_C_D,1
3e47_C_J,1
3e47_C_K,1
3e47_D_E,1
3e47_D_K,1
3e47_D_L,1
3e47_E_F,1
3e47_E_L,1
3e47_E_M,1
3e47_F_G,1
3e47_F_M,1
3e47_F_N,1
3e47_G_H,1
3e47_G_N,1
3e47_H_I,1
3e47_H_N,1
3e47_H_Z,1
3e47_I_J,1
3e47_I_Y,1
3e47_I_Z,1
3e47_J_K,1
3e47_J_X,1
3e47_J_Y,1
3e47_K_L,1
3e47_K_W,1
3e47_K_X,1
3e47_L_M,1
3e47_L_V,1
3e47_L_W,1
3e47_M_N,1
3e47_M_V,1
3e47_O_P,1
3e47_O_U,1
3e47_O_V,1
3e47_O_W,1
3e47_P_Q,1
3e47_P_W,1
3e47_P_X,1
3e47_Q_R,1
3e47_Q_X,1
3e47_Q_Y,1
3e47_R_S,1
3e47_R_Y,1
3e47_R_Z,1
3e47_S_T,1
3e47_S_Z,1
3e47_T_U,1
3e47_U_V,1
3e47_V_W,1
3e47_W_X,1
3e47_X_Y,1
3e47_Y_Z,1
3e4d_A_B,1
3e4d_C_D,1
3e4d_E_F,1
3e4f_A_B,1
3e4u_A_B,1
3e4u_C_D,1
3e4u_E_F,1
3e58_A_B,1
3e5p_A_C,1
3e5q_A_B,1
3e5q_E_F,1
3e5w_A_D,1
3e5w_B_C,1
3e7d_A_B,1
3e7d_C_D,1
3e82_D_E,1
3e84_A_B,1
3e84_A_C,1
3e84_B_D,1
3e84_C_D,1
3e8q_A_B,1
3e8q_A_C,1
3e8q_B_C,1
3e8z_A_B,1
3e8z_A_C,1
3e8z_B_C,1
3e90_C_D,1
3e96_A_B,1
3e98_A_B,1
3e9b_A_B,1
3e9b_A_C,1
3e9b_B_C,1
3e9h_A_B,1
3e9i_A_B,1
3eab_A_G,1
3eab_B_H,1
3eab_C_I,1
3eab_D_J,1
3eab_E_K,1
3eab_F_L,1
3eag_A_B,1
3eam_A_B,1
3eam_A_E,1
3eam_B_C,1
3eam_C_D,1
3eam_D_E,1
3eaq_A_B,1
3ear_A_B,1
3eb2_A_B,1
3eb2_A_C,1
3eb2_B_D,1
3eb2_C_D,1
3eb7_A_C,1
3ebb_A_B,1
3ebb_C_D,1
3ebc_A_B,1
3ebl_A_B,1
3ebn_A_C,1
3ebn_B_D,1
3ec9_A_B,1
3ecd_A_D,1
3ecd_B_C,1
3ecg_A_B,1
3ech_A_B,1
3ede_A_B,1
3edj_A_B,1
3edm_A_C,1
3edm_A_D,1
3edm_B_C,1
3edm_B_D,1
3edp_A_B,1
3edt_B_D,1
3ee3_A_C,1
3ee3_A_E,1
3ee3_C_E,1
3ee6_A_B,1
3eef_A_B,1
3eeg_A_B,1
3eei_A_B,1
3eeq_A_B,1
3ees_A_B,1
3eeu_A_B,1
3eex_A_B,1
3ef5_A_B,1
3ef7_A_B,1
3efh_A_B,1
3efj_A_B,1
3efk_A_B,1
3efv_A_B,1
3efv_A_C,1
3efv_B_D,1
3efv_C_D,1
3efy_A_B,1
3egc_A_B,1
3egc_C_D,1
3egc_E_F,1
3egg_A_C,1
3egg_B_D,1
3egh_A_C,1
3egh_B_D,1
3egm_A_C,1
3egm_A_D,1
3egm_A_F,1
3egm_B_D,1
3egm_B_E,1
3egm_C_D,1
3egm_D_E,1
3egr_A_B,1
3egt_A_B,1
3egv_A_B,1
3egw_A_B,1
3egw_A_C,1
3egw_B_C,1
3egx_A_B,1
3egx_A_C,1
3egx_B_C,1
3eh5_A_B,1
3ehf_A_B,1
3ehh_A_B,1
3ehk_A_B,1
3ehk_A_C,1
3ehk_A_D,1
3ehk_A_F,1
3ehk_B_C,1
3ehk_B_E,1
3ehk_B_F,1
3ehk_C_D,1
3ehk_C_E,1
3ehk_D_E,1
3ehk_D_F,1
3ehk_E_F,1
3ehw_A_B,1
3ehw_A_C,1
3ehw_B_C,1
3ehw_X_Y,1
3ehw_X_Z,1
3ehw_Y_Z,1
3ei2_A_B,1
3ei3_A_B,1
3ei7_A_B,1
3ei8_A_B,1
3ei9_A_B,1
3eia_A_B,1
3eib_A_B,1
3eik_A_B,1
3eio_A_B,1
3eiu_A_B,1
3ej6_A_B,1
3ej6_A_C,1
3ej6_A_D,1
3ej6_B_C,1
3ej6_B_D,1
3ej6_C_D,1
3ej7_G_I,1
3ej7_G_J,1
3ej7_G_K,1
3ej7_H_J,1
3ej7_H_K,1
3ej7_H_L,1
3ej7_I_K,1
3ej7_I_L,1
3ej7_J_L,1
3ejb_C_D,1
3ejb_E_F,1
3ejb_G_H,1
3ejd_A_B,1
3ejd_C_D,1
3ejd_E_F,1
3ejd_G_H,1
3ejj_A_B,1
3ejj_A_X,1
3ejl_A_B,1
3ejl_C_D,1
3ejy_A_B,1
3ek1_A_B,1
3ek1_A_C,1
3ek1_A_D,1
3ek1_B_C,1
3ek1_B_D,1
3ek1_C_D,1
3ek1_E_F,1
3ek1_E_G,1
3ek1_E_H,1
3ek1_F_G,1
3ek1_F_H,1
3ek1_G_H,1
3ek2_A_B,1
3ek2_A_C,1
3ek2_A_D,1
3ek2_B_C,1
3ek2_B_D,1
3ek2_C_D,1
3ek5_A_B,1
3ek5_A_C,1
3ek5_B_E,1
3ek5_C_D,1
3ek5_D_F,1
3ek5_E_F,1
3ekg_A_B,1
3ekw_A_B,1
3eky_A_B,1
3el4_A_B,1
3el5_A_B,1
3el9_A_B,1
3ele_A_B,1
3ele_C_D,1
3elh_A_C,1
3elh_A_E,1
3elh_B_D,1
3elh_B_F,1
3elh_C_E,1
3elh_D_F,1
3elk_A_B,1
3em3_A_B,1
3em4_U_V,1
3emo_A_B,1
3emo_A_C,1
3emo_B_C,1
3emt_A_B,1
3enn_A_B,1
3enn_A_C,1
3enn_B_D,1
3enn_C_D,1
3eno_A_C,1
3eno_B_F,1
3eno_C_D,1
3eno_E_F,1
3enp_A_B,1
3ent_A_B,1
3eo4_C_D,1
3eo8_A_B,1
3eoe_A_B,1
3eoe_A_C,1
3eoe_B_D,1
3eoe_C_D,1
3eof_A_B,1
3eol_A_B,1
3eoy_A_B,1
3eoy_A_C,1
3eoy_A_G,1
3eoy_B_C,1
3eoy_B_H,1
3eoy_C_I,1
3eoy_D_E,1
3eoy_D_F,1
3eoy_D_J,1
3eoy_E_F,1
3eoy_E_K,1
3eoy_F_L,1
3eoz_A_B,1
3ep4_A_B,1
3ep5_A_B,1
3ep6_A_B,1
3epe_A_B,1
3epn_A_B,1
3epo_A_B,1
3epu_A_B,1
3epv_A_B,1
3epv_C_D,1
3epw_A_B,1
3epx_A_B,1
3epy_A_B,1
3eqx_A_B,1
3erg_A_B,1
3erm_A_B,1
3ern_A_B,1
3ern_A_C,1
3ern_B_C,1
3err_A_B,1
3erz_G_I,1
3erz_G_J,1
3erz_G_K,1
3erz_G_L,1
3erz_H_J,1
3erz_H_L,1
3erz_I_K,1
3erz_J_L,1
3erz_K_L,1
3es2_A_B,1
3es7_A_B,1
3es8_C_D,1
3esf_A_B,1
3esf_C_D,1
3etc_A_B,1
3etd_A_B,1
3etd_A_D,1
3etd_A_E,1
3etd_A_F,1
3etd_B_C,1
3etd_B_E,1
3etd_B_F,1
3etd_C_D,1
3etd_C_E,1
3etd_C_F,1
3etd_D_E,1
3etd_D_F,1
3etj_A_B,1
3etn_A_B,1
3etn_A_C,1
3etn_A_D,1
3etn_B_C,1
3etn_B_D,1
3etn_C_D,1
3etq_A_B,1
3ets_A_B,1
3eua_C_D,1
3euh_A_B,1
3euh_A_C,1
3euh_A_D,1
3euh_A_E,1
3euh_B_C,1
3euh_B_E,1
3euh_B_F,1
3euh_C_D,1
3euh_E_F,1
3eus_A_B,1
3evi_A_B,1
3evj_I_L,1
3evk_A_B,1
3evk_A_C,1
3evk_A_D,1
3evk_B_C,1
3evk_B_D,1
3evk_C_D,1
3evm_A_B,1
3evo_A_B,1
3evw_A_C,1
3evw_A_E,1
3evw_B_D,1
3evw_B_F,1
3evw_C_E,1
3evw_D_F,1
3ew2_A_B,1
3ew2_C_D,1
3ew2_F_G,1
3ewe_A_B,1
3ewe_C_D,1
3ewm_A_B,1
3ewo_A_B,1
3ewp_A_B,1
3ewu_A_B,1
3ex2_A_B,1
3ex6_A_B,1
3exi_A_B,1
3exr_A_C,1
3ey4_A_B,1
3ey8_A_B,1
3eyt_A_B,1
3eyt_A_D,1
3eyt_B_C,1
3eyt_C_D,1
3eyw_A_B,1
3eyy_A_B,1
3ez2_A_B,1
3ez3_A_B,1
3ez3_C_D,1
3ez4_A_B,1
3ez4_A_E,1
3ez4_A_F,1
3ez4_B_C,1
3ez4_B_G,1
3ez4_C_D,1
3ez4_C_H,1
3ez4_D_E,1
3ez4_D_I,1
3ez4_E_J,1
3ez4_F_G,1
3ez4_F_J,1
3ez4_G_H,1
3ez4_H_I,1
3ez4_I_J,1
3ezh_A_B,1
3ezn_A_B,1
3ezq_A_B,1
3ezq_A_C,1
3ezq_C_D,1
3ezq_E_F,1
3ezq_E_G,1
3ezq_G_H,1
3ezq_I_J,1
3ezq_I_K,1
3ezq_K_L,1
3ezq_M_N,1
3ezq_M_O,1
3ezq_O_P,1
3ezs_A_B,1
3ezy_A_B,1
3ezy_A_C,1
3ezy_A_D,1
3ezy_B_C,1
3ezy_B_D,1
3ezy_C_D,1
3ezz_B_C,1
3ezz_B_D,1
3f0d_A_B,1
3f0d_A_C,1
3f0d_B_C,1
3f0d_D_E,1
3f0d_D_F,1
3f0d_E_F,1
3f0t_A_B,1
3f13_A_B,1
3f1y_A_C,1
3f29_A_B,1
3f31_A_B,1
3f3f_A_C,1
3f3f_A_D,1
3f3f_B_C,1
3f3f_B_D,1
3f3f_B_E,1
3f3f_C_D,1
3f3f_E_G,1
3f3f_E_H,1
3f3f_F_G,1
3f3f_F_H,1
3f3f_G_H,1
3f3p_E_G,1
3f3p_E_H,1
3f3p_F_G,1
3f3p_F_H,1
3f3p_G_H,1
3f3s_A_B,1
3f3y_A_B,1
3f4a_A_B,1
3f4f_A_B,1
3f4f_A_C,1
3f4f_B_C,1
3f4l_A_F,1
3f4l_D_E,1
3f6d_A_B,1
3f6g_A_B,1
3f6n_A_C,1
3f6n_A_D,1
3f6n_B_C,1
3f6n_B_D,1
3f6n_C_D,1
3f6o_A_B,1
3f70_A_B,1
3f72_A_B,1
3f72_C_D,1
3f72_E_F,1
3f7p_A_C,1
3f7p_B_D,1
3f89_A_B,1
3f8h_A_B,1
3f8l_B_D,1
3f8x_C_D,1
3f9h_A_B,1
3fau_B_C,1
3fbb_A_C,1
3fbb_A_E,1
3fbb_C_E,1
3fbg_A_B,1
3fbn_A_B,1
3fbn_B_D,1
3fbn_C_D,1
3fbz_A_B,1
3fbz_A_C,1
3fbz_A_D,1
3fbz_B_C,1
3fbz_B_D,1
3fbz_C_D,1
3fc0_A_B,1
3fc3_A_B,1
3fca_A_B,1
3fcs_A_B,1
3fcs_C_D,1
3fcu_C_D,1
3fcu_E_F,1
3fcw_A_C,1
3fcw_A_E,1
3fcw_B_D,1
3fcw_B_F,1
3fcw_C_E,1
3fcw_D_F,1
3fd4_A_B,1
3fd5_A_B,1
3fdc_A_B,1
3fds_A_C,1
3fds_C_D,1
3ffe_A_B,1
3ffh_A_B,1
3ffs_A_B,1
3ffs_A_D,1
3ffs_B_C,1
3ffs_C_D,1
3fg1_A_B,1
3fg1_A_C,1
3fg1_A_D,1
3fg1_B_C,1
3fg1_B_D,1
3fg1_C_D,1
3fg3_A_B,1
3fg3_A_C,1
3fg3_A_D,1
3fg3_B_C,1
3fg3_B_D,1
3fg3_C_D,1
3fgc_A_B,1
3fgc_C_D,1
3fgv_A_B,1
3fgy_A_B,1
3fha_A_D,1
3fha_B_C,1
3fhi_A_B,1
3fhj_A_B,1
3fhj_C_D,1
3fhk_A_D,1
3fhk_D_E,1
3fhk_D_F,1
3fhl_B_D,1
3fhq_A_B,1
3fhu_A_B,1
3fhv_A_B,1
3fhw_A_B,1
3fhy_A_B,1
3fhz_A_B,1
3fhz_A_C,1
3fhz_A_D,1
3fhz_A_F,1
3fhz_B_C,1
3fhz_B_E,1
3fhz_B_F,1
3fhz_C_D,1
3fhz_C_E,1
3fhz_D_E,1
3fhz_D_F,1
3fhz_E_F,1
3fi0_A_D,1
3fi0_B_E,1
3fi0_G_J,1
3fi0_H_K,1
3fi0_I_L,1
3fi0_M_P,1
3fi0_N_Q,1
3fi9_A_B,1
3fig_A_B,1
3fis_A_B,1
3fiu_C_D,1
3fj1_A_B,1
3fjg_C_D,1
3fjm_A_B,1
3fjs_A_B,1
3flk_A_B,1
3flp_A_B,1
3flp_A_C,1
3flp_A_M,1
3flp_A_N,1
3flp_B_C,1
3flp_B_D,1
3flp_B_N,1
3flp_C_D,1
3flp_C_E,1
3flp_D_E,1
3flp_D_F,1
3flp_E_F,1
3flp_E_G,1
3flp_F_G,1
3flp_F_H,1
3flp_G_H,1
3flp_G_I,1
3flp_H_I,1
3flp_H_J,1
3flp_I_J,1
3flp_I_K,1
3flp_J_K,1
3flp_J_L,1
3flp_K_L,1
3flp_K_M,1
3flp_L_M,1
3flp_L_N,1
3flp_M_N,1
3fm2_A_B,1
3fm5_A_B,1
3fm5_A_C,1
3fm5_B_C,1
3fm5_B_D,1
3fmi_A_B,1
3fmi_C_D,1
3fmo_A_B,1
3fmp_A_B,1
3fn9_A_B,1
3fn9_A_D,1
3fnc_A_B,1
3fnj_A_B,1
3fnj_A_C,1
3fnj_B_C,1
3fnj_D_E,1
3fnj_D_F,1
3fnj_E_F,1
3fns_A_B,1
3foc_A_B,1
3fpc_A_B,1
3fpc_A_C,1
3fpc_A_D,1
3fpc_B_C,1
3fpc_B_D,1
3fpc_C_D,1
3fpd_A_B,1
3fpj_A_B,1
3fq3_A_B,1
3fq3_A_C,1
3fq3_A_E,1
3fq3_B_D,1
3fq3_B_F,1
3fq3_C_E,1
3fq3_C_F,1
3fq3_D_E,1
3fq3_D_F,1
3fq3_G_H,1
3fq3_G_I,1
3fq3_G_K,1
3fq3_H_J,1
3fq3_H_L,1
3fq3_I_K,1
3fq3_I_L,1
3fq3_J_K,1
3fq3_J_L,1
3fqm_A_B,1
3fs2_A_B,1
3fsx_A_B,1
3fsx_A_C,1
3fsx_B_C,1
3ft7_A_B,1
3ftb_A_B,1
3ftb_D_E,1
3ftn_A_B,1
3ftn_A_C,1
3ftn_A_D,1
3ftn_B_C,1
3ftn_B_D,1
3ftn_C_D,1
3ftp_A_B,1
3ftp_A_D,1
3ftp_B_C,1
3ftp_C_D,1
3fu7_A_B,1
3fu8_A_B,1
3fu9_A_B,1
3fuc_A_B,1
3fuc_A_C,1
3fuc_B_C,1
3fv6_A_B,1
3fvb_A_B,1
3fvd_A_B,1
3fvv_A_B,1
3fvx_A_B,1
3fws_A_B,1
3fwz_A_B,1
3fx7_A_B,1
3fyf_A_B,1
3fyp_A_B,1
3fyp_A_C,1
3fyp_B_D,1
3fyp_C_D,1
3fyu_A_B,1
3fyu_A_C,1
3fyu_A_E,1
3fyu_A_F,1
3fyu_B_C,1
3fyu_B_D,1
3fyu_B_F,1
3fyu_C_D,1
3fyu_C_E,1
3fyu_D_E,1
3fyu_D_F,1
3fyu_E_F,1
3fz3_A_B,1
3fz3_A_C,1
3fz3_A_E,1
3fz3_A_F,1
3fz3_B_C,1
3fz3_B_D,1
3fz3_B_E,1
3fz3_C_D,1
3fz3_C_F,1
3fz3_D_E,1
3fz3_D_F,1
3fz3_E_F,1
3fz5_A_B,1
3fz5_C_D,1
3fz8_A_B,1
3fz8_A_F,1
3fz8_B_C,1
3fz8_C_D,1
3fz8_D_E,1
3fz8_E_F,1
3fzv_A_B,1
3fzv_A_C,1
3fzv_A_D,1
3fzv_B_C,1
3fzv_B_D,1
3fzv_C_D,1
3fzw_A_B,1
3g0b_A_B,1
3g0b_C_D,1
3g0f_A_B,1
3g0g_A_B,1
3g0i_A_B,1
3g12_A_B,1
3g14_A_B,1
3g15_A_B,1
3g17_A_E,1
3g17_B_F,1
3g1f_A_B,1
3g1f_C_D,1
3g1f_G_H,1
3g1h_G_H,1
3g1p_A_B,1
3g1w_A_B,1
3g1x_A_B,1
3g2g_A_B,1
3g2g_A_C,1
3g2g_B_D,1
3g2g_C_D,1
3g2m_A_B,1
3g2o_A_B,1
3g3d_A_B,1
3g3e_A_B,1
3g3e_C_D,1
3g48_A_B,1
3g4c_A_B,1
3g4c_A_D,1
3g4c_B_C,1
3g4c_C_D,1
3g4o_A_B,1
3g4q_A_B,1
3g4y_A_B,1
3g50_A_B,1
3g50_A_C,1
3g50_B_C,1
3g5g_K_L,1
3g5g_M_N,1
3g5l_A_B,1
3g64_A_B,1
3g64_A_C,1
3g64_B_C,1
3g67_A_B,1
3g6p_A_B,1
3g6r_A_B,1
3g7i_A_B,1
3g7v_C_D,1
3g81_A_B,1
3g81_A_C,1
3g81_B_C,1
3g83_A_B,1
3g83_A_C,1
3g83_B_C,1
3g84_A_B,1
3g84_A_C,1
3g84_B_C,1
3g8o_A_B,1
3g8q_A_D,1
3g8q_B_C,1
3g8x_A_B,1
3g97_A_B,1
3g9i_A_B,1
3g9k_D_F,1
3g9m_A_B,1
3g9p_A_B,1
3gaa_A_B,1
3gaa_A_E,1
3gaa_B_C,1
3gaa_C_D,1
3gaa_D_E,1
3gab_B_C,1
3gac_A_B,1
3gac_A_C,1
3gac_B_C,1
3gac_D_E,1
3gac_D_F,1
3gac_E_F,1
3gad_A_B,1
3gad_A_C,1
3gad_B_C,1
3gad_D_E,1
3gad_D_F,1
3gad_E_F,1
3gae_A_B,1
3gak_A_B,1
3gam_A_B,1
3gaz_A_B,1
3gb3_A_B,1
3gb4_A_B,1
3gb4_A_C,1
3gb4_B_C,1
3gbu_A_D,1
3gbu_B_C,1
3gbx_A_B,1
3gby_A_B,1
3gcm_A_B,1
3gcm_A_C,1
3gcm_B_C,1
3gd4_A_B,1
3gd5_A_B,1
3gd5_A_C,1
3gd5_A_F,1
3gd5_B_C,1
3gd5_B_E,1
3gd5_C_D,1
3gd5_D_E,1
3gd5_D_F,1
3gd5_E_F,1
3gdg_A_B,1
3gdg_A_C,1
3gdg_A_D,1
3gdg_B_C,1
3gdg_B_D,1
3gdg_C_D,1
3gdo_A_B,1
3gdt_A_D,1
3gdv_A_B,1
3gdv_A_C,1
3gdv_B_C,1
3gdw_A_B,1
3ge4_A_B,1
3ge4_A_C,1
3ge4_A_D,1
3ge4_A_E,1
3ge4_A_F,1
3ge4_B_C,1
3ge4_B_D,1
3ge4_B_K,1
3ge4_B_L,1
3ge4_C_E,1
3ge4_C_I,1
3ge4_C_K,1
3ge4_D_F,1
3ge4_D_J,1
3ge4_D_L,1
3ge4_E_F,1
3ge4_E_H,1
3ge4_E_I,1
3ge4_F_H,1
3ge4_F_J,1
3ge4_G_H,1
3ge4_G_I,1
3ge4_G_J,1
3ge4_G_K,1
3ge4_G_L,1
3ge4_H_I,1
3ge4_H_J,1
3ge4_I_K,1
3ge4_J_L,1
3ge4_K_L,1
3gek_B_C,1
3gem_A_B,1
3gem_A_D,1
3gem_B_C,1
3gem_C_D,1
3gep_A_B,1
3get_A_B,1
3geu_C_D,1
3gfa_A_B,1
3gfb_A_B,1
3gfb_A_C,1
3gfb_A_D,1
3gfb_B_C,1
3gfb_B_D,1
3gfb_C_D,1
3gfg_E_F,1
3gfq_A_B,1
3gfq_C_D,1
3gfr_A_C,1
3gfr_B_D,1
3gfz_A_B,1
3gg0_A_B,1
3ggc_A_B,1
3gge_A_B,1
3gge_A_C,1
3gge_B_C,1
3gh1_A_C,1
3gh1_A_D,1
3gh1_B_C,1
3gh1_B_D,1
3gh8_A_B,1
3gh8_C_D,1
3gh8_E_F,1
3gh8_G_H,1
3ghg_A_B,1
3ghg_A_C,1
3ghg_A_E,1
3ghg_B_C,1
3ghg_B_D,1
3ghg_C_F,1
3ghg_D_E,1
3ghg_D_F,1
3ghg_E_F,1
3ghy_A_B,1
3ghz_A_B,1
3ghz_A_C,1
3ghz_B_C,1
3gi5_A_B,1
3gi6_A_B,1
3gif_A_B,1
3gk0_D_F,1
3gkb_A_B,1
3gkb_A_C,1
3gkb_B_C,1
3gkq_A_B,1
3gkq_A_C,1
3gkq_B_C,1
3gkq_D_E,1
3gkq_D_F,1
3gkq_E_F,1
3gl0_A_B,1
3gl0_A_C,1
3gl0_B_C,1
3glb_C_D,1
3glf_A_B,1
3glf_A_E,1
3glf_B_C,1
3glf_C_D,1
3glf_D_E,1
3glf_F_G,1
3glf_F_J,1
3glf_G_H,1
3glf_H_I,1
3glf_I_J,1
3glg_F_G,1
3glg_F_J,1
3glg_G_H,1
3glg_H_I,1
3glg_I_J,1
3gli_A_B,1
3gli_A_E,1
3gli_B_C,1
3gli_C_D,1
3gli_D_E,1
3gli_F_G,1
3gli_F_J,1
3gli_G_H,1
3gli_H_I,1
3gli_I_J,1
3gmj_A_B,1
3gmj_A_C,1
3gmj_B_C,1
3gn4_E_F,1
3gn4_E_H,1
3gnc_A_B,1
3gnc_A_C,1
3gnc_B_D,1
3gnc_C_D,1
3gnq_A_B,1
3gnq_A_C,1
3gnq_A_D,1
3gnq_B_C,1
3gnq_B_D,1
3gnq_C_D,1
3gnq_E_F,1
3gnq_E_G,1
3gnq_E_H,1
3gnq_F_G,1
3gnq_F_H,1
3gnq_G_H,1
3go6_A_B,1
3go7_A_B,1
3god_A_C,1
3god_B_D,1
3gos_A_B,1
3gos_A_C,1
3gos_B_C,1
3gpw_1_2,1
3gpw_1_H,1
3gpw_1_N,1
3gpw_1_S,1
3gpw_1_T,1
3gpw_1_Z,1
3gpw_2_M,1
3gpw_2_N,1
3gpw_2_T,1
3gpw_2_U,1
3gpw_2_V,1
3gpw_A_B,1
3gpw_A_G,1
3gpw_A_H,1
3gpw_A_I,1
3gpw_B_C,1
3gpw_B_I,1
3gpw_B_J,1
3gpw_C_D,1
3gpw_C_J,1
3gpw_C_K,1
3gpw_D_E,1
3gpw_D_K,1
3gpw_D_L,1
3gpw_E_F,1
3gpw_E_L,1
3gpw_E_M,1
3gpw_F_G,1
3gpw_F_M,1
3gpw_F_N,1
3gpw_G_H,1
3gpw_G_N,1
3gpw_H_I,1
3gpw_H_N,1
3gpw_H_Z,1
3gpw_I_J,1
3gpw_I_Y,1
3gpw_I_Z,1
3gpw_J_K,1
3gpw_J_X,1
3gpw_J_Y,1
3gpw_K_L,1
3gpw_K_W,1
3gpw_K_X,1
3gpw_L_M,1
3gpw_L_V,1
3gpw_L_W,1
3gpw_M_N,1
3gpw_M_V,1
3gpw_O_P,1
3gpw_O_U,1
3gpw_O_V,1
3gpw_O_W,1
3gpw_P_Q,1
3gpw_P_W,1
3gpw_P_X,1
3gpw_Q_R,1
3gpw_Q_X,1
3gpw_Q_Y,1
3gpw_R_S,1
3gpw_R_Y,1
3gpw_R_Z,1
3gpw_S_T,1
3gpw_S_Z,1
3gpw_T_U,1
3gpw_U_V,1
3gpw_V_W,1
3gpw_W_X,1
3gpw_X_Y,1
3gpw_Y_Z,1
3gqb_A_B,1
3gqb_C_D,1
3gqh_A_B,1
3gqh_A_C,1
3gqh_B_C,1
3gql_A_B,1
3gr6_A_D,1
3gr6_A_G,1
3gr6_A_J,1
3gr6_D_G,1
3gr6_D_J,1
3gr6_G_J,1
3gra_A_B,1
3gro_A_B,1
3grp_A_B,1
3grp_A_D,1
3grp_B_C,1
3grp_C_D,1
3gs2_A_C,1
3gsd_D_E,1
3gsd_D_F,1
3gsd_E_F,1
3gsd_G_H,1
3gsd_G_I,1
3gsd_H_I,1
3gt6_A_B,1
3gte_A_B,1
3gte_A_C,1
3gte_B_C,1
3gtj_A_B,1
3gtj_A_C,1
3gtj_A_E,1
3gtj_A_F,1
3gtj_A_H,1
3gtj_A_I,1
3gtj_A_K,1
3gtj_B_C,1
3gtj_B_I,1
3gtj_B_J,1
3gtj_B_K,1
3gtj_B_L,1
3gtj_C_J,1
3gtj_C_K,1
3gtj_C_L,1
3gtu_A_B,1
3gtz_A_B,1
3gtz_A_C,1
3gtz_B_C,1
3gu3_A_B,1
3guc_A_B,1
3guy_E_F,1
3guy_E_G,1
3guy_F_H,1
3guy_G_H,1
3gvd_A_B,1
3gvd_A_C,1
3gvd_A_D,1
3gvd_A_E,1
3gvd_B_C,1
3gvd_B_D,1
3gvd_B_F,1
3gvd_C_E,1
3gvd_C_F,1
3gvd_D_E,1
3gvd_D_F,1
3gvd_E_F,1
3gvd_G_H,1
3gvd_G_I,1
3gvd_G_J,1
3gvd_G_L,1
3gvd_H_I,1
3gvd_H_K,1
3gvd_H_L,1
3gvd_I_J,1
3gvd_I_K,1
3gvd_J_K,1
3gvd_J_L,1
3gvd_K_L,1
3gve_A_B,1
3gvh_A_B,1
3gvh_A_C,1
3gvh_A_D,1
3gvh_B_C,1
3gvh_B_D,1
3gvh_C_D,1
3gvk_A_B,1
3gvk_A_C,1
3gvk_B_C,1
3gvp_A_B,1
3gvp_A_C,1
3gvp_A_D,1
3gvp_B_C,1
3gvp_B_D,1
3gvp_C_D,1
3gvy_A_B,1
3gvy_A_C,1
3gvy_B_C,1
3gw4_A_B,1
3gw6_A_B,1
3gw6_A_F,1
3gw6_B_F,1
3gwe_A_B,1
3gwh_A_B,1
3gwo_A_B,1
3gwp_A_B,1
3gwp_A_C,1
3gwp_B_D,1
3gwp_C_D,1
3gwq_A_B,1
3gwz_A_B,1
3gwz_A_D,1
3gwz_C_D,1
3gx1_A_B,1
3gxg_A_B,1
3gxh_A_B,1
3gxm_A_B,1
3gxm_A_D,1
3gxm_B_C,1
3gxm_C_D,1
3gxo_A_B,1
3gxo_A_D,1
3gxo_C_D,1
3gxq_A_B,1
3gxt_A_B,1
3gxy_A_B,1
3gy1_A_B,1
3gyd_A_B,1
3gye_A_B,1
3gyg_A_B,1
3gyr_A_B,1
3gyr_A_F,1
3gyr_B_C,1
3gyr_C_D,1
3gyr_D_E,1
3gyr_D_L,1
3gyr_E_F,1
3gyr_F_J,1
3gyr_G_H,1
3gyr_G_L,1
3gyr_H_I,1
3gyr_I_J,1
3gyr_J_K,1
3gyr_K_L,1
3gyx_I_J,1
3gyz_A_B,1
3gz1_A_B,1
3gz6_A_B,1
3gzb_E_F,1
3gzf_B_D,1
3gzr_A_B,1
3h1h_A_B,1
3h1h_A_C,1
3h1h_A_E,1
3h1h_A_G,1
3h1h_B_O,1
3h1h_B_S,1
3h1h_C_D,1
3h1h_C_E,1
3h1h_C_F,1
3h1h_C_G,1
3h1h_C_P,1
3h1h_C_R,1
3h1h_D_E,1
3h1h_D_F,1
3h1h_D_G,1
3h1h_D_H,1
3h1h_D_J,1
3h1h_D_Q,1
3h1h_E_G,1
3h1h_E_J,1
3h1h_E_P,1
3h1h_F_G,1
3h1h_F_O,1
3h1h_G_H,1
3h1h_N_O,1
3h1h_N_P,1
3h1h_N_R,1
3h1h_N_T,1
3h1h_P_Q,1
3h1h_P_R,1
3h1h_P_S,1
3h1h_P_T,1
3h1h_Q_R,1
3h1h_Q_S,1
3h1h_Q_T,1
3h1h_Q_U,1
3h1h_Q_W,1
3h1h_R_T,1
3h1h_R_W,1
3h1h_S_T,1
3h1h_T_U,1
3h1j_A_B,1
3h1j_A_C,1
3h1j_A_E,1
3h1j_A_G,1
3h1j_B_O,1
3h1j_B_S,1
3h1j_C_D,1
3h1j_C_E,1
3h1j_C_F,1
3h1j_C_G,1
3h1j_C_P,1
3h1j_C_R,1
3h1j_D_E,1
3h1j_D_F,1
3h1j_D_G,1
3h1j_D_H,1
3h1j_D_J,1
3h1j_D_Q,1
3h1j_E_G,1
3h1j_E_J,1
3h1j_E_P,1
3h1j_F_G,1
3h1j_F_O,1
3h1j_G_H,1
3h1j_N_O,1
3h1j_N_P,1
3h1j_N_R,1
3h1j_N_T,1
3h1j_P_Q,1
3h1j_P_R,1
3h1j_P_S,1
3h1j_P_T,1
3h1j_Q_R,1
3h1j_Q_S,1
3h1j_Q_T,1
3h1j_Q_U,1
3h1j_Q_W,1
3h1j_R_T,1
3h1j_R_W,1
3h1j_S_T,1
3h1j_T_U,1
3h1k_A_B,1
3h1k_A_C,1
3h1k_A_E,1
3h1k_A_G,1
3h1k_B_O,1
3h1k_B_S,1
3h1k_C_D,1
3h1k_C_E,1
3h1k_C_F,1
3h1k_C_G,1
3h1k_C_P,1
3h1k_C_R,1
3h1k_D_E,1
3h1k_D_F,1
3h1k_D_G,1
3h1k_D_H,1
3h1k_D_J,1
3h1k_D_Q,1
3h1k_E_G,1
3h1k_E_J,1
3h1k_E_P,1
3h1k_F_G,1
3h1k_F_O,1
3h1k_G_H,1
3h1k_N_O,1
3h1k_N_P,1
3h1k_N_R,1
3h1k_N_T,1
3h1k_P_Q,1
3h1k_P_R,1
3h1k_P_S,1
3h1k_P_T,1
3h1k_Q_R,1
3h1k_Q_S,1
3h1k_Q_T,1
3h1k_Q_U,1
3h1k_Q_W,1
3h1k_R_T,1
3h1k_R_W,1
3h1k_S_T,1
3h1k_T_U,1
3h1s_A_B,1
3h39_A_B,1
3h3f_A_B,1
3h3f_A_C,1
3h3f_A_D,1
3h3f_B_C,1
3h3f_B_D,1
3h3f_C_D,1
3h3f_E_F,1
3h3f_E_G,1
3h3f_E_H,1
3h3f_F_G,1
3h3f_F_H,1
3h3f_G_H,1
3h3l_B_C,1
3h3u_A_B,1
3h3x_A_Q,1
3h3x_B_R,1
3h3x_C_S,1
3h4f_A_B,1
3h4f_A_C,1
3h4f_B_C,1
3h4h_A_B,1
3h4h_A_C,1
3h4h_B_C,1
3h4l_A_B,1
3h54_A_B,1
3h55_A_B,1
3h5n_A_B,1
3h5n_B_C,1
3h5n_C_D,1
3h5o_A_B,1
3h76_A_B,1
3h7a_A_B,1
3h7a_A_D,1
3h7a_B_C,1
3h7a_C_D,1
3h7h_A_B,1
3h7l_B_C,1
3h7x_D_E,1
3h7x_D_F,1
3h7x_E_F,1
3h84_A_B,1
3h8a_C_D,1
3h8d_C_D,1
3h8f_A_C,1
3h8f_A_D,1
3h8f_A_E,1
3h8f_A_F,1
3h8f_B_C,1
3h8f_B_D,1
3h8f_B_E,1
3h8f_B_F,1
3h8f_C_E,1
3h8f_C_F,1
3h8f_D_E,1
3h8f_D_F,1
3h8v_A_B,1
3h9e_O_P,1
3h9k_D_E,1
3h9p_A_B,1
3h9u_A_B,1
3h9u_C_D,1
3ha2_A_B,1
3ha4_A_E,1
3ha4_B_D,1
3ha4_F_H,1
3hab_A_B,1
3hac_A_B,1
3hax_A_C,1
3hax_C_D,1
3haz_A_B,1
3hb9_A_B,1
3hb9_A_C,1
3hb9_A_D,1
3hb9_B_C,1
3hb9_B_D,1
3hb9_C_D,1
3hba_A_B,1
3hbb_B_C,1
3hbl_A_B,1
3hbl_A_C,1
3hbl_A_D,1
3hbl_B_C,1
3hbl_B_D,1
3hbl_C_D,1
3hbr_A_B,1
3hbr_C_D,1
3hca_A_B,1
3hcd_A_B,1
3hce_A_B,1
3hcg_A_B,1
3hcg_A_C,1
3hcg_B_D,1
3hcg_C_D,1
3hcp_A_B,1
3hd7_A_B,1
3hd7_A_C,1
3hd7_A_D,1
3hd7_B_C,1
3hd7_B_D,1
3hd7_C_D,1
3hd7_E_F,1
3hd7_E_G,1
3hd7_E_H,1
3hd7_F_G,1
3hd7_F_H,1
3hd7_G_H,1
3hdg_A_B,1
3hdg_A_D,1
3hdg_D_E,1
3hdi_A_B,1
3hdj_A_B,1
3hdq_A_I,1
3hds_A_D,1
3hds_B_C,1
3hdt_A_B,1
3hdv_A_C,1
3he1_E_F,1
3he8_A_B,1
3heb_A_B,1
3hf2_A_B,1
3hf5_A_D,1
3hf9_1_2,1
3hf9_1_S,1
3hf9_1_T,1
3hf9_1_U,1
3hf9_2_G,1
3hf9_2_T,1
3hf9_2_U,1
3hf9_2_V,1
3hf9_2_X,1
3hf9_3_4,1
3hf9_3_s,1
3hf9_3_t,1
3hf9_3_u,1
3hf9_4_g,1
3hf9_4_t,1
3hf9_4_u,1
3hf9_4_v,1
3hf9_4_x,1
3hf9_A_B,1
3hf9_A_H,1
3hf9_A_O,1
3hf9_A_P,1
3hf9_B_C,1
3hf9_B_H,1
3hf9_B_I,1
3hf9_C_E,1
3hf9_C_H,1
3hf9_C_I,1
3hf9_C_J,1
3hf9_C_R,1
3hf9_D_E,1
3hf9_D_K,1
3hf9_D_Q,1
3hf9_D_R,1
3hf9_E_H,1
3hf9_E_K,1
3hf9_E_L,1
3hf9_E_R,1
3hf9_F_G,1
3hf9_F_M,1
3hf9_F_N,1
3hf9_F_W,1
3hf9_G_N,1
3hf9_G_V,1
3hf9_G_W,1
3hf9_G_X,1
3hf9_H_L,1
3hf9_H_P,1
3hf9_I_J,1
3hf9_I_S,1
3hf9_J_R,1
3hf9_J_S,1
3hf9_J_T,1
3hf9_J_Z,1
3hf9_K_L,1
3hf9_K_M,1
3hf9_L_M,1
3hf9_L_N,1
3hf9_L_P,1
3hf9_M_N,1
3hf9_N_P,1
3hf9_N_V,1
3hf9_O_P,1
3hf9_O_U,1
3hf9_O_V,1
3hf9_P_V,1
3hf9_Q_R,1
3hf9_Q_Y,1
3hf9_Q_Z,1
3hf9_R_Z,1
3hf9_S_T,1
3hf9_T_X,1
3hf9_T_Z,1
3hf9_U_V,1
3hf9_W_X,1
3hf9_W_Y,1
3hf9_X_Y,1
3hf9_X_Z,1
3hf9_Y_Z,1
3hf9_a_b,1
3hf9_a_h,1
3hf9_a_o,1
3hf9_a_p,1
3hf9_b_c,1
3hf9_b_h,1
3hf9_b_i,1
3hf9_c_e,1
3hf9_c_h,1
3hf9_c_i,1
3hf9_c_j,1
3hf9_c_r,1
3hf9_d_e,1
3hf9_d_k,1
3hf9_d_q,1
3hf9_d_r,1
3hf9_e_h,1
3hf9_e_k,1
3hf9_e_l,1
3hf9_e_r,1
3hf9_f_g,1
3hf9_f_m,1
3hf9_f_n,1
3hf9_f_w,1
3hf9_g_n,1
3hf9_g_v,1
3hf9_g_w,1
3hf9_g_x,1
3hf9_h_l,1
3hf9_h_p,1
3hf9_i_j,1
3hf9_i_s,1
3hf9_j_r,1
3hf9_j_s,1
3hf9_j_t,1
3hf9_j_z,1
3hf9_k_l,1
3hf9_k_m,1
3hf9_l_m,1
3hf9_l_n,1
3hf9_l_p,1
3hf9_m_n,1
3hf9_n_p,1
3hf9_n_v,1
3hf9_o_p,1
3hf9_o_u,1
3hf9_o_v,1
3hf9_p_v,1
3hf9_q_r,1
3hf9_q_y,1
3hf9_q_z,1
3hf9_r_z,1
3hf9_s_t,1
3hf9_t_x,1
3hf9_t_z,1
3hf9_u_v,1
3hf9_w_x,1
3hf9_w_y,1
3hf9_x_y,1
3hf9_x_z,1
3hf9_y_z,1
3hfr_A_B,1
3hg2_A_B,1
3hg5_A_B,1
3hgq_A_B,1
3hgq_C_D,1
3hgt_A_B,1
3hhc_A_C,1
3hhc_B_D,1
3hhd_A_D,1
3hhd_B_C,1
3hhe_A_B,1
3hhf_A_B,1
3hhh_A_B,1
3hhp_A_B,1
3hhp_C_D,1
3hhq_A_B,1
3hhq_A_C,1
3hhq_B_C,1
3hhq_D_E,1
3hhq_D_F,1
3hhq_E_F,1
3hhq_G_H,1
3hhq_G_I,1
3hhq_H_I,1
3hhq_J_K,1
3hhq_J_L,1
3hhq_K_L,1
3hhq_M_N,1
3hhq_M_O,1
3hhq_N_O,1
3hhq_P_Q,1
3hhq_P_R,1
3hhq_Q_R,1
3hhq_S_T,1
3hhq_S_U,1
3hhq_T_U,1
3hhq_V_W,1
3hhq_V_X,1
3hhq_W_X,1
3hhs_A_B,1
3hhw_A_E,1
3hhw_A_K,1
3hhw_A_L,1
3hhw_B_C,1
3hhw_B_L,1
3hhw_B_M,1
3hhw_C_M,1
3hhw_C_N,1
3hhw_D_N,1
3hhw_E_K,1
3hhw_E_O,1
3hhw_K_L,1
3hhw_K_M,1
3hhw_K_O,1
3hhw_L_M,1
3hhw_L_N,1
3hhw_L_O,1
3hhw_M_N,1
3hhz_A_B,1
3hhz_A_K,1
3hhz_A_L,1
3hhz_B_L,1
3hhz_B_M,1
3hhz_C_M,1
3hhz_D_E,1
3hhz_D_N,1
3hhz_D_O,1
3hhz_E_K,1
3hhz_E_O,1
3hhz_K_L,1
3hhz_K_M,1
3hhz_K_N,1
3hhz_K_O,1
3hhz_L_M,1
3hhz_L_O,1
3hhz_N_O,1
3hi2_A_B,1
3hi2_C_D,1
3hi4_A_B,1
3hi4_A_C,1
3hi4_B_C,1
3hia_A_B,1
3hia_A_C,1
3hia_B_C,1
3hie_A_B,1
3hie_C_D,1
3hii_A_B,1
3hij_A_B,1
3hij_A_D,1
3hij_B_C,1
3hij_C_D,1
3hj3_C_D,1
3hj9_A_B,1
3hjb_A_B,1
3hjb_C_D,1
3hjg_A_B,1
3hji_A_B,1
3hjj_A_B,1
3hjj_A_C,1
3hjj_B_C,1
3hjm_A_B,1
3hjm_C_D,1
3hjo_A_B,1
3hju_A_B,1
3hk4_A_B,1
3hk4_C_D,1
3hk7_A_B,1
3hk7_A_C,1
3hk7_A_K,1
3hk7_B_C,1
3hk7_C_L,1
3hk7_D_E,1
3hk7_D_F,1
3hk7_D_H,1
3hk7_E_F,1
3hk7_F_I,1
3hk7_G_H,1
3hk7_G_I,1
3hk7_H_I,1
3hk7_J_K,1
3hk7_J_L,1
3hk7_K_L,1
3hkl_A_B,1
3hkv_A_B,1
3hlx_A_D,1
3hm2_A_C,1
3hm2_A_D,1
3hm2_B_C,1
3hm2_B_D,1
3hm2_E_G,1
3hm2_E_H,1
3hm2_F_G,1
3hm2_F_H,1
3hm2_G_H,1
3hm7_A_B,1
3hm7_E_F,1
3hml_A_B,1
3hmt_A_B,1
3hmu_A_B,1
3hnc_A_B,1
3hne_A_B,1
3hnf_A_B,1
3hni_A_B,1
3hni_A_D,1
3hni_B_C,1
3hni_C_D,1
3hnj_A_B,1
3hnj_A_D,1
3hnj_B_C,1
3hnj_C_D,1
3hnk_A_B,1
3hnw_A_B,1
3hoa_A_B,1
3hos_A_B,1
3hou_A_B,1
3hou_A_C,1
3hou_A_D,1
3hou_A_E,1
3hou_A_F,1
3hou_A_G,1
3hou_A_H,1
3hou_A_I,1
3hou_A_K,1
3hou_B_C,1
3hou_B_D,1
3hou_B_I,1
3hou_B_J,1
3hou_B_K,1
3hou_B_L,1
3hou_C_J,1
3hou_C_K,1
3hou_C_L,1
3hou_D_G,1
3hou_F_G,1
3hov_A_B,1
3hov_A_C,1
3hov_A_D,1
3hov_A_E,1
3hov_A_F,1
3hov_A_G,1
3hov_A_H,1
3hov_A_I,1
3hov_A_K,1
3hov_B_C,1
3hov_B_D,1
3hov_B_I,1
3hov_B_J,1
3hov_B_K,1
3hov_B_L,1
3hov_C_J,1
3hov_C_K,1
3hov_C_L,1
3hov_D_G,1
3hov_F_G,1
3hoy_A_B,1
3hoy_A_C,1
3hoy_A_E,1
3hoy_A_F,1
3hoy_A_G,1
3hoy_A_H,1
3hoy_A_I,1
3hoy_A_K,1
3hoy_B_C,1
3hoy_B_I,1
3hoy_B_J,1
3hoy_B_K,1
3hoy_B_L,1
3hoy_C_J,1
3hoy_C_K,1
3hoy_C_L,1
3hoy_D_G,1
3hoy_F_G,1
3hpf_A_B,1
3hpk_A_B,1
3hpv_A_B,1
3hpv_A_C,1
3hpv_A_D,1
3hpv_B_C,1
3hpv_B_D,1
3hpv_C_D,1
3hpx_A_B,1
3hq1_A_B,1
3hq2_A_B,1
3hq5_A_B,1
3hq6_A_B,1
3hq8_A_B,1
3hqn_A_D,1
3hr0_A_B,1
3hr4_A_B,1
3hr4_C_D,1
3hr4_E_F,1
3hrd_A_B,1
3hrd_A_D,1
3hrd_A_E,1
3hrd_A_F,1
3hrd_B_C,1
3hrd_B_D,1
3hrd_B_E,1
3hrd_B_F,1
3hrd_C_D,1
3hrd_E_F,1
3hrd_E_H,1
3hrd_F_G,1
3hrd_F_H,1
3hrd_G_H,1
3hri_E_F,1
3hrq_A_B,1
3hrr_A_B,1
3hru_A_B,1
3hs0_A_B,1
3hs0_A_C,1
3hs0_A_D,1
3hs0_B_C,1
3hs0_B_D,1
3hs0_C_D,1
3hs0_F_G,1
3hs0_F_H,1
3hs0_F_I,1
3hs0_G_H,1
3hs0_G_I,1
3hs0_H_I,1
3hs3_A_B,1
3hs7_A_B,1
3hsa_A_D,1
3hsa_A_E,1
3hsa_B_C,1
3hsa_B_E,1
3hsa_C_D,1
3hsh_A_B,1
3hsh_A_C,1
3hsh_B_C,1
3hsh_C_D,1
3hsh_D_E,1
3hsh_D_F,1
3hsh_E_F,1
3hso_A_B,1
3hsy_A_B,1
3ht4_A_B,1
3ht4_A_F,1
3ht4_B_C,1
3ht4_C_F,1
3ht4_D_H,1
3hth_A_B,1
3htj_A_B,1
3htn_A_B,1
3htn_A_C,1
3htn_B_C,1
3htr_A_B,1
3hw9_A_B,1
3hwb_A_B,1
3hwp_A_B,1
3hws_A_B,1
3hws_A_F,1
3hws_B_C,1
3hws_C_D,1
3hws_D_E,1
3hws_E_F,1
3hww_A_D,1
3hx8_A_B,1
3hxb_A_B,1
3hxc_A_B,1
3hxf_A_B,1
3hxk_A_B,1
3hxk_A_D,1
3hxk_B_C,1
3hxk_C_D,1
3hy2_A_B,1
3hy2_A_X,1
3hy2_A_Y,1
3hy2_B_X,1
3hy2_B_Y,1
3hye_1_2,1
3hye_1_H,1
3hye_1_N,1
3hye_1_S,1
3hye_1_T,1
3hye_1_Z,1
3hye_2_M,1
3hye_2_N,1
3hye_2_T,1
3hye_2_U,1
3hye_2_V,1
3hye_A_B,1
3hye_A_G,1
3hye_A_H,1
3hye_A_I,1
3hye_B_C,1
3hye_B_I,1
3hye_B_J,1
3hye_C_D,1
3hye_C_J,1
3hye_C_K,1
3hye_D_E,1
3hye_D_K,1
3hye_D_L,1
3hye_E_F,1
3hye_E_L,1
3hye_E_M,1
3hye_F_G,1
3hye_F_M,1
3hye_F_N,1
3hye_G_H,1
3hye_G_N,1
3hye_H_I,1
3hye_H_N,1
3hye_H_Z,1
3hye_I_J,1
3hye_I_Y,1
3hye_I_Z,1
3hye_J_K,1
3hye_J_X,1
3hye_J_Y,1
3hye_K_L,1
3hye_K_W,1
3hye_K_X,1
3hye_L_M,1
3hye_L_V,1
3hye_L_W,1
3hye_M_N,1
3hye_M_V,1
3hye_O_P,1
3hye_O_U,1
3hye_O_V,1
3hye_O_W,1
3hye_P_Q,1
3hye_P_W,1
3hye_P_X,1
3hye_Q_R,1
3hye_Q_X,1
3hye_Q_Y,1
3hye_R_S,1
3hye_R_Y,1
3hye_R_Z,1
3hye_S_T,1
3hye_S_Z,1
3hye_T_U,1
3hye_U_V,1
3hye_V_W,1
3hye_W_X,1
3hye_X_Y,1
3hye_Y_Z,1
3hym_B_F,1
3hym_H_J,1
3hys_A_B,1
3hyv_A_C,1
3hyv_A_E,1
3hyv_C_E,1
3hyv_E_F,1
3hyx_B_D,1
3hyx_B_F,1
3hyx_D_F,1
3hz4_A_B,1
3hzb_A_B,1
3hzb_C_D,1
3hzb_E_F,1
3hzh_A_B,1
3hzo_A_B,1
3hzr_C_D,1
3hzr_E_F,1
3i04_A_B,1
3i04_A_M,1
3i04_A_N,1
3i04_B_M,1
3i04_B_N,1
3i04_C_D,1
3i04_C_O,1
3i04_C_P,1
3i04_D_O,1
3i04_D_P,1
3i0t_A_B,1
3i0y_A_B,1
3i0y_C_D,1
3i12_C_D,1
3i1j_A_B,1
3i1l_B_C,1
3i26_A_B,1
3i26_C_D,1
3i27_A_B,1
3i27_C_D,1
3i2b_G_H,1
3i2b_G_I,1
3i2b_H_I,1
3i2l_A_B,1
3i2w_A_B,1
3i2z_A_B,1
3i3b_A_B,1
3i3b_A_D,1
3i3b_B_C,1
3i3b_C_D,1
3i3d_A_B,1
3i3d_A_D,1
3i3d_B_C,1
3i3d_C_D,1
3i3r_A_B,1
3i3u_D_E,1
3i3u_D_F,1
3i3u_E_F,1
3i4f_A_C,1
3i4f_A_D,1
3i4f_B_C,1
3i4f_B_D,1
3i4k_A_B,1
3i4k_C_D,1
3i4k_E_F,1
3i4k_G_H,1
3i4s_A_B,1
3i4x_A_B,1
3i54_A_B,1
3i5f_A_B,1
3i5f_A_C,1
3i5j_A_B,1
3i5j_A_C,1
3i5j_A_E,1
3i64_A_B,1
3i69_A_B,1
3i69_C_D,1
3i69_G_H,1
3i6a_C_D,1
3i6a_E_F,1
3i6a_G_H,1
3i6u_A_B,1
3i6w_A_B,1
3i6w_C_D,1
3i6w_G_H,1
3i83_A_B,1
3i84_A_B,1
3ia1_A_B,1
3ia8_A_B,1
3iab_A_B,1
3iae_A_B,1
3ias_1_2,1
3ias_1_3,1
3ias_2_3,1
3ias_2_7,1
3ias_3_4,1
3ias_3_5,1
3ias_3_7,1
3ias_3_9,1
3ias_4_5,1
3ias_4_6,1
3ias_4_7,1
3ias_4_9,1
3ias_5_6,1
3ias_5_9,1
3ias_6_9,1
3ias_7_9,1
3ias_A_B,1
3ias_A_C,1
3ias_B_C,1
3ias_B_H,1
3ias_C_D,1
3ias_C_E,1
3ias_C_G,1
3ias_C_H,1
3ias_D_E,1
3ias_D_F,1
3ias_D_G,1
3ias_D_H,1
3ias_E_F,1
3ias_E_G,1
3ias_F_G,1
3ias_G_H,1
3ias_S_T,1
3ias_S_U,1
3ias_T_U,1
3ias_T_Z,1
3ias_U_V,1
3ias_U_W,1
3ias_U_Y,1
3ias_U_Z,1
3ias_V_W,1
3ias_V_X,1
3ias_V_Y,1
3ias_V_Z,1
3ias_W_X,1
3ias_W_Y,1
3ias_X_Y,1
3ias_Y_Z,1
3iav_A_B,1
3ib6_A_B,1
3ib6_A_C,1
3ib6_B_D,1
3ib6_C_D,1
3ib9_A_B,1
3ibb_A_B,1
3ibb_A_D,1
3ibb_A_F,1
3ibb_B_D,1
3ibb_B_E,1
3ibb_C_D,1
3ibb_C_E,1
3ibb_C_F,1
3ibb_E_F,1
3ibj_A_B,1
3ibr_A_B,1
3ic1_A_B,1
3ic8_A_B,1
3ic8_A_C,1
3ic8_C_D,1
3ic9_A_B,1
3ic9_C_D,1
3ica_A_B,1
3icc_A_B,1
3icf_A_B,1
3icr_A_B,1
3ics_A_B,1
3ict_A_B,1
3idc_A_B,1
3ieb_A_B,1
3iec_A_E,1
3iec_B_F,1
3iec_C_G,1
3iec_D_H,1
3ieq_A_B,1
3ieq_A_C,1
3ieq_B_C,1
3iew_A_B,1
3iew_A_C,1
3iew_B_C,1
3iey_A_B,1
3if4_B_D,1
3if6_B_C,1
3ifa_A_B,1
3ifa_C_D,1
3ifq_B_D,1
3ifs_A_B,1
3ifs_A_D,1
3ifs_B_C,1
3ifs_C_D,1
3ifs_E_F,1
3ig2_A_B,1
3ig2_A_D,1
3ig4_A_B,1
3ig4_A_C,1
3ig4_A_E,1
3ig4_B_D,1
3ig4_B_F,1
3ig4_C_D,1
3ig4_C_E,1
3ig4_D_F,1
3ig4_E_F,1
3igm_A_B,1
3ih0_A_B,1
3ih5_A_C,1
3ih5_B_D,1
3ih5_C_D,1
3ihi_A_B,1
3ihk_B_C,1
3ihm_A_B,1
3ii4_A_B,1
3ii5_A_B,1
3ii6_A_B,1
3ii6_A_X,1
3ii6_B_X,1
3ii9_A_B,1
3ii9_A_C,1
3ii9_B_D,1
3ii9_C_D,1
3iie_A_B,1
3ij6_A_B,1
3ij6_C_D,1
3ijd_A_B,1
3ije_A_B,1
3iji_A_B,1
3ijm_A_B,1
3ijq_A_B,1
3ik4_A_B,1
3ik9_A_B,1
3ik9_C_D,1
3ik9_E_F,1
3ik9_G_H,1
3ika_A_B,1
3ikf_A_B,1
3ikf_A_C,1
3ikf_B_C,1
3ikk_A_B,1
3ikl_A_B,1
3ikm_A_C,1
3ikm_B_C,1
3ikm_D_F,1
3ikm_E_F,1
3ikn_A_B,1
3ikn_A_C,1
3ikn_B_C,1
3iko_A_B,1
3iko_B_C,1
3iko_D_E,1
3iko_E_F,1
3iko_G_H,1
3iko_H_I,1
3ikq_A_B,1
3ikq_A_C,1
3ikq_B_C,1
3il7_A_B,1
3imc_A_B,1
3img_A_B,1
3imi_A_B,1
3imi_C_D,1
3imo_B_D,1
3imp_D_E,1
3ioj_A_B,1
3ioy_A_B,1
3iq0_A_B,1
3iq3_A_B,1
3iqe_A_B,1
3iqe_A_C,1
3iqe_A_D,1
3iqe_A_E,1
3iqe_B_C,1
3iqe_B_D,1
3iqe_B_F,1
3iqe_C_E,1
3iqe_C_F,1
3iqe_D_E,1
3iqe_D_F,1
3iqe_E_F,1
3iqf_A_B,1
3iqf_A_C,1
3iqf_A_D,1
3iqf_A_E,1
3iqf_B_C,1
3iqf_B_D,1
3iqf_B_F,1
3iqf_C_E,1
3iqf_C_F,1
3iqf_D_E,1
3iqf_D_F,1
3iqf_E_F,1
3iqf_G_H,1
3iqf_G_I,1
3iqf_G_J,1
3iqf_G_K,1
3iqf_H_I,1
3iqf_H_J,1
3iqf_H_L,1
3iqf_I_K,1
3iqf_I_L,1
3iqf_J_K,1
3iqf_J_L,1
3iqf_K_L,1
3iqw_A_B,1
3ir5_A_B,1
3ir5_A_C,1
3ir5_B_C,1
3ir7_A_B,1
3ir7_A_C,1
3ir7_B_C,1
3ir9_A_B,1
3irm_C_D,1
3iro_A_B,1
3irs_A_B,1
3irs_A_C,1
3irs_B_C,1
3is6_A_B,1
3is7_A_B,1
3is7_A_H,1
3is7_A_L,1
3is7_A_W,1
3is7_A_X,1
3is7_B_C,1
3is7_B_D,1
3is7_B_H,1
3is7_B_L,1
3is7_C_D,1
3is7_C_K,1
3is7_C_L,1
3is7_C_U,1
3is7_D_E,1
3is7_D_F,1
3is7_D_U,1
3is7_E_F,1
3is7_E_J,1
3is7_E_U,1
3is7_E_V,1
3is7_F_G,1
3is7_F_H,1
3is7_F_J,1
3is7_G_H,1
3is7_G_I,1
3is7_G_J,1
3is7_G_W,1
3is7_H_W,1
3is7_I_J,1
3is7_I_O,1
3is7_I_P,1
3is7_I_Q,1
3is7_J_Q,1
3is7_K_L,1
3is7_K_M,1
3is7_K_S,1
3is7_K_T,1
3is7_L_M,1
3is7_M_N,1
3is7_M_T,1
3is7_M_X,1
3is7_N_O,1
3is7_N_P,1
3is7_N_T,1
3is7_N_X,1
3is7_O_P,1
3is7_O_W,1
3is7_O_X,1
3is7_P_Q,1
3is7_P_R,1
3is7_Q_R,1
3is7_Q_V,1
3is7_R_S,1
3is7_R_T,1
3is7_R_V,1
3is7_S_T,1
3is7_S_U,1
3is7_S_V,1
3is7_U_V,1
3is7_W_X,1
3is8_A_B,1
3is8_A_H,1
3is8_A_L,1
3is8_A_W,1
3is8_A_X,1
3is8_B_C,1
3is8_B_D,1
3is8_B_H,1
3is8_B_L,1
3is8_C_D,1
3is8_C_K,1
3is8_C_L,1
3is8_C_U,1
3is8_D_E,1
3is8_D_F,1
3is8_D_U,1
3is8_E_F,1
3is8_E_J,1
3is8_E_U,1
3is8_E_V,1
3is8_F_G,1
3is8_F_H,1
3is8_F_J,1
3is8_G_H,1
3is8_G_I,1
3is8_G_J,1
3is8_G_W,1
3is8_H_W,1
3is8_I_J,1
3is8_I_O,1
3is8_I_P,1
3is8_I_Q,1
3is8_J_Q,1
3is8_K_L,1
3is8_K_M,1
3is8_K_S,1
3is8_K_T,1
3is8_L_M,1
3is8_M_N,1
3is8_M_T,1
3is8_M_X,1
3is8_N_O,1
3is8_N_P,1
3is8_N_T,1
3is8_N_X,1
3is8_O_P,1
3is8_O_W,1
3is8_O_X,1
3is8_P_Q,1
3is8_P_R,1
3is8_Q_R,1
3is8_Q_V,1
3is8_R_S,1
3is8_R_T,1
3is8_R_V,1
3is8_S_T,1
3is8_S_U,1
3is8_S_V,1
3is8_U_V,1
3is8_W_X,1
3isa_A_C,1
3isa_A_D,1
3isa_A_F,1
3isa_B_C,1
3isa_B_D,1
3isa_B_E,1
3isa_C_E,1
3isa_D_F,1
3isa_E_F,1
3isf_A_B,1
3isf_A_D,1
3isf_A_F,1
3isf_B_D,1
3isf_B_E,1
3isf_B_F,1
3isf_C_D,1
3ism_A_B,1
3ism_A_C,1
3ism_B_C,1
3isr_A_B,1
3isr_A_D,1
3isr_B_C,1
3isr_C_D,1
3isv_A_B,1
3isw_A_B,1
3itk_A_B,1
3itk_A_C,1
3itk_A_E,1
3itk_B_D,1
3itk_B_F,1
3itk_C_D,1
3itk_C_E,1
3itk_D_F,1
3itk_E_F,1
3itm_A_B,1
3itm_C_D,1
3itq_A_B,1
3itt_A_B,1
3itt_A_C,1
3itt_A_D,1
3itt_B_C,1
3itt_B_D,1
3itt_C_D,1
3itv_A_B,1
3itv_A_C,1
3itv_A_D,1
3itv_B_C,1
3itv_B_D,1
3itv_C_D,1
3ity_A_B,1
3ity_A_C,1
3ity_A_D,1
3ity_B_C,1
3ity_B_D,1
3ity_C_D,1
3iuo_A_B,1
3iuw_A_B,1
3iv5_A_B,1
3ivc_A_B,1
3ivp_A_B,1
3ivp_C_D,1
3ivr_A_B,1
3ivs_A_B,1
3ivu_A_B,1
3ivx_A_B,1
3ivz_A_B,1
3iwc_A_B,1
3iwc_A_C,1
3iwc_A_D,1
3iwc_B_C,1
3iwc_B_D,1
3iwc_C_D,1
3iwj_A_B,1
3iwk_A_B,1
3iwk_C_D,1
3iwk_E_F,1
3iwk_G_H,1
3iwk_I_J,1
3iwk_K_L,1
3iwo_A_B,1
3iwp_A_B,1
3iwp_A_C,1
3iwp_B_D,1
3iwp_C_D,1
3iwp_E_F,1
3iwp_E_G,1
3iwp_F_H,1
3iwp_G_H,1
3iwp_I_J,1
3iwp_I_K,1
3iwp_J_L,1
3iwp_K_L,1
3iwq_A_B,1
3iwz_A_D,1
3iwz_B_C,1
3ix0_A_B,1
3ix3_A_B,1
3ix9_A_B,1
3ixe_A_B,1
3ixg_A_B,1
3ixo_A_B,1
3ixq_A_B,1
3ixq_A_C,1
3ixq_A_D,1
3ixq_B_C,1
3ixq_B_D,1
3ixq_C_D,1
3j7a_1_E,1
3j7a_1_F,1
3j7a_2_I,1
3j7a_3_B,1
3j7a_3_P,1
3j7a_4_K,1
3j7a_4_U,1
3j7a_5_I,1
3j7a_6_E,1
3j7a_6_Q,1
3j7a_B_P,1
3j7a_C_G,1
3j7a_C_W,1
3j7a_C_Z,1
3j7a_D_N,1
3j7a_D_O,1
3j7a_D_T,1
3j7a_D_W,1
3j7a_E_F,1
3j7a_E_G,1
3j7a_F_H,1
3j7a_G_K,1
3j7a_G_Z,1
3j7a_I_M,1
3j7a_J_K,1
3j7a_L_V,1
3j7a_M_Y,1
3j7a_N_T,1
3j7a_Q_V,1
3j7a_S_X,1
3j7a_S_Y,1
3jpu_B_C,1
3jq8_A_B,1
3jq8_A_C,1
3jq8_A_D,1
3jq8_B_C,1
3jq8_B_D,1
3jq8_C_D,1
3jqf_A_B,1
3jqf_A_C,1
3jqf_A_D,1
3jqf_B_C,1
3jqf_B_D,1
3jqf_C_D,1
3jqj_A_D,1
3jqj_A_E,1
3jqj_A_F,1
3jqj_B_C,1
3jqj_B_E,1
3jqj_B_F,1
3jqj_C_D,1
3jqj_C_F,1
3jqj_D_E,1
3jqm_A_E,1
3jqm_B_E,1
3jqm_C_D,1
3jqm_C_G,1
3jqm_C_H,1
3jqm_D_F,1
3jqm_D_H,1
3jqm_F_G,1
3jqm_F_I,1
3jqm_G_I,1
3jqm_H_I,1
3jqo_A_B,1
3jqo_A_D,1
3jqo_A_E,1
3jqo_A_F,1
3jqo_A_G,1
3jqo_A_k,1
3jqo_A_n,1
3jqo_B_C,1
3jqo_B_E,1
3jqo_B_n,1
3jqo_B_o,1
3jqo_C_n,1
3jqo_D_E,1
3jqo_D_G,1
3jqo_D_H,1
3jqo_D_I,1
3jqo_D_J,1
3jqo_D_n,1
3jqo_E_F,1
3jqo_E_H,1
3jqo_G_H,1
3jqo_G_J,1
3jqo_G_K,1
3jqo_G_L,1
3jqo_G_M,1
3jqo_H_I,1
3jqo_H_K,1
3jqo_J_K,1
3jqo_J_M,1
3jqo_J_N,1
3jqo_J_P,1
3jqo_K_L,1
3jqo_K_N,1
3jqo_M_N,1
3jqo_M_P,1
3jqo_M_Q,1
3jqo_M_S,1
3jqo_N_O,1
3jqo_N_Q,1
3jqo_P_Q,1
3jqo_P_S,1
3jqo_P_T,1
3jqo_P_V,1
3jqo_Q_T,1
3jqo_S_T,1
3jqo_S_V,1
3jqo_S_W,1
3jqo_S_Y,1
3jqo_T_W,1
3jqo_V_W,1
3jqo_V_Y,1
3jqo_V_Z,1
3jqo_V_b,1
3jqo_W_Z,1
3jqo_Y_Z,1
3jqo_Y_b,1
3jqo_Y_c,1
3jqo_Y_e,1
3jqo_Z_a,1
3jqo_Z_c,1
3jqo_b_c,1
3jqo_b_e,1
3jqo_b_f,1
3jqo_b_g,1
3jqo_b_h,1
3jqo_c_d,1
3jqo_c_f,1
3jqo_e_f,1
3jqo_e_h,1
3jqo_e_i,1
3jqo_e_j,1
3jqo_e_k,1
3jqo_f_g,1
3jqo_f_i,1
3jqo_h_i,1
3jqo_h_k,1
3jqo_h_l,1
3jqo_h_m,1
3jqo_h_n,1
3jqo_i_j,1
3jqo_i_l,1
3jqo_k_l,1
3jqo_k_n,1
3jqo_k_o,1
3jqo_l_m,1
3jqo_l_o,1
3jqo_n_o,1
3jqo_o_p,1
3jqy_A_B,1
3jqy_A_C,1
3jqy_B_C,1
3jr9_A_B,1
3jra_A_B,1
3jri_A_B,1
3jrm_A_B,1
3jrm_A_G,1
3jrm_A_H,1
3jrm_A_N,1
3jrm_A_Q,1
3jrm_A_R,1
3jrm_B_C,1
3jrm_B_H,1
3jrm_B_I,1
3jrm_B_R,1
3jrm_B_S,1
3jrm_C_D,1
3jrm_C_I,1
3jrm_C_J,1
3jrm_C_S,1
3jrm_C_T,1
3jrm_D_E,1
3jrm_D_J,1
3jrm_D_K,1
3jrm_D_T,1
3jrm_D_U,1
3jrm_E_F,1
3jrm_E_K,1
3jrm_E_L,1
3jrm_E_O,1
3jrm_E_U,1
3jrm_F_G,1
3jrm_F_L,1
3jrm_F_M,1
3jrm_F_O,1
3jrm_F_P,1
3jrm_G_M,1
3jrm_G_N,1
3jrm_G_P,1
3jrm_G_Q,1
3jrm_H_I,1
3jrm_H_N,1
3jrm_I_J,1
3jrm_J_K,1
3jrm_K_L,1
3jrm_L_M,1
3jrm_M_N,1
3jrm_O_P,1
3jrm_O_U,1
3jrm_P_Q,1
3jrm_Q_R,1
3jrm_R_S,1
3jrm_S_T,1
3jrm_T_U,1
3jru_A_B,1
3js2_A_B,1
3js9_A_B,1
3js9_A_C,1
3js9_B_C,1
3jsj_A_B,1
3jsl_A_B,1
3jt3_A_B,1
3jt6_A_B,1
3jt8_A_B,1
3jta_A_B,1
3jtf_A_B,1
3jth_A_B,1
3jtl_A_B,1
3jtl_A_G,1
3jtl_A_H,1
3jtl_A_N,1
3jtl_A_Q,1
3jtl_A_R,1
3jtl_B_C,1
3jtl_B_H,1
3jtl_B_I,1
3jtl_B_R,1
3jtl_B_S,1
3jtl_C_D,1
3jtl_C_I,1
3jtl_C_J,1
3jtl_C_S,1
3jtl_C_T,1
3jtl_D_E,1
3jtl_D_J,1
3jtl_D_K,1
3jtl_D_T,1
3jtl_D_U,1
3jtl_E_F,1
3jtl_E_K,1
3jtl_E_L,1
3jtl_E_O,1
3jtl_E_U,1
3jtl_F_G,1
3jtl_F_L,1
3jtl_F_M,1
3jtl_F_O,1
3jtl_F_P,1
3jtl_G_M,1
3jtl_G_N,1
3jtl_G_P,1
3jtl_G_Q,1
3jtl_H_I,1
3jtl_H_N,1
3jtl_I_J,1
3jtl_J_K,1
3jtl_K_L,1
3jtl_L_M,1
3jtl_M_N,1
3jtl_O_P,1
3jtl_O_U,1
3jtl_P_Q,1
3jtl_Q_R,1
3jtl_R_S,1
3jtl_S_T,1
3jtl_T_U,1
3jtr_A_B,1
3ju5_A_B,1
3ju5_C_D,1
3juj_A_B,1
3juj_A_D,1
3juj_B_C,1
3juj_C_D,1
3juo_A_B,1
3juw_A_B,1
3jv5_A_B,1
3jv5_C_D,1
3jv7_A_B,1
3jv7_A_C,1
3jv7_A_D,1
3jv7_B_C,1
3jv7_B_D,1
3jv7_C_D,1
3jvd_A_B,1
3jvu_A_B,1
3jvu_B_C,1
3jvv_A_B,1
3jvv_B_C,1
3jw4_A_B,1
3jwf_A_B,1
3jwk_A_B,1
3jwm_A_B,1
3jws_A_B,1
3jwt_A_B,1
3jwy_A_B,1
3jx1_A_B,1
3jy6_A_B,1
3jy6_C_D,1
3jyg_A_B,1
3jyg_A_E,1
3jyg_B_E,1
3jyg_C_D,1
3jyg_C_F,1
3jyg_D_F,1
3jyy_A_B,1
3jz0_A_B,1
3jz3_A_B,1
3jz4_A_B,1
3jz4_A_C,1
3jz4_A_D,1
3jz4_B_C,1
3jz4_B_D,1
3jz4_C_D,1
3jz6_A_B,1
3jzi_A_B,1
3jzl_A_B,1
3k09_A_B,1
3k09_A_F,1
3k09_B_C,1
3k09_C_D,1
3k09_D_E,1
3k09_E_F,1
3k0a_A_B,1
3k0a_A_F,1
3k0a_B_C,1
3k0a_C_D,1
3k0a_D_E,1
3k0a_E_F,1
3k0c_A_B,1
3k0c_A_F,1
3k0c_B_C,1
3k0c_C_D,1
3k0c_D_E,1
3k0c_E_F,1
3k0e_A_B,1
3k0e_A_F,1
3k0e_B_C,1
3k0e_C_D,1
3k0e_D_E,1
3k0e_E_F,1
3k0j_A_C,1
3k0l_A_B,1
3k0t_A_B,1
3k0t_A_C,1
3k0t_B_C,1
3k0z_A_B,1
3k12_A_C,1
3k12_A_D,1
3k12_C_D,1
3k1e_A_B,1
3k1g_E_F,1
3k1i_A_D,1
3k1i_B_C,1
3k1s_A_B,1
3k1s_A_C,1
3k1s_B_C,1
3k1s_D_E,1
3k1s_D_F,1
3k1s_E_F,1
3k1s_G_H,1
3k1s_G_I,1
3k1s_H_I,1
3k1y_D_E,1
3k28_C_D,1
3k2g_A_B,1
3k2g_A_D,1
3k2g_B_C,1
3k2g_C_D,1
3k2j_A_B,1
3k2o_A_B,1
3k2v_A_B,1
3k2w_A_B,1
3k2w_A_C,1
3k2w_A_D,1
3k2w_B_C,1
3k2w_B_D,1
3k2w_C_D,1
3k2w_E_F,1
3k2w_E_G,1
3k2w_E_H,1
3k2w_F_G,1
3k2w_F_H,1
3k2w_G_H,1
3k2x_A_B,1
3k2x_A_C,1
3k2x_B_C,1
3k2y_A_C,1
3k2y_B_D,1
3k2z_A_B,1
3k30_A_B,1
3k33_A_B,1
3k33_A_C,1
3k33_C_D,1
3k3c_A_B,1
3k3c_A_C,1
3k3c_A_D,1
3k3c_B_C,1
3k3c_B_D,1
3k3c_C_D,1
3k3h_A_B,1
3k3s_B_E,1
3k3s_F_G,1
3k3w_A_B,1
3k43_A_B,1
3k4a_A_B,1
3k4i_A_B,1
3k4i_A_C,1
3k4i_B_C,1
3k4u_A_B,1
3k4u_A_E,1
3k4u_B_E,1
3k4u_C_D,1
3k4u_C_F,1
3k4u_D_F,1
3k4v_A_B,1
3k4v_C_D,1
3k4w_D_E,1
3k4w_D_F,1
3k4w_E_F,1
3k4w_G_H,1
3k4w_G_I,1
3k4w_H_I,1
3k4w_J_K,1
3k4w_J_L,1
3k4w_K_L,1
3k51_A_B,1
3k53_A_B,1
3k53_C_D,1
3k55_A_B,1
3k55_C_D,1
3k55_G_H,1
3k55_I_J,1
3k55_K_L,1
3k55_O_P,1
3k56_A_B,1
3k5e_A_B,1
3k5k_A_B,1
3k6c_A_B,1
3k6c_A_C,1
3k6c_A_I,1
3k6c_A_J,1
3k6c_B_C,1
3k6c_B_D,1
3k6c_B_J,1
3k6c_C_D,1
3k6c_C_E,1
3k6c_D_E,1
3k6c_D_F,1
3k6c_E_F,1
3k6c_E_H,1
3k6c_F_G,1
3k6c_F_H,1
3k6c_G_H,1
3k6c_G_I,1
3k6c_G_J,1
3k6c_H_I,1
3k6c_I_J,1
3k6m_A_B,1
3k6q_A_B,1
3k6q_C_D,1
3k84_A_B,1
3k85_A_B,1
3k86_A_B,1
3k87_A_B,1
3k8a_A_B,1
3k8c_A_B,1
3k8d_A_D,1
3k8d_B_C,1
3k8e_A_B,1
3k8e_C_D,1
3k8o_S_T,1
3k8o_S_U,1
3k8o_T_U,1
3k8z_A_B,1
3k8z_A_C,1
3k8z_A_E,1
3k8z_A_F,1
3k8z_B_C,1
3k8z_B_D,1
3k8z_B_E,1
3k8z_C_D,1
3k8z_C_F,1
3k8z_D_E,1
3k8z_D_F,1
3k8z_E_F,1
3k92_A_B,1
3k92_A_D,1
3k92_A_E,1
3k92_A_F,1
3k92_B_C,1
3k92_B_D,1
3k92_B_F,1
3k92_C_D,1
3k92_C_E,1
3k92_C_F,1
3k92_D_E,1
3k92_E_F,1
3k96_A_B,1
3k9c_A_B,1
3k9d_B_D,1
3k9e_A_B,1
3k9f_A_B,1
3k9f_A_C,1
3k9f_A_D,1
3k9f_B_C,1
3k9f_B_D,1
3k9h_A_B,1
3k9j_A_B,1
3k9m_A_C,1
3k9m_B_D,1
3k9r_C_D,1
3k9s_C_D,1
3kae_A_C,1
3kae_B_D,1
3kaj_A_B,1
3kak_A_B,1
3kay_A_B,1
3kaz_A_B,1
3kb1_A_B,1
3kbp_A_D,1
3kbp_B_C,1
3kbq_A_B,1
3kbt_B_C,1
3kby_A_B,1
3kbz_A_B,1
3kbz_A_C,1
3kbz_A_D,1
3kbz_B_C,1
3kbz_B_D,1
3kbz_C_D,1
3kd2_A_B,1
3kd2_C_D,1
3kdb_A_B,1
3kdd_A_B,1
3kdf_A_B,1
3kdf_C_D,1
3kdg_A_B,1
3kdp_A_B,1
3kdp_C_D,1
3kdq_A_C,1
3kdq_A_D,1
3kdq_B_C,1
3kdq_B_D,1
3kdq_C_D,1
3kdr_A_B,1
3kdr_A_C,1
3kds_F_G,1
3ke0_A_B,1
3ke2_A_B,1
3kea_A_B,1
3kem_A_B,1
3kex_A_B,1
3kf2_A_B,1
3kf3_A_B,1
3kfb_A_B,1
3kfb_A_H,1
3kfb_B_C,1
3kfb_C_D,1
3kfb_D_E,1
3kfb_E_F,1
3kfb_F_G,1
3kfb_G_H,1
3kfn_A_B,1
3kfu_A_B,1
3kfu_C_D,1
3kfu_E_G,1
3kfu_H_J,1
3kg7_A_C,1
3kg7_B_D,1
3kg9_A_B,1
3kgk_A_B,1
3kgl_D_E,1
3kgl_D_F,1
3kgl_E_F,1
3kgz_A_B,1
3kh1_A_B,1
3kh2_A_E,1
3kh2_B_F,1
3kh2_C_G,1
3kh2_D_H,1
3kh2_E_F,1
3khc_A_B,1
3khf_A_B,1
3khp_A_C,1
3khp_B_D,1
3khs_A_B,1
3khs_A_C,1
3khs_B_C,1
3khy_A_B,1
3kjk_D_E,1
3kjk_D_F,1
3kjk_E_F,1
3kjk_J_K,1
3kjk_J_L,1
3kjk_K_L,1
3kjs_B_C,1
3kjx_C_D,1
3kl1_A_B,1
3klx_A_B,1
3kly_A_B,1
3kly_A_E,1
3kly_B_C,1
3kly_C_D,1
3kly_D_E,1
3klz_A_B,1
3klz_A_E,1
3klz_B_C,1
3klz_C_D,1
3klz_D_E,1
3km3_A_B,1
3km6_A_B,1
3kmd_A_B,1
3kmd_A_D,1
3kmd_B_C,1
3kmd_C_D,1
3kmh_A_B,1
3kmi_A_B,1
3kml_A_B,1
3kml_A_E,1
3kml_B_F,1
3kml_C_D,1
3kml_C_G,1
3kml_D_Q,1
3kml_E_I,1
3kml_F_Q,1
3kml_G_L,1
3kml_H_I,1
3kml_H_O,1
3kml_J_K,1
3kml_J_N,1
3kml_K_P,1
3kml_L_N,1
3kml_M_O,1
3kml_M_P,1
3kmo_A_B,1
3kmu_A_B,1
3knb_A_B,1
3kng_A_B,1
3knp_A_B,1
3knp_E_F,1
3knu_C_D,1
3knz_A_B,1
3knz_C_D,1
3knz_E_F,1
3koj_A_B,1
3koq_A_B,1
3koq_C_D,1
3kp0_A_C,1
3kp0_A_E,1
3kp0_B_D,1
3kp0_B_F,1
3kp0_C_G,1
3kp0_D_H,1
3kp2_A_B,1
3kp3_A_B,1
3kp6_A_B,1
3kp7_A_B,1
3kq4_A_B,1
3kq4_C_D,1
3kq4_E_F,1
3kqf_A_B,1
3kqf_A_C,1
3kqf_B_C,1
3kqf_D_E,1
3kqf_D_F,1
3kqf_E_F,1
3kqs_A_B,1
3kqx_A_B,1
3kqx_A_C,1
3kqx_A_D,1
3kqx_A_F,1
3kqx_B_C,1
3kqx_B_E,1
3kqx_B_F,1
3kqx_C_D,1
3kqx_C_E,1
3kqx_D_E,1
3kqx_D_F,1
3kqx_E_F,1
3kqy_A_B,1
3kr1_A_B,1
3kr2_A_B,1
3kra_A_B,1
3krf_A_B,1
3krf_A_C,1
3krf_B_D,1
3krf_C_D,1
3krs_A_B,1
3kru_A_B,1
3kru_A_C,1
3kru_B_D,1
3kru_C_D,1
3ks2_A_B,1
3ks2_C_D,1
3ks2_E_F,1
3ks2_G_H,1
3ks2_I_J,1
3ks2_K_L,1
3ks2_M_N,1
3ks2_O_P,1
3ks2_Q_R,1
3ks7_A_B,1
3ks7_C_D,1
3ks9_A_B,1
3ksa_A_B,1
3ksa_A_C,1
3ksa_A_D,1
3ksa_B_C,1
3ksa_B_D,1
3ksb_A_B,1
3ksb_A_C,1
3ksb_A_D,1
3ksb_B_C,1
3ksb_B_D,1
3ksd_O_P,1
3ksd_O_Q,1
3ksd_O_R,1
3ksd_P_Q,1
3ksd_P_R,1
3ksd_Q_R,1
3ksl_A_B,1
3kt3_A_B,1
3kt3_C_D,1
3kt6_A_B,1
3kt6_C_D,1
3ktb_A_B,1
3ktb_C_D,1
3kto_A_B,1
3kto_A_C,1
3kto_B_C,1
3ku4_A_B,1
3ku4_C_D,1
3ku7_A_B,1
3kup_A_B,1
3kup_C_D,1
3kuu_A_B,1
3kuu_C_D,1
3kuv_A_B,1
3kw1_C_D,1
3kwo_A_B,1
3kwo_A_C,1
3kwo_B_C,1
3kwo_B_D,1
3kwo_C_D,1
3kx7_A_B,1
3kx8_A_B,1
3kx8_C_D,1
3kx8_E_F,1
3kx8_G_H,1
3kxd_A_B,1
3kxp_A_L,1
3kxp_B_C,1
3kxp_D_E,1
3kxp_F_G,1
3kxp_H_J,1
3kxp_I_K,1
3kxx_A_D,1
3kxx_B_C,1
3kxy_A_B,1
3kxy_A_T,1
3kxy_B_T,1
3kxy_C_D,1
3kxy_C_U,1
3kxy_D_U,1
3kxy_G_H,1
3kxy_G_W,1
3kxy_H_W,1
3ky8_A_B,1
3kyc_A_B,1
3kyc_B_D,1
3kye_A_B,1
3kye_C_D,1
3kyh_A_B,1
3kyh_A_C,1
3kyh_A_D,1
3kyh_B_C,1
3kyh_B_D,1
3kyi_A_B,1
3kys_A_B,1
3kz9_A_B,1
3kz9_C_D,1
3kze_A_B,1
3kze_A_C,1
3kzf_A_B,1
3kzg_A_C,1
3kzg_B_D,1
3kzg_C_D,1
3kzh_A_B,1
3kzq_A_E,1
3kzt_A_B,1
3l07_A_B,1
3l09_A_B,1
3l09_A_C,1
3l09_B_D,1
3l09_C_D,1
3l0n_A_B,1
3l12_A_B,1
3l1r_A_B,1
3l1t_A_B,1
3l1w_E_F,1
3l24_A_B,1
3l24_A_C,1
3l24_B_C,1
3l26_A_B,1
3l27_A_B,1
3l27_B_C,1
3l27_B_D,1
3l28_A_B,1
3l28_A_D,1
3l28_B_C,1
3l28_B_E,1
3l28_C_D,1
3l28_E_F,1
3l2b_A_B,1
3l2d_B_C,1
3l2k_A_B,1
3l2v_A_B,1
3l2w_A_B,1
3l2y_A_B,1
3l2y_A_E,1
3l2y_B_C,1
3l2y_C_D,1
3l2y_D_E,1
3l2y_F_G,1
3l2y_F_J,1
3l2y_G_H,1
3l2y_H_I,1
3l2y_I_J,1
3l2y_K_L,1
3l2y_K_O,1
3l2y_L_M,1
3l2y_M_N,1
3l2y_N_O,1
3l2y_P_Q,1
3l2y_P_T,1
3l2y_Q_R,1
3l2y_R_S,1
3l2y_S_T,1
3l3b_A_B,1
3l3s_A_B,1
3l3s_A_C,1
3l3s_B_C,1
3l3s_D_E,1
3l3s_D_F,1
3l3s_E_F,1
3l3s_G_H,1
3l3s_G_I,1
3l3s_H_I,1
3l3s_J_K,1
3l3s_J_L,1
3l3s_K_L,1
3l5r_A_B,1
3l5r_A_C,1
3l5r_B_C,1
3l5s_A_B,1
3l5s_A_C,1
3l5s_B_C,1
3l5t_A_B,1
3l5t_A_C,1
3l5t_B_C,1
3l6c_A_B,1
3l6e_A_B,1
3l6o_O_P,1
3l6o_O_Q,1
3l6o_O_R,1
3l6o_P_Q,1
3l6o_P_R,1
3l6o_Q_R,1
3l75_A_B,1
3l75_A_C,1
3l75_A_E,1
3l75_A_G,1
3l75_B_O,1
3l75_B_S,1
3l75_C_D,1
3l75_C_E,1
3l75_C_F,1
3l75_C_G,1
3l75_C_P,1
3l75_C_R,1
3l75_D_E,1
3l75_D_F,1
3l75_D_G,1
3l75_D_H,1
3l75_D_J,1
3l75_D_Q,1
3l75_E_G,1
3l75_E_J,1
3l75_E_P,1
3l75_F_G,1
3l75_F_O,1
3l75_G_H,1
3l75_N_O,1
3l75_N_P,1
3l75_N_R,1
3l75_N_T,1
3l75_P_Q,1
3l75_P_R,1
3l75_P_S,1
3l75_P_T,1
3l75_Q_R,1
3l75_Q_S,1
3l75_Q_T,1
3l75_Q_U,1
3l75_Q_W,1
3l75_R_T,1
3l75_R_W,1
3l75_S_T,1
3l75_T_U,1
3l7j_A_B,1
3l7j_C_D,1
3l7m_C_D,1
3l82_A_B,1
3l8k_A_B,1
3l8u_A_B,1
3l91_A_B,1
3l94_A_B,1
3l9j_C_T,1
3l9q_A_B,1
3la0_A_C,1
3la0_B_D,1
3la6_A_B,1
3la6_A_H,1
3la6_B_C,1
3la6_C_D,1
3la6_D_E,1
3la6_E_F,1
3la6_F_G,1
3la6_G_H,1
3la7_A_B,1
3lac_A_B,1
3lag_A_B,1
3lao_A_B,1
3lao_A_C,1
3lao_B_C,1
3lay_A_B,1
3lay_A_J,1
3lay_B_C,1
3lay_C_D,1
3lay_D_E,1
3lay_E_F,1
3lay_F_G,1
3lay_G_H,1
3lay_H_I,1
3lay_I_J,1
3lb4_A_B,1
3lb5_C_D,1
3lbb_A_B,1
3lbe_A_B,1
3lbe_C_D,1
3lc6_A_B,1
3lc7_O_P,1
3lc7_O_Q,1
3lc7_O_R,1
3lc7_P_Q,1
3lc7_P_R,1
3lc7_Q_R,1
3lcb_A_B,1
3lcb_B_C,1
3lcb_B_D,1
3lcb_C_D,1
3lch_A_C,1
3lch_A_D,1
3lch_B_C,1
3lch_B_D,1
3lcp_B_D,1
3lcr_A_B,1
3lcz_A_B,1
3lcz_A_C,1
3lcz_A_D,1
3lcz_B_C,1
3ld0_1_7,1
3ld0_1_Y,1
3ld0_1_Z,1
3ld0_2_3,1
3ld0_2_4,1
3ld0_2_Z,1
3ld0_3_4,1
3ld0_3_a,1
3ld0_4_5,1
3ld0_5_6,1
3ld0_5_7,1
3ld0_6_7,1
3ld0_6_9,1
3ld0_8_9,1
3ld0_8_Y,1
3ld0_8_a,1
3ld0_9_a,1
3ld0_M_N,1
3ld0_M_O,1
3ld0_M_V,1
3ld0_N_O,1
3ld0_N_P,1
3ld0_O_U,1
3ld0_P_Q,1
3ld0_P_R,1
3ld0_Q_R,1
3ld0_Q_X,1
3ld0_R_S,1
3ld0_S_T,1
3ld0_S_U,1
3ld0_T_U,1
3ld0_T_W,1
3ld0_V_W,1
3ld0_V_X,1
3ld0_W_X,1
3ld0_Y_Z,1
3ld3_A_B,1
3ldw_A_B,1
3ldw_C_D,1
3lf1_A_B,1
3lf6_A_B,1
3lfl_B_C,1
3lfr_A_B,1
3li0_A_B,1
3lis_A_B,1
3ljs_A_B,1
3lkb_A_B,1
3lki_A_B,1
3lkk_A_B,1
3lkt_A_M,1
3lkt_B_N,1
3lkt_C_O,1
3lkt_D_P,1
3lkt_E_Q,1
3lkt_F_R,1
3lkt_M_N,1
3lkt_M_O,1
3lkt_N_O,1
3lkt_N_R,1
3lkt_O_Q,1
3lkt_O_R,1
3lkt_P_Q,1
3lkt_P_R,1
3lkt_Q_R,1
3lku_E_F,1
3ll3_A_B,1
3ll8_A_B,1
3ll8_A_C,1
3ll8_C_D,1
3lle_A_B,1
3lll_A_B,1
3lls_A_B,1
3llw_A_B,1
3llw_C_D,1
3lm1_A_M,1
3lm1_E_I,1
3lm6_A_B,1
3lm7_A_B,1
3lma_B_C,1
3lmb_A_B,1
3lmn_A_B,1
3lmv_C_D,1
3lpe_A_B,1
3lpe_C_D,1
3lpe_G_H,1
3lpg_A_B,1
3lpn_A_B,1
3lpx_A_B,1
3lq1_A_B,1
3lq6_A_B,1
3lqu_A_B,1
3lr8_A_B,1
3lrm_A_B,1
3lrm_A_D,1
3lrm_B_C,1
3lrm_C_D,1
3lrx_A_B,1
3lrx_A_C,1
3lrx_B_F,1
3lrx_C_D,1
3lrx_D_E,1
3lrx_E_F,1
3ls6_A_B,1
3lsb_A_B,1
3lsf_B_E,1
3lsg_A_B,1
3lsg_C_D,1
3lsh_A_B,1
3lsh_A_C,1
3lsh_A_D,1
3lsh_B_C,1
3lsh_B_D,1
3lsh_C_D,1
3lsv_A_B,1
3lsv_A_E,1
3lsv_B_C,1
3lsv_C_D,1
3lsv_D_E,1
3lt2_A_B,1
3lt4_A_B,1
3lt5_A_B,1
3lt7_A_B,1
3lt7_A_C,1
3lt7_B_C,1
3lt7_D_E,1
3lt7_D_F,1
3lt7_E_F,1
3lte_Q_R,1
3ltf_A_B,1
3ltf_A_C,1
3ltf_C_D,1
3lto_A_B,1
3ltp_A_B,1
3lty_A_B,1
3lub_A_B,1
3lub_A_F,1
3lub_B_C,1
3lub_C_D,1
3lub_D_E,1
3lub_E_F,1
3lub_G_H,1
3lub_G_L,1
3lub_H_I,1
3lub_I_J,1
3lub_J_K,1
3lub_K_L,1
3lw5_A_B,1
3lw5_A_C,1
3lw5_A_D,1
3lw5_A_E,1
3lw5_A_F,1
3lw5_A_L,1
3lw5_B_C,1
3lw5_B_D,1
3lw5_B_F,1
3lw5_B_G,1
3lw5_B_L,1
3lw5_C_D,1
3lw5_C_E,1
3lw5_D_L,1
3lw5_H_L,1
3lwo_A_B,1
3lwo_B_C,1
3lx2_A_B,1
3lx2_A_C,1
3lx2_B_C,1
3lxa_A_B,1
3lxv_A_M,1
3lxv_B_N,1
3lxv_C_O,1
3lxv_M_N,1
3lxv_M_O,1
3lxv_N_O,1
3lxz_C_D,1
3lyf_C_D,1
3lyh_A_B,1
3lyk_A_B,1
3lyl_A_B,1
3lyl_A_C,1
3lyl_B_D,1
3lyl_C_D,1
3lyu_A_B,1
3lyu_A_F,1
3lyu_B_C,1
3lyu_C_D,1
3lyu_D_E,1
3lyu_E_F,1
3lyv_D_E,1
3lz0_A_B,1
3lz0_A_E,1
3lz0_A_G,1
3lz0_B_D,1
3lz0_B_G,1
3lz0_B_H,1
3lz0_C_D,1
3lz0_C_E,1
3lz0_C_F,1
3lz0_D_F,1
3lz0_E_F,1
3lz0_F_H,1
3lz0_G_H,1
3lz7_A_B,1
3lz7_A_D,1
3lz7_B_C,1
3lz7_C_D,1
3lza_A_B,1
3lzl_A_B,1
3lzn_A_B,1
3lzp_A_B,1
3lzs_A_B,1
3m06_A_B,1
3m06_A_C,1
3m06_B_C,1
3m06_D_E,1
3m06_D_F,1
3m06_E_F,1
3m0f_A_B,1
3m0g_A_B,1
3m0m_A_B,1
3m0m_A_C,1
3m0m_A_D,1
3m0m_B_C,1
3m0m_B_D,1
3m0m_C_D,1
3m0v_A_B,1
3m0v_A_C,1
3m0v_A_D,1
3m0v_B_C,1
3m0v_B_D,1
3m0v_C_D,1
3m0w_C_D,1
3m1c_A_B,1
3m1r_A_B,1
3m1r_A_C,1
3m1r_B_C,1
3m1r_D_E,1
3m1r_D_F,1
3m1r_E_F,1
3m1s_A_B,1
3m1v_A_B,1
3m1v_A_C,1
3m1v_A_D,1
3m1v_A_E,1
3m1v_A_F,1
3m1v_B_C,1
3m1v_B_D,1
3m1v_B_E,1
3m1v_C_D,1
3m1v_D_E,1
3m1v_D_F,1
3m1v_E_F,1
3m1y_A_B,1
3m1y_C_D,1
3m1z_A_B,1
3m3c_A_B,1
3m3i_A_H,1
3m3i_B_E,1
3m3i_C_F,1
3m3i_D_G,1
3m3q_A_B,1
3m3w_A_B,1
3m44_A_B,1
3m46_A_B,1
3m47_A_B,1
3m4b_B_D,1
3m4b_C_D,1
3m4g_A_B,1
3m4g_A_F,1
3m4g_B_C,1
3m4g_C_D,1
3m4g_D_E,1
3m4g_E_F,1
3m4s_A_B,1
3m4s_A_C,1
3m4s_B_C,1
3m4w_A_C,1
3m4w_A_E,1
3m4w_A_G,1
3m4w_C_E,1
3m4w_C_G,1
3m5r_D_E,1
3m5r_F_G,1
3m5z_A_B,1
3m6j_C_D,1
3m79_A_B,1
3m79_A_C,1
3m79_A_D,1
3m79_B_C,1
3m79_B_D,1
3m79_C_D,1
3m79_E_F,1
3m79_E_G,1
3m79_E_H,1
3m79_F_G,1
3m79_F_H,1
3m79_G_H,1
3m7f_A_B,1
3m7w_B_C,1
3m82_A_B,1
3m82_A_C,1
3m82_A_D,1
3m82_A_E,1
3m82_B_C,1
3m82_B_D,1
3m82_B_F,1
3m82_C_E,1
3m82_C_F,1
3m82_D_E,1
3m82_D_F,1
3m82_E_F,1
3m83_A_B,1
3m83_A_C,1
3m83_A_D,1
3m83_A_E,1
3m83_B_C,1
3m83_B_D,1
3m83_B_F,1
3m83_C_E,1
3m83_C_F,1
3m83_D_E,1
3m83_D_F,1
3m83_E_F,1
3m88_A_B,1
3m8c_A_B,1
3m8c_C_D,1
3m8f_A_B,1
3m8n_A_B,1
3m8n_C_D,1
3m9y_A_B,1
3mad_A_B,1
3maf_A_B,1
3mar_A_B,1
3mb8_A_B,1
3mbi_A_C,1
3mbi_B_D,1
3mbm_A_B,1
3mbm_A_C,1
3mbm_B_C,1
3mbo_A_B,1
3mbo_C_D,1
3mbo_E_F,1
3mbo_G_H,1
3mbw_A_B,1
3mc9_A_B,1
3mca_A_B,1
3mcb_A_B,1
3mci_A_B,1
3mci_A_C,1
3mci_B_C,1
3mcu_A_B,1
3mcu_A_C,1
3mcu_A_F,1
3mcu_B_D,1
3mcu_B_E,1
3mcu_C_D,1
3mcu_C_F,1
3mcu_D_E,1
3mcu_E_F,1
3mcw_A_B,1
3mdd_A_B,1
3mde_A_B,1
3mdi_A_B,1
3mdk_A_B,1
3mdl_A_B,1
3mdo_A_B,1
3mdw_A_B,1
3mdw_C_D,1
3me3_A_B,1
3me3_A_C,1
3me3_B_D,1
3me3_C_D,1
3meb_A_B,1
3men_C_D,1
3mep_B_C,1
3mey_A_B,1
3mez_A_B,1
3mez_B_D,1
3mez_C_D,1
3mf2_A_B,1
3mf3_A_B,1
3mf3_C_D,1
3mf3_C_E,1
3mf3_D_F,1
3mf3_E_F,1
3mf4_A_B,1
3mfk_A_B,1
3mfm_A_B,1
3mfm_A_C,1
3mfm_A_D,1
3mfm_B_E,1
3mfm_B_F,1
3mfm_C_D,1
3mfm_C_F,1
3mfm_D_E,1
3mfm_E_F,1
3mg1_A_B,1
3mg2_A_B,1
3mg5_A_B,1
3mg5_A_D,1
3mg5_B_C,1
3mg5_C_D,1
3mg6_1_2,1
3mg6_1_H,1
3mg6_1_N,1
3mg6_1_S,1
3mg6_1_T,1
3mg6_1_Z,1
3mg6_2_M,1
3mg6_2_N,1
3mg6_2_T,1
3mg6_2_U,1
3mg6_2_V,1
3mg6_A_B,1
3mg6_A_G,1
3mg6_A_H,1
3mg6_A_I,1
3mg6_B_C,1
3mg6_B_I,1
3mg6_B_J,1
3mg6_C_D,1
3mg6_C_J,1
3mg6_C_K,1
3mg6_D_E,1
3mg6_D_K,1
3mg6_D_L,1
3mg6_E_F,1
3mg6_E_L,1
3mg6_E_M,1
3mg6_F_G,1
3mg6_F_M,1
3mg6_F_N,1
3mg6_G_H,1
3mg6_G_N,1
3mg6_H_I,1
3mg6_H_N,1
3mg6_H_Z,1
3mg6_I_J,1
3mg6_I_Y,1
3mg6_I_Z,1
3mg6_J_K,1
3mg6_J_X,1
3mg6_J_Y,1
3mg6_K_L,1
3mg6_K_W,1
3mg6_K_X,1
3mg6_L_M,1
3mg6_L_V,1
3mg6_L_W,1
3mg6_M_N,1
3mg6_M_V,1
3mg6_O_P,1
3mg6_O_U,1
3mg6_O_V,1
3mg6_O_W,1
3mg6_P_Q,1
3mg6_P_W,1
3mg6_P_X,1
3mg6_Q_R,1
3mg6_Q_X,1
3mg6_Q_Y,1
3mg6_R_S,1
3mg6_R_Y,1
3mg6_R_Z,1
3mg6_S_T,1
3mg6_S_Z,1
3mg6_T_U,1
3mg6_U_V,1
3mg6_V_W,1
3mg6_W_X,1
3mg6_X_Y,1
3mg6_Y_Z,1
3mg7_1_2,1
3mg7_1_H,1
3mg7_1_N,1
3mg7_1_S,1
3mg7_1_T,1
3mg7_1_Z,1
3mg7_2_M,1
3mg7_2_N,1
3mg7_2_T,1
3mg7_2_U,1
3mg7_2_V,1
3mg7_A_B,1
3mg7_A_G,1
3mg7_A_H,1
3mg7_A_I,1
3mg7_B_C,1
3mg7_B_I,1
3mg7_B_J,1
3mg7_C_D,1
3mg7_C_J,1
3mg7_C_K,1
3mg7_D_E,1
3mg7_D_K,1
3mg7_D_L,1
3mg7_E_F,1
3mg7_E_L,1
3mg7_E_M,1
3mg7_F_G,1
3mg7_F_M,1
3mg7_F_N,1
3mg7_G_H,1
3mg7_G_N,1
3mg7_H_I,1
3mg7_H_N,1
3mg7_H_Z,1
3mg7_I_J,1
3mg7_I_Y,1
3mg7_I_Z,1
3mg7_J_K,1
3mg7_J_X,1
3mg7_J_Y,1
3mg7_K_L,1
3mg7_K_W,1
3mg7_K_X,1
3mg7_L_M,1
3mg7_L_V,1
3mg7_L_W,1
3mg7_M_N,1
3mg7_M_V,1
3mg7_O_P,1
3mg7_O_U,1
3mg7_O_V,1
3mg7_O_W,1
3mg7_P_Q,1
3mg7_P_W,1
3mg7_P_X,1
3mg7_Q_R,1
3mg7_Q_X,1
3mg7_Q_Y,1
3mg7_R_S,1
3mg7_R_Y,1
3mg7_R_Z,1
3mg7_S_T,1
3mg7_S_Z,1
3mg7_T_U,1
3mg7_U_V,1
3mg7_V_W,1
3mg7_W_X,1
3mg7_X_Y,1
3mg7_Y_Z,1
3mg8_1_2,1
3mg8_1_H,1
3mg8_1_N,1
3mg8_1_S,1
3mg8_1_T,1
3mg8_1_Z,1
3mg8_2_M,1
3mg8_2_N,1
3mg8_2_T,1
3mg8_2_U,1
3mg8_2_V,1
3mg8_A_B,1
3mg8_A_G,1
3mg8_A_H,1
3mg8_A_I,1
3mg8_B_C,1
3mg8_B_I,1
3mg8_B_J,1
3mg8_C_D,1
3mg8_C_J,1
3mg8_C_K,1
3mg8_D_E,1
3mg8_D_K,1
3mg8_D_L,1
3mg8_E_F,1
3mg8_E_L,1
3mg8_E_M,1
3mg8_F_G,1
3mg8_F_M,1
3mg8_F_N,1
3mg8_G_H,1
3mg8_G_N,1
3mg8_H_I,1
3mg8_H_N,1
3mg8_H_Z,1
3mg8_I_J,1
3mg8_I_Y,1
3mg8_I_Z,1
3mg8_J_K,1
3mg8_J_X,1
3mg8_J_Y,1
3mg8_K_L,1
3mg8_K_W,1
3mg8_K_X,1
3mg8_L_M,1
3mg8_L_V,1
3mg8_L_W,1
3mg8_M_N,1
3mg8_M_V,1
3mg8_O_P,1
3mg8_O_U,1
3mg8_O_V,1
3mg8_O_W,1
3mg8_P_Q,1
3mg8_P_W,1
3mg8_P_X,1
3mg8_Q_R,1
3mg8_Q_X,1
3mg8_Q_Y,1
3mg8_R_S,1
3mg8_R_Y,1
3mg8_R_Z,1
3mg8_S_T,1
3mg8_S_Z,1
3mg8_T_U,1
3mg8_U_V,1
3mg8_V_W,1
3mg8_W_X,1
3mg8_X_Y,1
3mg8_Y_Z,1
3mgj_A_B,1
3mgp_A_B,1
3mgp_A_E,1
3mgp_A_G,1
3mgp_B_D,1
3mgp_B_G,1
3mgp_B_H,1
3mgp_C_D,1
3mgp_C_E,1
3mgp_C_F,1
3mgp_D_F,1
3mgp_E_F,1
3mgp_F_H,1
3mgp_G_H,1
3mgr_A_B,1
3mgr_A_E,1
3mgr_A_G,1
3mgr_B_D,1
3mgr_B_G,1
3mgr_B_H,1
3mgr_C_D,1
3mgr_C_E,1
3mgr_C_F,1
3mgr_D_F,1
3mgr_E_F,1
3mgr_F_H,1
3mgr_G_H,1
3mhe_A_B,1
3mhf_A_B,1
3mhf_C_D,1
3mhy_A_B,1
3mhy_A_C,1
3mhy_B_C,1
3mi0_1_2,1
3mi0_1_S,1
3mi0_1_T,1
3mi0_1_U,1
3mi0_2_G,1
3mi0_2_T,1
3mi0_2_U,1
3mi0_2_V,1
3mi0_2_X,1
3mi0_A_B,1
3mi0_A_H,1
3mi0_A_O,1
3mi0_A_P,1
3mi0_B_C,1
3mi0_B_H,1
3mi0_B_I,1
3mi0_C_E,1
3mi0_C_H,1
3mi0_C_I,1
3mi0_C_J,1
3mi0_C_R,1
3mi0_D_E,1
3mi0_D_K,1
3mi0_D_Q,1
3mi0_D_R,1
3mi0_E_H,1
3mi0_E_K,1
3mi0_E_L,1
3mi0_E_R,1
3mi0_F_G,1
3mi0_F_M,1
3mi0_F_N,1
3mi0_F_W,1
3mi0_G_N,1
3mi0_G_V,1
3mi0_G_W,1
3mi0_G_X,1
3mi0_H_L,1
3mi0_H_P,1
3mi0_I_J,1
3mi0_I_S,1
3mi0_J_R,1
3mi0_J_S,1
3mi0_J_T,1
3mi0_J_Z,1
3mi0_K_L,1
3mi0_K_M,1
3mi0_L_M,1
3mi0_L_N,1
3mi0_L_P,1
3mi0_M_N,1
3mi0_N_P,1
3mi0_N_V,1
3mi0_O_P,1
3mi0_O_U,1
3mi0_O_V,1
3mi0_P_V,1
3mi0_Q_R,1
3mi0_Q_Y,1
3mi0_Q_Z,1
3mi0_R_Z,1
3mi0_S_T,1
3mi0_T_X,1
3mi0_T_Z,1
3mi0_U_V,1
3mi0_W_X,1
3mi0_W_Y,1
3mi0_X_Y,1
3mi0_X_Z,1
3mi0_Y_Z,1
3mii_A_B,1
3mil_A_B,1
3miu_A_B,1
3mjd_A_B,1
3mjd_C_D,1
3mjg_A_B,1
3mjg_A_X,1
3mjg_A_Y,1
3mjg_B_X,1
3mjg_B_Y,1
3mjz_A_B,1
3mjz_A_C,1
3mjz_B_C,1
3mjz_D_E,1
3mjz_D_F,1
3mjz_E_F,1
3mjz_G_H,1
3mjz_G_I,1
3mjz_H_I,1
3mjz_J_K,1
3mjz_J_L,1
3mjz_K_L,1
3mk6_B_D,1
3mk7_A_B,1
3mk7_A_C,1
3mk7_B_C,1
3mk7_D_E,1
3mk7_D_F,1
3mk7_E_F,1
3mk7_K_L,1
3mk7_K_M,1
3mk7_L_M,1
3mkh_A_B,1
3mkh_A_D,1
3mkh_B_C,1
3mkh_C_D,1
3mki_A_B,1
3mki_B_D,1
3mki_C_D,1
3mkm_A_B,1
3mkm_A_C,1
3mkm_B_D,1
3mkm_C_D,1
3mkp_A_B,1
3mkp_C_D,1
3mkq_E_F,1
3mkw_B_P,1
3mla_A_B,1
3mln_A_B,1
3mlo_A_B,1
3mlp_E_F,1
3mlq_A_E,1
3mm0_A_C,1
3mm0_A_D,1
3mm0_B_C,1
3mm0_B_D,1
3mm0_I_K,1
3mm5_A_B,1
3mm5_A_E,1
3mm5_B_D,1
3mm5_B_E,1
3mm5_D_E,1
3mm6_A_B,1
3mm6_A_E,1
3mm6_B_D,1
3mm6_B_E,1
3mm6_D_E,1
3mma_A_B,1
3mma_A_E,1
3mma_B_D,1
3mma_B_E,1
3mma_D_E,1
3mmc_A_B,1
3mmc_A_E,1
3mmc_B_D,1
3mmc_B_E,1
3mmc_D_E,1
3mmh_A_B,1
3mml_A_B,1
3mmp_A_G,1
3mmp_C_F,1
3mmp_F_G,1
3mmu_A_B,1
3mmu_C_D,1
3mmu_E_F,1
3mmu_G_H,1
3mmx_D_G,1
3mmy_C_D,1
3mmy_E_F,1
3mmy_G_H,1
3mnn_A_B,1
3mnn_A_E,1
3mnn_A_G,1
3mnn_B_D,1
3mnn_B_G,1
3mnn_B_H,1
3mnn_C_D,1
3mnn_C_E,1
3mnn_C_F,1
3mnn_E_F,1
3mnn_F_H,1
3mnn_G_H,1
3mo0_A_B,1
3mou_A_B,1
3moz_A_B,1
3mp3_A_B,1
3mp3_C_D,1
3mp3_E_F,1
3mp5_A_B,1
3mp5_C_D,1
3mp5_E_F,1
3mpd_A_B,1
3mph_A_B,1
3mpi_C_D,1
3mps_A_B,1
3mps_A_G,1
3mps_A_H,1
3mps_B_G,1
3mps_B_H,1
3mps_D_F,1
3mps_D_I,1
3mps_D_K,1
3mps_F_I,1
3mps_F_K,1
3mps_G_H,1
3mps_I_K,1
3mpu_A_B,1
3mpu_C_D,1
3mq0_A_B,1
3mq1_E_F,1
3mq7_A_B,1
3mq7_A_C,1
3mq7_A_D,1
3mq7_B_C,1
3mq7_B_D,1
3mq7_B_L,1
3mq7_C_D,1
3mq7_E_F,1
3mq7_E_G,1
3mq7_E_H,1
3mq7_E_I,1
3mq7_E_K,1
3mq7_F_G,1
3mq7_F_H,1
3mq7_G_H,1
3mq7_G_K,1
3mq7_H_L,1
3mq7_I_J,1
3mq7_I_K,1
3mq7_I_L,1
3mq7_J_K,1
3mq7_J_L,1
3mq7_K_L,1
3mq9_A_B,1
3mq9_A_C,1
3mq9_A_D,1
3mq9_B_C,1
3mq9_B_D,1
3mq9_C_D,1
3mqe_C_D,1
3mqk_A_B,1
3mqk_A_C,1
3mqt_A_B,1
3mqt_A_C,1
3mqt_A_D,1
3mqt_A_F,1
3mqt_B_D,1
3mqt_B_E,1
3mqt_B_G,1
3mqt_C_D,1
3mqt_C_F,1
3mqt_C_H,1
3mqt_D_G,1
3mqt_E_F,1
3mqt_E_G,1
3mqt_E_H,1
3mqt_F_H,1
3mqt_G_H,1
3mqt_I_J,1
3mqt_I_K,1
3mqt_I_L,1
3mqt_I_N,1
3mqt_J_L,1
3mqt_J_M,1
3mqt_J_W,1
3mqt_K_L,1
3mqt_K_N,1
3mqt_K_V,1
3mqt_L_W,1
3mqt_M_N,1
3mqt_M_V,1
3mqt_M_W,1
3mqt_N_V,1
3mqt_O_P,1
3mqt_O_Q,1
3mqt_O_S,1
3mqt_O_U,1
3mqt_P_S,1
3mqt_P_T,1
3mqt_P_X,1
3mqt_Q_R,1
3mqt_Q_S,1
3mqt_Q_U,1
3mqt_R_T,1
3mqt_R_U,1
3mqt_R_X,1
3mqt_S_X,1
3mqt_T_U,1
3mqt_T_X,1
3mqt_V_W,1
3mqy_A_B,1
3msq_A_D,1
3msq_B_C,1
3msv_A_B,1
3mtk_A_B,1
3mtu_A_B,1
3mtu_A_C,1
3mtu_B_D,1
3mtu_C_D,1
3mtu_E_F,1
3muc_A_B,1
3muq_A_B,1
3muu_A_B,1
3muu_A_C,1
3muu_B_C,1
3muu_D_E,1
3muu_D_F,1
3muu_E_F,1
3muz_1_2,1
3muz_1_4,1
3muz_2_3,1
3muz_3_4,1
3mv3_A_B,1
3mv3_C_D,1
3mv6_A_M,1
3mv6_B_N,1
3mv6_C_O,1
3mv6_M_N,1
3mv6_M_O,1
3mv6_N_O,1
3mvg_A_B,1
3mvk_B_G,1
3mvp_A_B,1
3mw7_A_B,1
3mwa_A_B,1
3mwe_A_B,1
3mwh_A_B,1
3mws_A_B,1
3mxd_A_B,1
3mxg_A_G,1
3mxg_A_J,1
3mxg_B_C,1
3mxg_B_F,1
3mxg_C_D,1
3mxg_D_E,1
3mxg_E_F,1
3mxg_G_H,1
3mxg_H_I,1
3mxg_I_J,1
3mxi_A_B,1
3mxj_A_B,1
3mxl_A_B,1
3mxl_A_C,1
3mxl_B_D,1
3mxl_C_D,1
3mxn_A_B,1
3mxq_A_B,1
3mxq_A_D,1
3mxq_B_C,1
3mxq_C_D,1
3myf_A_B,1
3myf_A_C,1
3myf_C_D,1
3mz1_A_B,1
3mz1_C_D,1
3mzg_A_B,1
3mzh_A_B,1
3mzi_A_B,1
3mzk_A_B,1
3mzk_B_C,1
3mzk_C_D,1
3mzn_A_B,1
3mzo_A_B,1
3mzo_A_C,1
3mzo_B_C,1
3mzv_A_B,1
3n01_A_B,1
3n0b_A_B,1
3n0b_A_D,1
3n0b_B_C,1
3n0b_C_D,1
3n0c_A_B,1
3n0c_A_D,1
3n0c_B_C,1
3n0c_C_D,1
3n0m_A_B,1
3n0s_C_D,1
3n0t_A_B,1
3n0t_C_D,1
3n0y_A_B,1
3n1t_A_B,1
3n1t_E_F,1
3n1z_A_B,1
3n1z_A_C,1
3n24_C_D,1
3n24_E_F,1
3n24_G_H,1
3n25_A_B,1
3n25_A_C,1
3n25_B_D,1
3n25_C_D,1
3n25_E_F,1
3n25_E_G,1
3n25_F_H,1
3n25_G_H,1
3n27_A_B,1
3n27_A_C,1
3n27_B_C,1
3n29_A_B,1
3n2i_A_B,1
3n2l_A_B,1
3n2l_A_C,1
3n2l_C_D,1
3n2l_E_F,1
3n2l_E_G,1
3n2l_G_H,1
3n2o_A_B,1
3n2o_C_D,1
3n2r_A_B,1
3n2s_A_B,1
3n34_A_B,1
3n3b_A_B,1
3n3b_A_D,1
3n3b_B_C,1
3n3m_A_B,1
3n3t_A_B,1
3n3w_A_B,1
3n3z_A_B,1
3n40_F_P,1
3n4d_A_B,1
3n4d_A_C,1
3n4d_B_C,1
3n4d_D_E,1
3n4d_D_F,1
3n4d_E_F,1
3n4d_G_H,1
3n4d_G_I,1
3n4d_H_I,1
3n4g_A_B,1
3n4g_A_C,1
3n4g_B_C,1
3n4m_A_B,1
3n4p_A_B,1
3n4r_C_D,1
3n4s_A_B,1
3n4s_C_D,1
3n52_A_B,1
3n52_A_C,1
3n52_B_D,1
3n52_C_D,1
3n57_A_B,1
3n58_A_B,1
3n58_A_C,1
3n58_A_D,1
3n58_B_C,1
3n58_B_D,1
3n58_C_D,1
3n5b_A_B,1
3n5e_A_B,1
3n5f_A_B,1
3n5i_A_B,1
3n5i_A_C,1
3n5i_A_D,1
3n5i_B_C,1
3n5i_B_D,1
3n5i_C_D,1
3n5q_A_B,1
3n5u_A_B,1
3n5v_A_B,1
3n5w_A_B,1
3n63_A_B,1
3n64_A_B,1
3n67_A_B,1
3n6c_A_B,1
3n6d_A_B,1
3n6e_A_B,1
3n6r_A_B,1
3n6r_B_D,1
3n6r_B_F,1
3n6r_B_J,1
3n6r_C_D,1
3n6r_D_F,1
3n6r_D_L,1
3n6r_E_F,1
3n6r_F_H,1
3n6r_G_H,1
3n6r_H_J,1
3n6r_H_L,1
3n6r_I_J,1
3n6r_J_L,1
3n6r_K_L,1
3n6v_A_B,1
3n6v_C_D,1
3n78_A_B,1
3n7a_M_S,1
3n7a_M_W,1
3n7a_M_X,1
3n7a_N_O,1
3n7a_N_Q,1
3n7a_N_R,1
3n7a_O_Q,1
3n7a_O_T,1
3n7a_P_R,1
3n7a_P_S,1
3n7a_P_U,1
3n7a_Q_W,1
3n7a_R_S,1
3n7a_T_U,1
3n7a_T_V,1
3n7a_U_V,1
3n7a_V_X,1
3n7a_W_X,1
3n7h_A_B,1
3n7p_A_R,1
3n7p_B_D,1
3n7p_E_J,1
3n7r_B_C,1
3n80_E_F,1
3n80_E_G,1
3n80_E_H,1
3n80_F_G,1
3n80_F_H,1
3n80_G_H,1
3n81_E_F,1
3n81_E_G,1
3n81_E_H,1
3n81_F_G,1
3n81_F_H,1
3n81_G_H,1
3n82_A_B,1
3n82_A_C,1
3n82_A_D,1
3n82_B_C,1
3n82_B_D,1
3n82_C_D,1
3n82_E_F,1
3n82_E_G,1
3n82_E_H,1
3n82_F_G,1
3n82_F_H,1
3n82_G_H,1
3n86_A_G,1
3n86_A_K,1
3n86_A_L,1
3n86_B_C,1
3n86_B_E,1
3n86_B_F,1
3n86_C_E,1
3n86_C_H,1
3n86_D_F,1
3n86_D_G,1
3n86_D_I,1
3n86_E_K,1
3n86_F_G,1
3n86_H_I,1
3n86_H_J,1
3n86_I_J,1
3n86_J_L,1
3n86_K_L,1
3n8e_A_B,1
3n8n_A_G,1
3n8n_A_K,1
3n8n_A_L,1
3n8n_B_C,1
3n8n_B_E,1
3n8n_B_F,1
3n8n_C_E,1
3n8n_C_H,1
3n8n_D_F,1
3n8n_D_G,1
3n8n_D_I,1
3n8n_E_K,1
3n8n_F_G,1
3n8n_H_I,1
3n8n_H_J,1
3n8n_I_J,1
3n8n_J_L,1
3n8n_K_L,1
3n8n_M_S,1
3n8n_M_W,1
3n8n_M_X,1
3n8n_N_O,1
3n8n_N_Q,1
3n8n_N_R,1
3n8n_O_Q,1
3n8n_O_T,1
3n8n_P_R,1
3n8n_P_S,1
3n8n_P_U,1
3n8n_Q_W,1
3n8n_R_S,1
3n8n_T_U,1
3n8n_T_V,1
3n8n_U_V,1
3n8n_V_X,1
3n8n_W_X,1
3n8v_A_B,1
3n8w_A_B,1
3n8x_A_B,1
3n99_A_B,1
3n99_A_D,1
3n99_A_J,1
3n99_B_C,1
3n99_B_K,1
3n99_C_E,1
3n99_C_I,1
3n99_D_E,1
3n99_D_G,1
3n99_E_H,1
3n99_G_H,1
3n99_G_J,1
3n99_H_I,1
3n99_I_K,1
3n99_J_K,1
3n9i_A_B,1
3n9j_A_B,1
3n9u_A_B,1
3n9u_A_C,1
3n9u_A_I,1
3n9u_B_C,1
3n9u_B_I,1
3na2_A_B,1
3na5_A_B,1
3nad_A_B,1
3nag_A_B,1
3nai_B_C,1
3nat_A_B,1
3nb0_A_B,1
3nb0_A_C,1
3nb0_A_D,1
3nb0_B_C,1
3nb0_B_D,1
3nb0_C_D,1
3nba_A_C,1
3nbb_E_F,1
3nbe_A_B,1
3nbj_C_D,1
3nbj_E_F,1
3nbu_A_B,1
3nbu_C_D,1
3ncf_A_B,1
3nch_A_C,1
3nch_A_D,1
3nch_B_C,1
3nch_B_D,1
3ncr_A_B,1
3ncr_A_C,1
3ncr_B_C,1
3ncz_A_B,1
3ncz_C_D,1
3nd0_A_B,1
3nd6_A_B,1
3nd6_A_C,1
3nd6_A_E,1
3nd6_B_D,1
3nd6_B_F,1
3nd6_C_D,1
3nd6_C_E,1
3nd6_D_F,1
3nd6_E_F,1
3ndc_A_B,1
3ndh_A_B,1
3ndu_A_B,1
3ndv_A_B,1
3ndv_A_C,1
3ndv_A_D,1
3ndv_B_C,1
3ndv_B_D,1
3ndv_C_D,1
3ndy_A_C,1
3ndy_A_D,1
3ndy_A_E,1
3ndy_A_G,1
3ndy_B_C,1
3ndy_B_D,1
3ndy_B_F,1
3ndy_B_H,1
3ndy_C_E,1
3ndy_C_G,1
3ndy_D_F,1
3ndy_D_H,1
3ndy_E_F,1
3ndy_G_H,1
3ndz_A_C,1
3ndz_A_D,1
3ndz_A_E,1
3ndz_A_G,1
3ndz_B_C,1
3ndz_B_D,1
3ndz_B_F,1
3ndz_B_H,1
3ndz_C_E,1
3ndz_C_G,1
3ndz_D_F,1
3ndz_D_H,1
3ndz_E_F,1
3ndz_G_H,1
3ne2_A_B,1
3ne2_A_C,1
3ne2_B_D,1
3ne2_C_D,1
3nei_A_B,1
3nek_A_B,1
3nem_A_B,1
3nev_A_B,1
3nev_A_C,1
3nev_B_D,1
3nev_C_D,1
3nf4_A_B,1
3nfb_A_B,1
3nfb_A_C,1
3nfb_A_D,1
3nfb_B_C,1
3nfb_B_D,1
3nfb_C_D,1
3nfc_B_C,1
3nfg_E_F,1
3nfg_E_G,1
3nfg_E_H,1
3nfg_F_G,1
3nfg_G_H,1
3nfg_K_L,1
3nfg_K_M,1
3nfg_K_N,1
3nfg_L_M,1
3nfg_M_N,1
3nfu_A_B,1
3nfw_A_B,1
3nfw_C_D,1
3nfy_A_B,1
3ng9_A_B,1
3ng9_A_D,1
3ng9_A_E,1
3ng9_A_H,1
3ng9_A_I,1
3ng9_B_E,1
3ng9_C_F,1
3ng9_C_I,1
3ng9_D_F,1
3ng9_D_H,1
3ng9_D_I,1
3ng9_E_G,1
3ng9_E_H,1
3ng9_F_I,1
3ngs_A_B,1
3ngs_B_C,1
3ngt_C_F,1
3ngy_A_B,1
3ngy_C_D,1
3nhj_A_B,1
3nhl_A_B,1
3nhp_A_B,1
3nhq_A_B,1
3nhq_C_D,1
3nhq_E_F,1
3nhq_G_H,1
3nhs_A_B,1
3nhy_A_B,1
3nip_A_B,1
3nip_A_D,1
3nip_A_E,1
3nip_A_F,1
3nip_B_C,1
3nip_B_E,1
3nip_B_F,1
3nip_C_D,1
3nip_C_E,1
3nip_C_F,1
3nip_D_E,1
3nip_D_F,1
3niq_A_B,1
3nj4_A_B,1
3nj4_A_C,1
3nj4_A_D,1
3nj4_B_C,1
3nj4_B_D,1
3nj4_C_D,1
3nja_A_B,1
3nja_C_D,1
3njb_A_B,1
3njd_A_B,1
3njf_A_C,1
3njh_C_D,1
3njo_A_B,1
3njq_A_B,1
3nkd_A_B,1
3nke_A_B,1
3nke_A_C,1
3nke_B_C,1
3nkl_A_B,1
3nkz_A_B,1
3nkz_A_C,1
3nkz_C_D,1
3nlf_A_B,1
3nli_A_B,1
3nln_A_B,1
3nlv_A_B,1
3nlz_A_B,1
3nn3_A_C,1
3nn3_A_E,1
3nn3_B_C,1
3nn3_B_D,1
3nn3_D_E,1
3nnj_A_B,1
3nnt_A_B,1
3nny_A_B,1
3nnz_A_B,1
3np5_A_B,1
3np5_A_C,1
3np5_B_C,1
3np5_B_D,1
3np5_C_D,1
3npg_A_B,1
3npg_A_C,1
3npg_B_D,1
3npg_C_D,1
3npi_A_B,1
3npk_A_B,1
3nq7_A_B,1
3nqj_A_B,1
3nqn_A_B,1
3nqu_A_B,1
3ns1_A_B,1
3ns1_A_C,1
3ns1_B_C,1
3ns1_C_L,1
3ns1_J_K,1
3ns1_J_L,1
3ns1_K_L,1
3ns2_A_B,1
3ns7_A_B,1
3nse_A_B,1
3nsg_A_B,1
3nsg_A_C,1
3nsg_B_C,1
3nu3_A_B,1
3nu5_A_B,1
3nuf_A_B,1
3nuh_A_B,1
3nuj_A_B,1
3nut_A_D,1
3nut_B_C,1
3nuv_A_B,1
3nuz_E_F,1
3nv9_A_B,1
3nvm_A_B,1
3nvu_A_B,1
3nvv_A_B,1
3nvv_A_C,1
3nvv_B_C,1
3nvv_C_L,1
3nvv_J_K,1
3nvv_J_L,1
3nvv_K_L,1
3nvy_A_B,1
3nvy_A_C,1
3nvy_B_C,1
3nvy_C_L,1
3nvy_J_K,1
3nvy_J_L,1
3nvy_K_L,1
3nwk_A_C,1
3nwk_B_D,1
3nwl_A_B,1
3nwl_A_C,1
3nwl_A_D,1
3nwl_B_C,1
3nwl_B_D,1
3nwl_C_D,1
3nwq_A_B,1
3nwu_A_B,1
3nwu_A_C,1
3nwu_B_C,1
3nwx_A_B,1
3nwy_A_B,1
3nwy_A_E,1
3nwy_B_F,1
3nwy_C_D,1
3nwy_C_F,1
3nwy_D_E,1
3ny5_A_B,1
3nyd_A_B,1
3nyn_A_B,1
3nyw_A_B,1
3nyw_A_C,1
3nyw_B_D,1
3nyw_C_D,1
3nz2_A_B,1
3nz2_A_C,1
3nz2_B_C,1
3nz2_D_E,1
3nz2_D_F,1
3nz2_E_F,1
3nz2_G_H,1
3nz2_G_I,1
3nz2_G_K,1
3nz2_H_I,1
3nz2_H_L,1
3nz2_J_K,1
3nz2_J_L,1
3nz2_K_L,1
3nz4_A_B,1
3nzj_1_2,1
3nzj_1_H,1
3nzj_1_N,1
3nzj_1_S,1
3nzj_1_T,1
3nzj_1_Z,1
3nzj_2_M,1
3nzj_2_N,1
3nzj_2_T,1
3nzj_2_U,1
3nzj_2_V,1
3nzj_A_B,1
3nzj_A_G,1
3nzj_A_H,1
3nzj_A_I,1
3nzj_B_C,1
3nzj_B_I,1
3nzj_B_J,1
3nzj_C_D,1
3nzj_C_J,1
3nzj_C_K,1
3nzj_D_E,1
3nzj_D_K,1
3nzj_D_L,1
3nzj_E_F,1
3nzj_E_L,1
3nzj_E_M,1
3nzj_F_G,1
3nzj_F_M,1
3nzj_F_N,1
3nzj_G_H,1
3nzj_G_N,1
3nzj_H_I,1
3nzj_H_N,1
3nzj_H_Z,1
3nzj_I_J,1
3nzj_I_Y,1
3nzj_I_Z,1
3nzj_J_K,1
3nzj_J_X,1
3nzj_J_Y,1
3nzj_K_L,1
3nzj_K_W,1
3nzj_K_X,1
3nzj_L_M,1
3nzj_L_V,1
3nzj_L_W,1
3nzj_M_N,1
3nzj_M_V,1
3nzj_O_P,1
3nzj_O_U,1
3nzj_O_V,1
3nzj_O_W,1
3nzj_P_Q,1
3nzj_P_W,1
3nzj_P_X,1
3nzj_Q_R,1
3nzj_Q_X,1
3nzj_Q_Y,1
3nzj_R_S,1
3nzj_R_Y,1
3nzj_R_Z,1
3nzj_S_T,1
3nzj_S_Z,1
3nzj_T_U,1
3nzj_U_V,1
3nzj_V_W,1
3nzj_W_X,1
3nzj_X_Y,1
3nzj_Y_Z,1
3nzp_A_B,1
3o08_A_B,1
3o0l_A_B,1
3o0n_A_B,1
3o0o_A_B,1
3o0q_A_B,1
3o0t_A_B,1
3o0y_A_B,1
3o0y_A_C,1
3o0y_B_C,1
3o10_A_B,1
3o1k_A_C,1
3o1k_A_D,1
3o1k_B_C,1
3o1k_B_D,1
3o1n_A_B,1
3o1q_B_C,1
3o27_A_B,1
3o2j_A_B,1
3o2q_A_B,1
3o2s_A_B,1
3o3n_C_D,1
3o3o_A_B,1
3o4f_A_B,1
3o4f_C_D,1
3o4f_E_F,1
3o4f_G_H,1
3o4g_A_B,1
3o4g_C_D,1
3o4j_A_B,1
3o4j_C_D,1
3o4z_A_C,1
3o4z_B_D,1
3o52_A_B,1
3o52_C_D,1
3o5b_A_B,1
3o5u_A_B,1
3o5v_A_B,1
3o5w_A_B,1
3o60_A_B,1
3o61_A_B,1
3o61_C_D,1
3o65_A_C,1
3o65_A_E,1
3o65_C_E,1
3o65_C_G,1
3o65_E_G,1
3o6j_A_B,1
3o6z_A_B,1
3o72_C_D,1
3o73_A_B,1
3o74_A_B,1
3o7x_B_C,1
3o8j_A_B,1
3o8j_E_F,1
3o8j_G_H,1
3o8j_I_J,1
3o90_A_B,1
3o90_A_C,1
3o90_A_D,1
3o90_B_C,1
3o90_B_D,1
3o90_C_D,1
3o91_A_B,1
3o91_A_C,1
3o91_A_D,1
3o91_B_C,1
3o91_B_D,1
3o91_C_D,1
3o94_A_B,1
3o94_A_C,1
3o94_A_D,1
3o94_B_C,1
3o94_B_D,1
3o94_C_D,1
3o95_A_B,1
3o99_A_B,1
3o9c_A_B,1
3o9d_A_B,1
3o9f_A_B,1
3o9g_A_B,1
3o9t_A_B,1
3o9u_F_H,1
3o9v_A_B,1
3o9v_C_D,1
3o9x_A_B,1
3oa2_A_B,1
3oa2_A_C,1
3oa2_B_D,1
3oa2_C_D,1
3oaa_Y_b,1
3oaa_Y_c,1
3oaa_Y_e,1
3oaa_Z_c,1
3oaa_Z_d,1
3oaa_a_b,1
3oaa_a_d,1
3oaa_a_f,1
3oaa_b_f,1
3oaa_c_e,1
3oaa_d_e,1
3oaa_d_f,1
3oaa_e_f,1
3oac_A_B,1
3oac_A_C,1
3oac_B_D,1
3oac_C_D,1
3oax_A_B,1
3ob7_A_B,1
3ob7_D_E,1
3ob8_A_B,1
3ob8_A_C,1
3ob8_A_D,1
3ob8_B_C,1
3ob8_B_D,1
3obh_A_B,1
3obv_A_B,1
3obv_A_F,1
3obv_B_E,1
3obv_E_F,1
3oc3_B_D,1
3oc4_A_B,1
3oca_A_B,1
3ocd_A_B,1
3ocd_C_D,1
3oci_A_B,1
3oco_A_B,1
3od0_A_B,1
3od9_A_B,1
3odh_E_F,1
3odm_A_C,1
3odm_A_E,1
3odm_B_G,1
3odm_B_H,1
3odm_C_D,1
3odm_D_E,1
3odm_F_G,1
3odm_F_H,1
3oe3_A_C,1
3oe3_B_D,1
3oe3_E_F,1
3oec_A_B,1
3oec_A_D,1
3oec_B_C,1
3oec_C_D,1
3oeh_1_Y,1
3oeh_S_V,1
3oeh_S_W,1
3oeh_S_Y,1
3oeh_T_W,1
3oeh_T_X,1
3oeh_U_V,1
3oeh_U_X,1
3oeh_V_Y,1
3oeh_W_Y,1
3oeh_X_Y,1
3of3_A_C,1
3of3_A_E,1
3of3_B_D,1
3of3_B_E,1
3of3_C_L,1
3of3_D_L,1
3of3_F_I,1
3of3_F_J,1
3of3_G_I,1
3of3_G_K,1
3of3_H_J,1
3of3_H_K,1
3ofn_J_M,1
3ofn_J_N,1
3ofn_J_P,1
3ofn_K_N,1
3ofn_K_O,1
3ofn_L_M,1
3ofn_L_O,1
3ofn_M_P,1
3ofn_N_P,1
3ofn_O_P,1
3ofn_P_Q,1
3ofn_P_R,1
3ofn_Q_R,1
3ofv_A_B,1
3ofv_A_C,1
3ofv_B_C,1
3og4_A_B,1
3og6_A_B,1
3ogi_A_B,1
3ogi_C_D,1
3ogl_C_D,1
3ogl_I_J,1
3ogl_K_L,1
3ogl_O_P,1
3ogm_E_F,1
3ogm_G_H,1
3ogm_I_J,1
3ogm_K_L,1
3ogm_M_N,1
3ohe_A_B,1
3ohi_A_B,1
3ohu_A_B,1
3ohu_C_F,1
3ohv_C_D,1
3ohv_E_F,1
3oid_A_B,1
3oid_A_C,1
3oid_A_D,1
3oid_B_C,1
3oid_B_D,1
3oid_C_D,1
3oii_A_B,1
3oit_A_B,1
3oix_A_B,1
3oix_C_D,1
3oj8_A_B,1
3ojc_A_C,1
3oji_A_B,1
3ojj_A_B,1
3ojj_A_C,1
3ojj_A_D,1
3ojj_B_C,1
3ojj_B_D,1
3ojj_C_D,1
3ojk_A_B,1
3ojk_A_C,1
3ojk_A_D,1
3ojk_B_C,1
3ojk_B_D,1
3ojk_C_D,1
3ojn_A_B,1
3ojn_A_C,1
3ojn_A_D,1
3ojn_B_C,1
3ojn_B_D,1
3ojn_C_D,1
3ojt_A_B,1
3ojt_A_C,1
3ojt_A_D,1
3ojt_B_C,1
3ojt_B_D,1
3ojt_C_D,1
3okg_A_B,1
3okj_1_2,1
3okj_1_H,1
3okj_1_N,1
3okj_1_S,1
3okj_1_T,1
3okj_1_Z,1
3okj_2_M,1
3okj_2_N,1
3okj_2_T,1
3okj_2_U,1
3okj_2_V,1
3okj_A_B,1
3okj_A_G,1
3okj_A_H,1
3okj_A_I,1
3okj_B_C,1
3okj_B_I,1
3okj_B_J,1
3okj_C_D,1
3okj_C_J,1
3okj_C_K,1
3okj_D_E,1
3okj_D_K,1
3okj_D_L,1
3okj_E_F,1
3okj_E_L,1
3okj_E_M,1
3okj_F_G,1
3okj_F_M,1
3okj_F_N,1
3okj_G_H,1
3okj_G_N,1
3okj_H_I,1
3okj_H_N,1
3okj_H_Z,1
3okj_I_J,1
3okj_I_Y,1
3okj_I_Z,1
3okj_J_K,1
3okj_J_X,1
3okj_J_Y,1
3okj_K_L,1
3okj_K_W,1
3okj_K_X,1
3okj_L_M,1
3okj_L_V,1
3okj_L_W,1
3okj_M_N,1
3okj_M_V,1
3okj_O_P,1
3okj_O_U,1
3okj_O_V,1
3okj_O_W,1
3okj_P_Q,1
3okj_P_W,1
3okj_P_X,1
3okj_Q_R,1
3okj_Q_X,1
3okj_Q_Y,1
3okj_R_S,1
3okj_R_Y,1
3okj_R_Z,1
3okj_S_T,1
3okj_S_Z,1
3okj_T_U,1
3okj_U_V,1
3okj_V_W,1
3okj_W_X,1
3okj_X_Y,1
3okj_Y_Z,1
3okr_A_B,1
3okr_C_D,1
3oks_A_B,1
3oks_C_D,1
3okx_A_B,1
3oky_A_B,1
3ol2_A_B,1
3ol4_A_B,1
3olt_A_B,1
3ome_A_B,1
3ome_A_C,1
3ome_A_D,1
3ome_A_F,1
3ome_B_C,1
3ome_B_E,1
3ome_B_F,1
3ome_C_D,1
3ome_C_E,1
3ome_D_E,1
3ome_D_F,1
3ome_E_F,1
3op2_A_B,1
3opc_A_B,1
3opm_A_B,1
3opm_C_D,1
3opv_A_D,1
3opv_A_F,1
3opv_B_D,1
3opv_B_E,1
3opv_C_E,1
3opv_C_F,1
3oqb_A_C,1
3oqb_A_G,1
3oqb_B_F,1
3oqb_B_H,1
3oqb_C_F,1
3oqb_D_E,1
3oqb_D_H,1
3oqb_E_G,1
3oql_A_B,1
3oql_A_C,1
3oql_B_D,1
3oql_C_D,1
3oqu_A_B,1
3or2_A_B,1
3or2_A_C,1
3or2_A_D,1
3or2_A_E,1
3or2_B_C,1
3or2_B_D,1
3or2_B_E,1
3or2_D_E,1
3or2_D_F,1
3or2_E_F,1
3or3_A_B,1
3orf_A_B,1
3orf_C_D,1
3org_A_D,1
3org_B_C,1
3orw_A_B,1
3os0_A_B,1
3os6_A_B,1
3oss_C_D,1
3ot2_A_B,1
3ot4_A_B,1
3ot4_A_F,1
3ot4_A_H,1
3ot4_B_F,1
3ot4_B_H,1
3ot4_C_D,1
3ot4_C_E,1
3ot4_C_G,1
3ot4_D_E,1
3ot4_D_G,1
3ot4_E_G,1
3ot4_F_H,1
3otb_A_B,1
3otl_A_B,1
3otn_A_B,1
3ou1_A_B,1
3ou3_A_B,1
3ou7_A_C,1
3ou7_A_D,1
3ou7_B_C,1
3ou7_B_D,1
3oud_A_B,1
3oug_F_H,1
3oug_F_I,1
3oug_G_H,1
3oug_G_I,1
3ouu_A_B,1
3ouw_A_B,1
3ov2_A_B,1
3ov2_C_D,1
3ov4_A_B,1
3ov4_C_D,1
3ovb_A_B,1
3ovg_A_F,1
3ovg_B_C,1
3ovg_C_D,1
3ovg_C_F,1
3ovg_D_E,1
3ovg_D_F,1
3ovk_A_B,1
3ovk_A_C,1
3ovk_C_D,1
3ovp_A_B,1
3ow1_A_B,1
3ow1_A_C,1
3ow1_A_D,1
3ow1_A_G,1
3ow1_B_C,1
3ow1_B_G,1
3ow1_B_H,1
3ow1_C_D,1
3ow1_C_E,1
3ow1_D_E,1
3ow1_D_F,1
3ow1_E_F,1
3ow1_E_H,1
3ow1_F_G,1
3ow1_F_H,1
3ow1_G_H,1
3ow2_A_Y,1
3ow2_B_J,1
3ow2_E_I,1
3ow2_F_L,1
3ow2_J_T,1
3ow2_M_P,1
3ow2_R_U,1
3owh_A_B,1
3ows_A_C,1
3ows_B_D,1
3owx_A_B,1
3owy_A_D,1
3owy_B_C,1
3owy_E_H,1
3ox1_A_B,1
3ox2_A_B,1
3ox9_A_B,1
3oxa_A_C,1
3oxa_B_D,1
3oxn_B_C,1
3oxo_A_B,1
3oxo_C_D,1
3oxo_E_F,1
3oxo_G_H,1
3oxp_A_B,1
3oxv_A_B,1
3oxw_C_D,1
3oy7_A_B,1
3oyb_A_B,1
3oye_A_B,1
3oyf_A_B,1
3oyi_A_B,1
3oyj_A_B,1
3oyl_A_B,1
3oym_A_B,1
3oz7_A_B,1
3oze_A_B,1
3oze_A_C,1
3oze_B_C,1
3oze_D_E,1
3oze_D_F,1
3oze_E_F,1
3ozf_A_B,1
3ozf_A_D,1
3ozf_B_C,1
3ozf_C_D,1
3ozm_A_F,1
3ozm_B_E,1
3ozm_D_H,1
3p01_B_C,1
3p03_A_B,1
3p03_A_C,1
3p03_B_C,1
3p08_A_B,1
3p0e_A_B,1
3p0e_C_D,1
3p0e_E_F,1
3p0u_A_B,1
3p10_A_B,1
3p10_A_C,1
3p10_B_C,1
3p12_B_C,1
3p14_B_D,1
3p1t_A_B,1
3p1t_C_D,1
3p1y_C_D,1
3p23_A_B,1
3p2l_A_C,1
3p2l_A_D,1
3p2l_A_G,1
3p2l_B_C,1
3p2l_B_G,1
3p2l_C_E,1
3p2l_D_E,1
3p2l_D_F,1
3p2p_A_B,1
3p4p_A_B,1
3p4p_B_C,1
3p4p_B_D,1
3p4p_C_D,1
3p4p_M_N,1
3p4p_N_O,1
3p4p_N_P,1
3p4p_O_P,1
3p4q_M_N,1
3p4q_N_O,1
3p4q_N_P,1
3p4q_O_P,1
3p4t_A_B,1
3p4w_A_B,1
3p4w_A_E,1
3p4w_B_C,1
3p4w_C_D,1
3p4w_D_E,1
3p5m_A_B,1
3p5m_A_C,1
3p5m_A_D,1
3p5m_B_C,1
3p5m_B_F,1
3p5m_C_E,1
3p5m_D_E,1
3p5m_D_F,1
3p5m_E_F,1
3p6k_A_B,1
3p6y_M_N,1
3p6y_M_O,1
3p6y_M_P,1
3p6y_N_O,1
3p6y_N_P,1
3p7j_A_B,1
3p7x_A_B,1
3p7x_A_C,1
3p7x_B_D,1
3p83_A_B,1
3p83_A_C,1
3p83_A_D,1
3p83_B_C,1
3p83_B_E,1
3p83_B_F,1
3p83_C_E,1
3p83_D_E,1
3p83_E_F,1
3p8c_A_B,1
3p8c_A_D,1
3p8c_A_E,1
3p8c_A_F,1
3p8c_B_F,1
3p8c_D_E,1
3p8c_D_F,1
3p8c_E_F,1
3p8l_A_B,1
3p8s_A_B,1
3p8t_A_B,1
3p8v_A_B,1
3p93_A_B,1
3p93_A_D,1
3p93_A_E,1
3p93_A_H,1
3p93_B_C,1
3p93_B_D,1
3p93_B_G,1
3p93_C_D,1
3p93_C_F,1
3p93_C_G,1
3p93_D_H,1
3p93_E_F,1
3p93_E_G,1
3p93_E_H,1
3p93_F_G,1
3p93_F_H,1
3p9a_A_B,1
3p9a_A_I,1
3p9a_B_C,1
3p9a_C_D,1
3p9a_D_E,1
3p9a_E_F,1
3p9a_F_G,1
3p9a_G_H,1
3p9a_H_I,1
3p9i_A_B,1
3p9i_C_D,1
3p9k_A_B,1
3p9k_C_D,1
3p9r_A_B,1
3p9r_A_C,1
3p9r_A_D,1
3p9r_B_C,1
3p9r_B_D,1
3p9r_C_D,1
3pa8_A_B,1
3pas_A_B,1
3pas_C_D,1
3pay_A_B,1
3pay_A_C,1
3pay_B_D,1
3pay_C_D,1
3pb2_D_F,1
3pb3_A_B,1
3pbv_A_B,1
3pd2_A_B,1
3pd6_C_D,1
3pd8_A_B,1
3pdb_C_D,1
3pdk_A_B,1
3pea_D_E,1
3pea_D_F,1
3pea_E_F,1
3pef_A_C,1
3pef_A_D,1
3pef_B_C,1
3pef_B_D,1
3pef_E_G,1
3pef_E_H,1
3pef_F_G,1
3pef_F_H,1
3pf6_A_D,1
3pf8_A_B,1
3pfd_A_B,1
3pfd_A_D,1
3pfd_B_C,1
3pfd_C_D,1
3pfi_A_B,1
3pfp_A_B,1
3pft_A_B,1
3pg5_B_D,1
3pg6_B_C,1
3pg9_A_B,1
3pg9_A_F,1
3pg9_A_G,1
3pg9_B_F,1
3pg9_B_G,1
3pg9_C_D,1
3pg9_C_E,1
3pg9_C_H,1
3pg9_D_E,1
3pg9_D_H,1
3pg9_E_H,1
3pg9_F_G,1
3pga_1_2,1
3pga_1_3,1
3pga_1_4,1
3pga_2_3,1
3pga_2_4,1
3pga_3_4,1
3pge_A_B,1
3pgm_A_B,1
3ph4_A_B,1
3pha_A_B,1
3pha_C_D,1
3phc_A_B,1
3phc_A_F,1
3phc_B_C,1
3phc_C_D,1
3phc_D_E,1
3phc_E_F,1
3pht_A_B,1
3phz_A_B,1
3pi3_A_B,1
3pim_A_B,1
3pio_3_I,1
3pio_B_M,1
3pio_C_I,1
3pio_G_N,1
3pio_H_M,1
3pio_J_S,1
3pio_K_Z,1
3pio_N_O,1
3pio_P_Z,1
3pio_Q_V,1
3pip_3_I,1
3pip_B_M,1
3pip_C_I,1
3pip_G_N,1
3pip_H_M,1
3pip_J_S,1
3pip_K_Z,1
3pip_N_O,1
3pip_P_Z,1
3pip_Q_V,1
3pj5_A_B,1
3pja_A_B,1
3pja_A_C,1
3pja_A_E,1
3pja_B_D,1
3pja_B_K,1
3pja_C_K,1
3pja_C_L,1
3pja_D_E,1
3pja_D_F,1
3pja_E_L,1
3pja_F_K,1
3pja_F_L,1
3pja_G_H,1
3pja_G_I,1
3pja_H_J,1
3pja_I_J,1
3pja_K_L,1
3pjf_A_B,1
3pjn_A_B,1
3pjt_A_B,1
3pki_A_B,1
3pki_A_C,1
3pki_B_C,1
3pko_A_B,1
3pkp_A_B,1
3pkp_A_C,1
3pkp_B_D,1
3pkp_C_D,1
3pkp_I_J,1
3pkp_I_K,1
3pkp_J_L,1
3pkp_K_L,1
3pkq_A_B,1
3pkq_A_D,1
3pkq_B_C,1
3pkq_C_D,1
3pkz_A_B,1
3pkz_A_C,1
3pkz_A_D,1
3pkz_B_D,1
3pkz_C_D,1
3pkz_E_F,1
3pkz_E_G,1
3pkz_E_H,1
3pkz_F_H,1
3pkz_G_H,1
3pkz_I_J,1
3pkz_I_K,1
3pkz_J_K,1
3pkz_J_L,1
3pkz_K_L,1
3pl2_A_B,1
3pl2_C_D,1
3pm1_A_B,1
3pm5_C_D,1
3pm8_A_B,1
3pmr_A_B,1
3pn6_A_B,1
3pn7_A_B,1
3pn7_A_C,1
3pn7_D_E,1
3pn7_D_F,1
3pn8_A_B,1
3pn9_A_B,1
3pn9_A_C,1
3pn9_B_D,1
3pne_A_B,1
3png_A_B,1
3pnh_A_B,1
3pnm_A_B,1
3pnm_C_D,1
3pns_A_B,1
3pns_C_D,1
3pns_C_I,1
3pns_D_F,1
3pns_E_F,1
3pns_E_J,1
3pns_G_H,1
3pns_I_J,1
3pns_K_L,1
3pnt_C_D,1
3pnu_A_B,1
3pnx_D_E,1
3pnx_D_F,1
3pnx_E_F,1
3pny_A_B,1
3pop_B_C,1
3pox_A_B,1
3pox_A_C,1
3pox_B_C,1
3pp9_B_C,1
3ppe_A_B,1
3ppi_A_C,1
3ppi_A_D,1
3ppi_B_C,1
3ppi_B_D,1
3ppm_A_B,1
3ppu_A_B,1
3ppz_A_B,1
3pq2_A_B,1
3pq2_A_C,1
3pq2_A_D,1
3pq2_B_C,1
3pq2_B_D,1
3pq2_C_D,1
3pq4_A_B,1
3pq4_A_C,1
3pq4_A_D,1
3pq4_B_C,1
3pq4_B_D,1
3pq4_C_D,1
3pq7_A_B,1
3pq7_A_C,1
3pq7_A_D,1
3pq7_B_C,1
3pq7_B_D,1
3pq7_C_D,1
3pq8_A_B,1
3pq8_A_C,1
3pq8_A_D,1
3pq8_B_C,1
3pq8_B_D,1
3pq8_C_D,1
3pqf_A_B,1
3pqf_A_C,1
3pqf_A_D,1
3pqf_B_C,1
3pqf_C_D,1
3pqj_A_B,1
3pqk_A_B,1
3pr0_A_B,1
3pr8_C_D,1
3prb_A_B,1
3prc_C_H,1
3prc_C_L,1
3prc_C_M,1
3prc_H_L,1
3prc_H_M,1
3prc_L_M,1
3prh_A_B,1
3prv_A_B,1
3prv_A_E,1
3prv_A_F,1
3prv_B_C,1
3prv_B_D,1
3prv_C_D,1
3prv_C_F,1
3prv_D_E,1
3prv_E_F,1
3pso_A_B,1
3psr_A_B,1
3psz_A_B,1
3pto_A_B,1
3pto_A_C,1
3pto_A_E,1
3pto_B_C,1
3pto_B_D,1
3pto_B_E,1
3pto_C_D,1
3pu0_A_B,1
3pu0_A_C,1
3pu0_A_E,1
3pu0_B_C,1
3pu0_B_D,1
3pu0_B_E,1
3pu0_C_D,1
3pu1_A_B,1
3pu1_A_C,1
3pu1_A_E,1
3pu1_B_C,1
3pu1_B_D,1
3pu1_B_E,1
3pu1_C_D,1
3pub_A_B,1
3pul_A_B,1
3puo_A_B,1
3pup_A_B,1
3put_A_B,1
3puw_A_B,1
3puw_A_G,1
3puw_B_F,1
3puw_E_F,1
3puw_E_G,1
3puw_F_G,1
3pux_A_B,1
3pux_A_G,1
3pux_B_F,1
3pux_B_G,1
3pux_E_F,1
3pux_E_G,1
3pux_F_G,1
3pv0_A_B,1
3pv0_A_G,1
3pv0_B_F,1
3pv0_B_G,1
3pv0_E_F,1
3pv0_E_G,1
3pv0_F_G,1
3pv3_A_B,1
3pv3_A_C,1
3pv3_B_C,1
3pv3_C_D,1
3pv5_A_C,1
3pv5_A_D,1
3pv5_B_C,1
3pv5_B_D,1
3pv5_C_D,1
3pv6_A_B,1
3pva_E_F,1
3pva_E_G,1
3pva_E_H,1
3pva_F_G,1
3pva_F_H,1
3pva_G_H,1
3pvb_A_B,1
3pvd_A_B,1
3pvl_A_B,1
3pvo_P_Q,1
3pvo_P_T,1
3pvo_Q_R,1
3pvo_R_S,1
3pvo_S_T,1
3pvr_A_C,1
3pvs_A_C,1
3pvs_A_D,1
3pvs_B_C,1
3pvs_B_D,1
3pvt_A_C,1
3pvy_A_C,1
3pwf_A_B,1
3pwm_A_B,1
3pwq_A_B,1
3pwq_A_C,1
3pwq_A_D,1
3pwq_B_C,1
3pwq_B_D,1
3pwq_E_F,1
3pwq_E_G,1
3pwq_E_H,1
3pwq_F_G,1
3pwq_G_H,1
3pwr_A_B,1
3pxp_A_B,1
3pxv_C_D,1
3pyl_A_B,1
3pyl_C_D,1
3pym_A_B,1
3pyx_A_B,1
3pza_A_B,1
3pzj_A_B,1
3pzk_A_B,1
3pzk_A_C,1
3pzk_B_C,1
3pzl_A_B,1
3pzl_A_C,1
3pzl_B_C,1
3pzs_A_B,1
3q06_A_B,1
3q06_A_C,1
3q06_B_D,1
3q06_C_D,1
3q08_A_D,1
3q08_A_E,1
3q08_B_C,1
3q08_B_D,1
3q08_C_E,1
3q08_F_G,1
3q08_F_J,1
3q08_G_H,1
3q08_H_I,1
3q08_I_J,1
3q08_K_L,1
3q08_K_O,1
3q08_L_M,1
3q08_M_N,1
3q08_N_O,1
3q08_P_S,1
3q08_P_T,1
3q08_Q_R,1
3q08_Q_T,1
3q08_R_S,1
3q09_A_D,1
3q09_A_E,1
3q09_B_C,1
3q09_B_D,1
3q09_C_E,1
3q09_K_L,1
3q09_K_O,1
3q09_L_M,1
3q09_M_N,1
3q09_N_O,1
3q0e_A_B,1
3q0f_A_X,1
3q0g_D_E,1
3q0g_D_F,1
3q0g_E_F,1
3q0k_A_B,1
3q0k_C_D,1
3q0t_A_B,1
3q0v_A_B,1
3q1g_A_B,1
3q1l_A_B,1
3q1l_C_D,1
3q1t_A_C,1
3q1t_A_D,1
3q1t_A_E,1
3q1t_A_F,1
3q1t_B_C,1
3q1t_B_D,1
3q1t_B_E,1
3q1t_B_F,1
3q1t_C_D,1
3q1t_C_E,1
3q1t_D_F,1
3q1t_E_F,1
3q20_A_B,1
3q2j_A_B,1
3q2n_A_B,1
3q31_A_B,1
3q33_A_B,1
3q34_A_C,1
3q34_B_D,1
3q37_A_B,1
3q37_C_D,1
3q3o_A_B,1
3q3o_A_C,1
3q3o_A_E,1
3q41_A_B,1
3q4g_A_B,1
3q4j_A_B,1
3q4j_C_D,1
3q4j_E_F,1
3q5v_A_B,1
3q5w_A_B,1
3q75_A_B,1
3q78_A_B,1
3q79_A_B,1
3q7a_A_B,1
3q7d_A_B,1
3q7f_A_B,1
3q7g_A_B,1
3q7h_A_B,1
3q7h_A_C,1
3q7h_A_M,1
3q7h_B_D,1
3q7h_B_N,1
3q7h_C_D,1
3q7h_C_E,1
3q7h_D_F,1
3q7h_E_F,1
3q7h_E_G,1
3q7h_F_H,1
3q7h_G_H,1
3q7h_G_I,1
3q7h_H_J,1
3q7h_I_J,1
3q7h_I_K,1
3q7h_J_L,1
3q7h_K_L,1
3q7h_K_M,1
3q7h_L_N,1
3q7h_M_N,1
3q7k_A_B,1
3q7k_A_E,1
3q7k_B_C,1
3q7k_C_D,1
3q7k_D_E,1
3q7l_A_B,1
3q7r_A_B,1
3q80_A_B,1
3q83_A_B,1
3q83_A_C,1
3q83_B_C,1
3q8h_A_B,1
3q8h_A_C,1
3q8h_B_C,1
3q90_A_B,1
3q96_A_B,1
3q99_A_B,1
3q9b_A_I,1
3q9b_B_F,1
3q9b_C_K,1
3q9b_D_J,1
3q9b_G_L,1
3q9c_B_F,1
3q9e_B_F,1
3q9e_C_K,1
3q9f_A_I,1
3q9f_B_F,1
3q9f_C_K,1
3q9f_D_J,1
3q9f_E_H,1
3q9f_G_L,1
3qb2_C_D,1
3qb7_A_D,1
3qb7_B_C,1
3qb9_A_B,1
3qb9_B_C,1
3qb9_B_D,1
3qb9_C_D,1
3qb9_C_E,1
3qb9_C_F,1
3qb9_E_F,1
3qbf_A_B,1
3qbi_A_B,1
3qbi_A_D,1
3qbi_B_D,1
3qbj_A_B,1
3qbu_A_B,1
3qbu_A_C,1
3qbu_B_D,1
3qbu_C_D,1
3qbw_A_B,1
3qby_A_B,1
3qby_A_C,1
3qc8_A_B,1
3qdl_A_B,1
3qdl_A_C,1
3qdl_A_D,1
3qdl_B_C,1
3qdl_C_D,1
3qdu_A_D,1
3qf3_A_D,1
3qf3_B_C,1
3qf3_E_F,1
3qfg_A_B,1
3qgk_A_C,1
3qgk_A_D,1
3qgk_A_G,1
3qgk_A_I,1
3qgk_C_D,1
3qgk_C_F,1
3qgk_C_I,1
3qgk_D_F,1
3qgk_D_G,1
3qgk_D_L,1
3qgk_F_G,1
3qgk_F_I,1
3qgk_F_J,1
3qgk_F_L,1
3qgk_G_I,1
3qgk_J_L,1
3qgk_J_M,1
3qgk_J_P,1
3qgk_J_R,1
3qgk_L_M,1
3qgk_L_O,1
3qgk_L_R,1
3qgk_M_O,1
3qgk_M_P,1
3qgk_O_P,1
3qgk_O_R,1
3qgk_P_R,1
3qha_A_B,1
3qhe_A_B,1
3qhe_C_D,1
3qht_A_C,1
3qht_B_D,1
3qhx_A_B,1
3qhx_A_C,1
3qhx_A_D,1
3qhx_B_C,1
3qhx_B_D,1
3qhx_C_D,1
3qi6_A_B,1
3qi6_A_C,1
3qi6_A_D,1
3qi6_B_C,1
3qi6_B_D,1
3qi6_C_D,1
3qid_B_C,1
3qir_B_C,1
3qiv_A_B,1
3qj8_A_B,1
3qjl_A_B,1
3qjq_A_B,1
3qjt_A_B,1
3qju_A_B,1
3qjv_A_B,1
3qld_A_B,1
3qlj_E_F,1
3qll_A_B,1
3qll_A_C,1
3qll_B_C,1
3qm3_A_B,1
3qm3_C_D,1
3qm3_E_F,1
3qm3_G_H,1
3qmk_A_B,1
3qmq_A_D,1
3qmq_B_C,1
3qms_A_B,1
3qn0_A_B,1
3qn0_A_C,1
3qn0_A_D,1
3qn0_B_C,1
3qn0_B_F,1
3qn0_C_E,1
3qn0_D_E,1
3qn0_D_F,1
3qn0_E_F,1
3qn3_A_B,1
3qn3_C_D,1
3qn9_A_B,1
3qnc_A_B,1
3qnk_A_B,1
3qnk_C_D,1
3qo3_A_B,1
3qo3_A_F,1
3qo3_B_C,1
3qo3_C_D,1
3qo3_D_E,1
3qo3_E_F,1
3qo6_A_B,1
3qo6_A_C,1
3qo6_B_C,1
3qoe_A_B,1
3qop_A_B,1
3qoq_A_B,1
3qoq_A_C,1
3qoq_C_D,1
3qp8_A_B,1
3qpm_A_B,1
3qpm_B_D,1
3qpm_C_D,1
3qpm_C_E,1
3qq6_A_B,1
3qqp_A_B,1
3qqp_A_C,1
3qqp_B_D,1
3qqp_C_D,1
3qqw_A_B,1
3qqw_A_C,1
3qqw_B_C,1
3qqw_D_E,1
3qqw_D_F,1
3qqw_E_F,1
3qro_A_B,1
3qsi_A_B,1
3qsi_A_D,1
3qsi_B_C,1
3qsi_C_D,1
3qt6_A_B,1
3qt8_A_B,1
3qta_A_B,1
3qtd_B_C,1
3qtp_A_B,1
3qu1_A_B,1
3qu2_A_B,1
3qu2_A_D,1
3qu2_B_C,1
3qu2_C_D,1
3quv_A_B,1
3qv6_A_D,1
3qvd_A_B,1
3qvd_C_D,1
3qvd_E_F,1
3qw2_A_B,1
3qw2_A_C,1
3qw2_B_D,1
3qw2_C_D,1
3qw4_B_C,1
3qwa_A_B,1
3qwd_A_B,1
3qwd_A_G,1
3qwd_B_C,1
3qwd_C_D,1
3qwd_D_E,1
3qwd_E_F,1
3qwd_F_G,1
3qwd_H_I,1
3qwd_H_N,1
3qwd_I_J,1
3qwd_J_K,1
3qwd_K_L,1
3qwd_L_M,1
3qwd_M_N,1
3qwf_A_B,1
3qwf_E_F,1
3qwf_G_H,1
3qwn_F_G,1
3qwn_I_L,1
3qwz_A_B,1
3qx3_A_B,1
3qxb_A_B,1
3qxb_C_D,1
3qxe_C_D,1
3qxe_G_H,1
3qxg_A_B,1
3qxz_A_B,1
3qxz_A_C,1
3qxz_B_C,1
3qy1_A_B,1
3qyg_A_B,1
3qyg_C_D,1
3qyg_E_F,1
3qyg_G_H,1
3qym_A_D,1
3qym_C_D,1
3qym_C_E,1
3qym_D_F,1
3qym_E_H,1
3qyr_B_D,1
3qyr_B_F,1
3qyr_D_F,1
3qyy_A_B,1
3qzy_A_B,1
3r07_A_C,1
3r0g_A_B,1
3r0h_A_a,1
3r0h_B_b,1
3r0h_C_c,1
3r0h_D_d,1
3r0h_E_e,1
3r0h_F_f,1
3r0h_G_g,1
3r0h_H_h,1
3r0o_A_B,1
3r0o_A_C,1
3r0o_B_C,1
3r0p_A_B,1
3r0p_A_E,1
3r0p_A_F,1
3r0p_B_F,1
3r0p_C_D,1
3r0p_C_E,1
3r0p_D_E,1
3r0q_A_C,1
3r0q_E_G,1
3r0u_A_B,1
3r0w_A_B,1
3r12_A_B,1
3r1i_A_B,1
3r1j_A_B,1
3r1r_A_B,1
3r1w_A_B,1
3r1w_A_C,1
3r1w_B_C,1
3r1z_A_B,1
3r24_A_B,1
3r2d_B_K,1
3r2n_A_B,1
3r2n_A_C,1
3r2n_A_D,1
3r2n_B_C,1
3r2n_B_D,1
3r2n_C_D,1
3r40_A_B,1
3r41_A_B,1
3r50_A_B,1
3r50_A_C,1
3r50_B_D,1
3r50_C_D,1
3r52_A_B,1
3r52_A_C,1
3r52_B_D,1
3r52_C_D,1
3r5a_D_E,1
3r5a_D_F,1
3r5a_E_F,1
3r5b_A_B,1
3r5b_A_C,1
3r5b_B_C,1
3r5b_D_E,1
3r5b_D_F,1
3r5b_E_F,1
3r5c_A_B,1
3r5c_A_C,1
3r5c_B_C,1
3r5v_A_C,1
3r5v_A_E,1
3r5v_B_D,1
3r5v_B_F,1
3r5v_C_E,1
3r5v_D_F,1
3r60_A_B,1
3r66_A_B,1
3r66_A_C,1
3r66_A_D,1
3r66_B_C,1
3r66_B_D,1
3r6a_A_B,1
3r6m_A_D,1
3r6m_B_C,1
3r6w_A_B,1
3r75_A_B,1
3r76_A_B,1
3r77_A_B,1
3r7f_A_B,1
3r7f_A_C,1
3r7f_B_C,1
3r7k_A_B,1
3r7k_A_C,1
3r7k_B_D,1
3r7k_C_D,1
3r7l_A_B,1
3r7l_A_C,1
3r7l_B_C,1
3r7x_A_B,1
3r84_U_V,1
3r84_U_W,1
3r84_U_X,1
3r84_V_W,1
3r84_V_X,1
3r84_W_X,1
3r89_A_B,1
3r8w_A_B,1
3r9q_A_B,1
3r9q_A_C,1
3r9q_B_C,1
3r9t_A_B,1
3r9t_A_C,1
3r9t_B_C,1
3rad_A_B,1
3rad_A_C,1
3rad_A_D,1
3rad_B_C,1
3rad_B_D,1
3rae_A_B,1
3rae_A_C,1
3rae_A_D,1
3rae_B_C,1
3rae_B_D,1
3raf_A_B,1
3raf_A_C,1
3raf_A_D,1
3raf_B_C,1
3raf_B_D,1
3rao_A_B,1
3ras_A_B,1
3rau_A_B,1
3rb7_A_G,1
3rb7_B_E,1
3rb9_A_B,1
3rbf_A_B,1
3rbn_A_B,1
3rcc_A_B,1
3rcc_A_F,1
3rcc_B_C,1
3rcc_C_D,1
3rcc_D_E,1
3rcc_E_F,1
3rcc_G_H,1
3rcc_G_L,1
3rcc_H_I,1
3rcc_I_J,1
3rcc_J_K,1
3rcc_K_L,1
3rcc_M_N,1
3rcc_M_R,1
3rcc_N_O,1
3rcc_O_P,1
3rcc_P_Q,1
3rcc_Q_R,1
3rcy_A_B,1
3rcy_A_C,1
3rcy_A_D,1
3rcy_A_E,1
3rcy_B_D,1
3rcy_B_F,1
3rcy_B_H,1
3rcy_C_D,1
3rcy_C_E,1
3rcy_C_G,1
3rcy_D_H,1
3rcy_E_F,1
3rcy_E_G,1
3rcy_F_G,1
3rcy_F_H,1
3rcy_G_H,1
3rd4_A_D,1
3rd4_B_C,1
3rd4_B_D,1
3rde_A_B,1
3rde_A_C,1
3rde_A_D,1
3rde_B_C,1
3rde_B_D,1
3rde_C_D,1
3rdi_A_B,1
3rdx_A_B,1
3re3_A_C,1
3re3_B_C,1
3re3_B_D,1
3re3_C_D,1
3re7_A_G,1
3re7_A_H,1
3re7_A_J,1
3re7_A_O,1
3re7_A_X,1
3re7_B_E,1
3re7_B_F,1
3re7_B_G,1
3re7_B_I,1
3re7_B_V,1
3re7_C_F,1
3re7_C_M,1
3re7_C_O,1
3re7_C_R,1
3re7_C_S,1
3re7_D_H,1
3re7_D_I,1
3re7_D_K,1
3re7_D_W,1
3re7_D_X,1
3re7_E_I,1
3re7_E_L,1
3re7_E_V,1
3re7_E_W,1
3re7_F_G,1
3re7_F_O,1
3re7_F_V,1
3re7_G_H,1
3re7_G_O,1
3re7_H_I,1
3re7_H_X,1
3re7_I_W,1
3re7_J_N,1
3re7_J_Q,1
3re7_J_R,1
3re7_J_X,1
3re7_K_P,1
3re7_K_Q,1
3re7_K_U,1
3re7_K_W,1
3re7_L_M,1
3re7_L_P,1
3re7_L_T,1
3re7_L_V,1
3re7_M_S,1
3re7_M_T,1
3re7_M_V,1
3re7_N_Q,1
3re7_N_R,1
3re7_N_S,1
3re7_N_U,1
3re7_O_R,1
3re7_P_T,1
3re7_P_U,1
3re7_P_W,1
3re7_Q_U,1
3re7_Q_X,1
3re7_R_S,1
3re7_S_T,1
3re7_T_U,1
3re8_A_B,1
3re8_A_C,1
3re8_A_D,1
3re8_B_C,1
3re8_B_D,1
3re8_C_D,1
3reh_A_B,1
3reh_A_E,1
3reh_A_G,1
3reh_B_D,1
3reh_B_G,1
3reh_B_H,1
3reh_C_D,1
3reh_C_E,1
3reh_C_F,1
3reh_D_F,1
3reh_E_F,1
3reh_F_H,1
3reh_G_H,1
3rei_A_B,1
3rei_A_E,1
3rei_A_G,1
3rei_B_D,1
3rei_B_G,1
3rei_B_H,1
3rei_C_D,1
3rei_C_E,1
3rei_C_F,1
3rei_D_F,1
3rei_E_F,1
3rei_F_H,1
3rei_G_H,1
3rel_A_B,1
3rel_A_E,1
3rel_A_G,1
3rel_B_D,1
3rel_B_G,1
3rel_B_H,1
3rel_C_D,1
3rel_C_E,1
3rel_C_F,1
3rel_D_F,1
3rel_E_F,1
3rel_F_H,1
3rel_G_H,1
3req_A_B,1
3res_A_B,1
3res_A_F,1
3res_B_C,1
3res_C_D,1
3res_D_E,1
3res_E_F,1
3res_G_H,1
3res_G_L,1
3res_H_I,1
3res_I_J,1
3res_J_K,1
3res_K_L,1
3reu_A_B,1
3rf4_A_B,1
3rf4_A_C,1
3rf4_B_C,1
3rf6_A_B,1
3rg2_A_B,1
3rg2_D_E,1
3rg2_F_I,1
3rg2_G_J,1
3rg6_A_B,1
3rg6_A_D,1
3rg6_A_E,1
3rg6_A_F,1
3rg6_B_C,1
3rg6_B_D,1
3rg6_B_F,1
3rg6_C_D,1
3rg6_E_F,1
3rgp_A_B,1
3rgp_A_C,1
3rgp_A_D,1
3rgp_B_C,1
3rgp_B_D,1
3rgp_C_D,1
3rh7_A_B,1
3rh7_C_D,1
3rh7_E_F,1
3rh8_B_D,1
3rh9_A_B,1
3rhd_C_D,1
3rhj_A_B,1
3rhj_A_C,1
3rhj_A_D,1
3rhj_B_C,1
3rhj_B_D,1
3rhj_C_D,1
3rhr_A_B,1
3rhr_A_C,1
3rhr_A_D,1
3rhr_B_C,1
3rhr_B_D,1
3rhr_C_D,1
3rhu_A_B,1
3rj4_A_B,1
3rj9_A_B,1
3rj9_C_D,1
3rj9_E_F,1
3rjw_A_B,1
3rk2_B_C,1
3rk2_B_D,1
3rk2_C_D,1
3rk2_F_G,1
3rk2_F_H,1
3rk2_G_H,1
3rk3_B_C,1
3rk3_B_D,1
3rk3_C_D,1
3rk8_A_B,1
3rki_A_B,1
3rki_A_C,1
3rki_B_C,1
3rks_A_C,1
3rks_B_D,1
3rlv_A_B,1
3rn9_A_B,1
3rn9_A_C,1
3rne_A_B,1
3rne_A_C,1
3rnf_A_B,1
3rnf_A_C,1
3rng_A_B,1
3rng_A_C,1
3rnn_A_C,1
3rnq_A_B,1
3rnr_A_B,1
3rob_A_B,1
3rou_A_B,1
3row_A_B,1
3rpc_B_C,1
3rpf_A_D,1
3rpf_B_C,1
3rpg_B_C,1
3rpp_B_C,1
3rpq_A_B,1
3rq1_A_C,1
3rqo_A_B,1
3rqs_A_B,1
3rqu_A_B,1
3rqu_A_E,1
3rqu_B_C,1
3rqu_C_D,1
3rqu_D_E,1
3rqw_A_B,1
3rqw_A_E,1
3rqw_B_C,1
3rqw_C_D,1
3rqw_D_E,1
3rqw_F_G,1
3rqw_F_J,1
3rqw_G_H,1
3rqw_H_I,1
3rqw_I_J,1
3rrl_A_B,1
3rrl_A_C,1
3rrl_A_D,1
3rrl_B_C,1
3rrl_C_D,1
3rrm_A_B,1
3rrm_A_C,1
3rro_A_B,1
3ru6_B_C,1
3rue_A_S,1
3ruf_B_S,1
3rup_A_B,1
3ruq_A_B,1
3ruq_B_C,1
3ruq_C_D,1
3rur_A_D,1
3ruw_A_B,1
3ruw_B_C,1
3ruw_C_D,1
3ruy_A_B,1
3rv1_A_B,1
3rv2_A_B,1
3rv3_A_B,1
3rw0_A_B,1
3rw9_A_B,1
3rxy_A_E,1
3rxy_A_F,1
3rxy_E_F,1
3rxz_A_B,1
3rxz_A_D,1
3rxz_B_C,1
3rxz_C_D,1
3ry1_A_B,1
3ry1_A_D,1
3ry1_B_C,1
3ry1_C_D,1
3ry2_A_B,1
3ry8_A_B,1
3ryh_A_B,1
3ryh_A_E,1
3ryh_B_C,1
3ryh_B_E,1
3ryh_C_D,1
3ryh_C_E,1
3ryh_D_E,1
3ryl_A_B,1
3ryw_A_D,1
3ryw_B_C,1
3rza_A_B,1
3rzd_A_B,1
3rzd_A_C,1
3rzd_A_E,1
3rzd_A_F,1
3rzd_A_H,1
3rzd_A_I,1
3rzd_A_K,1
3rzd_B_C,1
3rzd_B_I,1
3rzd_B_J,1
3rzd_B_K,1
3rzd_B_L,1
3rzd_C_J,1
3rzd_C_K,1
3rzd_C_L,1
3rzo_A_B,1
3rzo_A_C,1
3rzo_A_E,1
3rzo_A_F,1
3rzo_A_H,1
3rzo_A_I,1
3rzo_A_K,1
3rzo_B_C,1
3rzo_B_I,1
3rzo_B_J,1
3rzo_B_K,1
3rzo_B_L,1
3rzo_C_J,1
3rzo_C_K,1
3rzo_C_L,1
3rzw_A_D,1
3rzw_B_C,1
3s02_A_B,1
3s03_A_D,1
3s03_B_C,1
3s06_A_B,1
3s0c_A_B,1
3s0c_A_E,1
3s0c_B_C,1
3s0c_C_D,1
3s0c_D_E,1
3s0h_A_D,1
3s17_A_B,1
3s17_A_C,1
3s17_A_E,1
3s17_A_F,1
3s17_A_H,1
3s17_A_I,1
3s17_A_K,1
3s17_B_C,1
3s17_B_I,1
3s17_B_J,1
3s17_B_K,1
3s17_B_L,1
3s17_C_J,1
3s17_C_K,1
3s17_C_L,1
3s19_C_D,1
3s1a_A_B,1
3s1a_A_F,1
3s1a_B_C,1
3s1a_C_D,1
3s1a_D_E,1
3s1a_E_F,1
3s1q_A_B,1
3s1q_A_C,1
3s1q_A_E,1
3s1q_A_F,1
3s1q_A_H,1
3s1q_A_I,1
3s1q_A_K,1
3s1q_B_C,1
3s1q_B_I,1
3s1q_B_J,1
3s1q_B_K,1
3s1q_B_L,1
3s1q_C_J,1
3s1q_C_K,1
3s1q_C_L,1
3s1t_A_B,1
3s1w_A_B,1
3s1w_A_E,1
3s1w_B_C,1
3s1w_C_D,1
3s1w_D_E,1
3s1x_A_B,1
3s1x_A_E,1
3s1x_B_C,1
3s1x_C_D,1
3s1x_D_E,1
3s1z_A_B,1
3s27_A_B,1
3s27_A_D,1
3s27_B_C,1
3s27_C_D,1
3s2c_A_B,1
3s2c_A_D,1
3s2c_A_F,1
3s2c_B_C,1
3s2c_B_E,1
3s2c_C_D,1
3s2c_C_E,1
3s2c_D_F,1
3s2c_E_F,1
3s2c_G_H,1
3s2c_G_I,1
3s2c_G_K,1
3s2c_H_J,1
3s2c_H_L,1
3s2c_I_J,1
3s2c_I_K,1
3s2c_J_L,1
3s2c_K_L,1
3s2e_A_D,1
3s2e_A_F,1
3s2e_A_G,1
3s2e_B_C,1
3s2e_B_E,1
3s2e_B_H,1
3s2e_C_E,1
3s2e_C_H,1
3s2e_D_F,1
3s2e_D_G,1
3s2e_E_H,1
3s2e_F_G,1
3s2f_A_D,1
3s2f_A_F,1
3s2f_A_G,1
3s2f_B_C,1
3s2f_B_E,1
3s2f_B_H,1
3s2f_C_E,1
3s2f_C_H,1
3s2f_D_F,1
3s2f_D_G,1
3s2f_E_H,1
3s2f_F_G,1
3s2q_A_B,1
3s2r_A_B,1
3s2w_A_B,1
3s2w_C_D,1
3s2w_E_F,1
3s2w_G_H,1
3s3t_A_C,1
3s3t_B_D,1
3s3w_A_B,1
3s3w_A_C,1
3s3w_B_C,1
3s51_C_D,1
3s53_A_B,1
3s5j_A_B,1
3s5r_A_B,1
3s5u_A_F,1
3s5u_A_G,1
3s5u_B_C,1
3s5u_B_D,1
3s5u_C_E,1
3s5u_D_E,1
3s5u_F_H,1
3s5u_G_H,1
3s5z_A_B,1
3s6j_A_E,1
3s6j_B_F,1
3s6j_C_D,1
3s6l_A_B,1
3s6l_A_C,1
3s6l_B_C,1
3s6y_A_B,1
3s6y_A_C,1
3s6y_B_C,1
3s6z_A_B,1
3s6z_A_C,1
3s6z_B_C,1
3s81_C_D,1
3s82_A_B,1
3s85_A_B,1
3s85_C_D,1
3s85_E_F,1
3s85_G_H,1
3s85_I_J,1
3s85_K_L,1
3s8d_A_B,1
3s8f_A_B,1
3s8i_A_B,1
3s97_A_C,1
3s9y_A_B,1
3sa6_A_B,1
3sa9_A_B,1
3saa_A_B,1
3sb8_A_B,1
3sba_A_E,1
3sba_A_F,1
3sba_B_C,1
3sba_B_D,1
3sba_C_E,1
3sba_D_F,1
3sbf_A_B,1
3sbf_A_C,1
3sbf_A_D,1
3sbf_B_C,1
3sbf_C_D,1
3sbp_C_D,1
3sbp_E_F,1
3sbp_G_H,1
3sbw_B_C,1
3sbx_A_B,1
3sbx_C_D,1
3sbx_E_F,1
3sbx_G_H,1
3sc3_A_B,1
3sde_A_B,1
3se7_A_B,1
3se7_C_D,1
3se7_E_F,1
3sef_A_D,1
3sef_B_C,1
3sep_A_B,1
3sep_A_D,1
3sep_B_C,1
3sep_C_D,1
3seq_A_B,1
3seq_A_D,1
3seq_B_C,1
3seq_B_D,1
3seq_C_D,1
3ses_A_C,1
3sev_A_C,1
3sev_A_E,1
3sev_C_E,1
3sex_A_C,1
3sez_A_B,1
3sez_A_D,1
3sez_B_C,1
3sez_B_D,1
3sez_C_D,1
3sfd_A_B,1
3sfd_B_C,1
3sfd_B_D,1
3sfd_C_D,1
3sfg_B_C,1
3sfw_A_B,1
3sfx_A_B,1
3sfy_A_B,1
3sgt_A_B,1
3sh1_F_G,1
3sh1_F_J,1
3sh1_G_H,1
3sh1_H_I,1
3sh1_I_J,1
3si7_C_D,1
3sio_A_B,1
3sio_A_E,1
3sio_B_C,1
3sio_C_D,1
3sio_D_E,1
3sio_F_G,1
3sio_F_J,1
3sio_G_H,1
3sio_H_I,1
3sio_I_J,1
3siz_A_B,1
3sj7_A_B,1
3sja_I_J,1
3sju_A_B,1
3sk1_C_D,1
3sk2_A_B,1
3slb_A_B,1
3slb_C_D,1
3sld_A_C,1
3sld_B_E,1
3sld_D_F,1
3sld_G_J,1
3slg_A_F,1
3slg_B_C,1
3sll_A_B,1
3sll_A_C,1
3sll_A_D,1
3sll_A_E,1
3sll_B_C,1
3sll_B_D,1
3sll_B_F,1
3sll_C_E,1
3sll_C_F,1
3sll_D_E,1
3sll_D_F,1
3sll_E_F,1
3sln_B_J,1
3slp_A_B,1
3slp_A_C,1
3slp_B_C,1
3sm2_A_B,1
3sm4_A_B,1
3sm4_A_C,1
3sm4_B_C,1
3smc_A_B,1
3smc_A_C,1
3smc_B_C,1
3smh_A_C,1
3smh_A_D,1
3smh_B_E,1
3smh_B_F,1
3smh_C_D,1
3smh_E_F,1
3sn9_A_M,1
3sn9_B_D,1
3sn9_F_H,1
3sn9_G_L,1
3sn9_I_O,1
3sn9_K_P,1
3so4_A_B,1
3so4_A_C,1
3so4_A_D,1
3so4_B_C,1
3so4_B_D,1
3so4_C_D,1
3so5_A_B,1
3soh_C_D,1
3son_A_B,1
3soo_B_C,1
3sop_A_B,1
3sou_A_B,1
3sq3_A_B,1
3sq5_A_B,1
3sq6_A_B,1
3sq6_A_E,1
3sq6_B_C,1
3sq6_C_D,1
3sq6_D_E,1
3sq6_F_G,1
3sq6_F_J,1
3sq6_G_H,1
3sq6_H_I,1
3sq6_I_J,1
3sq9_A_B,1
3sq9_A_E,1
3sq9_B_C,1
3sq9_C_D,1
3sq9_D_E,1
3sq9_F_G,1
3sq9_F_J,1
3sq9_G_H,1
3sq9_H_I,1
3sq9_I_J,1
3sqb_A_B,1
3sqb_C_D,1
3sqb_E_F,1
3sqb_G_H,1
3sqg_G_H,1
3sqg_G_I,1
3sqg_H_I,1
3sqn_A_B,1
3sqp_A_B,1
3srb_A_B,1
3src_A_B,1
3srf_A_B,1
3srf_C_D,1
3srf_C_G,1
3srf_D_H,1
3srf_E_F,1
3srf_G_H,1
3srk_A_B,1
3ss3_A_C,1
3ss3_A_D,1
3ss3_B_C,1
3ss3_B_D,1
3ss4_A_C,1
3ss4_A_D,1
3ss4_B_C,1
3ss4_B_D,1
3ss6_A_B,1
3ssa_A_B,1
3st5_A_B,1
3sta_A_G,1
3sta_A_K,1
3sta_A_V,1
3sta_B_C,1
3sta_B_T,1
3sta_B_V,1
3sta_C_F,1
3sta_C_S,1
3sta_E_F,1
3sta_E_G,1
3sta_E_M,1
3sta_F_N,1
3sta_G_L,1
3sta_I_K,1
3sta_I_T,1
3sta_I_V,1
3sta_K_L,1
3sta_L_M,1
3sta_M_N,1
3sta_N_S,1
3sta_S_T,1
3stc_A_B,1
3stc_A_C,1
3stc_B_D,1
3stc_C_D,1
3std_A_B,1
3std_A_C,1
3std_B_C,1
3stf_A_B,1
3stf_A_C,1
3stf_B_D,1
3stf_C_D,1
3sth_A_B,1
3sth_A_C,1
3sth_A_D,1
3sth_B_C,1
3sth_B_D,1
3sth_C_D,1
3stj_D_E,1
3stj_D_F,1
3stj_E_F,1
3stj_G_H,1
3stj_G_I,1
3stj_H_I,1
3stq_B_F,1
3stt_A_B,1
3su4_A_B,1
3svp_A_B,1
3svq_A_B,1
3svt_A_B,1
3sw5_A_B,1
3sw5_A_C,1
3sw5_A_E,1
3sw5_A_F,1
3sw5_B_D,1
3sw5_B_E,1
3sw5_B_F,1
3sw5_C_D,1
3sw5_C_E,1
3sw5_C_F,1
3sw5_D_E,1
3sw5_D_F,1
3sw9_A_B,1
3swc_A_B,1
3swd_A_B,1
3swd_A_E,1
3swd_A_H,1
3swd_B_E,1
3swd_B_H,1
3swd_E_H,1
3swf_A_B,1
3swf_A_C,1
3swf_B_C,1
3sx1_B_C,1
3sx2_A_B,1
3sx2_A_D,1
3sx2_B_C,1
3sx2_C_D,1
3sx2_E_F,1
3sx2_E_H,1
3sx2_F_G,1
3sx2_G_H,1
3sxo_A_B,1
3sxr_A_B,1
3sxu_A_B,1
3sy3_A_B,1
3sy8_A_B,1
3sy8_A_C,1
3sy8_A_D,1
3sy8_B_C,1
3sy8_B_D,1
3sy8_C_D,1
3syt_A_B,1
3syt_A_D,1
3syt_B_C,1
3syt_B_D,1
3syt_C_D,1
3sz9_A_B,1
3sz9_A_C,1
3sz9_A_D,1
3sz9_B_C,1
3sz9_B_D,1
3sz9_C_D,1
3sz9_E_F,1
3sz9_E_G,1
3sz9_E_H,1
3sz9_F_G,1
3sz9_F_H,1
3sz9_G_H,1
3sza_A_B,1
3szi_C_D,1
3szi_E_F,1
3szi_G_H,1
3szi_I_J,1
3szi_K_L,1
3t07_A_B,1
3t07_A_D,1
3t07_B_C,1
3t07_C_D,1
3t08_A_B,1
3t08_A_D,1
3t08_B_C,1
3t08_C_D,1
3t09_A_B,1
3t09_A_D,1
3t09_B_C,1
3t09_C_D,1
3t0a_A_B,1
3t0a_A_D,1
3t0a_B_C,1
3t0a_C_D,1
3t0r_A_B,1
3t0r_C_D,1
3t0y_A_B,1
3t0y_A_C,1
3t0y_A_D,1
3t0y_B_C,1
3t0y_C_D,1
3t1e_A_B,1
3t1e_A_E,1
3t1e_A_F,1
3t1e_E_F,1
3t1i_A_B,1
3t1i_C_D,1
3t1q_A_B,1
3t1q_A_C,1
3t1q_B_C,1
3t1r_A_B,1
3t1r_A_D,1
3t1r_B_C,1
3t1r_B_D,1
3t1r_C_D,1
3t1y_B_H,1
3t1y_C_J,1
3t1y_C_N,1
3t1y_E_H,1
3t1y_F_R,1
3t1y_J_N,1
3t1y_K_R,1
3t1y_M_S,1
3t2p_A_B,1
3t2p_A_D,1
3t2p_B_C,1
3t2p_C_D,1
3t2q_A_B,1
3t2q_A_D,1
3t2q_B_C,1
3t2q_C_D,1
3t3c_A_B,1
3t3z_B_D,1
3t4a_D_E,1
3t4a_D_F,1
3t4a_E_F,1
3t4a_E_H,1
3t4c_A_C,1
3t4c_A_D,1
3t4c_B_C,1
3t4c_B_D,1
3t4j_A_B,1
3t4m_A_B,1
3t4m_A_E,1
3t4m_B_C,1
3t4m_C_D,1
3t4m_D_E,1
3t4m_F_G,1
3t4m_F_J,1
3t4m_G_H,1
3t4m_H_I,1
3t4m_I_J,1
3t4q_A_B,1
3t4t_A_B,1
3t4w_A_B,1
3t4w_A_C,1
3t4w_A_D,1
3t4w_B_C,1
3t4w_B_D,1
3t4x_A_B,1
3t52_D_E,1
3t52_D_F,1
3t52_E_F,1
3t56_A_B,1
3t56_A_C,1
3t56_B_C,1
3t5m_A_B,1
3t5y_A_B,1
3t64_A_B,1
3t64_A_C,1
3t64_B_C,1
3t67_A_M,1
3t67_B_N,1
3t67_C_O,1
3t67_M_N,1
3t67_M_O,1
3t67_N_O,1
3t6c_A_B,1
3t6d_C_H,1
3t6d_C_L,1
3t6d_C_M,1
3t6d_H_L,1
3t6d_H_M,1
3t6d_L_M,1
3t6e_C_H,1
3t6e_C_L,1
3t6e_C_M,1
3t6e_H_L,1
3t6e_H_M,1
3t6e_L_M,1
3t6v_A_B,1
3t6v_A_C,1
3t6v_B_C,1
3t6x_A_B,1
3t6x_A_C,1
3t6x_B_C,1
3t6z_A_B,1
3t6z_A_C,1
3t6z_B_C,1
3t80_A_B,1
3t80_A_C,1
3t80_B_C,1
3t80_D_E,1
3t80_D_F,1
3t80_E_F,1
3t8e_A_B,1
3t8k_A_B,1
3t8q_A_B,1
3t93_B_D,1
3t94_D_E,1
3t94_D_F,1
3t94_E_F,1
3t98_A_B,1
3t98_A_C,1
3t98_B_C,1
3t9h_B_D,1
3t9n_A_B,1
3t9n_A_D,1
3t9n_B_G,1
3t9n_C_F,1
3t9n_C_G,1
3t9n_D_E,1
3t9n_E_F,1
3t9p_A_B,1
3t9q_A_B,1
3t9v_A_B,1
3t9z_D_E,1
3t9z_D_F,1
3t9z_E_F,1
3ta0_A_B,1
3ta0_A_C,1
3ta0_B_C,1
3ta1_A_C,1
3ta1_A_D,1
3ta1_B_E,1
3ta1_B_F,1
3ta1_C_D,1
3ta1_E_F,1
3tai_A_B,1
3tal_A_B,1
3tat_A_B,1
3tat_C_D,1
3tat_E_F,1
3tau_A_B,1
3taz_A_B,1
3tb2_A_C,1
3tb2_B_D,1
3tbc_A_B,1
3tbc_A_C,1
3tbc_B_C,1
3tc9_A_B,1
3tcm_A_B,1
3tcs_A_B,1
3tcv_A_B,1
3td4_B_D,1
3td5_E_F,1
3tdp_A_B,1
3tdp_A_D,1
3tdp_B_E,1
3tdp_C_D,1
3tdp_C_E,1
3tdq_A_B,1
3tdx_A_B,1
3tdx_A_D,1
3tdx_B_E,1
3tdx_C_D,1
3tdx_C_E,1
3tdz_A_C,1
3tdz_B_D,1
3teh_A_B,1
3teo_A_B,1
3teo_A_D,1
3teo_A_E,1
3teo_A_F,1
3teo_B_C,1
3teo_B_D,1
3teo_B_F,1
3teo_C_D,1
3teo_C_G,1
3teo_C_H,1
3teo_D_G,1
3teo_E_F,1
3teo_E_G,1
3teo_E_H,1
3teo_F_H,1
3teo_G_H,1
3tf5_A_B,1
3tf5_A_C,1
3tf5_B_C,1
3tfj_A_B,1
3tfq_A_B,1
3tfq_D_E,1
3tfu_A_B,1
3tfz_A_B,1
3tfz_C_D,1
3tfz_E_F,1
3tgn_A_B,1
3thd_A_D,1
3thd_B_C,1
3thf_A_B,1
3tho_A_B,1
3thy_A_B,1
3tio_A_B,1
3tio_A_C,1
3tio_B_C,1
3tio_D_E,1
3tio_D_F,1
3tio_E_F,1
3tis_A_B,1
3tis_A_C,1
3tis_B_C,1
3tix_A_B,1
3tj7_A_B,1
3tj7_C_D,1
3tj8_A_B,1
3tja_A_B,1
3tja_C_D,1
3tjb_A_B,1
3tjb_B_C,1
3tjb_C_D,1
3tjb_D_E,1
3tji_A_B,1
3tji_A_C,1
3tji_A_D,1
3tji_B_D,1
3tji_C_D,1
3tjj_A_B,1
3tjj_B_C,1
3tjj_C_D,1
3tjj_D_E,1
3tjk_A_B,1
3tjk_B_C,1
3tjk_C_D,1
3tjk_D_E,1
3tl3_A_B,1
3tla_A_B,1
3tlb_A_B,1
3tlc_A_B,1
3tls_A_B,1
3tls_A_E,1
3tls_B_C,1
3tls_C_D,1
3tls_D_E,1
3tlt_A_B,1
3tlt_A_E,1
3tlt_B_C,1
3tlt_C_D,1
3tlt_D_E,1
3tlu_A_B,1
3tlu_A_E,1
3tlu_B_C,1
3tlu_C_D,1
3tlu_D_E,1
3tmk_A_B,1
3tmk_C_D,1
3tmk_G_H,1
3tml_A_C,1
3tml_B_D,1
3tml_C_D,1
3tn6_A_B,1
3tnl_A_B,1
3tnl_C_D,1
3tnp_B_C,1
3tnp_B_E,1
3tnp_B_F,1
3tnp_C_E,1
3tnp_E_F,1
3tnz_A_B,1
3to3_A_B,1
3toc_A_B,1
3tof_A_B,1
3toh_A_B,1
3tol_A_B,1
3tol_C_D,1
3tom_A_B,1
3tom_C_D,1
3tos_A_C,1
3tos_A_D,1
3tos_A_H,1
3tos_B_C,1
3tos_B_D,1
3tos_B_G,1
3tos_C_F,1
3tos_D_J,1
3tos_E_F,1
3tos_E_H,1
3tos_E_I,1
3tos_F_G,1
3tos_G_I,1
3tos_H_J,1
3tos_I_J,1
3tox_A_B,1
3tox_C_G,1
3tox_D_E,1
3tox_D_F,1
3tox_D_I,1
3tox_E_F,1
3tox_E_I,1
3tox_F_I,1
3toz_A_B,1
3toz_C_D,1
3toz_G_H,1
3tp4_A_B,1
3tpc_A_C,1
3tpc_A_D,1
3tpc_B_C,1
3tpc_B_D,1
3tqc_A_B,1
3tqi_A_B,1
3tqi_C_D,1
3tqn_A_C,1
3tqu_A_B,1
3tqu_C_D,1
3tqv_A_B,1
3tr4_A_B,1
3tr4_A_C,1
3tr4_A_D,1
3tr4_B_C,1
3tr4_B_E,1
3tr4_C_F,1
3tr4_D_E,1
3tr4_D_F,1
3tr4_E_F,1
3tr9_A_B,1
3tr9_A_C,1
3trb_A_B,1
3trh_G_H,1
3trh_G_J,1
3trh_G_L,1
3trh_G_M,1
3trh_H_J,1
3trh_H_M,1
3trh_H_N,1
3trh_J_L,1
3trh_J_O,1
3trh_L_O,1
3trh_L_P,1
3trh_M_N,1
3trh_M_P,1
3trh_N_O,1
3trh_N_P,1
3trh_O_P,1
3tru_A_B,1
3tru_A_C,1
3tru_C_D,1
3ts5_A_B,1
3ts5_A_C,1
3ts5_D_E,1
3ts5_D_F,1
3tsc_A_B,1
3tsc_A_C,1
3tsc_A_D,1
3tsc_B_C,1
3tsc_B_D,1
3tsc_C_D,1
3tsn_A_B,1
3tth_A_B,1
3tth_A_C,1
3tth_B_C,1
3tth_B_D,1
3tth_C_D,1
3tth_C_E,1
3tth_D_E,1
3tth_D_F,1
3tth_E_F,1
3tth_G_H,1
3tth_G_I,1
3tth_H_I,1
3tth_H_J,1
3tth_I_J,1
3tth_I_K,1
3tth_J_K,1
3tth_J_L,1
3tth_K_L,1
3ttp_A_B,1
3tts_A_B,1
3tts_A_C,1
3tts_B_C,1
3tts_D_E,1
3tts_D_F,1
3tts_E_F,1
3ttw_A_B,1
3ttw_A_C,1
3ttw_A_D,1
3ttw_B_C,1
3ttw_B_D,1
3ttw_C_D,1
3ttx_A_B,1
3ttx_A_C,1
3ttx_A_D,1
3ttx_B_C,1
3ttx_B_D,1
3ttx_C_D,1
3tty_A_B,1
3tty_A_C,1
3tty_B_C,1
3tty_D_E,1
3tty_D_F,1
3tty_E_F,1
3tu4_A_B,1
3tu4_A_E,1
3tu4_A_G,1
3tu4_B_D,1
3tu4_B_G,1
3tu4_B_H,1
3tu4_C_D,1
3tu4_C_E,1
3tu4_C_F,1
3tu4_D_F,1
3tu4_E_F,1
3tu4_F_H,1
3tu4_G_H,1
3tue_A_B,1
3tue_B_C,1
3tue_C_D,1
3tue_D_E,1
3tuf_A_B,1
3tul_A_B,1
3tul_A_C,1
3tul_B_D,1
3tul_C_D,1
3tuo_A_B,1
3tuo_A_D,1
3tuo_B_C,1
3tuo_C_D,1
3tuu_A_E,1
3tuu_A_G,1
3tuu_E_H,1
3tuu_G_H,1
3tuy_D_E,1
3tuy_D_F,1
3tv7_A_B,1
3tv7_C_D,1
3tvi_G_H,1
3tvi_I_J,1
3tvt_A_B,1
3tvu_B_C,1
3tw2_A_B,1
3twj_A_B,1
3twj_C_D,1
3txq_A_C,1
3txq_A_K,1
3txq_B_H,1
3txq_B_I,1
3txq_C_E,1
3txq_D_G,1
3txq_D_J,1
3txq_E_F,1
3txq_F_G,1
3txq_H_K,1
3txq_I_J,1
3txs_A_B,1
3txs_A_C,1
3txs_B_C,1
3txs_B_D,1
3txs_C_D,1
3txx_J_K,1
3txx_J_L,1
3txx_K_L,1
3ty1_A_B,1
3ty1_A_C,1
3ty1_B_C,1
3ty2_A_B,1
3ty3_A_B,1
3ty6_A_B,1
3ty6_B_C,1
3ty6_B_D,1
3ty6_C_D,1
3ty6_C_E,1
3ty6_D_E,1
3ty6_E_F,1
3ty8_A_B,1
3ty9_A_B,1
3tyx_A_B,1
3tyy_A_B,1
3tza_A_B,1
3tzh_A_F,1
3tzh_B_E,1
3tzh_C_D,1
3tzk_A_B,1
3tzn_A_B,1
3tzu_A_C,1
3u02_C_D,1
3u09_A_B,1
3u0a_A_B,1
3u0g_A_B,1
3u0g_A_C,1
3u0g_A_D,1
3u0g_A_E,1
3u0g_B_D,1
3u0g_B_E,1
3u0g_B_F,1
3u0g_C_D,1
3u0g_C_E,1
3u0g_C_F,1
3u0g_D_F,1
3u0g_E_F,1
3u0x_A_B,1
3u14_A_B,1
3u17_A_B,1
3u1a_A_B,1
3u1b_A_B,1
3u1h_A_B,1
3u1i_A_B,1
3u1i_C_D,1
3u1p_A_B,1
3u1x_A_B,1
3u28_A_B,1
3u28_A_C,1
3u2e_A_B,1
3u2f_K_L,1
3u2f_L_M,1
3u2f_M_N,1
3u2f_N_O,1
3u2u_A_B,1
3u2w_A_B,1
3u2x_A_B,1
3u44_A_B,1
3u48_A_B,1
3u49_A_C,1
3u49_B_D,1
3u54_A_B,1
3u57_A_B,1
3u59_A_B,1
3u5u_A_B,1
3u5y_A_B,1
3u6g_A_B,1
3u6w_A_B,1
3u6y_A_C,1
3u82_A_B,1
3u8j_A_B,1
3u8j_A_E,1
3u8j_B_C,1
3u8j_C_D,1
3u8j_D_E,1
3u8j_F_G,1
3u8j_F_J,1
3u8j_G_H,1
3u8j_H_I,1
3u8j_I_J,1
3u8k_A_B,1
3u8k_A_E,1
3u8k_B_C,1
3u8k_C_D,1
3u8k_D_E,1
3u8k_F_G,1
3u8k_F_J,1
3u8k_G_H,1
3u8k_H_I,1
3u8k_I_J,1
3u8m_A_B,1
3u8m_A_E,1
3u8m_B_C,1
3u8m_C_D,1
3u8m_D_E,1
3u8m_F_G,1
3u8m_F_J,1
3u8m_G_H,1
3u8m_H_I,1
3u8m_I_J,1
3u8m_K_L,1
3u8m_K_O,1
3u8m_L_M,1
3u8m_M_N,1
3u8m_N_O,1
3u8m_P_Q,1
3u8m_P_T,1
3u8m_Q_R,1
3u8m_R_S,1
3u8m_S_T,1
3u8v_A_B,1
3u8z_A_C,1
3u8z_B_D,1
3u9f_D_E,1
3u9f_D_F,1
3u9f_E_F,1
3u9f_J_K,1
3u9f_J_L,1
3u9f_K_L,1
3u9f_M_N,1
3u9f_M_O,1
3u9f_N_O,1
3u9i_A_B,1
3u9t_A_B,1
3ua0_A_B,1
3ub0_A_B,1
3ub0_A_C,1
3ub0_B_C,1
3ub0_D_E,1
3ub0_D_F,1
3ub0_E_F,1
3ub6_A_B,1
3ub8_A_B,1
3ub9_A_B,1
3ubc_A_D,1
3ubc_A_G,1
3ubk_A_B,1
3ubm_A_B,1
3ubm_C_D,1
3ubp_A_C,1
3ubp_B_C,1
3uca_A_B,1
3ucn_A_B,1
3uco_A_B,1
3ucr_A_C,1
3ucs_A_B,1
3ucs_A_C,1
3ucs_A_D,1
3ucs_B_C,1
3ucs_B_D,1
3uct_A_B,1
3udd_A_B,1
3udf_A_B,1
3udg_B_C,1
3udi_A_B,1
3udw_A_B,1
3udw_A_C,1
3udw_B_D,1
3udx_A_B,1
3udz_A_B,1
3ue0_A_B,1
3ue6_A_B,1
3ue6_A_E,1
3ue6_A_F,1
3ue6_B_C,1
3ue6_B_D,1
3ue6_B_E,1
3ue6_C_D,1
3ue6_C_F,1
3ue6_D_E,1
3ue6_D_F,1
3ue6_E_F,1
3ue8_A_B,1
3ueb_A_B,1
3ueb_C_D,1
3ueb_E_F,1
3uef_A_C,1
3ueg_A_B,1
3uei_A_B,1
3uez_A_D,1
3uez_A_E,1
3uez_B_C,1
3uez_B_G,1
3uez_C_H,1
3uez_D_F,1
3uez_E_F,1
3uez_G_H,1
3uf0_A_B,1
3uf1_A_B,1
3uf1_C_D,1
3uf5_A_B,1
3uf6_A_B,1
3ufd_A_B,1
3ufd_E_F,1
3ufg_A_B,1
3ufn_A_B,1
3ufp_A_B,1
3ufr_A_B,1
3uft_A_B,1
3ufu_A_B,1
3ufx_A_B,1
3ufx_F_G,1
3ug5_A_B,1
3ug5_A_C,1
3ug5_A_D,1
3ug5_B_C,1
3ug5_B_E,1
3ug5_C_F,1
3ug5_D_E,1
3ug5_D_F,1
3ug5_E_F,1
3ug7_A_D,1
3ug7_B_C,1
3ugd_A_B,1
3ugi_A_B,1
3ugl_A_B,1
3ugs_A_B,1
3ugv_A_B,1
3ugv_A_D,1
3ugv_A_F,1
3ugv_A_G,1
3ugv_B_C,1
3ugv_B_E,1
3ugv_B_F,1
3ugv_C_D,1
3ugv_C_E,1
3ugv_C_H,1
3ugv_D_G,1
3ugv_D_H,1
3ugv_E_F,1
3ugv_E_H,1
3ugv_F_G,1
3ugv_G_H,1
3uh6_A_B,1
3uh7_A_B,1
3uhe_A_B,1
3uhg_A_B,1
3uhj_A_B,1
3uhj_A_D,1
3uhj_B_C,1
3uhj_C_D,1
3uhj_E_H,1
3uhj_F_G,1
3uhn_A_B,1
3uhq_A_B,1
3uht_A_B,1
3uhu_A_B,1
3uhv_A_B,1
3uhw_A_B,1
3uhx_A_B,1
3uhz_A_B,1
3ui0_A_B,1
3uia_A_B,1
3uia_A_C,1
3uia_B_C,1
3uic_A_B,1
3uic_A_C,1
3uic_A_D,1
3uic_B_C,1
3uic_B_D,1
3uic_C_D,1
3uic_E_F,1
3uic_E_G,1
3uic_E_H,1
3uic_F_G,1
3uic_F_H,1
3uic_G_H,1
3uic_I_J,1
3uic_I_K,1
3uic_I_L,1
3uic_J_K,1
3uic_J_L,1
3uic_K_L,1
3uic_M_N,1
3uic_M_O,1
3uic_M_P,1
3uic_N_O,1
3uic_N_P,1
3uic_O_P,1
3uij_A_B,1
3uiw_A_B,1
3ujh_A_B,1
3ujm_A_B,1
3ujp_A_B,1
3ujp_B_C,1
3ujs_A_B,1
3ukf_A_H,1
3ukh_A_B,1
3ukh_A_C,1
3ukh_B_D,1
3ukh_C_D,1
3ukh_E_F,1
3ukh_E_G,1
3ukh_F_H,1
3ukh_G_H,1
3ukk_A_B,1
3ukk_A_D,1
3ukk_B_C,1
3ukk_C_D,1
3ukl_C_E,1
3ukm_A_B,1
3ukm_C_D,1
3ukt_A_B,1
3ulf_A_B,1
3ulf_A_E,1
3ulf_A_F,1
3ulf_B_C,1
3ulf_B_D,1
3ulf_B_E,1
3ulf_C_D,1
3ulf_C_F,1
3ulf_D_E,1
3ulf_D_F,1
3ulf_E_F,1
3ulj_A_B,1
3ull_A_B,1
3ulp_A_B,1
3ulp_A_C,1
3ulp_A_D,1
3ulp_B_C,1
3ulp_B_D,1
3ulp_C_D,1
3ulq_A_B,1
3um6_A_B,1
3um7_A_B,1
3um8_A_B,1
3um9_A_B,1
3umo_A_B,1
3ump_A_B,1
3umz_A_B,1
3un0_A_B,1
3un1_A_B,1
3un1_A_C,1
3un1_A_D,1
3un1_B_C,1
3un1_B_D,1
3un1_C_D,1
3un4_A_B,1
3un4_A_G,1
3un4_A_H,1
3un4_A_I,1
3un4_B_C,1
3un4_B_I,1
3un4_B_J,1
3un4_C_D,1
3un4_C_J,1
3un4_C_K,1
3un4_D_E,1
3un4_D_K,1
3un4_D_L,1
3un4_E_F,1
3un4_E_L,1
3un4_E_M,1
3un4_F_G,1
3un4_F_M,1
3un4_F_N,1
3un4_G_H,1
3un4_G_N,1
3un4_H_I,1
3un4_H_N,1
3un4_H_Z,1
3un4_H_a,1
3un4_I_J,1
3un4_I_Y,1
3un4_I_Z,1
3un4_J_K,1
3un4_J_X,1
3un4_J_Y,1
3un4_K_L,1
3un4_K_W,1
3un4_K_X,1
3un4_L_M,1
3un4_L_V,1
3un4_L_W,1
3un4_M_N,1
3un4_M_V,1
3un4_M_b,1
3un4_N_a,1
3un4_N_b,1
3un4_O_P,1
3un4_O_U,1
3un4_O_V,1
3un4_O_W,1
3un4_P_Q,1
3un4_P_W,1
3un4_P_X,1
3un4_Q_R,1
3un4_Q_X,1
3un4_Q_Y,1
3un4_R_S,1
3un4_R_Y,1
3un4_R_Z,1
3un4_S_T,1
3un4_S_Z,1
3un4_S_a,1
3un4_T_U,1
3un4_T_a,1
3un4_T_b,1
3un4_U_V,1
3un4_U_b,1
3un4_V_W,1
3un4_V_b,1
3un4_W_X,1
3un4_X_Y,1
3un4_Y_Z,1
3un4_Z_a,1
3un4_a_b,1
3una_A_B,1
3unb_A_B,1
3unb_A_G,1
3unb_A_H,1
3unb_A_I,1
3unb_B_C,1
3unb_B_I,1
3unb_B_J,1
3unb_C_D,1
3unb_C_J,1
3unb_C_K,1
3unb_D_E,1
3unb_D_K,1
3unb_D_L,1
3unb_E_F,1
3unb_E_L,1
3unb_E_M,1
3unb_F_G,1
3unb_F_M,1
3unb_F_N,1
3unb_G_H,1
3unb_G_N,1
3unb_H_I,1
3unb_H_N,1
3unb_H_Z,1
3unb_H_a,1
3unb_I_J,1
3unb_I_Y,1
3unb_I_Z,1
3unb_J_K,1
3unb_J_X,1
3unb_J_Y,1
3unb_K_L,1
3unb_K_W,1
3unb_K_X,1
3unb_L_M,1
3unb_L_V,1
3unb_L_W,1
3unb_M_N,1
3unb_M_V,1
3unb_M_b,1
3unb_N_a,1
3unb_N_b,1
3unb_O_P,1
3unb_O_U,1
3unb_O_V,1
3unb_O_W,1
3unb_P_Q,1
3unb_P_W,1
3unb_P_X,1
3unb_Q_R,1
3unb_Q_X,1
3unb_Q_Y,1
3unb_R_S,1
3unb_R_Y,1
3unb_R_Z,1
3unb_S_T,1
3unb_S_Z,1
3unb_S_a,1
3unb_T_U,1
3unb_T_a,1
3unb_T_b,1
3unb_U_V,1
3unb_U_b,1
3unb_V_W,1
3unb_V_b,1
3unb_W_X,1
3unb_X_Y,1
3unb_Y_Z,1
3unb_Z_a,1
3unb_a_b,1
3une_1_2,1
3une_1_k,1
3une_1_l,1
3une_1_s,1
3une_1_t,1
3une_1_z,1
3une_2_3,1
3une_2_j,1
3une_2_k,1
3une_2_t,1
3une_2_u,1
3une_3_4,1
3une_3_j,1
3une_3_p,1
3une_3_u,1
3une_3_v,1
3une_4_o,1
3une_4_p,1
3une_4_v,1
3une_4_w,1
3une_4_x,1
3une_A_B,1
3une_A_G,1
3une_A_H,1
3une_A_I,1
3une_B_C,1
3une_B_I,1
3une_B_J,1
3une_C_D,1
3une_C_J,1
3une_C_K,1
3une_D_E,1
3une_D_K,1
3une_D_L,1
3une_E_F,1
3une_E_L,1
3une_E_M,1
3une_F_G,1
3une_F_M,1
3une_F_N,1
3une_G_H,1
3une_G_N,1
3une_H_I,1
3une_H_N,1
3une_H_Z,1
3une_H_a,1
3une_I_J,1
3une_I_Y,1
3une_I_Z,1
3une_J_K,1
3une_J_X,1
3une_J_Y,1
3une_K_L,1
3une_K_W,1
3une_K_X,1
3une_L_M,1
3une_L_V,1
3une_L_W,1
3une_M_N,1
3une_M_V,1
3une_M_b,1
3une_N_a,1
3une_N_b,1
3une_O_P,1
3une_O_U,1
3une_O_V,1
3une_O_W,1
3une_P_Q,1
3une_P_W,1
3une_P_X,1
3une_Q_R,1
3une_Q_X,1
3une_Q_Y,1
3une_R_S,1
3une_R_Y,1
3une_R_Z,1
3une_S_T,1
3une_S_Z,1
3une_S_a,1
3une_T_U,1
3une_T_a,1
3une_T_b,1
3une_U_V,1
3une_U_b,1
3une_V_W,1
3une_V_b,1
3une_W_X,1
3une_X_Y,1
3une_Y_Z,1
3une_Z_a,1
3une_a_b,1
3une_c_d,1
3une_c_i,1
3une_c_j,1
3une_c_k,1
3une_d_e,1
3une_d_k,1
3une_d_l,1
3une_e_f,1
3une_e_l,1
3une_e_m,1
3une_f_g,1
3une_f_m,1
3une_f_n,1
3une_g_h,1
3une_g_n,1
3une_g_o,1
3une_h_i,1
3une_h_o,1
3une_h_p,1
3une_i_j,1
3une_i_p,1
3une_j_k,1
3une_j_p,1
3une_k_l,1
3une_l_m,1
3une_l_z,1
3une_m_n,1
3une_m_y,1
3une_m_z,1
3une_n_o,1
3une_n_x,1
3une_n_y,1
3une_o_p,1
3une_o_x,1
3une_q_r,1
3une_q_w,1
3une_q_x,1
3une_q_y,1
3une_r_s,1
3une_r_y,1
3une_r_z,1
3une_s_t,1
3une_s_z,1
3une_t_u,1
3une_u_v,1
3une_v_w,1
3une_w_x,1
3une_x_y,1
3une_y_z,1
3uni_A_B,1
3unm_A_B,1
3uno_A_D,1
3uno_A_F,1
3uno_A_R,1
3uno_A_U,1
3uno_A_W,1
3uno_B_F,1
3uno_B_G,1
3uno_B_M,1
3uno_B_N,1
3uno_B_S,1
3uno_C_D,1
3uno_C_K,1
3uno_C_L,1
3uno_C_O,1
3uno_C_W,1
3uno_D_O,1
3uno_D_U,1
3uno_D_W,1
3uno_E_I,1
3uno_E_J,1
3uno_E_Q,1
3uno_E_T,1
3uno_E_V,1
3uno_F_G,1
3uno_F_N,1
3uno_F_R,1
3uno_G_Q,1
3uno_G_R,1
3uno_G_S,1
3uno_H_M,1
3uno_H_P,1
3uno_H_S,1
3uno_H_T,1
3uno_H_X,1
3uno_I_J,1
3uno_I_Q,1
3uno_I_R,1
3uno_I_U,1
3uno_J_O,1
3uno_J_U,1
3uno_J_V,1
3uno_K_M,1
3uno_K_N,1
3uno_K_P,1
3uno_K_W,1
3uno_L_O,1
3uno_L_P,1
3uno_L_V,1
3uno_L_X,1
3uno_M_N,1
3uno_M_P,1
3uno_N_W,1
3uno_O_V,1
3uno_P_X,1
3uno_Q_S,1
3uno_Q_T,1
3uno_R_U,1
3uno_S_T,1
3uno_T_X,1
3uno_V_X,1
3uo9_A_B,1
3uo9_A_C,1
3uo9_B_D,1
3uo9_C_D,1
3uob_A_B,1
3uoe_A_B,1
3uof_A_B,1
3uof_B_C,1
3uof_B_D,1
3uof_C_D,1
3uof_C_E,1
3uof_C_F,1
3uof_E_F,1
3uog_A_B,1
3uow_A_B,1
3uoy_A_B,1
3uqe_A_B,1
3uqs_A_B,1
3uqs_A_C,1
3ur5_A_B,1
3urq_A_B,1
3urr_A_B,1
3ury_A_B,1
3us8_A_B,1
3usc_L_M,1
3usc_L_S,1
3usc_L_T,1
3usc_M_S,1
3usc_M_T,1
3usc_S_T,1
3use_L_S,1
3use_M_T,1
3usu_A_B,1
3usu_A_D,1
3usu_B_C,1
3usu_C_D,1
3usu_E_F,1
3usu_E_H,1
3usu_F_G,1
3usu_G_H,1
3ut2_A_B,1
3utb_A_B,1
3utb_A_E,1
3utb_A_G,1
3utb_B_D,1
3utb_B_G,1
3utb_B_H,1
3utb_C_D,1
3utb_C_E,1
3utb_C_F,1
3utb_D_F,1
3utb_E_F,1
3utb_F_H,1
3utb_G_H,1
3ute_A_C,1
3ute_A_D,1
3ute_B_C,1
3ute_B_D,1
3utm_A_B,1
3utm_A_C,1
3utm_B_C,1
3uty_A_B,1
3uu3_A_B,1
3uu3_A_E,1
3uu3_B_C,1
3uu3_C_D,1
3uu3_D_E,1
3uu4_A_B,1
3uu4_A_E,1
3uu4_B_C,1
3uu4_C_D,1
3uu4_D_E,1
3uv0_A_B,1
3uvj_C_D,1
3uw6_B_C,1
3uw8_A_B,1
3uw9_A_C,1
3uwl_A_B,1
3uwl_C_D,1
3uwo_A_B,1
3uwq_A_B,1
3uww_A_B,1
3uwy_A_B,1
3ux4_A_B,1
3ux4_A_C,1
3uxj_A_B,1
3uxj_C_D,1
3uxk_A_C,1
3uxk_B_D,1
3uxl_A_C,1
3uxl_B_D,1
3uxv_A_B,1
3uxv_C_D,1
3uxy_A_C,1
3uxy_A_D,1
3uxy_B_C,1
3uxy_B_D,1
3uyj_A_B,1
3uyo_A_D,1
3uyu_A_B,1
3uyy_A_B,1
3uzb_C_D,1
3uzp_A_B,1
3v0m_A_B,1
3v0n_A_B,1
3v0p_A_B,1
3v21_A_B,1
3v21_A_E,1
3v21_A_F,1
3v21_B_E,1
3v21_B_F,1
3v21_C_D,1
3v21_C_G,1
3v21_C_H,1
3v21_D_G,1
3v21_D_H,1
3v21_E_F,1
3v21_G_H,1
3v2u_A_B,1
3v2u_A_D,1
3v2u_B_C,1
3v2u_C_D,1
3v4h_A_B,1
3v4s_A_B,1
3v4t_A_B,1
3v4t_A_C,1
3v4t_A_D,1
3v4t_B_C,1
3v4t_B_D,1
3v4t_C_D,1
3v4z_A_B,1
3v57_A_B,1
3v57_C_D,1
3v58_C_D,1
3v5i_A_B,1
3v5i_A_G,1
3v5i_A_K,1
3v5i_B_C,1
3v5i_B_J,1
3v5i_C_D,1
3v5i_C_I,1
3v5i_D_E,1
3v5i_D_H,1
3v5i_E_F,1
3v5i_E_N,1
3v5i_F_G,1
3v5i_F_M,1
3v5i_G_L,1
3v5i_H_I,1
3v5i_H_N,1
3v5i_I_J,1
3v5i_J_K,1
3v5i_K_L,1
3v5i_L_M,1
3v5i_M_N,1
3v5i_O_P,1
3v5i_O_U,1
3v5i_O_Y,1
3v5i_P_Q,1
3v5i_P_X,1
3v5i_Q_R,1
3v5i_Q_W,1
3v5i_R_S,1
3v5i_R_V,1
3v5i_S_T,1
3v5i_S_b,1
3v5i_T_U,1
3v5i_T_a,1
3v5i_U_Z,1
3v5i_V_W,1
3v5i_V_b,1
3v5i_W_X,1
3v5i_X_Y,1
3v5i_Y_Z,1
3v5i_Z_a,1
3v5i_a_b,1
3v5n_A_B,1
3v5n_A_C,1
3v5n_A_D,1
3v5n_B_C,1
3v5n_B_D,1
3v5n_C_D,1
3v5r_A_B,1
3v64_A_B,1
3v64_A_C,1
3v64_A_D,1
3v64_B_C,1
3v69_A_B,1
3v6g_A_B,1
3v6i_A_B,1
3vb3_A_B,1
3vb4_A_B,1
3vb5_A_B,1
3vb8_A_B,1
3vb9_A_B,1
3vb9_C_D,1
3vbb_A_B,1
3vbh_A_B,1
3vbh_A_C,1
3vbh_B_C,1
3vbh_B_D,1
3vbh_C_D,1
3vbi_A_C,1
3vbi_A_E,1
3vbi_C_E,1
3vbj_A_C,1
3vbj_A_E,1
3vbj_C_E,1
3vbl_A_C,1
3vbl_A_E,1
3vbl_C_E,1
3vbm_A_C,1
3vbm_A_E,1
3vbm_C_E,1
3vbo_A_B,1
3vbo_A_C,1
3vbo_B_C,1
3vbp_A_C,1
3vbp_A_E,1
3vbp_C_E,1
3vbs_A_B,1
3vbs_A_D,1
3vbs_B_C,1
3vbs_B_D,1
3vbs_C_D,1
3vcx_A_B,1
3vcz_A_B,1
3vcz_A_C,1
3vcz_B_C,1
3vd0_A_D,1
3vd0_B_C,1
3vd3_A_B,1
3vd3_A_D,1
3vd3_B_C,1
3vd3_C_D,1
3vd7_A_B,1
3vd7_A_D,1
3vd7_B_C,1
3vd7_C_D,1
3vdb_A_B,1
3vdb_A_D,1
3vdb_B_C,1
3vdb_C_D,1
3vdc_A_B,1
3vdc_A_D,1
3vdc_B_C,1
3vdc_C_D,1
3vdl_A_B,1
3vdl_A_C,1
3vdl_B_C,1
3vdr_A_B,1
3vdr_A_D,1
3vdr_B_C,1
3vdr_B_D,1
3vdr_C_D,1
3ve7_A_B,1
3vea_A_B,1
3ved_A_B,1
3ved_A_C,1
3ved_B_C,1
3vep_A_C,1
3vep_D_X,1
3vep_H_J,1
3vf5_A_B,1
3vf7_A_B,1
3vfa_A_B,1
3vg8_A_B,1
3vg8_A_J,1
3vg8_B_C,1
3vg8_C_D,1
3vg8_D_E,1
3vg8_E_F,1
3vg8_F_G,1
3vg8_G_H,1
3vg8_H_I,1
3vg8_I_J,1
3vgj_A_B,1
3vgt_B_C,1
3vgu_A_E,1
3vgu_C_G,1
3vgv_A_B,1
3vgv_E_F,1
3vgv_I_J,1
3vgv_K_L,1
3vgw_A_B,1
3vgw_A_C,1
3vgw_B_D,1
3vgw_C_D,1
3vhb_A_B,1
3vhh_A_B,1
3vhh_A_C,1
3vhh_B_D,1
3vhh_C_D,1
3vi5_A_D,1
3vi5_B_C,1
3vib_A_B,1
3vir_A_B,1
3vir_A_C,1
3vir_B_D,1
3vir_C_D,1
3viv_A_B,1
3vjc_A_B,1
3vjc_A_C,1
3vjc_B_C,1
3vjl_A_B,1
3vjm_A_B,1
3vjz_A_B,1
3vk4_C_D,1
3vkb_A_B,1
3vkd_A_B,1
3vkj_A_B,1
3vkj_A_D,1
3vkj_B_C,1
3vkj_C_D,1
3vle_A_B,1
3vm6_A_B,1
3vm6_A_C,1
3vm6_B_C,1
3vmf_A_B,1
3vmk_A_B,1
3vnc_A_B,1
3vnk_A_B,1
3vnk_A_D,1
3vnk_B_C,1
3vnk_C_D,1
3vod_A_B,1
3vom_A_B,1
3vop_A_B,1
3vop_A_C,1
3vop_B_C,1
3voq_A_B,1
3vou_A_B,1
3vov_A_B,1
3vov_A_C,1
3vov_A_D,1
3vov_B_C,1
3vov_B_D,1
3vov_C_D,1
3vox_A_B,1
3vox_C_D,1
3vpd_A_B,1
3vpg_A_C,1
3vpg_A_D,1
3vpg_B_C,1
3vpg_B_D,1
3vpm_A_B,1
3vpr_A_B,1
3vq1_A_B,1
3vq1_A_C,1
3vq1_A_D,1
3vq1_B_C,1
3vq1_B_D,1
3vqr_A_B,1
3vqt_A_B,1
3vqt_C_D,1
3vr4_A_D,1
3vr4_A_E,1
3vr4_A_G,1
3vr4_B_E,1
3vr4_B_F,1
3vr4_B_G,1
3vr4_C_D,1
3vr4_C_F,1
3vr4_C_G,1
3vr4_D_G,1
3vr4_E_G,1
3vr4_F_G,1
3vr4_G_H,1
3vr8_E_F,1
3vr8_E_H,1
3vr8_F_G,1
3vr8_F_H,1
3vr8_G_H,1
3vrc_A_B,1
3vsa_A_B,1
3vsc_A_B,1
3vsd_A_B,1
3vsi_A_B,1
3vsi_B_D,1
3vsi_C_D,1
3vsv_A_B,1
3vsv_A_C,1
3vsv_A_D,1
3vsv_B_C,1
3vsv_B_D,1
3vsv_C_D,1
3vtz_A_B,1
3vtz_A_C,1
3vtz_A_D,1
3vtz_B_C,1
3vtz_B_D,1
3vtz_C_D,1
3vu1_A_B,1
3vua_A_B,1
3vua_A_C,1
3vua_A_D,1
3vua_A_E,1
3vua_B_E,1
3vua_C_D,1
3vua_C_E,1
3vua_C_F,1
3vua_E_F,1
3vuq_A_B,1
3vuq_C_D,1
3vv1_A_B,1
3vvm_A_B,1
3vvu_A_B,1
3vvx_A_B,1
3vw2_C_D,1
3vwu_A_B,1
3vwu_A_J,1
3vwu_B_C,1
3vwu_C_D,1
3vwu_D_E,1
3vwu_E_F,1
3vwu_F_G,1
3vwu_G_H,1
3vwu_H_I,1
3vwu_I_J,1
3vx3_A_B,1
3vx8_A_B,1
3vx8_C_D,1
3vxc_A_B,1
3vyg_A_B,1
3vyg_A_C,1
3vyg_A_H,1
3vyg_A_J,1
3vyg_A_K,1
3vyg_B_C,1
3vyg_B_E,1
3vyg_B_G,1
3vyg_B_H,1
3vyg_B_J,1
3vyg_B_K,1
3vyg_B_L,1
3vyg_C_I,1
3vyg_C_K,1
3vyg_D_E,1
3vyg_D_F,1
3vyg_D_H,1
3vyg_D_K,1
3vyg_E_F,1
3vyg_E_G,1
3vyg_E_H,1
3vyg_E_I,1
3vyg_E_J,1
3vyg_E_K,1
3vyg_F_H,1
3vyg_F_L,1
3vyg_G_H,1
3vyg_G_I,1
3vyg_H_I,1
3vyg_H_K,1
3vyg_J_K,1
3vyg_J_L,1
3vyg_K_L,1
3vyi_D_E,1
3vyi_D_F,1
3vyi_E_F,1
3vyl_A_B,1
3vyl_A_C,1
3vyl_A_D,1
3vyl_B_C,1
3vyl_B_D,1
3vyl_C_D,1
3vyl_E_F,1
3vyl_E_G,1
3vyl_E_H,1
3vyl_F_G,1
3vyl_F_H,1
3vyl_G_H,1
3vyu_A_B,1
3vyu_A_C,1
3vyu_B_C,1
3vz0_A_B,1
3vz1_A_B,1
3vz2_A_B,1
3vz3_A_B,1
3vz9_B_D,1
3vzp_A_C,1
3vzp_A_D,1
3vzp_B_C,1
3vzp_B_D,1
3vzq_A_B,1
3vzs_A_C,1
3vzs_A_D,1
3vzs_B_C,1
3vzs_B_D,1
3vzy_A_B,1
3vzz_A_B,1
3w00_A_B,1
3w0l_A_B,1
3w0l_C_D,1
3w0t_C_D,1
3w0u_A_B,1
3w15_A_B,1
3w15_A_C,1
3w15_B_C,1
3w1a_A_B,1
3w1j_A_B,1
3w1j_A_J,1
3w1j_B_C,1
3w1j_C_D,1
3w1j_D_E,1
3w1j_E_F,1
3w1j_F_G,1
3w1j_G_H,1
3w1j_H_I,1
3w1j_I_J,1
3w1m_A_B,1
3w1s_A_C,1
3w1v_A_B,1
3w1w_A_B,1
3w1x_A_B,1
3w1z_A_B,1
3w1z_A_C,1
3w1z_A_D,1
3w1z_C_D,1
3w20_A_B,1
3w21_A_B,1
3w2w_A_B,1
3w36_A_B,1
3w3l_A_D,1
3w4i_A_B,1
3w4i_A_C,1
3w4i_B_D,1
3w4i_C_D,1
3w4j_A_B,1
3w4j_A_C,1
3w4j_B_D,1
3w4j_C_D,1
3w54_B_C,1
3w5j_A_B,1
3w68_A_B,1
3w68_C_D,1
3w6g_A_B,1
3w6g_A_C,1
3w6g_A_I,1
3w6g_A_J,1
3w6g_B_C,1
3w6g_B_D,1
3w6g_B_J,1
3w6g_C_D,1
3w6g_C_E,1
3w6g_D_E,1
3w6g_D_F,1
3w6g_E_F,1
3w6g_E_G,1
3w6g_F_G,1
3w6g_F_H,1
3w6g_G_H,1
3w6g_G_I,1
3w6g_H_I,1
3w6g_H_J,1
3w6g_I_J,1
3w6g_K_L,1
3w6g_K_M,1
3w6g_K_S,1
3w6g_K_T,1
3w6g_L_M,1
3w6g_L_N,1
3w6g_L_T,1
3w6g_M_N,1
3w6g_M_O,1
3w6g_N_O,1
3w6g_N_P,1
3w6g_O_P,1
3w6g_O_Q,1
3w6g_P_Q,1
3w6g_P_R,1
3w6g_Q_R,1
3w6g_Q_S,1
3w6g_R_S,1
3w6g_R_T,1
3w6g_S_T,1
3w6j_A_B,1
3w6j_A_C,1
3w6j_B_C,1
3w6k_E_F,1
3w6q_A_B,1
3w6q_C_D,1
3w6s_B_C,1
3w6x_E_F,1
3w6x_G_H,1
3w6x_I_J,1
3w70_A_B,1
3w74_A_B,1
3w75_A_B,1
3w76_A_B,1
3w78_A_B,1
3w7a_A_B,1
3w7a_C_D,1
3w7d_A_B,1
3w7g_A_B,1
3w7l_A_B,1
3w7n_A_B,1
3w7o_A_B,1
3w7p_A_B,1
3w83_A_B,1
3w85_A_B,1
3w86_A_B,1
3w87_A_B,1
3w88_A_B,1
3w8i_A_B,1
3w8r_A_B,1
3w8w_A_B,1
3w97_A_B,1
3w97_A_E,1
3w97_A_G,1
3w97_B_D,1
3w97_B_G,1
3w97_B_H,1
3w97_C_D,1
3w97_C_E,1
3w97_C_F,1
3w97_D_F,1
3w97_E_F,1
3w97_F_H,1
3w97_G_H,1
3w98_A_B,1
3w98_A_E,1
3w98_A_G,1
3w98_B_D,1
3w98_B_G,1
3w98_C_D,1
3w98_C_E,1
3w98_C_F,1
3w98_E_F,1
3w98_F_H,1
3w98_G_H,1
3w99_A_B,1
3w99_A_E,1
3w99_A_G,1
3w99_B_D,1
3w99_B_G,1
3w99_C_D,1
3w99_C_E,1
3w99_C_F,1
3w99_D_F,1
3w99_E_F,1
3w99_F_H,1
3w99_G_H,1
3w9h_A_B,1
3w9h_A_C,1
3w9h_B_C,1
3w9i_A_B,1
3w9i_A_C,1
3w9i_B_C,1
3w9i_D_E,1
3w9i_D_F,1
3w9i_E_F,1
3w9j_D_E,1
3w9j_D_F,1
3w9j_E_F,1
3w9s_A_B,1
3wa0_B_H,1
3wa9_A_B,1
3wa9_A_E,1
3wa9_A_G,1
3wa9_B_D,1
3wa9_B_G,1
3wa9_C_D,1
3wa9_C_E,1
3wa9_C_F,1
3wa9_E_F,1
3wa9_F_H,1
3wa9_G_H,1
3waa_A_B,1
3waa_A_E,1
3waa_A_G,1
3waa_B_D,1
3waa_B_G,1
3waa_C_D,1
3waa_C_E,1
3waa_C_F,1
3waa_E_F,1
3waa_F_H,1
3waa_G_H,1
3waf_A_B,1
3wag_A_B,1
3wat_A_B,1
3wau_A_B,1
3wbh_A_B,1
3wbq_A_B,1
3wbr_A_B,1
3wbz_A_B,1
3wbz_A_C,1
3wbz_A_D,1
3wbz_B_C,1
3wbz_B_D,1
3wbz_C_D,1
3wbz_E_F,1
3wbz_E_G,1
3wbz_E_H,1
3wbz_F_G,1
3wbz_F_H,1
3wbz_G_H,1
3wc0_K_L,1
3wc0_M_N,1
3wc0_O_P,1
3wcc_A_B,1
3wcd_D_E,1
3wcd_D_F,1
3wcd_E_F,1
3wce_A_B,1
3wcg_A_C,1
3wcg_A_D,1
3wcg_B_D,1
3wch_A_B,1
3wch_A_C,1
3wch_A_D,1
3wch_B_C,1
3wch_B_D,1
3wch_B_F,1
3wch_D_E,1
3wch_D_F,1
3wch_E_F,1
3wcl_D_E,1
3wcl_D_F,1
3wcl_E_F,1
3wcm_A_B,1
3wcm_A_C,1
3wcm_A_D,1
3wcm_B_C,1
3wcm_B_D,1
3wcm_B_F,1
3wcm_D_E,1
3wcm_D_F,1
3wcm_E_F,1
3wcn_A_B,1
3wco_A_B,1
3wcr_A_B,1
3wcu_A_C,1
3wcu_A_D,1
3wcu_A_E,1
3wcu_A_G,1
3wcu_B_C,1
3wcu_B_D,1
3wcu_C_E,1
3wcu_E_G,1
3wcu_E_H,1
3wcu_F_G,1
3wcu_F_H,1
3wcv_A_C,1
3wcv_A_D,1
3wcv_A_E,1
3wcv_A_G,1
3wcv_B_C,1
3wcv_B_D,1
3wcv_E_G,1
3wcv_E_H,1
3wcv_F_G,1
3wcv_F_H,1
3wdk_C_D,1
3wdl_A_B,1
3wdl_C_D,1
3wdm_A_B,1
3wdm_C_D,1
3we1_A_B,1
3we7_A_B,1
3we7_A_C,1
3we7_B_C,1
3wea_A_B,1
3wf0_B_C,1
3wf1_A_D,1
3wf3_B_C,1
3wf4_A_D,1
3wf4_B_C,1
3wfa_A_B,1
3wg1_A_B,1
3wg3_A_B,1
3wg4_A_B,1
3wg7_A_B,1
3wg7_A_C,1
3wg7_A_D,1
3wg7_A_F,1
3wg7_A_G,1
3wg7_A_J,1
3wg7_A_K,1
3wg7_B_D,1
3wg7_B_E,1
3wg7_B_H,1
3wg7_B_I,1
3wg7_C_F,1
3wg7_C_G,1
3wg7_C_J,1
3wg7_D_E,1
3wg7_D_I,1
3wg7_D_K,1
3wg7_E_I,1
3wg9_A_B,1
3wgb_A_B,1
3wgb_A_C,1
3wgb_A_D,1
3wgb_B_C,1
3wgb_B_D,1
3wgb_C_D,1
3wgg_A_B,1
3wgh_A_B,1
3wgi_A_B,1
3wgi_C_D,1
3wgt_A_B,1
3wgz_A_B,1
3wia_A_B,1
3wia_A_C,1
3wia_B_C,1
3wid_A_B,1
3wid_A_C,1
3wid_B_D,1
3wid_C_D,1
3win_A_B,1
3win_A_C,1
3win_B_C,1
3win_C_E,1
3win_D_E,1
3wip_A_B,1
3wip_A_E,1
3wip_B_C,1
3wip_C_D,1
3wip_D_E,1
3wir_A_C,1
3wir_B_D,1
3wiz_A_B,1
3wj7_A_B,1
3wj7_A_C,1
3wj7_B_C,1
3wj8_A_B,1
3wj8_D_E,1
3wj8_F_G,1
3wkr_A_B,1
3wkr_A_C,1
3wkr_A_D,1
3wkr_B_C,1
3wkr_B_D,1
3wkr_C_D,1
3wkr_E_F,1
3wkr_E_G,1
3wkr_E_H,1
3wkr_F_G,1
3wkr_F_H,1
3wkr_G_H,1
3wl4_A_B,1
3wlf_A_B,1
3wlf_A_C,1
3wlf_A_D,1
3wlf_B_C,1
3wlf_B_D,1
3wlf_C_D,1
3wmw_A_B,1
3wnr_A_B,1
3wnr_A_C,1
3wnr_B_C,1
3wnw_A_B,1
3wnw_A_C,1
3wnw_A_J,1
3wnw_B_C,1
3wnw_B_E,1
3wnw_B_F,1
3wnw_C_E,1
3wnw_C_J,1
3wnw_C_K,1
3wnw_D_E,1
3wnw_D_F,1
3wnw_D_G,1
3wnw_D_I,1
3wnw_E_F,1
3wnw_E_I,1
3wnw_G_H,1
3wnw_G_I,1
3wnw_H_I,1
3wnw_H_K,1
3wnw_H_L,1
3wnw_I_K,1
3wnw_J_K,1
3wnw_J_L,1
3wnw_K_L,1
3wnx_A_B,1
3wok_A_B,1
3wol_A_B,1
3wpm_A_B,1
3wpr_A_B,1
3wpr_A_C,1
3wpr_B_C,1
3wpx_A_B,1
3wrw_A_B,1
3wrw_C_D,1
3wrw_E_F,1
3wrx_A_C,1
3wry_B_D,1
3wsd_A_B,1
3wsd_A_F,1
3wsd_B_D,1
3wsd_C_D,1
3wsd_C_E,1
3wsd_E_F,1
3wse_A_B,1
3wse_A_F,1
3wse_B_D,1
3wse_C_D,1
3wse_C_E,1
3wse_E_F,1
3wsh_A_B,1
3wsh_C_F,1
3wsh_D_G,1
3wsh_E_J,1
3wsh_H_I,1
3wsi_A_B,1
3wsi_A_F,1
3wsi_B_D,1
3wsi_C_D,1
3wsi_C_E,1
3wsi_E_F,1
3wt4_A_B,1
3wt4_A_C,1
3wt4_A_D,1
3wt4_B_C,1
3wtc_A_B,1
3wtf_A_B,1
3wti_A_B,1
3wti_A_E,1
3wti_B_C,1
3wti_C_D,1
3wti_D_E,1
3wtl_A_B,1
3wtl_A_E,1
3wtl_B_C,1
3wtl_C_D,1
3wtl_D_E,1
3wtn_F_G,1
3wtn_F_J,1
3wtn_G_H,1
3wtn_H_I,1
3wtn_I_J,1
3wtz_A_B,1
3wu3_A_B,1
3wu3_A_F,1
3wu3_B_C,1
3wu3_C_D,1
3wu3_D_E,1
3wu3_E_F,1
3wu5_A_B,1
3wu5_A_F,1
3wu5_B_C,1
3wu5_C_D,1
3wu5_D_E,1
3wu5_E_F,1
3wv8_A_B,1
3wve_A_B,1
3wvh_C_D,1
3wvi_A_B,1
3wvi_C_D,1
3wvk_A_B,1
3wvq_C_D,1
3ww2_A_B,1
3ww4_A_B,1
3ww7_A_B,1
3ww7_A_C,1
3ww7_B_C,1
3ww8_A_B,1
3wwf_A_B,1
3wwf_A_C,1
3wwf_B_C,1
3wwn_A_B,1
3wwz_A_B,1
3wx7_A_B,1
3wxm_A_B,1
3wxm_C_D,1
3wxm_E_F,1
3wxm_G_H,1
3wxr_1_2,1
3wxr_1_I,1
3wxr_1_J,1
3wxr_1_S,1
3wxr_1_T,1
3wxr_1_Z,1
3wxr_2_H,1
3wxr_2_I,1
3wxr_2_T,1
3wxr_2_U,1
3wxr_2_V,1
3wxr_A_B,1
3wxr_A_G,1
3wxr_A_H,1
3wxr_A_I,1
3wxr_B_C,1
3wxr_B_I,1
3wxr_B_J,1
3wxr_C_D,1
3wxr_C_J,1
3wxr_C_K,1
3wxr_D_E,1
3wxr_D_K,1
3wxr_D_L,1
3wxr_E_F,1
3wxr_E_L,1
3wxr_E_M,1
3wxr_F_G,1
3wxr_F_M,1
3wxr_F_N,1
3wxr_G_H,1
3wxr_G_N,1
3wxr_H_I,1
3wxr_H_N,1
3wxr_H_V,1
3wxr_I_J,1
3wxr_J_K,1
3wxr_J_Z,1
3wxr_K_L,1
3wxr_K_Y,1
3wxr_K_Z,1
3wxr_L_M,1
3wxr_L_X,1
3wxr_L_Y,1
3wxr_M_N,1
3wxr_M_W,1
3wxr_M_X,1
3wxr_N_V,1
3wxr_N_W,1
3wxr_O_P,1
3wxr_O_U,1
3wxr_O_V,1
3wxr_O_W,1
3wxr_P_Q,1
3wxr_P_W,1
3wxr_P_X,1
3wxr_Q_R,1
3wxr_Q_X,1
3wxr_Q_Y,1
3wxr_R_S,1
3wxr_R_Y,1
3wxr_R_Z,1
3wxr_S_T,1
3wxr_S_Z,1
3wxr_T_U,1
3wxr_U_V,1
3wxr_V_W,1
3wxr_W_X,1
3wxr_X_Y,1
3wxr_Y_Z,1
3wxx_G_H,1
3wxy_A_B,1
3wy0_A_B,1
3wyb_A_B,1
3wyd_A_B,1
3wyk_A_B,1
3wyp_A_B,1
3wyp_A_D,1
3wyp_B_C,1
3wyp_C_D,1
3wyq_A_B,1
3wzg_A_B,1
3wzp_A_B,1
3wzp_A_C,1
3wzp_B_D,1
3wzp_C_D,1
3wzq_A_B,1
3wzq_A_C,1
3wzq_B_D,1
3wzq_C_D,1
3wzz_A_B,1
3x00_A_B,1
3x00_A_D,1
3x00_B_C,1
3x00_C_D,1
3x03_A_B,1
3x08_A_B,1
3x0a_A_B,1
3x0c_A_B,1
3x15_A_G,1
3x15_D_J,1
3x1b_A_B,1
3x1j_A_B,1
3x1j_A_C,1
3x1j_B_C,1
3x1l_A_B,1
3x1l_A_C,1
3x1l_A_F,1
3x1l_B_C,1
3x1l_C_D,1
3x1l_C_F,1
3x1l_D_E,1
3x1l_D_F,1
3x1l_D_G,1
3x1l_E_G,1
3x1l_E_H,1
3x1l_F_G,1
3x1l_G_H,1
3x1v_A_B,1
3x1v_A_E,1
3x1v_A_G,1
3x1v_B_D,1
3x1v_B_G,1
3x1v_B_H,1
3x1v_C_D,1
3x1v_C_E,1
3x1v_C_F,1
3x1v_D_F,1
3x1v_E_F,1
3x1v_F_H,1
3x1v_G_H,1
3x21_A_B,1
3x21_C_D,1
3x21_E_F,1
3x21_G_H,1
3x21_I_J,1
3x27_A_B,1
3x27_C_D,1
3x2e_A_B,1
3x2e_A_C,1
3x2e_A_D,1
3x2e_B_C,1
3x2e_B_D,1
3x2e_C_D,1
3x2f_A_B,1
3x3u_A_B,1
3x3u_A_C,1
3x3u_B_C,1
3x3z_A_B,1
3x43_A_B,1
3x43_A_D,1
3x43_B_C,1
3x43_C_D,1
3x43_E_F,1
3x43_E_H,1
3x43_F_G,1
3x43_G_H,1
3xim_A_B,1
3xim_A_C,1
3xim_A_D,1
3xim_B_C,1
3xim_B_D,1
3xim_C_D,1
3ygs_C_P,1
3ypi_A_B,1
3zbk_A_B,1
3zbn_A_B,1
3zcb_A_B,1
3zcd_A_B,1
3ze5_A_B,1
3ze5_A_C,1
3ze5_B_C,1
3zec_A_B,1
3zeu_A_B,1
3zeu_D_E,1
3zha_A_B,1
3zhb_A_B,1
3zhb_C_D,1
3zhe_A_B,1
3zhe_C_D,1
3zho_A_B,1
3zhq_A_B,1
3zhq_C_D,1
3zhr_A_B,1
3zhr_C_D,1
3zhs_A_B,1
3zhs_C_D,1
3zhx_A_B,1
3zhy_A_B,1
3zjb_A_B,1
3zjb_A_C,1
3zjb_B_C,1
3zjf_A_B,1
3zjj_A_B,1
3zjm_A_B,1
3zjo_A_B,1
3zjq_A_B,1
3zk1_A_B,1
3zk1_A_K,1
3zk1_B_C,1
3zk1_C_D,1
3zk1_D_E,1
3zk1_E_F,1
3zk1_F_G,1
3zk1_G_H,1
3zk1_H_I,1
3zk1_I_J,1
3zk1_J_K,1
3zk2_A_B,1
3zk2_A_K,1
3zk2_B_C,1
3zk2_C_D,1
3zk2_D_E,1
3zk2_E_F,1
3zk2_F_G,1
3zk2_G_H,1
3zk2_H_I,1
3zk2_I_J,1
3zk2_J_K,1
3zk2_L_M,1
3zk2_L_V,1
3zk2_M_N,1
3zk2_N_O,1
3zk2_O_P,1
3zk2_P_Q,1
3zk2_Q_R,1
3zk2_R_S,1
3zk2_S_T,1
3zk2_T_U,1
3zk2_U_V,1
3zkb_A_B,1
3zkb_C_D,1
3zkb_I_J,1
3zkb_M_N,1
3zkd_A_B,1
3zkd_C_D,1
3zkd_E_F,1
3zkd_G_H,1
3zke_A_C,1
3zke_E_G,1
3zke_I_K,1
3zla_A_B,1
3zla_A_D,1
3zla_B_C,1
3zla_C_D,1
3zla_E_F,1
3zla_E_H,1
3zla_F_G,1
3zla_G_H,1
3zlk_A_B,1
3zlk_C_D,1
3zlr_A_B,1
3zmb_A_B,1
3zmd_A_B,1
3zmd_C_D,1
3zmk_A_C,1
3zmk_B_D,1
3zms_A_B,1
3zms_A_C,1
3zmu_A_B,1
3zmv_A_B,1
3zn1_A_B,1
3zn2_A_B,1
3zn5_A_B,1
3zn5_E_F,1
3zn5_G_H,1
3znn_A_B,1
3zoe_A_B,1
3zoh_A_B,1
3zoh_C_D,1
3zol_A_B,1
3zop_A_B,1
3zop_A_C,1
3zop_B_C,1
3zop_D_E,1
3zop_D_F,1
3zop_E_F,1
3zp4_D_E,1
3zp4_D_F,1
3zp4_E_F,1
3zp7_D_E,1
3zp7_D_F,1
3zp7_E_F,1
3zpc_A_B,1
3zpn_A_B,1
3zpn_C_D,1
3zps_A_B,1
3zq4_A_C,1
3zq4_A_E,1
3zq4_C_D,1
3zq4_D_E,1
3zqi_A_B,1
3zrd_A_B,1
3zrf_A_B,1
3zrf_B_C,1
3zrf_D_E,1
3zrf_E_F,1
3zrf_G_H,1
3zrf_H_I,1
3zrf_J_K,1
3zrf_K_L,1
3zrg_A_B,1
3zrv_A_B,1
3zrw_A_B,1
3zrw_C_D,1
3zrx_A_B,1
3zs1_B_D,1
3zs8_A_B,1
3zs8_A_C,1
3zs8_A_D,1
3zs8_B_C,1
3zs8_B_D,1
3zss_A_B,1
3zss_C_D,1
3zw7_A_B,1
3zwd_A_B,1
3zwe_A_B,1
3zwe_A_C,1
3zwe_B_C,1
3zwf_A_B,1
3zwk_A_B,1
3zwo_E_H,1
3zwp_A_B,1
3zwp_G_H,1
3zwq_A_B,1
3zwx_A_B,1
3zwx_C_D,1
3zwx_E_F,1
3zwx_G_H,1
3zwy_C_D,1
3zwy_E_F,1
3zwy_G_H,1
3zx0_A_B,1
3zx0_C_D,1
3zx2_A_B,1
3zx2_C_D,1
3zx6_A_B,1
3zxo_A_B,1
3zxq_A_B,1
3zxr_A_B,1
3zxr_A_F,1
3zxr_B_C,1
3zxr_C_D,1
3zxr_D_E,1
3zxr_E_F,1
3zyf_A_B,1
3zyf_C_D,1
3zyr_A_B,1
3zyv_A_B,1
3zyv_C_D,1
3zyx_A_B,1
3zyy_X_Y,1
3zzf_A_B,1
3zzf_A_D,1
3zzf_B_C,1
3zzf_C_D,1
3zzh_A_B,1
3zzh_A_D,1
3zzh_B_C,1
3zzh_C_D,1
3zzl_A_B,1
3zzl_B_C,1
3zzm_A_B,1
3zzn_A_B,1
3zzn_A_D,1
3zzn_B_C,1
3zzn_C_D,1
3zzw_A_B,1
3zzx_A_B,1
4a03_A_B,1
4a08_A_B,1
4a09_A_B,1
4a0g_A_B,1
4a0m_A_B,1
4a0s_A_B,1
4a0s_A_C,1
4a0s_A_D,1
4a0s_B_C,1
4a0s_B_D,1
4a0s_C_D,1
4a0t_A_B,1
4a0t_A_C,1
4a0t_B_C,1
4a0u_A_B,1
4a0u_A_C,1
4a0u_B_C,1
4a10_A_B,1
4a10_A_C,1
4a10_A_D,1
4a10_B_C,1
4a10_B_D,1
4a10_C_D,1
4a12_A_B,1
4a12_C_D,1
4a1f_A_B,1
4a1g_A_E,1
4a1j_A_B,1
4a1o_A_B,1
4a1r_A_B,1
4a1r_C_D,1
4a1w_A_D,1
4a1z_A_B,1
4a26_A_B,1
4a2c_A_B,1
4a34_A_B,1
4a34_A_E,1
4a34_A_F,1
4a34_A_J,1
4a34_B_C,1
4a34_B_G,1
4a34_C_D,1
4a34_C_H,1
4a34_D_E,1
4a34_D_H,1
4a34_D_I,1
4a34_E_I,1
4a34_E_J,1
4a34_F_G,1
4a34_F_J,1
4a34_G_H,1
4a34_H_I,1
4a34_I_J,1
4a34_K_L,1
4a34_K_O,1
4a34_K_P,1
4a34_L_M,1
4a34_L_P,1
4a34_L_Q,1
4a34_M_N,1
4a34_M_Q,1
4a34_M_R,1
4a34_N_O,1
4a34_N_R,1
4a34_N_S,1
4a34_O_S,1
4a34_O_T,1
4a34_P_Q,1
4a34_P_T,1
4a34_Q_R,1
4a34_R_S,1
4a34_S_T,1
4a3d_A_B,1
4a3d_A_C,1
4a3d_A_D,1
4a3d_A_E,1
4a3d_A_F,1
4a3d_A_G,1
4a3d_A_H,1
4a3d_A_I,1
4a3d_A_K,1
4a3d_B_C,1
4a3d_B_D,1
4a3d_B_I,1
4a3d_B_J,1
4a3d_B_K,1
4a3d_B_L,1
4a3d_C_J,1
4a3d_C_K,1
4a3d_C_L,1
4a3d_D_G,1
4a3d_F_G,1
4a3g_A_B,1
4a3g_A_C,1
4a3g_A_D,1
4a3g_A_E,1
4a3g_A_F,1
4a3g_A_G,1
4a3g_A_H,1
4a3g_A_I,1
4a3g_A_K,1
4a3g_B_C,1
4a3g_B_D,1
4a3g_B_I,1
4a3g_B_J,1
4a3g_B_K,1
4a3g_B_L,1
4a3g_C_J,1
4a3g_C_K,1
4a3g_C_L,1
4a3g_D_G,1
4a3g_F_G,1
4a3l_A_B,1
4a3l_A_C,1
4a3l_A_D,1
4a3l_A_E,1
4a3l_A_F,1
4a3l_A_G,1
4a3l_A_H,1
4a3l_A_I,1
4a3l_A_K,1
4a3l_B_C,1
4a3l_B_D,1
4a3l_B_I,1
4a3l_B_J,1
4a3l_B_K,1
4a3l_B_L,1
4a3l_C_J,1
4a3l_C_K,1
4a3l_C_L,1
4a3l_D_G,1
4a3l_F_G,1
4a3t_A_B,1
4a3y_A_B,1
4a59_A_B,1
4a59_A_C,1
4a59_A_D,1
4a59_B_C,1
4a59_B_D,1
4a59_C_D,1
4a5m_A_B,1
4a5m_C_D,1
4a5m_G_H,1
4a5n_A_B,1
4a5o_A_B,1
4a5o_C_D,1
4a5s_A_B,1
4a5y_A_C,1
4a5y_B_C,1
4a5z_A_C,1
4a63_C_D,1
4a69_A_C,1
4a6a_A_B,1
4a6a_A_C,1
4a6a_A_E,1
4a6a_B_D,1
4a6a_B_F,1
4a6a_C_D,1
4a6a_C_E,1
4a6a_D_F,1
4a6a_E_F,1
4a6h_A_B,1
4a6h_A_C,1
4a6h_A_D,1
4a6h_B_C,1
4a6h_B_D,1
4a6s_A_B,1
4a6s_C_D,1
4a72_C_D,1
4a7w_A_B,1
4a7x_A_B,1
4a7x_C_D,1
4a82_A_B,1
4a82_C_D,1
4a8p_D_E,1
4a8p_D_F,1
4a8p_E_F,1
4a97_A_B,1
4a97_A_E,1
4a97_B_C,1
4a97_C_D,1
4a97_D_E,1
4a9a_A_C,1
4a9a_B_D,1
4a9m_A_B,1
4a9n_A_B,1
4a9w_A_B,1
4aaf_A_B,1
4aag_A_B,1
4aal_A_B,1
4aao_A_B,1
4aay_C_D,1
4aay_C_E,1
4aay_C_F,1
4aay_D_E,1
4aay_E_F,1
4abt_A_B,1
4abx_A_D,1
4abx_B_C,1
4acd_A_B,1
4acg_A_B,1
4ach_A_B,1
4adc_A_B,1
4adc_C_D,1
4add_C_D,1
4adl_A_B,1
4adl_A_C,1
4adl_A_D,1
4adl_B_C,1
4adl_B_D,1
4adl_C_D,1
4adn_A_B,1
4adt_A_B,1
4afy_A_B,1
4ag0_A_B,1
4ag3_A_B,1
4ag3_A_D,1
4ag3_B_C,1
4ag3_C_D,1
4ag9_A_B,1
4agi_A_B,1
4agi_C_D,1
4agv_A_B,1
4agv_A_C,1
4agv_B_D,1
4agv_C_D,1
4ah3_A_C,1
4ah3_B_D,1
4ah7_A_C,1
4ah7_A_D,1
4ah7_B_C,1
4ah7_B_D,1
4aha_A_B,1
4aho_A_C,1
4aho_A_D,1
4aho_B_C,1
4aho_B_D,1
4ahq_A_C,1
4ahq_A_D,1
4ahq_B_C,1
4ahq_B_D,1
4aib_A_B,1
4aih_A_B,1
4aih_C_D,1
4aip_A_B,1
4aip_A_C,1
4aip_B_C,1
4aj1_A_B,1
4aj1_A_C,1
4aj1_A_D,1
4aj1_B_C,1
4aj1_B_D,1
4aj1_C_D,1
4aj2_A_B,1
4aj2_A_C,1
4aj2_A_D,1
4aj2_B_C,1
4aj2_B_D,1
4aj2_C_D,1
4aj7_A_B,1
4aj8_A_B,1
4aj9_A_B,1
4aj9_A_C,1
4aj9_A_D,1
4aj9_B_C,1
4aj9_B_D,1
4aj9_C_D,1
4ajo_A_B,1
4ajo_A_C,1
4ajo_A_D,1
4ajo_B_C,1
4ajo_B_D,1
4ajo_C_D,1
4ajp_A_B,1
4ajp_A_C,1
4ajp_A_D,1
4ajp_B_C,1
4ajp_B_D,1
4ajp_C_D,1
4ak5_A_B,1
4ak7_A_B,1
4akn_A_B,1
4al4_A_B,1
4al4_A_C,1
4al4_A_D,1
4al4_B_C,1
4al4_B_D,1
4al4_C_D,1
4al9_E_F,1
4al9_E_H,1
4al9_F_G,1
4al9_G_H,1
4ali_A_B,1
4ali_A_C,1
4ali_A_D,1
4ali_B_C,1
4ali_B_D,1
4ali_C_D,1
4alk_A_B,1
4alk_A_C,1
4alk_A_D,1
4alk_B_C,1
4alk_B_D,1
4alk_C_D,1
4alm_A_B,1
4alm_A_D,1
4alm_B_C,1
4alm_C_D,1
4alo_A_B,1
4am2_A_B,1
4am4_A_B,1
4am8_A_B,1
4am8_A_C,1
4am8_B_C,1
4ama_A_C,1
4ama_A_D,1
4ama_B_C,1
4ama_B_D,1
4amb_A_B,1
4amv_B_C,1
4an4_A_B,1
4an4_C_D,1
4and_A_B,1
4anf_A_C,1
4anf_B_D,1
4ao4_A_B,1
4ao5_A_B,1
4ao5_A_C,1
4ao5_B_C,1
4ao5_D_E,1
4ao5_D_F,1
4ao5_E_F,1
4ao9_A_B,1
4aoy_B_D,1
4aq2_A_B,1
4aq2_A_C,1
4aq2_A_D,1
4aq2_A_E,1
4aq2_B_C,1
4aq2_B_E,1
4aq2_B_F,1
4aq2_C_D,1
4aq2_C_F,1
4aq2_D_E,1
4aq2_D_F,1
4aq2_E_F,1
4aqa_A_B,1
4aqe_A_B,1
4aqn_A_B,1
4aqp_A_B,1
4aqp_C_D,1
4aqx_A_B,1
4aqy_B_H,1
4aqy_C_J,1
4aqy_C_N,1
4aqy_E_H,1
4aqy_F_R,1
4aqy_J_N,1
4aqy_K_R,1
4aqy_M_S,1
4art_A_B,1
4as4_A_B,1
4as5_A_B,1
4as5_C_D,1
4asu_A_D,1
4asu_A_E,1
4asu_A_G,1
4asu_B_E,1
4asu_B_F,1
4asu_C_D,1
4asu_C_F,1
4asu_D_G,1
4asu_E_G,1
4asu_F_G,1
4asu_G_H,1
4asu_G_I,1
4asu_H_I,1
4at8_C_D,1
4atb_C_D,1
4ath_A_B,1
4atk_A_B,1
4atq_A_B,1
4atq_A_D,1
4atq_B_C,1
4atq_C_D,1
4atq_I_J,1
4atq_I_L,1
4atq_J_K,1
4atq_K_L,1
4atv_A_B,1
4aum_A_B,1
4aum_A_C,1
4aum_A_D,1
4aum_B_C,1
4aum_B_D,1
4aum_C_D,1
4aun_A_B,1
4aun_A_G,1
4aun_A_H,1
4aun_B_G,1
4aun_B_H,1
4aun_G_H,1
4auw_A_B,1
4auw_E_F,1
4av7_A_D,1
4avs_A_B,1
4avs_A_E,1
4avs_B_C,1
4avs_C_D,1
4avs_D_E,1
4awj_A_B,1
4awj_B_C,1
4awj_D_E,1
4awj_E_F,1
4awx_A_B,1
4axh_A_B,1
4axw_A_B,1
4ay3_A_B,1
4aye_A_D,1
4aym_A_D,1
4aym_B_C,1
4ayu_A_C,1
4ayu_A_D,1
4ayu_B_C,1
4ayu_B_E,1
4ayu_D_E,1
4az3_A_B,1
4azd_A_B,1
4azj_A_B,1
4b1b_A_B,1
4b2d_A_B,1
4b2d_A_C,1
4b2d_B_D,1
4b2d_C_D,1
4b31_A_B,1
4b31_A_C,1
4b31_A_D,1
4b31_B_C,1
4b31_B_D,1
4b31_C_D,1
4b3r_B_H,1
4b3r_C_J,1
4b3r_C_N,1
4b3r_D_E,1
4b3r_E_H,1
4b3r_F_R,1
4b3r_J_N,1
4b3r_K_R,1
4b3r_M_S,1
4b3s_B_H,1
4b3s_C_J,1
4b3s_C_N,1
4b3s_E_H,1
4b3s_F_R,1
4b3s_J_N,1
4b3s_K_R,1
4b3s_M_S,1
4b3u_A_B,1
4b3u_C_D,1
4b3w_A_B,1
4b40_A_B,1
4b40_A_C,1
4b40_A_D,1
4b40_B_C,1
4b40_B_D,1
4b40_C_D,1
4b42_A_C,1
4b42_B_D,1
4b4g_A_D,1
4b4g_B_C,1
4b4m_A_B,1
4b4m_C_D,1
4b5q_A_B,1
4b6i_A_D,1
4b6i_B_C,1
4b71_A_B,1
4b73_A_B,1
4b75_A_B,1
4b7g_A_B,1
4b7g_A_C,1
4b7g_A_D,1
4b7g_B_C,1
4b7g_B_D,1
4b7g_C_D,1
4b7v_A_B,1
4b7x_A_B,1
4b7x_C_D,1
4b7x_E_F,1
4b7x_G_H,1
4b8b_A_B,1
4b8w_A_B,1
4b8x_A_B,1
4b95_A_B,1
4b95_B_C,1
4b95_J_K,1
4b95_K_L,1
4b9k_A_B,1
4b9k_B_C,1
4b9k_D_E,1
4b9k_E_F,1
4ba2_A_B,1
4ba2_A_I,1
4bac_A_B,1
4bc7_C_D,1
4bc9_A_B,1
4bc9_C_D,1
4bdy_A_B,1
4be3_A_B,1
4be9_A_B,1
4bej_A_B,1
4bej_C_D,1
4bem_A_B,1
4bem_A_J,1
4bem_B_C,1
4bem_C_D,1
4bem_D_E,1
4bem_E_F,1
4bem_F_G,1
4bem_G_H,1
4bem_H_I,1
4bem_I_J,1
4bh6_B_J,1
4bhd_A_B,1
4bhk_A_B,1
4bhq_A_B,1
4bhy_A_D,1
4bhy_B_C,1
4bi3_A_B,1
4bi5_Q_R,1
4bi9_A_B,1
4bi9_C_D,1
4bia_A_B,1
4bia_C_D,1
4bif_A_B,1
4bif_A_C,1
4bif_B_D,1
4bif_C_D,1
4bif_E_F,1
4bif_E_G,1
4bif_F_H,1
4bif_G_H,1
4bim_A_B,1
4bim_C_D,1
4biy_A_B,1
4biy_C_D,1
4bj5_A_E,1
4bjh_A_B,1
4bjm_C_D,1
4bjq_A_C,1
4bjq_D_H,1
4bkn_A_B,1
4bkp_A_B,1
4bkp_C_D,1
4bks_A_B,1
4bks_B_C,1
4bks_D_E,1
4bks_E_F,1
4bks_G_H,1
4bks_H_I,1
4bks_J_K,1
4bks_K_L,1
4bl5_B_D,1
4bl5_G_J,1
4bl5_H_I,1
4bl7_A_B,1
4blo_A_B,1
4blo_A_L,1
4blo_B_I,1
4blo_I_J,1
4blo_J_K,1
4blo_K_L,1
4bls_A_B,1
4bls_B_C,1
4bmv_A_B,1
4bmv_C_D,1
4bmv_E_F,1
4bmv_G_J,1
4bmv_H_I,1
4bnh_A_B,1
4bnh_A_C,1
4bnh_A_D,1
4bnh_B_C,1
4bnh_B_D,1
4bnh_C_D,1
4bnj_A_B,1
4bnj_A_C,1
4bnj_A_D,1
4bnj_B_C,1
4bnj_B_D,1
4bnj_C_D,1
4bnj_E_F,1
4bnj_E_G,1
4bnj_E_H,1
4bnj_F_G,1
4bnj_F_H,1
4bnk_E_F,1
4bnk_E_G,1
4bnk_E_H,1
4bnk_F_G,1
4bnk_F_H,1
4bnk_G_H,1
4bnn_E_F,1
4bnn_E_G,1
4bnn_E_H,1
4bnn_F_G,1
4bnn_F_H,1
4bnn_G_H,1
4bnu_A_B,1
4bnu_A_D,1
4bnu_B_C,1
4bnu_C_D,1
4bnx_A_B,1
4bnx_A_D,1
4bnx_B_C,1
4bnx_C_D,1
4bnz_A_B,1
4bnz_A_D,1
4bnz_B_C,1
4bnz_C_D,1
4bo1_A_B,1
4bo1_A_D,1
4bo1_B_C,1
4bo1_C_D,1
4bo3_A_B,1
4bo3_A_D,1
4bo3_B_C,1
4bo3_C_D,1
4bo9_A_B,1
4bo9_A_D,1
4bo9_B_C,1
4bo9_C_D,1
4bof_B_C,1
4bpg_A_B,1
4bq6_B_F,1
4bq6_E_F,1
4bq8_A_C,1
4bq8_B_C,1
4bqp_A_B,1
4bqq_A_B,1
4bqr_A_B,1
4bqr_A_C,1
4bqr_A_D,1
4bqr_B_C,1
4bqr_B_D,1
4bqr_C_D,1
4bqt_A_B,1
4bqt_A_E,1
4bqt_B_C,1
4bqt_C_D,1
4bqt_D_E,1
4br1_A_B,1
4br6_A_B,1
4br6_A_C,1
4br6_A_D,1
4br6_B_D,1
4br6_C_D,1
4bra_A_B,1
4brb_D_E,1
4brb_D_F,1
4brb_E_F,1
4bre_A_B,1
4brk_A_B,1
4brl_A_B,1
4bro_A_B,1
4brp_A_B,1
4brp_C_D,1
4brr_D_E,1
4brr_D_F,1
4brr_E_F,1
4bsz_A_B,1
4bt9_A_B,1
4bta_A_B,1
4bth_A_B,1
4bty_A_B,1
4bul_A_C,1
4bva_A_B,1
4bvp_A_B,1
4bvq_A_B,1
4bvr_A_B,1
4bvs_A_B,1
4bvt_A_B,1
4bw5_A_B,1
4bw5_C_D,1
4bwd_A_B,1
4bwk_A_B,1
4bwl_A_C,1
4bwl_A_D,1
4bwl_B_C,1
4bwl_B_D,1
4bwn_A_B,1
4bww_A_B,1
4bww_A_C,1
4bww_C_D,1
4bwy_A_C,1
4bwy_A_F,1
4bwy_B_C,1
4bwy_B_D,1
4bwy_D_E,1
4bwy_E_F,1
4bwy_G_I,1
4bwy_G_L,1
4bwy_H_I,1
4bwy_H_J,1
4bwy_J_K,1
4bwy_K_L,1
4bx7_A_B,1
4bxc_A_B,1
4bxe_A_B,1
4bxs_A_V,1
4by5_B_D,1
4byy_A_B,1
4bzq_A_B,1
4c01_A_D,1
4c01_A_E,1
4c01_A_F,1
4c01_B_C,1
4c01_B_E,1
4c01_B_F,1
4c01_C_D,1
4c01_C_F,1
4c01_D_E,1
4c0s_A_B,1
4c0z_A_B,1
4c0z_C_D,1
4c0z_E_F,1
4c0z_G_H,1
4c0z_K_L,1
4c11_A_B,1
4c1l_A_B,1
4c1y_C_D,1
4c21_A_B,1
4c2d_A_B,1
4c2h_A_B,1
4c2j_A_B,1
4c2j_C_D,1
4c39_A_B,1
4c3i_A_B,1
4c3i_A_D,1
4c3i_A_E,1
4c3i_A_F,1
4c3i_A_G,1
4c3i_A_H,1
4c3i_A_I,1
4c3i_A_K,1
4c3i_B_C,1
4c3i_B_G,1
4c3i_B_I,1
4c3i_B_J,1
4c3i_B_K,1
4c3i_B_L,1
4c3i_B_M,1
4c3i_B_N,1
4c3i_C_J,1
4c3i_C_K,1
4c3i_C_L,1
4c3i_C_N,1
4c3i_D_G,1
4c3i_F_G,1
4c3i_I_M,1
4c3i_M_N,1
4c3k_D_E,1
4c3k_D_F,1
4c3k_E_F,1
4c3m_A_B,1
4c3m_A_C,1
4c3m_B_C,1
4c3o_A_B,1
4c3o_C_D,1
4c3o_E_F,1
4c3x_A_B,1
4c3x_A_C,1
4c3x_A_D,1
4c3x_B_C,1
4c3x_B_D,1
4c3x_C_D,1
4c3x_E_F,1
4c3x_E_G,1
4c3x_E_H,1
4c3x_F_G,1
4c3x_F_H,1
4c3x_G_H,1
4c46_A_B,1
4c46_A_C,1
4c46_B_C,1
4c4u_A_B,1
4c4u_A_C,1
4c4u_A_D,1
4c4u_B_C,1
4c4u_B_D,1
4c4u_C_D,1
4c4u_E_F,1
4c4u_E_G,1
4c4u_E_H,1
4c4u_F_G,1
4c4u_F_H,1
4c4u_G_H,1
4c4u_I_J,1
4c4u_I_K,1
4c4u_I_L,1
4c4u_J_K,1
4c4u_J_L,1
4c4u_K_L,1
4c4u_M_N,1
4c4u_M_O,1
4c4u_M_P,1
4c4u_N_O,1
4c4u_N_P,1
4c4u_O_P,1
4c50_A_B,1
4c51_A_B,1
4c52_A_B,1
4c5b_A_B,1
4c5d_A_B,1
4c5e_A_B,1
4c5e_A_C,1
4c5e_B_D,1
4c5e_C_D,1
4c5j_A_D,1
4c5j_B_C,1
4c5o_A_B,1
4c5o_C_D,1
4c5o_E_F,1
4c5o_G_H,1
4c5r_A_B,1
4c5r_A_C,1
4c5r_A_D,1
4c5r_B_C,1
4c5r_B_D,1
4c5r_C_D,1
4c5z_A_B,1
4c6t_C_D,1
4c71_A_B,1
4c72_A_B,1
4c73_A_B,1
4c7k_A_B,1
4c7n_A_B,1
4c7w_A_B,1
4c85_A_B,1
4c87_A_B,1
4c88_A_C,1
4c88_B_D,1
4c8a_A_B,1
4c8g_A_B,1
4c8g_A_C,1
4c8g_B_C,1
4c8h_A_B,1
4c8h_A_C,1
4c8h_B_C,1
4c8i_A_B,1
4c8i_A_C,1
4c8i_B_C,1
4c8r_A_B,1
4c8t_A_B,1
4c90_A_B,1
4c99_A_B,1
4c99_A_C,1
4c99_C_D,1
4c9f_C_D,1
4c9r_A_B,1
4c9r_A_C,1
4c9r_C_D,1
4c9u_C_D,1
4c9v_A_B,1
4ca1_A_B,1
4ca4_A_B,1
4cab_A_B,1
4cab_C_D,1
4cao_A_B,1
4cap_A_B,1
4car_A_B,1
4ccf_A_B,1
4ccf_A_C,1
4ccf_B_C,1
4ccf_D_E,1
4ccf_D_F,1
4ccf_E_F,1
4ccm_A_B,1
4ccn_A_B,1
4cco_A_B,1
4cdt_A_B,1
4cdu_A_B,1
4cdu_A_C,1
4cdu_A_D,1
4cdu_B_C,1
4cdu_B_D,1
4cdu_C_D,1
4cdx_A_B,1
4cdx_A_C,1
4cdx_B_C,1
4cdx_B_D,1
4cei_A_B,1
4cev_A_B,1
4cev_A_C,1
4cev_B_C,1
4cex_A_C,1
4cex_B_C,1
4cfg_A_B,1
4cfh_A_B,1
4cfh_A_E,1
4cfh_B_E,1
4cgr_A_B,1
4cgu_A_B,1
4cgx_A_B,1
4chg_C_D,1
4chg_C_I,1
4chg_D_I,1
4chg_E_F,1
4chg_E_J,1
4chg_F_J,1
4chu_A_B,1
4ckb_A_B,1
4ckb_D_E,1
4ckc_A_B,1
4ckc_D_E,1
4cke_A_B,1
4cke_D_E,1
4ckp_A_B,1
4ckp_B_C,1
4ckp_C_D,1
4ckp_D_E,1
4ckp_E_F,1
4ckz_A_B,1
4cl1_A_B,1
4cl1_A_D,1
4cl1_C_D,1
4cl3_A_D,1
4cl6_C_D,1
4cle_A_B,1
4cle_A_C,1
4cle_A_D,1
4cle_B_C,1
4cle_B_D,1
4cle_C_D,1
4clq_A_B,1
4clx_A_B,1
4clx_A_C,1
4clx_A_D,1
4clx_B_C,1
4clx_B_D,1
4clx_C_D,1
4cm5_A_B,1
4cm5_A_C,1
4cm5_A_D,1
4cm5_B_C,1
4cm5_B_D,1
4cm5_C_D,1
4cm7_A_B,1
4cm7_A_C,1
4cm7_A_D,1
4cm7_B_C,1
4cm7_B_D,1
4cm7_C_D,1
4cmd_A_B,1
4cme_A_B,1
4cme_A_C,1
4cme_A_D,1
4cme_B_C,1
4cme_B_D,1
4cme_C_D,1
4cmg_A_B,1
4cmg_A_C,1
4cmg_A_D,1
4cmg_B_C,1
4cmg_B_D,1
4cmg_C_D,1
4cmi_A_B,1
4cmi_A_C,1
4cmi_A_D,1
4cmi_B_C,1
4cmi_B_D,1
4cmi_C_D,1
4cmm_A_B,1
4cmx_A_B,1
4cmy_A_J,1
4cmy_A_M,1
4cmy_A_O,1
4cmy_A_V,1
4cmy_A_W,1
4cmy_B_C,1
4cmy_B_I,1
4cmy_B_R,1
4cmy_B_S,1
4cmy_B_U,1
4cmy_C_D,1
4cmy_C_E,1
4cmy_C_L,1
4cmy_C_R,1
4cmy_D_E,1
4cmy_D_F,1
4cmy_D_N,1
4cmy_D_R,1
4cmy_E_H,1
4cmy_E_L,1
4cmy_E_P,1
4cmy_F_G,1
4cmy_F_N,1
4cmy_F_R,1
4cmy_F_T,1
4cmy_G_N,1
4cmy_G_O,1
4cmy_G_T,1
4cmy_G_V,1
4cmy_H_K,1
4cmy_H_L,1
4cmy_H_M,1
4cmy_H_P,1
4cmy_I_Q,1
4cmy_I_R,1
4cmy_I_S,1
4cmy_I_T,1
4cmy_J_K,1
4cmy_J_M,1
4cmy_J_W,1
4cmy_J_X,1
4cmy_K_L,1
4cmy_K_U,1
4cmy_K_X,1
4cmy_L_U,1
4cmy_M_O,1
4cmy_M_P,1
4cmy_N_O,1
4cmy_N_P,1
4cmy_O_P,1
4cmy_Q_S,1
4cmy_Q_T,1
4cmy_Q_V,1
4cmy_Q_W,1
4cmy_S_U,1
4cmy_S_X,1
4cmy_T_V,1
4cmy_U_X,1
4cmy_V_W,1
4cmy_W_X,1
4cn1_A_B,1
4cn2_C_D,1
4cnd_A_B,1
4cnn_A_B,1
4cnp_A_B,1
4cnq_A_B,1
4cnz_A_B,1
4cnz_A_C,1
4cnz_B_C,1
4cnz_D_E,1
4cnz_D_F,1
4cnz_E_F,1
4cpb_A_B,1
4cpb_A_D,1
4cpb_B_C,1
4cpb_C_D,1
4cpc_A_B,1
4cpc_A_C,1
4cpc_A_D,1
4cpc_B_C,1
4cpc_B_D,1
4cpc_C_D,1
4cpc_E_F,1
4cpc_E_G,1
4cpc_E_H,1
4cpc_F_G,1
4cpc_F_H,1
4cpc_G_H,1
4cpd_A_D,1
4cph_A_B,1
4cph_A_C,1
4cph_B_D,1
4cph_C_D,1
4cpi_A_B,1
4cpo_A_B,1
4cpq_A_B,1
4cpr_A_B,1
4cps_A_B,1
4cpu_A_B,1
4cpx_A_B,1
4cpy_A_B,1
4cq5_A_B,1
4cq5_A_C,1
4cq5_A_D,1
4cq5_B_C,1
4cq5_B_D,1
4cq5_C_D,1
4cqb_A_B,1
4cqd_A_B,1
4cql_M_N,1
4cql_M_P,1
4cql_N_O,1
4cql_O_P,1
4cqm_A_B,1
4cqm_A_D,1
4cqm_B_C,1
4cqm_C_D,1
4cqm_E_F,1
4cqm_E_G,1
4cqm_E_H,1
4cqm_F_G,1
4cqm_G_H,1
4cqm_I_J,1
4cqm_I_L,1
4cqm_J_K,1
4cqm_K_L,1
4cqm_M_N,1
4cqm_M_P,1
4cqm_N_O,1
4cqm_O_P,1
4cr6_A_B,1
4cr6_A_C,1
4cr6_A_D,1
4cr6_B_C,1
4cr6_B_D,1
4cr6_C_D,1
4cri_A_B,1
4crt_A_B,1
4cs9_A_B,1
4cs9_A_C,1
4cs9_A_E,1
4cs9_B_C,1
4cs9_B_E,1
4cs9_C_E,1
4csf_A_B,1
4csf_A_F,1
4csf_B_C,1
4csf_E_F,1
4csf_G_H,1
4csf_G_L,1
4csf_H_I,1
4csf_I_J,1
4csf_J_K,1
4csf_K_L,1
4csf_M_N,1
4csf_M_R,1
4csf_N_O,1
4csf_O_P,1
4csf_P_Q,1
4csf_Q_R,1
4csf_S_T,1
4csf_S_X,1
4csf_T_U,1
4csf_U_V,1
4csf_V_W,1
4csf_W_X,1
4csw_A_B,1
4ct0_A_B,1
4ct7_A_B,1
4ct8_A_B,1
4cta_A_B,1
4cti_A_B,1
4ctw_A_B,1
4ctz_A_B,1
4cu0_A_B,1
4cu1_A_B,1
4cuz_A_B,1
4cuz_A_C,1
4cuz_A_D,1
4cuz_B_C,1
4cuz_B_D,1
4cuz_C_D,1
4cv0_A_B,1
4cv0_A_C,1
4cv0_A_D,1
4cv0_B_C,1
4cv0_B_D,1
4cv0_C_D,1
4cvg_A_B,1
4cvn_C_G,1
4cvy_A_C,1
4cvy_B_D,1
4cw7_A_B,1
4cw7_C_D,1
4cw7_E_F,1
4cw7_G_H,1
4cw9_A_B,1
4cwv_A_B,1
4cwx_A_B,1
4cwy_A_B,1
4cwz_A_B,1
4cx0_A_B,1
4cx1_A_B,1
4cx2_A_B,1
4cx3_A_B,1
4cx5_A_B,1
4cx6_A_B,1
4cx9_A_B,1
4cxq_A_B,1
4d0v_A_B,1
4d0v_A_C,1
4d0v_B_C,1
4d11_A_B,1
4d11_D_E,1
4d1f_A_B,1
4d1f_A_C,1
4d1f_B_C,1
4d1f_D_E,1
4d1f_D_F,1
4d1f_E_F,1
4d1f_G_H,1
4d1f_G_I,1
4d1f_H_I,1
4d1f_J_K,1
4d1f_J_L,1
4d1f_K_L,1
4d1g_A_B,1
4d1g_A_C,1
4d1g_B_C,1
4d1g_D_E,1
4d1g_D_F,1
4d1g_E_F,1
4d1g_G_H,1
4d1g_G_I,1
4d1g_H_I,1
4d1g_J_K,1
4d1g_J_L,1
4d1g_K_L,1
4d1n_A_B,1
4d1n_A_C,1
4d1n_B_D,1
4d1n_C_D,1
4d1p_A_B,1
4d1y_A_B,1
4d2e_A_B,1
4d2e_A_C,1
4d2g_A_B,1
4d2g_A_C,1
4d2g_B_C,1
4d2i_A_B,1
4d2w_A_D,1
4d2w_B_C,1
4d2z_A_B,1
4d32_A_B,1
4d33_A_B,1
4d36_A_B,1
4d37_A_B,1
4d38_A_B,1
4d3q_A_B,1
4d41_E_F,1
4d41_E_G,1
4d41_E_H,1
4d41_F_G,1
4d41_F_H,1
4d41_G_H,1
4d42_A_B,1
4d42_A_C,1
4d42_A_D,1
4d42_B_C,1
4d42_B_D,1
4d42_C_D,1
4d43_A_B,1
4d43_A_C,1
4d43_A_D,1
4d43_B_C,1
4d43_B_D,1
4d43_C_D,1
4d46_A_B,1
4d4o_A_B,1
4d4o_A_C,1
4d60_A_I,1
4d60_C_D,1
4d60_E_K,1
4d60_F_H,1
4d60_G_M,1
4d60_J_L,1
4d60_O_P,1
4d87_A_B,1
4d8u_A_B,1
4d8u_C_D,1
4d8v_A_B,1
4d8w_A_B,1
4d8w_C_D,1
4d92_A_B,1
4d96_A_B,1
4d96_C_D,1
4d97_A_B,1
4d99_A_B,1
4d99_C_D,1
4d9c_A_B,1
4d9c_C_D,1
4d9f_A_B,1
4d9f_C_D,1
4d9g_A_B,1
4d9h_A_B,1
4d9m_A_B,1
4da9_A_C,1
4da9_A_D,1
4da9_B_C,1
4da9_B_D,1
4dam_I_J,1
4dam_I_L,1
4dam_J_K,1
4dam_K_L,1
4dan_A_B,1
4dao_A_B,1
4db1_A_B,1
4dbg_A_B,1
4dbh_A_B,1
4dbp_A_C,1
4dbq_A_B,1
4dbv_O_P,1
4dbv_O_Q,1
4dbv_O_R,1
4dbv_P_Q,1
4dbv_P_R,1
4dbv_Q_R,1
4dc9_A_B,1
4dc9_A_F,1
4dc9_B_C,1
4dc9_C_D,1
4dc9_D_E,1
4dc9_E_F,1
4dcf_A_B,1
4dcf_C_D,1
4dcz_A_B,1
4ddh_A_B,1
4ddn_A_B,1
4ddn_A_C,1
4ddn_B_C,1
4ddn_B_D,1
4ddn_C_D,1
4ddq_E_F,1
4de5_A_B,1
4deq_A_B,1
4dev_A_C,1
4dev_A_F,1
4dev_B_D,1
4dev_B_E,1
4dev_C_G,1
4dev_D_H,1
4dev_E_H,1
4dev_F_G,1
4df0_A_B,1
4df9_C_D,1
4df9_E_F,1
4dfe_A_D,1
4dgq_A_B,1
4dgq_A_C,1
4dgq_B_C,1
4dhg_A_C,1
4di0_A_B,1
4dib_A_D,1
4dib_A_E,1
4dib_A_F,1
4dib_D_E,1
4dib_D_F,1
4dib_E_F,1
4dir_A_B,1
4dj2_A_C,1
4dj2_B_D,1
4djb_A_B,1
4djd_A_B,1
4djd_A_C,1
4djd_A_D,1
4djd_B_E,1
4djd_B_F,1
4djd_C_D,1
4djd_E_F,1
4djp_A_B,1
4djq_A_B,1
4djr_A_B,1
4dk1_A_B,1
4dk1_C_D,1
4dk4_A_B,1
4dk7_A_C,1
4dkd_A_B,1
4dkd_A_C,1
4dkm_C_E,1
4dl1_A_B,1
4dl1_A_C,1
4dl1_B_C,1
4dl1_B_D,1
4dl1_C_D,1
4dl1_N_P,1
4dmf_A_B,1
4dmf_C_D,1
4dmk_C_D,1
4dml_A_C,1
4dml_B_D,1
4dmm_A_B,1
4dmm_C_D,1
4dn2_A_B,1
4dn6_A_B,1
4dn7_A_B,1
4dnc_A_B,1
4dne_A_B,1
4dng_A_B,1
4dno_C_D,1
4do2_A_B,1
4do3_A_B,1
4do4_A_B,1
4do6_A_B,1
4doh_A_B,1
4doh_A_R,1
4doh_B_R,1
4doh_C_D,1
4doh_C_E,1
4doh_D_E,1
4doj_A_B,1
4doj_A_C,1
4doj_B_C,1
4doy_A_C,1
4doy_D_F,1
4doy_G_H,1
4dq8_A_B,1
4dq9_A_B,1
4dqc_A_B,1
4dqw_A_B,1
4dqx_A_B,1
4dqx_A_C,1
4dqx_A_D,1
4dqx_B_C,1
4dqx_B_D,1
4dqx_C_D,1
4dqy_A_B,1
4dqy_A_C,1
4dqy_B_C,1
4dqy_D_E,1
4dqy_D_F,1
4dqy_E_F,1
4dr5_B_H,1
4dr5_C_J,1
4dr5_C_N,1
4dr5_D_E,1
4dr5_E_H,1
4dr5_F_R,1
4dr5_G_I,1
4dr5_J_N,1
4dr5_K_R,1
4dr5_M_S,1
4dr6_B_H,1
4dr6_C_J,1
4dr6_C_N,1
4dr6_D_E,1
4dr6_E_H,1
4dr6_F_R,1
4dr6_J_N,1
4dr6_K_R,1
4dr6_M_S,1
4dra_A_D,1
4dra_A_E,1
4dra_B_C,1
4dra_B_F,1
4dra_C_G,1
4dra_D_H,1
4drf_A_B,1
4drf_C_D,1
4dry_A_B,1
4dry_A_C,1
4dry_A_D,1
4dry_B_C,1
4dry_B_D,1
4dry_C_D,1
4dt1_A_B,1
4dt8_A_B,1
4dt9_A_B,1
4dtc_A_B,1
4dug_A_B,1
4dug_A_F,1
4dug_B_C,1
4dug_C_D,1
4dug_D_E,1
4dug_E_F,1
4dul_A_B,1
4dup_A_B,1
4duq_A_B,1
4duv_A_B,1
4duv_A_D,1
4duv_B_C,1
4duv_C_D,1
4dv7_B_H,1
4dv7_C_J,1
4dv7_C_N,1
4dv7_D_E,1
4dv7_E_H,1
4dv7_F_R,1
4dv7_G_I,1
4dv7_J_N,1
4dv7_K_R,1
4dv7_M_S,1
4dve_A_C,1
4dve_B_C,1
4dwh_C_D,1
4dwk_A_B,1
4dwl_A_B,1
4dwl_A_E,1
4dwl_B_C,1
4dwl_C_D,1
4dwl_D_E,1
4dwz_A_F,1
4dwz_B_D,1
4dwz_C_E,1
4dxe_A_B,1
4dxe_A_C,1
4dxe_A_K,1
4dxe_B_C,1
4dxe_B_H,1
4dxe_B_L,1
4dxe_D_E,1
4dxe_D_F,1
4dxe_D_I,1
4dxe_E_F,1
4dxe_E_G,1
4dxe_E_J,1
4dxj_A_B,1
4dxm_A_B,1
4dxm_A_D,1
4dxm_B_C,1
4dxm_C_D,1
4dxv_A_B,1
4dyc_A_B,1
4dyk_A_B,1
4dyu_A_C,1
4dyu_A_E,1
4dyu_A_H,1
4dyu_A_I,1
4dyu_A_K,1
4dyu_B_D,1
4dyu_B_F,1
4dyu_B_G,1
4dyu_B_J,1
4dyu_B_L,1
4dyu_C_E,1
4dyu_C_H,1
4dyu_C_J,1
4dyu_C_L,1
4dyu_D_F,1
4dyu_D_G,1
4dyu_D_I,1
4dyu_D_K,1
4dyu_E_G,1
4dyu_E_I,1
4dyu_E_L,1
4dyu_F_H,1
4dyu_F_J,1
4dyu_F_K,1
4dyu_G_I,1
4dyu_G_L,1
4dyu_H_J,1
4dyu_H_K,1
4dyu_I_K,1
4dyu_J_L,1
4dz6_A_B,1
4dz6_A_C,1
4dz6_A_F,1
4dz6_B_D,1
4dz6_B_E,1
4dz6_C_E,1
4dz6_C_F,1
4dz6_D_E,1
4dz6_D_F,1
4dzj_A_B,1
4dzp_A_B,1
4dzz_A_B,1
4e07_A_B,1
4e0e_A_B,1
4e0e_C_D,1
4e0f_A_B,1
4e0f_A_C,1
4e0f_B_C,1
4e0i_A_B,1
4e0u_A_B,1
4e1g_A_B,1
4e1p_A_B,1
4e1v_A_B,1
4e1v_A_F,1
4e1v_B_C,1
4e1v_C_D,1
4e1v_D_E,1
4e1v_E_F,1
4e1v_G_H,1
4e1v_H_I,1
4e38_A_B,1
4e38_A_C,1
4e38_B_C,1
4e3q_A_B,1
4e3q_A_D,1
4e3q_B_C,1
4e3q_C_D,1
4e3r_A_B,1
4e3r_A_D,1
4e3r_B_C,1
4e3r_C_D,1
4e3t_A_B,1
4e3w_A_B,1
4e3x_A_B,1
4e3z_A_B,1
4e4e_A_B,1
4e4e_A_C,1
4e4e_A_D,1
4e4e_B_C,1
4e4e_B_D,1
4e4e_C_D,1
4e4h_A_B,1
4e4h_A_D,1
4e4h_B_C,1
4e4h_C_D,1
4e4j_C_D,1
4e4j_E_F,1
4e4j_G_H,1
4e4j_K_L,1
4e4s_C_D,1
4e4s_C_E,1
4e4s_D_E,1
4e4t_A_B,1
4e5n_B_H,1
4e5n_D_G,1
4e5s_A_B,1
4e5s_C_D,1
4e5w_A_B,1
4e5z_A_B,1
4e75_A_B,1
4e75_A_C,1
4e75_B_C,1
4e75_D_E,1
4e75_D_F,1
4e75_E_F,1
4e79_A_B,1
4e79_A_C,1
4e79_B_C,1
4e7h_A_B,1
4e7j_A_B,1
4e85_A_B,1
4e8c_A_B,1
4e8e_A_C,1
4e8e_B_D,1
4e8w_A_B,1
4e8z_A_B,1
4e9m_A_B,1
4e9m_C_D,1
4e9m_E_F,1
4eaj_A_B,1
4eaj_A_C,1
4eaj_B_C,1
4eal_A_B,1
4eal_A_C,1
4eal_B_C,1
4eaq_A_B,1
4eb2_A_B,1
4eb8_A_B,1
4eb8_A_C,1
4eb8_B_C,1
4eba_A_B,1
4eba_A_G,1
4eba_B_G,1
4eba_C_D,1
4eba_C_H,1
4eba_D_H,1
4eba_E_F,1
4eba_E_I,1
4eba_F_I,1
4ebf_A_F,1
4ecd_A_B,1
4ecj_A_B,1
4ecl_A_B,1
4ecl_C_D,1
4edf_B_C,1
4edo_A_B,1
4edz_A_B,1
4edz_C_D,1
4ee4_A_B,1
4ee4_A_C,1
4ee4_B_C,1
4eea_A_B,1
4eea_A_C,1
4eea_B_C,1
4eec_A_B,1
4eem_A_B,1
4eem_A_C,1
4eem_B_C,1
4eex_A_B,1
4eez_A_B,1
4ef6_A_B,1
4ef8_A_B,1
4efa_C_E,1
4efa_C_G,1
4efa_E_G,1
4efk_A_B,1
4egf_A_B,1
4egf_A_C,1
4egf_A_D,1
4egf_B_C,1
4egf_B_D,1
4egf_C_D,1
4egf_E_F,1
4egf_E_G,1
4egf_E_H,1
4egf_F_G,1
4egf_F_H,1
4egs_A_B,1
4egw_A_B,1
4eh1_A_B,1
4ehi_A_B,1
4ehm_A_B,1
4eil_A_B,1
4eil_C_D,1
4eil_E_F,1
4eil_G_H,1
4eiv_A_B,1
4ej8_A_B,1
4ejd_A_B,1
4ejt_A_B,1
4elx_A_C,1
4elx_A_D,1
4elx_A_E,1
4elx_A_F,1
4elx_B_C,1
4elx_B_D,1
4elx_B_E,1
4elx_B_F,1
4elx_C_D,1
4elx_C_E,1
4elx_D_F,1
4elx_E_F,1
4elz_A_B,1
4elz_A_C,1
4elz_A_D,1
4elz_B_C,1
4elz_B_D,1
4elz_C_D,1
4em3_A_B,1
4em6_A_C,1
4em6_B_D,1
4em8_A_B,1
4emh_P_Q,1
4emh_P_R,1
4emh_Q_R,1
4emt_A_B,1
4emu_A_B,1
4emw_A_B,1
4emy_A_B,1
4emy_C_D,1
4en7_A_B,1
4en8_A_B,1
4eno_A_B,1
4enw_A_B,1
4enw_A_C,1
4enw_A_D,1
4enw_B_C,1
4enw_B_D,1
4enw_C_D,1
4eo3_A_B,1
4eoz_A_B,1
4eoz_A_C,1
4eoz_C_D,1
4epd_A_C,1
4epd_B_C,1
4eq4_A_B,1
4eql_A_B,1
4eqq_A_B,1
4eqr_A_B,1
4eqs_A_B,1
4eqv_A_B,1
4eqv_A_F,1
4eqv_B_G,1
4eqv_C_D,1
4eqv_C_E,1
4eqv_D_H,1
4eqv_E_F,1
4eqv_G_H,1
4eqx_A_B,1
4err_A_B,1
4eso_A_B,1
4eso_A_C,1
4eso_A_D,1
4eso_B_C,1
4eso_B_D,1
4eso_C_D,1
4esv_G_H,1
4esv_G_L,1
4esv_H_I,1
4esv_I_J,1
4esv_J_K,1
4esv_K_L,1
4esx_A_B,1
4esy_A_B,1
4et0_A_B,1
4etg_A_B,1
4etg_A_C,1
4etg_B_C,1
4etk_A_B,1
4etm_A_B,1
4eto_A_B,1
4etp_A_B,1
4etv_A_B,1
4etw_C_D,1
4eu3_A_B,1
4eu5_A_B,1
4eu6_A_B,1
4eu7_A_B,1
4eua_A_B,1
4eud_A_B,1
4euu_A_B,1
4ev2_A_B,1
4ev2_A_C,1
4ev2_B_F,1
4ev2_C_D,1
4ev2_D_E,1
4ev2_E_F,1
4ev5_E_F,1
4evu_A_B,1
4evy_A_B,1
4ew5_A_B,1
4ewl_A_B,1
4ewp_A_B,1
4ewp_C_D,1
4ewp_E_F,1
4exa_A_B,1
4exa_C_F,1
4exa_D_E,1
4exm_B_C,1
4ext_A_C,1
4exw_A_B,1
4exw_A_E,1
4exw_B_C,1
4exw_C_D,1
4exw_D_E,1
4eya_A_B,1
4eya_C_D,1
4eya_E_F,1
4eya_G_H,1
4eyr_A_B,1
4ezf_A_B,1
4f01_A_B,1
4f07_A_D,1
4f0a_A_B,1
4f0b_A_B,1
4f0p_A_B,1
4f0p_A_C,1
4f0p_A_D,1
4f0p_B_C,1
4f0p_B_D,1
4f0p_C_D,1
4f0u_A_B,1
4f0u_A_F,1
4f0u_B_C,1
4f0u_C_D,1
4f0u_D_E,1
4f0u_E_F,1
4f0x_A_B,1
4f0x_A_D,1
4f0x_B_C,1
4f0x_C_D,1
4f0y_A_B,1
4f1e_A_B,1
4f1e_C_D,1
4f1e_G_H,1
4f1e_I_J,1
4f1l_A_D,1
4f1l_B_C,1
4f2d_A_B,1
4f2d_A_C,1
4f2d_B_C,1
4f2v_A_B,1
4f2w_A_B,1
4f32_A_B,1
4f3c_A_B,1
4f3d_A_B,1
4f3m_A_B,1
4f3x_A_B,1
4f3x_C_D,1
4f3y_A_B,1
4f48_A_B,1
4f4d_A_B,1
4f4i_A_B,1
4f4s_A_B,1
4f4s_B_C,1
4f4s_C_D,1
4f4s_D_E,1
4f62_A_B,1
4f63_A_B,1
4f66_A_B,1
4f6t_A_B,1
4f73_A_B,1
4f7i_C_D,1
4f7o_A_B,1
4f7u_A_B,1
4f7u_A_P,1
4f7u_B_F,1
4f7u_C_D,1
4f7u_C_Q,1
4f7u_D_I,1
4f7u_E_F,1
4f7u_E_G,1
4f7u_G_P,1
4f7u_H_I,1
4f7u_H_J,1
4f7u_J_Q,1
4f82_A_B,1
4f86_A_B,1
4f86_A_F,1
4f86_B_C,1
4f86_C_D,1
4f86_D_E,1
4f86_E_F,1
4f86_G_H,1
4f86_G_L,1
4f86_H_I,1
4f86_I_J,1
4f86_J_K,1
4f86_K_L,1
4f87_A_C,1
4f87_B_C,1
4f87_B_D,1
4f88_1_B,1
4f88_1_C,1
4f88_1_E,1
4f88_A_B,1
4f88_A_H,1
4f88_B_C,1
4f88_C_D,1
4f88_D_E,1
4f88_E_F,1
4f88_F_G,1
4f88_G_H,1
4f88_I_J,1
4f88_I_P,1
4f88_J_K,1
4f88_K_L,1
4f88_L_M,1
4f88_M_N,1
4f88_N_O,1
4f88_O_P,1
4f8e_A_B,1
4f96_A_B,1
4f97_A_B,1
4f9b_A_B,1
4f9b_C_D,1
4f9k_C_D,1
4f9l_A_B,1
4fa7_A_B,1
4faa_A_B,1
4fb5_A_B,1
4fbi_A_B,1
4fbi_C_D,1
4fbk_A_B,1
4fc0_A_B,1
4fc7_A_B,1
4fc7_A_C,1
4fc7_A_D,1
4fc7_B_C,1
4fc7_B_D,1
4fc7_C_D,1
4fcc_A_C,1
4fcc_A_D,1
4fcc_A_E,1
4fcc_A_F,1
4fcc_B_C,1
4fcc_B_D,1
4fcc_B_E,1
4fcc_B_F,1
4fcc_C_E,1
4fcc_C_F,1
4fcc_D_E,1
4fcc_D_F,1
4fcc_G_I,1
4fcc_G_J,1
4fcc_G_K,1
4fcc_G_L,1
4fcc_H_I,1
4fcc_H_J,1
4fcc_H_K,1
4fcc_H_L,1
4fcc_I_K,1
4fcc_I_L,1
4fcc_J_K,1
4fcc_J_L,1
4fcx_A_B,1
4fd3_B_E,1
4fdh_A_B,1
4fdh_A_C,1
4fdh_A_E,1
4fdh_B_D,1
4fdh_B_F,1
4fdh_C_E,1
4fdh_C_F,1
4fdh_D_E,1
4fdh_D_F,1
4fdj_A_B,1
4ff7_A_B,1
4ffc_A_B,1
4ffc_A_C,1
4ffc_B_D,1
4ffc_C_D,1
4fgc_A_B,1
4fgc_A_E,1
4fgc_B_C,1
4fgc_C_D,1
4fgc_D_E,1
4fgi_E_F,1
4fgs_A_B,1
4fgs_A_D,1
4fgs_B_C,1
4fgs_C_D,1
4fha_A_B,1
4fi3_A_B,1
4fi3_A_C,1
4fi3_A_F,1
4fi3_B_D,1
4fi3_B_F,1
4fi3_C_D,1
4fir_A_B,1
4fir_A_F,1
4fir_B_C,1
4fir_C_D,1
4fir_D_E,1
4fir_E_F,1
4fj0_A_B,1
4fj0_A_C,1
4fj0_B_D,1
4fj0_C_D,1
4fj1_A_B,1
4fj1_A_C,1
4fj1_B_D,1
4fj1_C_D,1
4fj2_A_B,1
4fju_A_B,1
4fl0_A_B,1
4fl8_A_B,1
4flc_A_B,1
4flc_A_C,1
4flc_A_D,1
4flc_B_C,1
4flc_B_D,1
4flc_C_D,1
4flf_A_B,1
4flg_A_B,1
4flm_A_B,1
4fln_A_B,1
4fln_A_C,1
4fln_B_C,1
4fm5_A_B,1
4fm6_A_B,1
4fma_E_I,1
4fmh_A_B,1
4fmh_A_E,1
4fmh_B_C,1
4fmh_C_D,1
4fmh_D_E,1
4fmh_F_G,1
4fmh_F_J,1
4fmh_F_T,1
4fmh_G_H,1
4fmh_G_S,1
4fmh_H_I,1
4fmh_H_R,1
4fmh_I_J,1
4fmh_I_Q,1
4fmh_J_P,1
4fmh_K_L,1
4fmh_K_O,1
4fmh_L_M,1
4fmh_M_N,1
4fmh_N_O,1
4fmh_P_Q,1
4fmh_P_T,1
4fmh_Q_R,1
4fmh_R_S,1
4fmh_S_T,1
4fmi_A_B,1
4fmi_A_E,1
4fmi_B_C,1
4fmi_C_D,1
4fmi_D_E,1
4fmi_F_G,1
4fmi_F_J,1
4fmi_G_H,1
4fmi_H_I,1
4fmi_I_J,1
4fmi_K_L,1
4fmi_K_O,1
4fmi_L_M,1
4fmi_M_N,1
4fmi_N_O,1
4fmi_P_Q,1
4fmi_P_T,1
4fmi_Q_R,1
4fmi_R_S,1
4fmi_S_T,1
4fmr_C_D,1
4fmt_C_D,1
4fn6_A_B,1
4fn6_A_C,1
4fn6_B_D,1
4fn6_C_D,1
4fn7_A_B,1
4fn7_A_C,1
4fn7_B_C,1
4fnh_A_B,1
4fni_A_B,1
4fnt_A_B,1
4fnt_A_C,1
4fnt_A_D,1
4fnt_B_C,1
4fnt_B_D,1
4fnt_C_D,1
4fo2_K_L,1
4fo2_K_O,1
4fo2_L_M,1
4fo2_M_N,1
4fo2_N_O,1
4fo8_A_D,1
4fo8_B_C,1
4fo8_B_D,1
4fog_A_D,1
4foi_A_B,1
4fol_C_D,1
4fou_B_D,1
4fp9_A_B,1
4fp9_A_C,1
4fp9_A_F,1
4fp9_A_G,1
4fp9_C_E,1
4fp9_D_G,1
4fp9_F_H,1
4fpa_A_B,1
4fpr_A_B,1
4fpr_A_D,1
4fpr_B_C,1
4fpr_C_D,1
4fpv_A_B,1
4fq9_A_B,1
4fq9_G_H,1
4fq9_I_J,1
4fqb_G_H,1
4fqs_A_B,1
4fqu_C_D,1
4fqu_E_F,1
4fs9_A_B,1
4fte_B_C,1
4fur_D_E,1
4fur_D_F,1
4fur_E_F,1
4fuw_A_B,1
4fvf_A_B,1
4fvj_B_F,1
4fvj_D_G,1
4fvy_A_B,1
4fvz_A_B,1
4fw0_A_B,1
4fw2_A_B,1
4fwj_A_B,1
4fx6_M_N,1
4fxj_A_B,1
4fxj_A_D,1
4fxj_B_C,1
4fxj_C_D,1
4fxw_C_D,1
4fxx_A_B,1
4fyw_A_B,1
4fyw_B_D,1
4fyw_C_D,1
4fz0_A_B,1
4fz0_A_C,1
4fz0_B_C,1
4fzb_A_B,1
4fzb_A_C,1
4fzb_B_D,1
4fzb_C_D,1
4fzc_A_B,1
4fzc_A_G,1
4fzc_A_H,1
4fzc_A_I,1
4fzc_B_C,1
4fzc_B_I,1
4fzc_B_J,1
4fzc_C_D,1
4fzc_C_J,1
4fzc_C_K,1
4fzc_D_E,1
4fzc_D_K,1
4fzc_D_L,1
4fzc_E_F,1
4fzc_E_L,1
4fzc_E_M,1
4fzc_F_G,1
4fzc_F_M,1
4fzc_F_N,1
4fzc_G_H,1
4fzc_G_N,1
4fzc_H_I,1
4fzc_H_N,1
4fzc_H_Z,1
4fzc_H_a,1
4fzc_I_J,1
4fzc_I_Y,1
4fzc_I_Z,1
4fzc_J_K,1
4fzc_J_X,1
4fzc_J_Y,1
4fzc_K_L,1
4fzc_K_W,1
4fzc_K_X,1
4fzc_L_M,1
4fzc_L_V,1
4fzc_L_W,1
4fzc_M_N,1
4fzc_M_V,1
4fzc_M_b,1
4fzc_N_a,1
4fzc_N_b,1
4fzc_O_P,1
4fzc_O_U,1
4fzc_O_V,1
4fzc_O_W,1
4fzc_P_Q,1
4fzc_P_W,1
4fzc_P_X,1
4fzc_Q_R,1
4fzc_Q_X,1
4fzc_Q_Y,1
4fzc_R_S,1
4fzc_R_Y,1
4fzc_R_Z,1
4fzc_S_T,1
4fzc_S_Z,1
4fzc_S_a,1
4fzc_T_U,1
4fzc_T_a,1
4fzc_T_b,1
4fzc_U_V,1
4fzc_U_b,1
4fzc_V_W,1
4fzc_V_b,1
4fzc_W_X,1
4fzc_X_Y,1
4fzc_Y_Z,1
4fzc_Z_a,1
4fzc_a_b,1
4g06_A_B,1
4g0k_A_B,1
4g0l_A_B,1
4g0u_A_B,1
4g12_A_B,1
4g19_C_D,1
4g1g_A_B,1
4g1l_A_B,1
4g1n_A_B,1
4g1n_A_C,1
4g1n_B_D,1
4g1n_C_D,1
4g1t_A_B,1
4g2k_A_B,1
4g2k_A_C,1
4g2k_B_C,1
4g2n_A_C,1
4g2n_A_D,1
4g2n_B_D,1
4g2s_A_B,1
4g2s_A_F,1
4g2s_B_C,1
4g2s_C_D,1
4g2s_D_E,1
4g2s_E_F,1
4g2u_A_B,1
4g3m_A_B,1
4g3m_A_C,1
4g3m_B_D,1
4g3m_C_D,1
4g41_A_B,1
4g4y_A_C,1
4g4y_B_D,1
4g4y_E_H,1
4g4z_E_H,1
4g5f_A_B,1
4g5p_A_B,1
4g6c_A_B,1
4g6i_A_B,1
4g6i_A_C,1
4g6i_B_C,1
4g6q_A_B,1
4g6v_A_B,1
4g6v_C_D,1
4g6v_E_F,1
4g6v_G_H,1
4g72_A_B,1
4g73_A_B,1
4g74_A_B,1
4g7n_A_B,1
4g7o_K_L,1
4g7o_K_M,1
4g7o_L_M,1
4g7o_L_N,1
4g7o_M_N,1
4g7o_M_P,1
4g7o_N_O,1
4g7o_N_P,1
4g7q_A_B,1
4g7x_A_B,1
4g86_A_B,1
4g8a_A_B,1
4g8a_A_C,1
4g8a_A_D,1
4g8a_B_C,1
4g8a_B_D,1
4g8j_A_B,1
4g8j_A_F,1
4g8j_B_C,1
4g8j_C_D,1
4g8j_D_E,1
4g8j_E_F,1
4g8x_A_B,1
4g8x_C_D,1
4g9n_A_B,1
4ga5_B_F,1
4ga5_C_G,1
4ga5_D_H,1
4ga6_A_B,1
4gal_A_B,1
4gb2_A_B,1
4gb3_1_2,1
4gb3_1_3,1
4gb3_1_4,1
4gb3_2_3,1
4gbe_D_E,1
4gbe_D_F,1
4gbe_E_F,1
4gd3_A_S,1
4gd3_A_T,1
4gd3_B_Q,1
4gd3_B_R,1
4gd3_J_K,1
4gd3_J_Q,1
4gd3_J_R,1
4gd3_K_Q,1
4gd3_K_R,1
4gd3_L_M,1
4gd3_L_S,1
4gd3_L_T,1
4gd3_M_S,1
4gd3_M_T,1
4gd3_Q_R,1
4gd3_S_T,1
4gda_A_B,1
4gde_A_C,1
4gde_A_D,1
4gde_B_C,1
4gde_B_D,1
4gdk_A_B,1
4gdk_D_E,1
4gdl_A_B,1
4gdy_A_B,1
4ge0_A_B,1
4ge0_C_D,1
4ge3_A_B,1
4ge3_C_D,1
4ge7_A_B,1
4gf5_A_C,1
4gf5_A_H,1
4gf5_A_J,1
4gf5_B_D,1
4gf5_B_H,1
4gf5_B_J,1
4gf5_C_F,1
4gf5_C_G,1
4gf5_D_E,1
4gf5_D_I,1
4gf5_E_F,1
4gf5_E_H,1
4gf5_F_I,1
4gf5_G_I,1
4gf5_G_J,1
4gf5_K_L,1
4gf5_K_O,1
4gf5_K_Q,1
4gf5_L_N,1
4gf5_L_P,1
4gf5_M_N,1
4gf5_M_O,1
4gf5_M_R,1
4gf5_N_T,1
4gf5_O_S,1
4gf5_P_Q,1
4gf5_P_T,1
4gf5_Q_S,1
4gf5_R_S,1
4gf5_R_T,1
4ggf_A_C,1
4ggf_A_K,1
4ggf_A_L,1
4ggf_C_K,1
4ggf_C_L,1
4ggf_K_L,1
4ggf_S_T,1
4ggf_S_U,1
4ggf_S_V,1
4ggf_T_U,1
4ggf_T_V,1
4ggf_U_V,1
4ggh_A_C,1
4ggh_A_D,1
4ggh_B_C,1
4ggh_B_D,1
4ggh_C_D,1
4gh5_A_B,1
4gh5_A_C,1
4gh5_B_D,1
4gh5_C_D,1
4ghb_A_B,1
4ghc_A_B,1
4ghc_A_C,1
4ghc_A_D,1
4ghc_B_C,1
4ghc_B_D,1
4ghc_C_D,1
4ghe_A_B,1
4ghe_A_C,1
4ghe_A_D,1
4ghe_B_C,1
4ghe_B_D,1
4ghe_C_D,1
4ghh_A_B,1
4ghh_A_C,1
4ghh_A_D,1
4ghh_B_C,1
4ghh_B_D,1
4ghh_C_D,1
4ghk_A_B,1
4ght_A_B,1
4gi5_A_B,1
4gik_A_B,1
4gik_A_C,1
4gik_B_C,1
4gil_A_B,1
4gil_A_C,1
4gil_B_C,1
4gim_A_B,1
4gim_A_C,1
4gim_B_C,1
4gip_A_D,1
4gip_B_D,1
4gip_B_E,1
4gip_C_F,1
4gip_D_E,1
4gip_D_F,1
4gip_E_F,1
4giq_A_R,1
4giw_A_B,1
4giz_A_C,1
4giz_B_D,1
4gk7_A_B,1
4gk7_A_G,1
4gk7_A_H,1
4gk7_A_I,1
4gk7_B_C,1
4gk7_B_I,1
4gk7_B_J,1
4gk7_C_D,1
4gk7_C_J,1
4gk7_C_K,1
4gk7_D_E,1
4gk7_D_K,1
4gk7_D_L,1
4gk7_E_F,1
4gk7_E_L,1
4gk7_E_M,1
4gk7_F_G,1
4gk7_F_M,1
4gk7_F_N,1
4gk7_G_H,1
4gk7_G_N,1
4gk7_H_I,1
4gk7_H_N,1
4gk7_H_Z,1
4gk7_H_a,1
4gk7_I_J,1
4gk7_I_Y,1
4gk7_I_Z,1
4gk7_J_K,1
4gk7_J_X,1
4gk7_J_Y,1
4gk7_K_L,1
4gk7_K_W,1
4gk7_K_X,1
4gk7_L_M,1
4gk7_L_V,1
4gk7_L_W,1
4gk7_M_N,1
4gk7_M_V,1
4gk7_M_b,1
4gk7_N_a,1
4gk7_N_b,1
4gk7_O_P,1
4gk7_O_U,1
4gk7_O_V,1
4gk7_O_W,1
4gk7_P_Q,1
4gk7_P_W,1
4gk7_P_X,1
4gk7_Q_R,1
4gk7_Q_X,1
4gk7_Q_Y,1
4gk7_R_S,1
4gk7_R_Y,1
4gk7_R_Z,1
4gk7_S_T,1
4gk7_S_Z,1
4gk7_S_a,1
4gk7_T_U,1
4gk7_T_a,1
4gk7_T_b,1
4gk7_U_V,1
4gk7_U_b,1
4gk7_V_W,1
4gk7_V_b,1
4gk7_W_X,1
4gk7_X_Y,1
4gk7_Y_Z,1
4gk7_Z_a,1
4gk7_a_b,1
4gka_A_B,1
4gka_A_C,1
4gka_B_C,1
4gkg_A_F,1
4gkh_E_F,1
4gkj_B_H,1
4gkj_C_J,1
4gkj_C_N,1
4gkj_E_H,1
4gkj_F_R,1
4gkj_G_I,1
4gkj_G_K,1
4gkj_J_N,1
4gkj_K_R,1
4gkj_M_S,1
4gkk_B_H,1
4gkk_C_J,1
4gkk_C_N,1
4gkk_D_E,1
4gkk_E_H,1
4gkk_F_R,1
4gkk_G_I,1
4gkk_J_N,1
4gkk_K_R,1
4gkk_M_S,1
4gkv_A_B,1
4gkv_A_C,1
4gkv_A_D,1
4gkv_B_C,1
4gkv_B_D,1
4gkv_C_D,1
4gl4_A_B,1
4gm2_A_C,1
4gm2_A_G,1
4gm2_B_E,1
4gm2_B_F,1
4gm2_C_F,1
4gm2_D_E,1
4gm2_D_G,1
4gme_A_C,1
4gmk_A_B,1
4gni_A_B,1
4go0_A_B,1
4go0_A_C,1
4go0_A_D,1
4go0_B_C,1
4go0_B_D,1
4go0_C_D,1
4go1_A_B,1
4go4_A_B,1
4go4_C_D,1
4go4_G_H,1
4god_A_B,1
4gom_D_E,1
4gom_D_F,1
4gom_E_F,1
4gon_D_E,1
4gon_D_F,1
4gon_E_F,1
4gp0_A_B,1
4gp2_A_B,1
4gp5_A_B,1
4gpk_A_B,1
4gpk_A_D,1
4gpk_B_C,1
4gpk_C_D,1
4gpk_E_F,1
4gpk_E_H,1
4gpk_F_G,1
4gpk_G_H,1
4gpk_I_J,1
4gpk_I_L,1
4gpk_J_K,1
4gpk_K_L,1
4gpn_A_B,1
4gpo_A_B,1
4gq2_M_P,1
4gqa_A_B,1
4gqb_A_B,1
4gqc_B_D,1
4gqe_A_B,1
4gqi_A_B,1
4gqz_A_B,1
4gqz_C_D,1
4gr7_A_X,1
4gr9_A_B,1
4grd_A_B,1
4grd_A_C,1
4grd_A_D,1
4grd_B_D,1
4grd_C_D,1
4grp_A_B,1
4grp_A_C,1
4grp_B_C,1
4grr_A_B,1
4grr_A_C,1
4grr_B_C,1
4gs7_A_B,1
4gs7_A_C,1
4gs7_A_D,1
4gs7_B_C,1
4gsc_A_B,1
4gss_A_B,1
4gst_A_B,1
4gte_A_B,1
4gte_A_D,1
4gte_B_C,1
4gte_C_D,1
4gtr_A_B,1
4gtt_A_B,1
4gtu_A_B,1
4gtu_C_D,1
4gtu_E_F,1
4gtu_G_H,1
4gu0_A_C,1
4gu0_B_D,1
4gu4_A_B,1
4gu4_A_C,1
4gu4_B_C,1
4gu7_B_C,1
4gui_A_B,1
4gum_A_B,1
4gum_A_C,1
4gum_B_C,1
4gum_D_E,1
4gum_G_H,1
4gum_G_I,1
4gum_H_I,1
4gun_A_B,1
4gun_A_C,1
4gun_A_D,1
4gun_B_C,1
4gun_B_D,1
4gun_C_D,1
4gun_E_F,1
4gun_E_G,1
4gun_E_H,1
4gun_F_G,1
4gun_F_H,1
4gun_G_H,1
4gun_I_J,1
4gun_I_K,1
4gun_I_L,1
4gun_J_K,1
4gun_J_L,1
4gun_K_L,1
4gvl_A_B,1
4gvl_A_D,1
4gvl_B_C,1
4gvl_C_D,1
4gvr_A_B,1
4gvr_A_C,1
4gvr_B_C,1
4gw9_A_D,1
4gw9_B_C,1
4gwl_A_B,1
4gwz_A_B,1
4gx4_A_B,1
4gx6_A_B,1
4gxa_A_B,1
4gxe_A_B,1
4gxf_A_B,1
4gxf_A_C,1
4gxf_B_C,1
4gxg_A_B,1
4gxg_D_E,1
4gy0_A_B,1
4gy1_A_B,1
4gy3_A_B,1
4gy4_A_B,1
4gy4_A_C,1
4gy4_B_C,1
4gyp_A_B,1
4gyp_A_C,1
4gyp_A_D,1
4gyp_B_C,1
4gyp_B_D,1
4gyp_C_D,1
4gyv_A_F,1
4gyv_A_G,1
4gyv_B_C,1
4gyv_B_H,1
4gyv_B_I,1
4gyv_C_D,1
4gyv_C_E,1
4gyv_D_E,1
4gyv_F_G,1
4gyv_H_I,1
4gzf_A_B,1
4h10_A_B,1
4h1i_B_D,1
4h1s_A_B,1
4h1t_A_B,1
4h1t_A_F,1
4h1t_B_C,1
4h1t_C_D,1
4h1t_D_E,1
4h1t_E_F,1
4h31_A_B,1
4h31_A_C,1
4h31_B_C,1
4h38_A_B,1
4h3d_C_D,1
4h3k_A_B,1
4h3k_D_E,1
4h3u_A_B,1
4h3v_A_B,1
4h3y_A_B,1
4h3z_A_B,1
4h40_A_B,1
4h4g_A_B,1
4h4g_A_G,1
4h4g_B_I,1
4h4g_D_F,1
4h4g_D_G,1
4h4g_F_I,1
4h4k_A_C,1
4h4l_D_E,1
4h4l_D_F,1
4h4l_D_G,1
4h4l_D_H,1
4h4l_E_F,1
4h4l_E_G,1
4h4l_E_I,1
4h4l_F_H,1
4h4l_F_I,1
4h4l_G_H,1
4h4l_G_I,1
4h4l_H_I,1
4h5p_A_B,1
4h73_A_B,1
4h73_A_C,1
4h73_A_D,1
4h73_B_C,1
4h73_B_D,1
4h73_C_D,1
4h73_E_F,1
4h73_E_G,1
4h73_E_H,1
4h73_F_G,1
4h73_F_H,1
4h73_G_H,1
4h7l_A_B,1
4h7p_A_B,1
4h87_A_B,1
4h9l_H_L,1
4h9l_H_M,1
4h9l_L_M,1
4h9p_A_B,1
4h9p_A_C,1
4h9p_B_C,1
4h9r_A_B,1
4h9r_A_C,1
4h9r_B_C,1
4h9s_A_C,1
4h9s_A_E,1
4h9s_A_F,1
4h9s_B_D,1
4h9s_B_E,1
4h9s_B_F,1
4h9s_C_F,1
4h9s_D_E,1
4h9s_E_F,1
4h9v_A_B,1
4ha7_A_B,1
4hah_A_B,1
4han_A_B,1
4hbh_H_L,1
4hbh_H_M,1
4hbh_L_M,1
4hbi_A_B,1
4hbj_H_L,1
4hbj_H_M,1
4hbj_L_M,1
4hc5_C_D,1
4hcg_A_B,1
4hdc_A_B,1
4hdf_A_B,1
4hdg_A_B,1
4hdn_A_B,1
4hdp_A_B,1
4hdr_A_B,1
4hdr_C_D,1
4he8_B_C,1
4he8_B_D,1
4he8_B_E,1
4he8_B_I,1
4he8_C_D,1
4he8_D_E,1
4he8_D_F,1
4he8_D_I,1
4he8_E_F,1
4he8_E_I,1
4he8_F_G,1
4he8_F_I,1
4he8_G_I,1
4hea_B_C,1
4hea_B_D,1
4hea_C_D,1
4hea_C_I,1
4hea_D_E,1
4hea_D_F,1
4hea_D_I,1
4hea_D_O,1
4hea_D_X,1
4hea_E_F,1
4hea_E_G,1
4hea_E_I,1
4hea_E_O,1
4hea_E_P,1
4hea_E_Q,1
4hea_F_G,1
4hea_F_O,1
4hea_F_X,1
4hea_G_O,1
4hea_G_P,1
4hea_G_Q,1
4hea_G_X,1
4hea_I_O,1
4hea_O_Q,1
4hea_P_Q,1
4hea_P_R,1
4hea_P_S,1
4hea_P_V,1
4hea_Q_R,1
4hea_R_S,1
4hea_R_T,1
4hea_R_V,1
4hea_S_T,1
4hea_S_V,1
4hea_T_U,1
4hea_T_V,1
4hea_U_V,1
4heb_A_B,1
4heq_A_B,1
4hf0_A_B,1
4hfb_A_B,1
4hfb_A_E,1
4hfb_B_C,1
4hfb_C_D,1
4hfb_D_E,1
4hfc_A_B,1
4hfc_A_E,1
4hfc_B_C,1
4hfc_C_D,1
4hfc_D_E,1
4hfe_A_B,1
4hfe_A_E,1
4hfe_B_C,1
4hfe_C_D,1
4hfe_D_E,1
4hfj_A_B,1
4hg3_A_C,1
4hg3_B_D,1
4hg6_A_B,1
4hg9_B_C,1
4hgq_E_F,1
4hgq_E_G,1
4hgq_F_H,1
4hgq_G_H,1
4hgr_A_B,1
4hgr_A_C,1
4hgr_B_D,1
4hgr_C_D,1
4hgr_E_F,1
4hgr_E_G,1
4hgr_F_H,1
4hgr_G_H,1
4hh0_A_B,1
4hhl_A_B,1
4hhm_E_F,1
4hhm_E_G,1
4hhm_E_H,1
4hhm_F_G,1
4hhm_F_H,1
4hhm_G_H,1
4hi1_A_B,1
4hi1_A_C,1
4hi1_B_C,1
4hi2_A_B,1
4hi2_A_C,1
4hi2_A_F,1
4hi2_A_K,1
4hi2_B_C,1
4hi2_B_I,1
4hi2_B_J,1
4hi2_C_D,1
4hi2_C_H,1
4hi2_D_E,1
4hi2_D_F,1
4hi2_D_H,1
4hi2_E_F,1
4hi2_E_G,1
4hi2_E_L,1
4hi2_F_K,1
4hi2_G_H,1
4hi2_G_I,1
4hi2_G_L,1
4hi2_H_I,1
4hi2_I_J,1
4hi2_J_K,1
4hi2_J_L,1
4hi2_K_L,1
4hi3_A_B,1
4hi4_B_D,1
4hi6_A_B,1
4hi6_A_D,1
4hi6_B_C,1
4hi6_C_D,1
4hi7_A_B,1
4hj2_A_B,1
4hj3_A_B,1
4hj4_A_B,1
4hje_A_B,1
4hje_A_D,1
4hje_B_C,1
4hje_C_D,1
4hjl_A_B,1
4hjw_A_B,1
4hjx_A_B,1
4hk5_B_D,1
4hk6_A_C,1
4hk6_B_D,1
4hk7_B_D,1
4hkd_A_B,1
4hkd_C_D,1
4hke_A_B,1
4hkp_A_B,1
4hkr_A_B,1
4hks_A_B,1
4hku_A_B,1
4hkv_A_B,1
4hl1_A_B,1
4hla_A_B,1
4hlc_A_B,1
4hld_A_B,1
4hm0_A_B,1
4hm1_A_B,1
4hm5_A_B,1
4hmk_A_B,1
4hn0_A_B,1
4hn1_C_D,1
4hn3_A_B,1
4hn3_C_D,1
4hne_A_B,1
4hnx_A_B,1
4hny_A_B,1
4hny_C_D,1
4hnz_A_B,1
4hnz_A_F,1
4hnz_A_G,1
4hnz_A_H,1
4hnz_B_C,1
4hnz_B_G,1
4hnz_B_L,1
4hnz_C_D,1
4hnz_C_K,1
4hnz_C_L,1
4hnz_D_E,1
4hnz_D_J,1
4hnz_D_K,1
4hnz_E_F,1
4hnz_E_I,1
4hnz_E_J,1
4hnz_F_H,1
4hnz_F_I,1
4hnz_G_H,1
4hnz_G_L,1
4hnz_H_I,1
4hnz_I_J,1
4hnz_J_K,1
4hnz_K_L,1
4ho8_A_B,1
4ho8_A_D,1
4ho8_B_C,1
4ho8_C_D,1
4hob_C_D,1
4hov_A_B,1
4hov_A_C,1
4hov_B_C,1
4hp8_A_B,1
4hpk_A_B,1
4hpl_A_B,1
4hpq_B_C,1
4hpq_C_F,1
4hpq_E_F,1
4hq8_C_E,1
4hq8_C_F,1
4hq8_D_E,1
4hq8_D_F,1
4hqb_A_B,1
4hqb_A_E,1
4hqb_B_C,1
4hqb_C_D,1
4hqb_D_E,1
4hqc_A_B,1
4hqc_C_D,1
4hqc_C_E,1
4hqc_D_F,1
4hqc_E_F,1
4hqm_A_B,1
4hr9_A_B,1
4hrd_A_B,1
4hrd_A_G,1
4hrd_A_H,1
4hrd_A_I,1
4hrd_B_C,1
4hrd_B_I,1
4hrd_B_J,1
4hrd_C_D,1
4hrd_C_J,1
4hrd_C_K,1
4hrd_D_E,1
4hrd_D_K,1
4hrd_D_L,1
4hrd_E_F,1
4hrd_E_L,1
4hrd_E_M,1
4hrd_F_G,1
4hrd_F_M,1
4hrd_F_N,1
4hrd_G_H,1
4hrd_G_N,1
4hrd_H_I,1
4hrd_H_N,1
4hrd_H_Z,1
4hrd_H_a,1
4hrd_I_J,1
4hrd_I_Y,1
4hrd_I_Z,1
4hrd_J_K,1
4hrd_J_X,1
4hrd_J_Y,1
4hrd_K_L,1
4hrd_K_W,1
4hrd_K_X,1
4hrd_L_M,1
4hrd_L_V,1
4hrd_L_W,1
4hrd_M_N,1
4hrd_M_V,1
4hrd_M_b,1
4hrd_N_a,1
4hrd_N_b,1
4hrd_O_P,1
4hrd_O_U,1
4hrd_O_V,1
4hrd_O_W,1
4hrd_P_Q,1
4hrd_P_W,1
4hrd_P_X,1
4hrd_Q_R,1
4hrd_Q_X,1
4hrd_Q_Y,1
4hrd_R_S,1
4hrd_R_Y,1
4hrd_R_Z,1
4hrd_S_T,1
4hrd_S_Z,1
4hrd_S_a,1
4hrd_T_U,1
4hrd_T_a,1
4hrd_T_b,1
4hrd_U_V,1
4hrd_U_b,1
4hrd_V_W,1
4hrd_V_b,1
4hrd_W_X,1
4hrd_X_Y,1
4hrd_Y_Z,1
4hrd_Z_a,1
4hrd_a_b,1
4hrf_A_B,1
4hrf_A_C,1
4hrf_B_D,1
4hrg_A_B,1
4hrr_A_B,1
4hrr_A_D,1
4hrr_B_C,1
4hrr_C_D,1
4hrr_E_F,1
4hrr_E_H,1
4hrr_F_G,1
4hrr_G_H,1
4hs4_G_H,1
4hsv_A_B,1
4hsv_A_D,1
4hsv_B_C,1
4hsv_C_D,1
4hsz_A_B,1
4ht5_A_B,1
4ht5_A_C,1
4ht5_A_D,1
4ht5_B_C,1
4ht5_B_E,1
4ht5_C_F,1
4ht5_D_E,1
4ht5_D_F,1
4ht5_E_F,1
4ht7_G_H,1
4ht7_G_I,1
4ht7_G_J,1
4ht7_H_I,1
4ht7_H_K,1
4ht7_H_L,1
4ht7_I_J,1
4ht7_I_L,1
4ht7_J_K,1
4ht7_J_L,1
4ht7_K_L,1
4htf_A_B,1
4htx_A_C,1
4htz_A_C,1
4htz_B_D,1
4hw0_B_C,1
4hw5_A_B,1
4hwf_A_B,1
4hwo_A_B,1
4hws_A_B,1
4hwt_A_B,1
4hwu_A_B,1
4hx4_A_B,1
4hx6_A_B,1
4hx6_C_D,1
4hx6_E_F,1
4hxg_A_B,1
4hxg_A_C,1
4hxg_A_D,1
4hxg_B_C,1
4hxg_B_E,1
4hxg_C_F,1
4hxg_D_E,1
4hxg_D_F,1
4hxg_E_F,1
4hxg_G_H,1
4hxg_G_I,1
4hxg_G_J,1
4hxg_H_I,1
4hxg_H_K,1
4hxg_I_L,1
4hxg_J_K,1
4hxg_J_L,1
4hxg_K_L,1
4hy3_A_B,1
4hy3_A_D,1
4hy3_B_C,1
4hy3_C_D,1
4hyg_A_B,1
4hyg_C_D,1
4hyo_A_C,1
4hyo_A_D,1
4hyo_B_C,1
4hyo_B_D,1
4hyo_E_G,1
4hyo_E_H,1
4hyo_F_G,1
4hyo_F_H,1
4hyp_A_B,1
4hyp_C_D,1
4hyt_A_B,1
4hyt_A_G,1
4hyt_B_G,1
4hyy_C_D,1
4hz3_A_C,1
4hz3_A_D,1
4hz3_B_C,1
4hz3_B_D,1
4hz3_E_G,1
4hz3_E_H,1
4hz3_F_G,1
4hz3_F_H,1
4hz5_A_C,1
4hz5_A_D,1
4hz5_C_D,1
4hz9_A_B,1
4hz9_A_C,1
4hza_A_B,1
4hzb_A_B,1
4hzb_A_C,1
4hzb_B_F,1
4hzb_C_E,1
4hzb_D_E,1
4hzb_D_F,1
4hzi_A_B,1
4i08_A_B,1
4i09_A_B,1
4i0u_A_B,1
4i0u_A_D,1
4i0u_B_C,1
4i0u_C_E,1
4i0u_D_E,1
4i0u_F_G,1
4i0u_F_I,1
4i0u_G_H,1
4i0u_H_J,1
4i0u_I_J,1
4i0w_A_B,1
4i0w_C_D,1
4i1v_A_B,1
4i1w_A_B,1
4i1w_A_C,1
4i1w_A_D,1
4i1w_B_C,1
4i1w_B_D,1
4i1w_C_D,1
4i2o_A_B,1
4i2r_A_B,1
4i2r_A_C,1
4i2r_A_D,1
4i2r_B_C,1
4i2r_B_D,1
4i2r_C_D,1
4i2v_A_B,1
4i2v_C_D,1
4i36_A_B,1
4i36_A_D,1
4i36_B_C,1
4i36_C_D,1
4i3e_A_B,1
4i3t_A_F,1
4i3t_C_E,1
4i3v_A_C,1
4i3v_B_F,1
4i3v_D_E,1
4i3v_G_H,1
4i3w_D_E,1
4i3y_A_B,1
4i46_A_B,1
4i46_C_D,1
4i46_E_F,1
4i4i_A_B,1
4i4i_A_D,1
4i4i_B_C,1
4i4i_C_D,1
4i4n_A_B,1
4i4n_C_D,1
4i4p_A_B,1
4i4s_C_D,1
4i4v_A_B,1
4i4v_C_D,1
4i4y_A_B,1
4i4y_C_D,1
4i4z_G_H,1
4i4z_G_I,1
4i4z_H_I,1
4i52_G_H,1
4i52_G_I,1
4i52_H_I,1
4i5s_A_B,1
4i5v_A_B,1
4i6a_A_B,1
4i6m_A_B,1
4i6m_A_C,1
4i6m_A_D,1
4i6m_B_C,1
4i6m_B_D,1
4i6t_A_B,1
4i6u_E_F,1
4i6w_A_B,1
4i6y_A_B,1
4i82_A_B,1
4i8p_A_B,1
4i8w_A_B,1
4i8x_A_B,1
4i8x_A_C,1
4i8x_A_D,1
4i8x_B_C,1
4i8x_B_D,1
4i8x_C_D,1
4i8x_E_F,1
4i8x_E_G,1
4i8x_E_H,1
4i8x_F_G,1
4i8x_F_H,1
4i8x_G_H,1
4i8z_A_B,1
4ia4_A_C,1
4ia4_A_D,1
4ia4_B_C,1
4ia4_B_D,1
4ia6_A_B,1
4iab_C_D,1
4iae_A_B,1
4iaj_A_B,1
4iaj_A_D,1
4iaj_A_E,1
4iaj_A_G,1
4iaj_B_E,1
4iaj_B_G,1
4iaj_C_D,1
4iaj_C_E,1
4iaj_C_F,1
4iaj_C_H,1
4iaj_D_G,1
4iaj_D_H,1
4iaj_E_F,1
4iaj_F_H,1
4iap_A_B,1
4ic2_A_B,1
4ic3_A_B,1
4ich_A_B,1
4icm_A_H,1
4icm_B_G,1
4icm_C_F,1
4icm_D_E,1
4icn_A_B,1
4id0_A_B,1
4id9_A_B,1
4idg_A_B,1
4idn_A_B,1
4idu_A_B,1
4idu_A_D,1
4idx_A_B,1
4idx_B_C,1
4ie2_A_B,1
4ie2_A_C,1
4ie2_B_C,1
4ie3_A_B,1
4ie3_A_C,1
4ie3_B_C,1
4ief_G_H,1
4ien_C_D,1
4ig2_A_B,1
4ig4_A_B,1
4igl_A_B,1
4igm_B_C,1
4ign_A_F,1
4ihb_A_B,1
4ihb_A_C,1
4ihb_B_C,1
4ihb_D_E,1
4ihb_D_F,1
4ihb_E_F,1
4ihd_A_B,1
4ihf_A_B,1
4ihf_A_C,1
4ihf_A_I,1
4ihf_A_L,1
4ihf_B_C,1
4ihf_B_L,1
4ihf_C_J,1
4ihf_D_E,1
4ihf_D_F,1
4ihf_D_K,1
4ihf_E_F,1
4ihf_E_H,1
4ihf_F_G,1
4ihh_A_B,1
4ihh_A_C,1
4ihh_A_H,1
4ihh_B_C,1
4ihh_B_G,1
4ihh_C_L,1
4ihh_D_E,1
4ihh_D_F,1
4ihh_D_I,1
4ihh_E_F,1
4ihh_E_J,1
4ihh_F_K,1
4ihq_A_B,1
4ihq_B_C,1
4ihw_A_B,1
4ihx_A_B,1
4iib_A_B,1
4iic_A_B,1
4iif_A_B,1
4iig_A_B,1
4iih_A_B,1
4iin_A_B,1
4iin_A_D,1
4iin_B_C,1
4iin_C_D,1
4iiv_A_C,1
4iiv_A_D,1
4iiv_B_C,1
4iiv_B_D,1
4ij6_A_B,1
4ij7_A_B,1
4ija_A_B,1
4ijc_A_B,1
4iji_A_F,1
4iji_B_C,1
4iji_E_G,1
4ijk_A_B,1
4ijk_A_D,1
4ijk_B_C,1
4ijk_C_D,1
4ijm_A_B,1
4ijm_A_F,1
4ijm_B_C,1
4ijm_C_D,1
4ijm_D_E,1
4ijm_E_F,1
4ijn_A_B,1
4ijq_A_B,1
4ijq_A_C,1
4ijq_A_D,1
4ijq_B_C,1
4ijq_B_D,1
4ijq_C_D,1
4iju_A_B,1
4iju_D_E,1
4ijv_A_B,1
4ijv_D_E,1
4il0_A_B,1
4il0_A_E,1
4il0_A_F,1
4il0_B_E,1
4il0_B_F,1
4il0_C_D,1
4il0_C_G,1
4il0_C_H,1
4il0_D_G,1
4il0_D_H,1
4il0_E_F,1
4il0_G_H,1
4il2_A_B,1
4il2_C_D,1
4il4_A_B,1
4il4_A_E,1
4il4_B_C,1
4il4_C_D,1
4il4_D_E,1
4ilc_A_B,1
4ilc_A_E,1
4ilc_B_C,1
4ilc_C_D,1
4ilc_D_E,1
4ild_A_B,1
4ilg_A_B,1
4ilg_A_C,1
4ilg_B_C,1
4ilk_A_B,1
4ils_B_C,1
4ima_A_B,1
4ima_A_C,1
4ima_B_D,1
4ima_C_D,1
4imc_A_B,1
4imc_A_D,1
4imc_B_C,1
4imc_C_D,1
4imd_A_B,1
4imd_A_D,1
4imd_B_C,1
4imd_C_D,1
4img_A_B,1
4imp_A_B,1
4imp_C_D,1
4imr_A_B,1
4io9_B_M,1
4io9_C_I,1
4io9_G_N,1
4io9_H_M,1
4io9_J_S,1
4io9_K_Z,1
4io9_N_O,1
4io9_P_Z,1
4io9_Q_V,1
4iom_A_B,1
4iot_A_B,1
4iq1_A_B,1
4iqe_A_B,1
4iqg_A_B,1
4iqg_A_C,1
4iqg_B_D,1
4iqg_C_D,1
4iqj_A_B,1
4iqj_A_D,1
4iqj_A_M,1
4iqj_B_C,1
4iqj_B_N,1
4iqj_C_O,1
4iqj_D_P,1
4iql_A_B,1
4ir8_A_B,1
4irb_A_B,1
4irb_C_D,1
4irn_E_F,1
4irn_E_H,1
4irn_F_G,1
4irn_G_H,1
4irr_A_B,1
4irv_B_F,1
4iry_A_B,1
4is3_A_B,1
4is3_A_D,1
4is3_B_C,1
4is3_C_D,1
4isd_A_D,1
4ism_A_C,1
4ism_A_D,1
4ism_A_E,1
4ism_A_F,1
4ism_A_H,1
4ism_B_C,1
4ism_B_F,1
4ism_C_F,1
4ism_C_H,1
4ism_D_E,1
4ism_D_G,1
4ism_E_F,1
4ism_G_H,1
4isp_A_C,1
4isp_A_D,1
4isp_A_E,1
4isp_A_F,1
4isp_A_H,1
4isp_B_C,1
4isp_B_F,1
4isp_C_F,1
4isp_C_H,1
4isp_D_E,1
4isp_D_G,1
4isp_E_F,1
4isp_G_H,1
4isw_A_B,1
4ita_A_B,1
4itt_A_C,1
4itt_A_D,1
4itt_A_E,1
4itt_A_F,1
4itt_A_H,1
4itt_B_C,1
4itt_B_F,1
4itt_C_F,1
4itt_C_H,1
4itt_D_E,1
4itt_D_G,1
4itt_E_F,1
4itt_G_H,1
4itu_A_B,1
4itu_A_C,1
4itu_B_D,1
4itu_C_D,1
4itx_A_B,1
4iu2_A_B,1
4iu3_A_B,1
4iua_A_F,1
4iua_B_C,1
4iud_L_S,1
4iuy_A_B,1
4iuy_A_C,1
4iuy_A_D,1
4iuy_B_C,1
4iuy_B_D,1
4iuy_C_D,1
4ive_A_B,1
4ive_C_D,1
4ivf_A_F,1
4ivf_B_G,1
4ivf_C_D,1
4ivf_E_H,1
4ivn_A_B,1
4ivp_A_B,1
4ivr_A_B,1
4iw3_A_B,1
4iw9_A_B,1
4iwg_A_B,1
4iwg_A_C,1
4iwg_B_C,1
4iwm_A_B,1
4iwm_A_C,1
4iwm_A_D,1
4iwm_B_C,1
4iwm_B_E,1
4iwm_C_F,1
4iwm_D_E,1
4iwm_D_F,1
4iwm_E_F,1
4iwr_E_F,1
4iws_A_B,1
4iws_C_D,1
4iwt_A_B,1
4ix2_A_D,1
4ix2_B_C,1
4ix5_A_B,1
4ixh_A_B,1
4ixh_A_D,1
4ixh_B_C,1
4ixh_C_D,1
4ixk_A_C,1
4ixk_A_D,1
4ixk_A_E,1
4ixk_A_F,1
4ixk_A_H,1
4ixk_B_C,1
4ixk_B_F,1
4ixk_C_F,1
4ixk_C_H,1
4ixk_D_E,1
4ixk_D_G,1
4ixk_E_F,1
4ixk_G_H,1
4ixn_A_B,1
4ixs_A_B,1
4ixv_A_B,1
4ixv_A_C,1
4ixv_B_C,1
4iym_A_B,1
4iym_A_C,1
4iym_A_D,1
4iym_B_C,1
4iym_B_D,1
4iym_C_D,1
4iyn_A_B,1
4iyo_A_B,1
4iyo_A_C,1
4iyo_A_D,1
4iyo_B_C,1
4iyo_B_D,1
4iyo_C_D,1
4iz6_A_B,1
4izd_A_B,1
4izg_A_B,1
4izn_A_B,1
4izn_A_C,1
4izn_B_D,1
4izn_C_D,1
4izn_E_F,1
4izn_E_G,1
4izn_F_H,1
4izn_G_H,1
4izn_I_J,1
4izn_I_K,1
4izn_J_L,1
4izn_K_L,1
4j00_A_B,1
4j01_A_B,1
4j01_E_F,1
4j10_A_B,1
4j2n_A_C,1
4j2n_B_C,1
4j2n_B_D,1
4j2n_B_E,1
4j2n_D_E,1
4j2o_A_D,1
4j2o_A_E,1
4j2o_B_D,1
4j2o_B_F,1
4j2o_C_E,1
4j2o_C_F,1
4j38_A_B,1
4j3f_A_B,1
4j3f_A_C,1
4j3f_A_D,1
4j3f_B_C,1
4j3f_B_D,1
4j3f_C_D,1
4j3j_A_B,1
4j3n_A_B,1
4j3q_A_B,1
4j40_A_B,1
4j41_A_B,1
4j41_C_D,1
4j42_A_B,1
4j4d_A_B,1
4j4t_A_B,1
4j4t_A_C,1
4j4t_A_D,1
4j4t_B_C,1
4j4t_B_D,1
4j4t_C_D,1
4j4t_E_F,1
4j4t_E_G,1
4j4t_E_H,1
4j4t_F_G,1
4j4t_F_H,1
4j4t_G_H,1
4j4y_A_B,1
4j4y_A_D,1
4j4y_B_C,1
4j4y_C_D,1
4j56_A_B,1
4j56_A_E,1
4j56_A_F,1
4j56_B_E,1
4j56_B_F,1
4j56_C_D,1
4j56_C_G,1
4j56_C_H,1
4j56_D_G,1
4j56_D_H,1
4j5j_A_B,1
4j5p_A_B,1
4j6f_A_B,1
4j6g_A_C,1
4j76_A_B,1
4j7k_C_D,1
4j7u_A_B,1
4j7x_A_B,1
4j7x_F_J,1
4j8u_A_B,1
4j8u_A_C,1
4j8u_A_E,1
4j8u_A_G,1
4j8u_B_C,1
4j8v_A_B,1
4j8v_B_D,1
4j8v_C_D,1
4j8v_E_F,1
4j8v_F_H,1
4j8v_G_H,1
4j8x_A_B,1
4j8x_A_E,1
4j8x_A_G,1
4j8x_B_D,1
4j8x_B_G,1
4j8x_B_H,1
4j8x_C_D,1
4j8x_C_E,1
4j8x_C_F,1
4j8x_D_F,1
4j8x_E_F,1
4j8x_F_H,1
4j8x_G_H,1
4j99_A_B,1
4j9a_B_D,1
4j9a_C_F,1
4j9v_A_B,1
4j9x_A_B,1
4j9y_B_R,1
4jby_A_B,1
4jd1_A_B,1
4jde_A_B,1
4jdl_A_C,1
4jdo_A_B,1
4jdo_A_C,1
4jdo_B_C,1
4jdo_D_E,1
4jdo_D_F,1
4jdo_E_F,1
4jdo_G_H,1
4jdo_G_I,1
4jdo_H_I,1
4jdp_A_B,1
4jdr_A_B,1
4je3_A_B,1
4je5_A_B,1
4je9_A_B,1
4jeh_A_B,1
4jem_A_B,1
4jeq_A_B,1
4jeq_C_D,1
4jeq_E_F,1
4jeq_G_H,1
4jeq_I_J,1
4jeq_K_L,1
4jev_A_B,1
4jf0_A_B,1
4jf9_A_B,1
4jfa_A_C,1
4jge_A_B,1
4jgo_A_B,1
4jgp_A_B,1
4jgq_A_B,1
4jgr_A_B,1
4jgs_B_F,1
4jgs_B_I,1
4jgs_F_I,1
4jh1_A_B,1
4jh2_A_B,1
4jh3_A_B,1
4jh5_A_B,1
4jh6_A_B,1
4jh8_A_B,1
4jhc_A_B,1
4jhx_A_B,1
4jhx_A_C,1
4jhx_B_C,1
4ji1_B_H,1
4ji1_C_J,1
4ji1_C_N,1
4ji1_D_E,1
4ji1_E_H,1
4ji1_F_R,1
4ji1_G_I,1
4ji1_J_N,1
4ji1_K_R,1
4ji1_M_S,1
4jib_A_B,1
4jib_A_D,1
4jib_B_C,1
4jib_C_D,1
4jim_A_B,1
4jit_A_B,1
4jit_A_C,1
4jit_A_D,1
4jit_B_C,1
4jit_B_D,1
4jit_C_D,1
4jiv_A_B,1
4jiv_A_C,1
4jiv_A_D,1
4jiv_B_C,1
4jiv_B_D,1
4jiv_C_D,1
4jj3_A_B,1
4jj9_A_B,1
4jj9_A_C,1
4jj9_B_C,1
4jjh_A_B,1
4jji_A_B,1
4jjp_A_B,1
4jjt_A_B,1
4jjt_A_C,1
4jjt_B_C,1
4jjz_A_B,1
4jk3_A_B,1
4jkl_A_B,1
4jkm_A_B,1
4jkx_A_B,1
4jlk_A_B,1
4jls_E_H,1
4jls_E_I,1
4jls_E_J,1
4jls_H_I,1
4jls_H_J,1
4jls_I_J,1
4jly_A_B,1
4jly_A_C,1
4jly_A_E,1
4jly_A_F,1
4jly_B_C,1
4jly_B_D,1
4jly_C_D,1
4jly_C_E,1
4jly_E_F,1
4jn4_A_B,1
4jng_A_B,1
4jng_A_D,1
4jng_B_C,1
4jng_C_D,1
4jnk_A_B,1
4jnk_A_C,1
4jnk_A_D,1
4jnk_B_C,1
4jnk_B_D,1
4jnk_C_D,1
4joi_A_D,1
4joi_B_C,1
4jpg_A_B,1
4jpg_A_C,1
4jpg_B_D,1
4jpg_C_D,1
4jph_A_B,1
4jq6_A_B,1
4jq6_B_C,1
4jq9_A_B,1
4jq9_C_E,1
4jq9_D_F,1
4jqd_A_B,1
4jqh_A_B,1
4jqo_A_B,1
4jqo_A_C,1
4jqo_B_C,1
4jri_A_B,1
4jri_C_D,1
4jrp_A_B,1
4js4_A_B,1
4jsh_A_B,1
4jsl_A_B,1
4jsp_A_C,1
4jsp_B_D,1
4jst_A_B,1
4jt0_A_B,1
4jt0_A_G,1
4jt0_A_H,1
4jt0_A_I,1
4jt0_B_C,1
4jt0_B_I,1
4jt0_B_J,1
4jt0_C_D,1
4jt0_C_J,1
4jt0_C_K,1
4jt0_D_E,1
4jt0_D_K,1
4jt0_D_L,1
4jt0_E_F,1
4jt0_E_L,1
4jt0_E_M,1
4jt0_F_G,1
4jt0_F_M,1
4jt0_F_N,1
4jt0_G_H,1
4jt0_G_N,1
4jt0_H_I,1
4jt0_H_N,1
4jt0_H_Z,1
4jt0_H_a,1
4jt0_I_J,1
4jt0_I_Y,1
4jt0_I_Z,1
4jt0_J_K,1
4jt0_J_X,1
4jt0_J_Y,1
4jt0_K_L,1
4jt0_K_W,1
4jt0_K_X,1
4jt0_L_M,1
4jt0_L_V,1
4jt0_L_W,1
4jt0_M_N,1
4jt0_M_V,1
4jt0_M_b,1
4jt0_N_a,1
4jt0_N_b,1
4jt0_O_P,1
4jt0_O_U,1
4jt0_O_V,1
4jt0_O_W,1
4jt0_P_Q,1
4jt0_P_W,1
4jt0_P_X,1
4jt0_Q_R,1
4jt0_Q_X,1
4jt0_Q_Y,1
4jt0_R_S,1
4jt0_R_Y,1
4jt0_R_Z,1
4jt0_S_T,1
4jt0_S_Z,1
4jt0_S_a,1
4jt0_T_U,1
4jt0_T_a,1
4jt0_T_b,1
4jt0_U_V,1
4jt0_U_b,1
4jt0_V_W,1
4jt0_V_b,1
4jt0_W_X,1
4jt0_X_Y,1
4jt0_Y_Z,1
4jt0_Z_a,1
4jt0_a_b,1
4jt5_B_D,1
4jte_A_B,1
4jte_A_C,1
4jte_B_D,1
4jte_C_D,1
4jtf_A_B,1
4jtf_A_C,1
4jtf_B_D,1
4jtf_C_D,1
4jth_A_B,1
4jth_A_C,1
4jth_B_D,1
4jth_C_D,1
4jti_A_B,1
4jti_A_C,1
4jti_B_D,1
4jti_C_D,1
4jtk_A_B,1
4jtk_A_C,1
4jtk_B_D,1
4jtk_C_D,1
4juc_A_B,1
4juc_A_C,1
4juc_A_D,1
4juc_B_C,1
4juc_B_D,1
4juc_C_D,1
4jup_A_B,1
4juq_A_D,1
4juq_B_C,1
4jur_C_K,1
4jur_C_L,1
4jur_D_K,1
4jur_D_L,1
4jur_K_L,1
4jus_A_B,1
4jus_A_D,1
4jus_B_C,1
4jus_C_D,1
4jvo_A_B,1
4jvy_A_B,1
4jx0_A_B,1
4jx2_A_B,1
4jx4_A_B,1
4jx4_A_C,1
4jx4_B_D,1
4jx4_C_D,1
4jxk_A_B,1
4jxr_A_B,1
4jxw_A_B,1
4jyx_A_C,1
4jyx_E_H,1
4jyx_F_G,1
4jz8_A_B,1
4jz8_C_D,1
4jz9_C_D,1
4jza_A_B,1
4jzb_A_B,1
4jzx_A_B,1
4jzy_A_B,1
4k05_A_B,1
4k0b_A_B,1
4k0d_A_B,1
4k0k_B_H,1
4k0k_C_J,1
4k0k_C_N,1
4k0k_D_E,1
4k0k_E_H,1
4k0k_F_R,1
4k0k_G_I,1
4k0k_J_N,1
4k0k_K_R,1
4k0k_M_S,1
4k1f_A_B,1
4k1f_B_C,1
4k1f_C_D,1
4k1f_D_E,1
4k1w_A_B,1
4k1w_C_D,1
4k1z_A_B,1
4k1z_A_C,1
4k1z_B_D,1
4k1z_C_D,1
4k20_A_B,1
4k22_A_B,1
4k26_A_B,1
4k29_A_B,1
4k29_A_C,1
4k29_B_C,1
4k2b_A_B,1
4k2e_C_D,1
4k2f_A_B,1
4k2h_K_L,1
4k2i_A_B,1
4k3m_A_B,1
4k3o_A_B,1
4k3y_A_B,1
4k3y_A_C,1
4k3y_B_D,1
4k3y_C_D,1
4k49_B_C,1
4k4a_A_B,1
4k4a_C_D,1
4k4c_B_C,1
4k4d_A_B,1
4k4q_A_B,1
4k4r_A_B,1
4k5b_B_C,1
4k5e_A_B,1
4k5f_A_B,1
4k5g_A_B,1
4k5h_A_B,1
4k5j_A_B,1
4k6a_A_B,1
4k8k_A_B,1
4k8u_A_B,1
4k8u_A_C,1
4k8u_B_C,1
4k90_A_B,1
4k9c_A_B,1
4k9i_A_B,1
4k9n_A_B,1
4k9n_A_C,1
4k9n_A_D,1
4k9n_B_C,1
4k9n_B_D,1
4k9n_C_D,1
4k9o_A_B,1
4k9o_A_C,1
4k9o_A_D,1
4k9o_B_C,1
4k9o_B_D,1
4k9o_C_D,1
4kad_A_B,1
4kar_A_B,1
4kar_A_D,1
4kar_B_C,1
4kar_C_D,1
4kat_A_B,1
4kat_A_D,1
4kat_B_C,1
4kat_C_D,1
4kb3_A_B,1
4kb3_A_J,1
4kb3_B_C,1
4kb3_C_D,1
4kb3_D_E,1
4kb3_E_F,1
4kb3_F_G,1
4kb3_G_H,1
4kb3_H_I,1
4kb3_I_J,1
4kbb_A_C,1
4kbc_A_B,1
4kbj_A_B,1
4kbq_A_C,1
4kbq_B_D,1
4keh_A_B,1
4keh_A_D,1
4keh_B_C,1
4ket_A_C,1
4kfn_A_B,1
4kfo_A_B,1
4kg2_A_B,1
4kgb_A_B,1
4kgc_A_B,1
4kgc_A_E,1
4kgc_A_G,1
4kgc_B_D,1
4kgc_B_G,1
4kgc_B_H,1
4kgc_C_D,1
4kgc_C_E,1
4kgc_C_F,1
4kgc_E_F,1
4kgc_F_H,1
4kgc_G_H,1
4kgd_A_B,1
4kgg_B_D,1
4kgh_A_B,1
4kgk_A_B,1
4kgk_A_C,1
4kgk_A_D,1
4kgk_B_C,1
4kgk_B_D,1
4kgk_C_D,1
4kgn_A_B,1
4kgn_E_F,1
4kgn_G_H,1
4kgq_A_C,1
4kgq_A_D,1
4kgq_B_C,1
4kgq_B_D,1
4kgq_C_D,1
4kh0_A_B,1
4kh0_B_D,1
4kh0_C_D,1
4kh1_A_B,1
4kh1_B_D,1
4kh1_C_D,1
4kh5_A_B,1
4khb_E_F,1
4kjw_A_B,1
4kl6_A_B,1
4kl6_C_D,1
4kln_A_B,1
4kln_A_F,1
4kln_B_C,1
4kln_C_D,1
4kln_D_E,1
4kln_E_F,1
4klr_A_B,1
4kmh_A_B,1
4kmi_A_B,1
4kmm_A_B,1
4kmo_A_B,1
4kmr_A_B,1
4kms_A_B,1
4kns_A_B,1
4kns_A_F,1
4kns_B_F,1
4kns_C_D,1
4kns_C_E,1
4kns_D_E,1
4ko1_L_S,1
4ko1_M_T,1
4ko2_L_S,1
4ko2_M_T,1
4ko3_M_T,1
4kod_A_E,1
4kod_A_F,1
4kod_B_D,1
4kod_B_F,1
4kod_C_D,1
4kod_C_E,1
4kod_G_K,1
4kod_G_L,1
4kod_H_J,1
4kod_H_L,1
4kod_I_J,1
4kod_I_K,1
4kp3_A_C,1
4kp3_B_D,1
4kp3_C_D,1
4kp8_A_B,1
4kpc_A_B,1
4kpe_A_B,1
4kpe_A_C,1
4kpe_A_D,1
4kpe_B_C,1
4kpe_B_D,1
4kpl_A_E,1
4kpl_B_D,1
4kpl_C_G,1
4kpl_F_H,1
4kpo_A_B,1
4kqn_A_B,1
4kqw_A_B,1
4kr6_A_B,1
4kr7_A_B,1
4kr9_A_B,1
4kry_A_B,1
4kry_C_D,1
4kry_E_F,1
4kt0_A_B,1
4kt0_A_C,1
4kt0_A_D,1
4kt0_A_E,1
4kt0_A_F,1
4kt0_A_K,1
4kt0_B_C,1
4kt0_B_D,1
4kt0_B_E,1
4kt0_B_F,1
4kt0_C_D,1
4kt0_C_E,1
4kt2_A_E,1
4kt2_C_G,1
4kt2_F_H,1
4kt5_A_B,1
4kt5_A_C,1
4kt5_B_C,1
4kt6_A_B,1
4kt6_C_D,1
4kt7_A_B,1
4ktb_A_B,1
4ktb_A_C,1
4ktb_A_D,1
4ktb_B_C,1
4ktb_B_D,1
4ktb_C_D,1
4ktm_A_B,1
4ktr_E_F,1
4ktv_A_B,1
4ktv_A_C,1
4ktv_A_D,1
4ktv_A_F,1
4ktv_B_C,1
4ktv_B_D,1
4ktv_B_F,1
4ktv_C_D,1
4ktv_C_E,1
4ktv_D_E,1
4ktw_A_B,1
4ku2_A_B,1
4kwd_C_D,1
4kwf_A_B,1
4kwf_A_C,1
4kwf_A_D,1
4kwf_B_C,1
4kwf_B_D,1
4kwf_C_D,1
4kwf_E_F,1
4kwf_E_G,1
4kwf_E_H,1
4kwf_F_G,1
4kwf_F_H,1
4kwf_G_H,1
4kwg_A_B,1
4kwg_A_C,1
4kwg_A_D,1
4kwg_B_C,1
4kwg_B_D,1
4kwg_C_D,1
4kwg_E_F,1
4kwg_E_G,1
4kwg_E_H,1
4kwg_F_G,1
4kwg_F_H,1
4kwg_G_H,1
4kwt_A_B,1
4kwt_A_C,1
4kwt_B_C,1
4kxl_A_B,1
4kxl_C_D,1
4kxp_A_B,1
4kxr_A_B,1
4kxr_B_C,1
4ky8_A_B,1
4ky8_C_D,1
4kyt_A_B,1
4kyt_B_C,1
4l00_A_B,1
4l03_A_B,1
4l08_C_F,1
4l0k_A_C,1
4l0k_B_D,1
4l27_B_D,1
4l28_A_C,1
4l28_B_D,1
4l2d_A_B,1
4l2d_C_D,1
4l2o_A_B,1
4l2o_E_G,1
4l4s_A_H,1
4l5b_A_B,1
4l5c_D_E,1
4l5c_D_F,1
4l5c_E_F,1
4l5l_A_B,1
4l5t_A_C,1
4l5t_A_D,1
4l5t_B_C,1
4l5t_B_D,1
4l5y_A_B,1
4l5y_A_C,1
4l5y_B_C,1
4l5y_D_E,1
4l5y_D_F,1
4l5y_E_F,1
4l62_A_B,1
4l62_C_D,1
4l62_E_F,1
4l62_G_H,1
4l62_I_J,1
4l62_K_L,1
4l63_A_C,1
4l63_A_D,1
4l63_A_E,1
4l63_B_C,1
4l63_B_F,1
4l63_C_D,1
4l63_D_E,1
4l63_E_F,1
4l6i_A_B,1
4l6i_A_C,1
4l6i_B_C,1
4l6i_D_E,1
4l6i_D_F,1
4l6i_E_F,1
4l6t_A_C,1
4l6t_A_D,1
4l6t_A_E,1
4l6t_B_C,1
4l6t_B_F,1
4l6t_C_D,1
4l6t_D_E,1
4l6t_E_F,1
4l74_A_B,1
4l75_C_D,1
4l75_E_F,1
4l76_C_D,1
4l76_E_F,1
4l7d_A_B,1
4l7d_B_C,1
4l7k_C_J,1
4l7k_D_I,1
4l7k_E_G,1
4l7k_F_K,1
4l7q_A_B,1
4l7q_A_C,1
4l7q_C_D,1
4l7q_D_F,1
4l7q_E_F,1
4l8f_A_B,1
4l8f_A_C,1
4l8f_C_D,1
4l8v_A_B,1
4l8v_A_C,1
4l8v_A_D,1
4l8v_B_C,1
4l8v_B_D,1
4l8v_C_D,1
4l8w_B_G,1
4l9n_A_B,1
4l9p_A_B,1
4la7_A_B,1
4lac_A_C,1
4lac_B_C,1
4laf_A_B,1
4laf_A_C,1
4laf_A_D,1
4laf_B_C,1
4laf_B_D,1
4laf_C_D,1
4lak_A_B,1
4lal_C_D,1
4lam_A_B,1
4lan_A_B,1
4lbi_A_C,1
4lbi_A_D,1
4lbi_B_C,1
4lbi_B_D,1
4lbq_B_C,1
4lc4_A_B,1
4lc5_A_B,1
4lc6_A_B,1
4lc9_A_B,1
4lca_A_B,1
4lcj_C_D,1
4lco_A_B,1
4lcp_A_B,1
4ld2_A_B,1
4ld4_A_B,1
4ld7_A_B,1
4ld7_A_C,1
4ld7_A_D,1
4ld7_B_C,1
4ld7_B_D,1
4ld7_C_D,1
4ld7_E_F,1
4ld7_E_G,1
4ld7_E_H,1
4ld7_F_G,1
4ld7_F_H,1
4ld7_G_H,1
4ld7_I_J,1
4ld7_I_K,1
4ld7_I_L,1
4ld7_J_K,1
4ld7_J_L,1
4ld7_K_L,1
4ld7_M_N,1
4ld7_M_O,1
4ld7_M_P,1
4ld7_N_O,1
4ld7_N_P,1
4ld7_O_P,1
4ldd_A_C,1
4ldd_B_C,1
4ldw_A_B,1
4ldx_A_B,1
4le2_A_B,1
4le2_C_D,1
4leh_A_B,1
4leh_A_C,1
4leh_B_C,1
4lei_A_B,1
4lez_A_C,1
4lf1_A_B,1
4lf1_E_F,1
4lf2_A_B,1
4lf2_C_D,1
4lf2_E_F,1
4lf8_B_H,1
4lf8_C_J,1
4lf8_C_N,1
4lf8_D_E,1
4lf8_E_H,1
4lf8_F_R,1
4lf8_J_N,1
4lf8_K_R,1
4lf8_M_S,1
4lf9_B_H,1
4lf9_C_J,1
4lf9_C_N,1
4lf9_D_E,1
4lf9_E_H,1
4lf9_F_R,1
4lf9_J_N,1
4lf9_K_R,1
4lf9_M_S,1
4lfm_A_B,1
4lfm_A_C,1
4lfm_A_D,1
4lfm_B_C,1
4lfm_B_D,1
4lfm_C_D,1
4lfn_A_B,1
4lfn_A_C,1
4lfn_A_D,1
4lfn_B_C,1
4lfn_B_D,1
4lfn_C_D,1
4lin_J_K,1
4lin_J_L,1
4lin_K_L,1
4liw_A_B,1
4lj2_A_B,1
4ljh_B_C,1
4ljh_B_D,1
4ljk_B_D,1
4ljk_C_E,1
4ljk_F_G,1
4ljq_B_C,1
4lk3_A_B,1
4lk3_A_F,1
4lk3_B_C,1
4lk3_C_D,1
4lk3_D_E,1
4lk3_E_F,1
4lk5_A_B,1
4lk5_A_C,1
4lk5_B_C,1
4lk6_C_J,1
4lk6_C_K,1
4lk6_I_J,1
4lk6_I_K,1
4lk7_A_B,1
4lkb_A_B,1
4lkb_A_C,1
4lkb_B_C,1
4lkb_D_E,1
4lkb_D_F,1
4lkb_E_F,1
4lke_A_C,1
4lke_A_D,1
4lke_B_C,1
4lke_B_D,1
4ll1_A_B,1
4ll1_A_C,1
4ll1_C_D,1
4ll7_A_C,1
4ll7_E_H,1
4lle_A_B,1
4llj_A_B,1
4llk_A_B,1
4llo_C_D,1
4llo_G_H,1
4llx_A_B,1
4lm0_A_B,1
4lm3_A_B,1
4lm6_A_B,1
4lm6_A_D,1
4lm6_B_C,1
4lm6_C_D,1
4lma_A_B,1
4lmf_B_C,1
4lmi_A_B,1
4lmx_E_F,1
4lmx_E_H,1
4lmx_F_G,1
4lmx_G_H,1
4lmy_A_B,1
4lqc_A_B,1
4lqi_A_B,1
4lqi_A_G,1
4lqi_A_H,1
4lqi_A_I,1
4lqi_B_C,1
4lqi_B_I,1
4lqi_B_J,1
4lqi_C_D,1
4lqi_C_J,1
4lqi_C_K,1
4lqi_D_E,1
4lqi_D_K,1
4lqi_D_L,1
4lqi_E_F,1
4lqi_E_L,1
4lqi_E_M,1
4lqi_F_G,1
4lqi_F_M,1
4lqi_F_N,1
4lqi_G_H,1
4lqi_G_N,1
4lqi_H_I,1
4lqi_H_N,1
4lqi_H_Z,1
4lqi_H_a,1
4lqi_I_J,1
4lqi_I_Y,1
4lqi_I_Z,1
4lqi_J_K,1
4lqi_J_X,1
4lqi_J_Y,1
4lqi_K_L,1
4lqi_K_W,1
4lqi_K_X,1
4lqi_L_M,1
4lqi_L_V,1
4lqi_L_W,1
4lqi_M_N,1
4lqi_M_V,1
4lqi_M_b,1
4lqi_N_a,1
4lqi_N_b,1
4lqi_O_P,1
4lqi_O_U,1
4lqi_O_V,1
4lqi_O_W,1
4lqi_P_Q,1
4lqi_P_W,1
4lqi_P_X,1
4lqi_Q_R,1
4lqi_Q_X,1
4lqi_R_S,1
4lqi_R_Y,1
4lqi_R_Z,1
4lqi_S_T,1
4lqi_S_Z,1
4lqi_S_a,1
4lqi_T_U,1
4lqi_T_a,1
4lqi_T_b,1
4lqi_U_V,1
4lqi_U_b,1
4lqi_V_W,1
4lqi_V_b,1
4lqi_W_X,1
4lqi_X_Y,1
4lqi_Y_Z,1
4lqi_Z_a,1
4lqi_a_b,1
4lqk_A_B,1
4lqk_C_D,1
4lql_A_B,1
4lql_A_C,1
4lql_A_E,1
4lql_A_F,1
4lql_B_C,1
4lql_B_D,1
4lql_B_E,1
4lql_C_D,1
4lql_C_F,1
4lql_D_E,1
4lql_D_F,1
4lql_E_F,1
4lqs_A_B,1
4lqx_A_B,1
4lr3_A_B,1
4lr3_A_D,1
4lr3_B_C,1
4lr3_C_D,1
4lr3_E_F,1
4lr3_E_H,1
4lr3_F_G,1
4lr3_G_H,1
4lr3_I_J,1
4lr3_I_L,1
4lr3_J_K,1
4lr3_K_L,1
4lr3_M_N,1
4lr3_M_P,1
4lr3_N_O,1
4lr3_O_P,1
4lrk_C_D,1
4lrq_A_C,1
4lrq_B_D,1
4lrv_A_E,1
4lrv_A_M,1
4lrv_B_D,1
4lrv_B_I,1
4lrv_B_K,1
4lrv_C_E,1
4lrv_C_M,1
4lrv_D_F,1
4lrv_D_G,1
4lrv_F_I,1
4lrv_F_P,1
4lrv_G_K,1
4lrv_G_P,1
4lrv_H_L,1
4lrv_H_N,1
4lrv_I_J,1
4lrv_J_K,1
4lrv_J_P,1
4lrv_L_O,1
4lrv_N_O,1
4lrz_A_F,1
4lrz_A_H,1
4lrz_B_F,1
4lrz_B_H,1
4lrz_F_H,1
4ls5_A_B,1
4ls6_A_B,1
4lsb_A_B,1
4lsd_C_D,1
4lsd_G_H,1
4lse_A_B,1
4lse_A_C,1
4lse_B_C,1
4lsi_A_B,1
4lsi_A_C,1
4lsi_B_C,1
4lts_A_B,1
4lu0_A_C,1
4lu0_A_D,1
4lu0_B_C,1
4lu0_B_D,1
4lu6_A_B,1
4lub_A_B,1
4lui_A_B,1
4luj_A_B,1
4lus_A_B,1
4lus_C_D,1
4luw_A_B,1
4lux_A_B,1
4luy_A_B,1
4lw8_A_B,1
4lws_A_B,1
4lwy_H_L,1
4lwy_H_M,1
4lwy_L_M,1
4lxq_A_B,1
4lxr_A_J,1
4lxr_A_K,1
4lxr_J_K,1
4lxx_A_B,1
4lxy_A_B,1
4lyy_A_B,1
4lyy_A_C,1
4lyy_B_D,1
4lyy_C_D,1
4lzb_D_H,1
4lzb_I_L,1
4lzj_A_D,1
4lzj_B_C,1
4lzw_A_B,1
4lzw_A_F,1
4lzw_B_C,1
4lzw_C_D,1
4lzw_D_E,1
4lzw_E_F,1
4m06_A_C,1
4m06_A_E,1
4m06_B_C,1
4m06_B_D,1
4m06_D_E,1
4m08_A_C,1
4m08_A_E,1
4m08_B_C,1
4m08_B_D,1
4m08_D_E,1
4m09_A_B,1
4m09_A_C,1
4m09_B_D,1
4m09_C_E,1
4m09_D_E,1
4m0d_A_D,1
4m0j_A_B,1
4m0k_A_B,1
4m0k_C_D,1
4m0p_A_B,1
4m0q_A_B,1
4m0r_A_B,1
4m0u_A_B,1
4m11_A_B,1
4m11_C_D,1
4m17_A_B,1
4m17_A_C,1
4m17_B_C,1
4m17_G_H,1
4m17_G_I,1
4m17_H_I,1
4m17_J_K,1
4m17_J_L,1
4m17_K_L,1
4m18_A_B,1
4m18_A_C,1
4m18_B_C,1
4m18_D_E,1
4m18_D_F,1
4m18_E_F,1
4m18_G_H,1
4m18_G_I,1
4m18_H_I,1
4m19_A_B,1
4m19_A_C,1
4m19_B_D,1
4m19_C_D,1
4m1h_A_B,1
4m1i_A_B,1
4m1i_C_D,1
4m1j_A_C,1
4m1l_A_B,1
4m33_A_B,1
4m33_A_C,1
4m33_B_C,1
4m33_C_D,1
4m34_A_B,1
4m34_A_C,1
4m34_B_C,1
4m34_C_D,1
4m3h_A_B,1
4m3h_A_C,1
4m3h_B_C,1
4m52_A_D,1
4m55_A_B,1
4m55_A_F,1
4m55_B_C,1
4m55_C_D,1
4m55_D_E,1
4m55_E_F,1
4m59_A_B,1
4m69_A_B,1
4m6a_A_B,1
4m6b_D_F,1
4m6p_A_B,1
4m6v_A_B,1
4m6v_A_C,1
4m6v_B_D,1
4m6v_C_D,1
4m6w_A_B,1
4m70_B_H,1
4m70_I_J,1
4m70_K_Q,1
4m72_A_B,1
4m73_A_B,1
4m86_A_B,1
4m87_A_B,1
4m8l_B_D,1
4m8r_A_B,1
4m8x_A_B,1
4mae_A_B,1
4mak_A_B,1
4mam_A_B,1
4mar_A_B,1
4mar_A_C,1
4mb0_A_B,1
4mb0_C_D,1
4mb2_A_B,1
4mb2_C_D,1
4mb8_A_B,1
4mb8_A_C,1
4mb8_A_D,1
4mb8_B_C,1
4mb8_B_D,1
4mb8_C_D,1
4mbq_A_B,1
4mbq_A_E,1
4mbq_C_D,1
4mbq_D_F,1
4mby_A_B,1
4mby_A_E,1
4mby_B_C,1
4mby_C_D,1
4mby_D_E,1
4mc9_A_B,1
4mcj_I_J,1
4mct_A_B,1
4mct_A_C,1
4mct_C_D,1
4mcw_A_B,1
4mcx_A_B,1
4mcx_A_C,1
4mcx_C_D,1
4mcx_E_F,1
4mdc_A_B,1
4mdc_C_D,1
4mdf_A_B,1
4mdu_A_B,1
4mdv_A_B,1
4meb_A_B,1
4mel_A_B,1
4mf0_A_B,1
4mh1_A_B,1
4mh4_A_B,1
4mhx_A_B,1
4mi4_A_C,1
4mi4_B_C,1
4mim_A_B,1
4mim_A_C,1
4mim_B_D,1
4mim_C_D,1
4mis_A_B,1
4miv_G_H,1
4miy_A_B,1
4miy_A_C,1
4miy_A_D,1
4miy_B_C,1
4miy_B_D,1
4miy_C_D,1
4mj0_A_B,1
4mj0_A_E,1
4mj0_B_C,1
4mj0_C_D,1
4mj0_D_E,1
4mjk_A_B,1
4mjr_A_B,1
4mjs_E_F,1
4mjs_I_J,1
4mjs_Q_R,1
4mjx_A_B,1
4mk4_A_B,1
4mki_A_B,1
4mkr_A_B,1
4mkr_C_D,1
4mks_A_B,1
4ml0_E_F,1
4ml0_E_G,1
4ml0_G_H,1
4ml3_B_D,1
4mmd_A_B,1
4mmk_A_B,1
4mmk_A_F,1
4mmk_B_C,1
4mmk_C_D,1
4mmk_D_E,1
4mmk_E_F,1
4mmk_G_H,1
4mmk_G_L,1
4mmk_H_I,1
4mmk_I_J,1
4mmk_J_K,1
4mmk_K_L,1
4mmn_D_E,1
4mmq_A_B,1
4mmr_A_B,1
4mmv_A_B,1
4mmx_A_B,1
4mmx_B_C,1
4mn8_A_B,1
4mo5_A_B,1
4mo5_C_D,1
4moj_A_B,1
4moj_A_C,1
4moj_A_D,1
4moj_B_C,1
4moj_B_D,1
4moj_C_D,1
4mow_A_B,1
4mow_A_C,1
4mow_B_D,1
4mow_C_D,1
4mp4_A_B,1
4mpb_A_B,1
4mph_A_B,1
4mpm_A_B,1
4mpy_A_B,1
4mpy_A_C,1
4mpy_A_D,1
4mpy_B_C,1
4mpy_B_D,1
4mpy_C_D,1
4mpy_E_F,1
4mpy_E_G,1
4mpy_E_H,1
4mpy_F_G,1
4mpy_F_H,1
4mpy_G_H,1
4mq9_A_B,1
4mq9_A_C,1
4mq9_B_C,1
4mq9_B_D,1
4mq9_C_D,1
4mq9_C_F,1
4mq9_D_E,1
4mq9_D_F,1
4mqb_A_B,1
4mqf_A_B,1
4mqq_A_B,1
4mqr_A_B,1
4mr7_A_B,1
4mrn_A_B,1
4mrp_A_B,1
4mrr_A_B,1
4mrs_A_B,1
4mrt_A_C,1
4mrv_A_B,1
4ms2_A_B,1
4ms2_A_C,1
4ms2_B_D,1
4ms2_C_D,1
4msp_A_B,1
4mtg_A_B,1
4mtg_A_C,1
4mtg_B_D,1
4mtg_C_D,1
4mtl_A_B,1
4mtq_A_B,1
4mts_A_B,1
4mtt_A_B,1
4mtz_A_C,1
4mud_A_B,1
4mud_C_D,1
4mue_A_B,1
4mug_A_B,1
4muo_A_B,1
4mur_A_B,1
4mus_A_B,1
4mut_A_B,1
4mvm_A_B,1
4mvm_A_C,1
4mvm_B_D,1
4mvm_C_D,1
4mvo_A_B,1
4mvo_A_C,1
4mvo_B_D,1
4mvo_C_D,1
4mvz_A_B,1
4mvz_A_C,1
4mvz_B_D,1
4mvz_C_D,1
4mw3_A_B,1
4mw3_A_C,1
4mw3_B_D,1
4mw3_C_D,1
4mwa_A_B,1
4mwa_A_D,1
4mwa_B_C,1
4mwa_C_D,1
4mws_A_B,1
4mx2_A_B,1
4mx2_A_E,1
4mx2_A_F,1
4mx2_B_E,1
4mx2_B_F,1
4mx2_C_D,1
4mx2_C_G,1
4mx2_C_H,1
4mx2_D_G,1
4mx2_D_H,1
4mx2_E_F,1
4mx2_G_H,1
4mxm_A_B,1
4my5_A_B,1
4my5_C_D,1
4my9_A_B,1
4my9_A_C,1
4my9_B_D,1
4my9_C_D,1
4my9_E_F,1
4my9_E_G,1
4my9_F_H,1
4my9_G_H,1
4myc_A_B,1
4myh_A_B,1
4myp_A_B,1
4myy_A_B,1
4mza_A_B,1
4mzm_A_B,1
4mzm_C_D,1
4mzq_A_B,1
4mzq_A_C,1
4mzq_A_E,1
4mzq_A_F,1
4mzq_B_C,1
4mzq_B_D,1
4mzq_B_E,1
4mzq_C_D,1
4mzq_C_F,1
4mzq_D_E,1
4mzq_D_F,1
4mzq_E_F,1
4mzq_G_H,1
4mzq_G_I,1
4mzq_G_K,1
4mzq_G_L,1
4mzq_H_I,1
4mzq_H_J,1
4mzq_H_K,1
4mzq_I_J,1
4mzq_I_L,1
4mzq_J_K,1
4mzq_J_L,1
4mzq_K_L,1
4mzt_A_B,1
4mzw_A_B,1
4n05_A_B,1
4n05_C_D,1
4n05_E_F,1
4n0g_B_D,1
4n0h_A_B,1
4n0h_A_F,1
4n0h_B_F,1
4n1j_C_D,1
4n1k_A_B,1
4n1k_C_D,1
4n1y_C_D,1
4n21_A_B,1
4n21_A_C,1
4n21_B_C,1
4n21_D_E,1
4n21_D_F,1
4n21_E_F,1
4n23_A_B,1
4n23_A_C,1
4n23_B_C,1
4n2x_A_B,1
4n2x_A_D,1
4n2x_A_F,1
4n2x_B_E,1
4n2x_B_G,1
4n2x_D_E,1
4n2x_D_F,1
4n2x_E_G,1
4n2x_F_G,1
4n36_A_C,1
4n36_B_D,1
4n3y_B_C,1
4n4o_A_B,1
4n4o_A_C,1
4n4o_A_D,1
4n4o_A_E,1
4n4o_B_E,1
4n4o_C_D,1
4n4o_C_E,1
4n4o_C_F,1
4n4o_E_F,1
4n4q_A_B,1
4n4q_A_C,1
4n4q_B_D,1
4n4q_C_D,1
4n4r_A_B,1
4n5b_A_B,1
4n5b_A_C,1
4n5b_A_D,1
4n5b_B_C,1
4n5b_B_D,1
4n5b_C_D,1
4n5b_E_F,1
4n5b_E_G,1
4n5b_E_H,1
4n5b_F_G,1
4n5b_F_H,1
4n5b_G_H,1
4n6s_A_B,1
4n72_A_B,1
4n72_A_C,1
4n72_B_C,1
4n78_A_B,1
4n78_A_D,1
4n78_A_E,1
4n78_A_F,1
4n78_B_F,1
4n78_D_E,1
4n78_D_F,1
4n78_E_F,1
4n7r_A_B,1
4n7r_A_C,1
4n7r_B_D,1
4n7r_C_D,1
4n7s_A_B,1
4n7s_C_D,1
4n7v_A_B,1
4n7v_A_C,1
4n83_C_D,1
4n8d_A_B,1
4n8m_A_B,1
4n8m_A_E,1
4n8m_B_C,1
4n8m_C_D,1
4n8m_D_E,1
4n97_A_B,1
4n9a_A_B,1
4n9i_C_D,1
4n9j_A_B,1
4n9n_A_B,1
4na1_A_B,1
4nah_A_B,1
4nah_A_C,1
4nah_A_D,1
4nah_B_C,1
4nah_B_F,1
4nah_C_E,1
4nah_D_E,1
4nah_D_F,1
4nah_E_F,1
4nat_A_B,1
4nat_A_C,1
4nat_B_C,1
4nau_A_B,1
4nau_A_C,1
4nau_B_C,1
4nav_C_D,1
4nb2_A_B,1
4nb4_A_B,1
4nb4_C_D,1
4nbq_A_B,1
4nbq_A_C,1
4nbq_B_C,1
4nbu_A_C,1
4nbu_A_D,1
4nbu_B_C,1
4nbu_B_D,1
4nc7_A_B,1
4nc8_A_B,1
4nc9_C_D,1
4nct_A_B,1
4nct_A_D,1
4nct_B_C,1
4nct_C_D,1
4ncz_A_C,1
4ncz_B_C,1
4nd1_A_B,1
4nd2_A_B,1
4nd5_A_B,1
4nd5_C_D,1
4ndn_A_B,1
4ndn_A_C,1
4ndn_A_D,1
4ndn_A_F,1
4ndn_B_C,1
4ndn_B_D,1
4ndn_B_F,1
4ndn_C_D,1
4ndn_C_E,1
4ndn_D_E,1
4ndr_A_B,1
4ndv_A_B,1
4ndz_A_B,1
4ndz_A_C,1
4ndz_B_C,1
4ndz_D_E,1
4ndz_D_F,1
4ndz_E_F,1
4ne3_A_B,1
4nea_B_D,1
4nek_C_D,1
4nek_C_E,1
4nek_D_E,1
4nex_A_B,1
4ney_A_B,1
4nf1_A_B,1
4nf1_E_F,1
4nf1_G_H,1
4nfh_A_B,1
4nft_C_F,1
4nfw_C_G,1
4nfw_D_E,1
4nfx_G_H,1
4nfy_A_B,1
4ng3_C_F,1
4nh4_A_B,1
4nhw_A_B,1
4nhw_C_D,1
4nhz_C_D,1
4ni8_A_H,1
4ni8_B_G,1
4ni8_C_F,1
4nic_C_D,1
4njg_A_B,1
4nji_A_B,1
4njk_A_B,1
4njo_A_B,1
4nju_C_D,1
4nk2_A_B,1
4nk4_A_B,1
4nk4_C_D,1
4nk4_C_E,1
4nk4_C_F,1
4nk4_D_E,1
4nk4_D_F,1
4nk4_E_F,1
4nk9_A_B,1
4nkb_A_B,1
4nkg_A_B,1
4nkq_A_C,1
4nkr_B_E,1
4nkr_C_D,1
4nl5_A_B,1
4nnu_A_B,1
4nnw_A_B,1
4nnw_A_G,1
4nnw_A_H,1
4nnw_A_I,1
4nnw_B_C,1
4nnw_B_I,1
4nnw_B_J,1
4nnw_C_D,1
4nnw_C_J,1
4nnw_C_K,1
4nnw_D_E,1
4nnw_D_K,1
4nnw_D_L,1
4nnw_E_F,1
4nnw_E_L,1
4nnw_E_M,1
4nnw_F_G,1
4nnw_F_M,1
4nnw_F_N,1
4nnw_G_H,1
4nnw_G_N,1
4nnw_H_I,1
4nnw_H_N,1
4nnw_H_Z,1
4nnw_H_a,1
4nnw_I_J,1
4nnw_I_Y,1
4nnw_I_Z,1
4nnw_J_K,1
4nnw_J_X,1
4nnw_J_Y,1
4nnw_K_L,1
4nnw_K_W,1
4nnw_K_X,1
4nnw_L_M,1
4nnw_L_V,1
4nnw_L_W,1
4nnw_M_N,1
4nnw_M_V,1
4nnw_M_b,1
4nnw_N_a,1
4nnw_N_b,1
4nnw_O_P,1
4nnw_O_U,1
4nnw_O_V,1
4nnw_O_W,1
4nnw_P_Q,1
4nnw_P_W,1
4nnw_P_X,1
4nnw_Q_R,1
4nnw_Q_X,1
4nnw_Q_Y,1
4nnw_R_S,1
4nnw_R_Y,1
4nnw_R_Z,1
4nnw_S_T,1
4nnw_S_Z,1
4nnw_S_a,1
4nnw_T_U,1
4nnw_T_a,1
4nnw_T_b,1
4nnw_U_V,1
4nnw_U_b,1
4nnw_V_W,1
4nnw_V_b,1
4nnw_W_X,1
4nnw_X_Y,1
4nnw_Y_Z,1
4nnw_Z_a,1
4nnw_a_b,1
4npa_A_B,1
4npa_A_D,1
4npa_B_C,1
4npa_C_D,1
4npo_A_B,1
4nq3_A_B,1
4nsl_A_B,1
4nsl_A_C,1
4nsl_A_D,1
4nsl_B_C,1
4nsl_B_D,1
4nsl_C_D,1
4nso_A_B,1
4nu7_A_C,1
4nu7_B_D,1
4nv1_A_B,1
4nv1_C_D,1
4nv1_E_F,1
4nv1_G_H,1
4nvq_A_B,1
4nvr_A_C,1
4nvr_B_D,1
4nvt_A_D,1
4nvt_B_C,1
4nwv_A_B,1
4nyo_A_B,1
4nyo_A_C,1
4nyo_B_C,1
4nyo_D_E,1
4nyo_D_F,1
4nyo_E_F,1
4nyt_A_B,1
4nyt_A_C,1
4nyt_B_C,1
4nz0_D_F,1
4nz3_A_B,1
4nzb_K_L,1
4nzb_K_O,1
4nzb_L_M,1
4nzb_M_N,1
4nzb_N_O,1
4nzf_A_B,1
4nzf_A_C,1
4nzf_B_D,1
4nzf_C_D,1
4nzf_E_F,1
4nzf_E_G,1
4nzf_F_H,1
4nzf_G_H,1
4nzg_A_B,1
4nzg_A_C,1
4nzg_A_D,1
4nzg_B_C,1
4nzg_B_D,1
4nzg_C_D,1
4nzs_A_B,1
4nzv_A_B,1
4o0c_A_B,1
4o0d_A_B,1
4o0e_A_B,1
4o0f_A_B,1
4o0l_A_B,1
4o0l_A_C,1
4o0l_A_D,1
4o0l_B_C,1
4o0l_B_D,1
4o0l_C_D,1
4o0n_A_B,1
4o0n_A_C,1
4o0n_A_D,1
4o0n_B_C,1
4o0n_B_F,1
4o0n_C_E,1
4o0n_D_E,1
4o0n_D_F,1
4o0n_E_F,1
4o0n_G_H,1
4o0n_G_I,1
4o0n_G_K,1
4o0n_H_I,1
4o0n_H_J,1
4o0n_I_L,1
4o0n_J_K,1
4o0n_J_L,1
4o0n_K_L,1
4o0q_A_B,1
4o11_A_B,1
4o15_A_B,1
4o1c_A_B,1
4o1f_A_B,1
4o1i_A_B,1
4o1i_C_D,1
4o1m_A_B,1
4o1m_A_C,1
4o1m_A_E,1
4o1m_B_C,1
4o1m_B_E,1
4o1m_C_E,1
4o1o_A_B,1
4o1o_C_D,1
4o1p_A_B,1
4o1w_B_C,1
4o1z_A_B,1
4o23_A_B,1
4o38_A_B,1
4o3b_A_B,1
4o47_A_B,1
4o4b_A_B,1
4o4j_A_B,1
4o4j_A_E,1
4o4j_A_F,1
4o4j_B_C,1
4o4j_B_E,1
4o4j_B_F,1
4o4j_C_D,1
4o4j_C_E,1
4o4j_D_E,1
4o4k_A_B,1
4o4o_A_B,1
4o4s_A_B,1
4o4s_C_D,1
4o4s_E_F,1
4o4s_G_H,1
4o4s_I_J,1
4o4s_K_L,1
4o5g_A_B,1
4o5o_A_B,1
4o62_A_C,1
4o62_B_C,1
4o6a_A_B,1
4o6b_A_B,1
4o6c_A_B,1
4o6c_E_F,1
4o6v_A_B,1
4o6v_A_C,1
4o6v_A_D,1
4o6v_B_C,1
4o6v_B_D,1
4o6v_C_D,1
4o6y_A_B,1
4o79_A_B,1
4o7g_A_B,1
4o7j_A_B,1
4o7o_A_B,1
4o81_A_B,1
4o83_A_B,1
4o84_A_B,1
4o8k_A_B,1
4o8r_C_D,1
4o8r_E_F,1
4o8r_G_H,1
4o8r_I_J,1
4o8r_K_L,1
4o8w_A_B,1
4o8w_A_C,1
4o8w_B_C,1
4o8w_D_E,1
4o8w_D_F,1
4o8w_E_F,1
4o93_A_B,1
4o93_A_C,1
4o93_A_D,1
4o93_B_C,1
4o93_C_D,1
4o98_A_B,1
4o9c_A_B,1
4o9c_A_E,1
4o9c_A_F,1
4o9c_B_E,1
4o9c_B_F,1
4o9c_C_D,1
4o9c_C_G,1
4o9c_C_H,1
4o9c_D_G,1
4o9c_D_H,1
4o9c_E_F,1
4o9c_G_H,1
4oah_B_D,1
4oav_B_D,1
4ob2_A_B,1
4ob9_A_B,1
4obd_A_B,1
4obd_C_D,1
4obf_A_B,1
4obf_C_D,1
4obg_A_B,1
4obh_A_B,1
4obk_A_B,1
4obu_B_C,1
4obu_E_H,1
4obw_C_D,1
4oc9_E_F,1
4oc9_E_K,1
4oc9_E_L,1
4oc9_F_K,1
4oc9_F_L,1
4oc9_K_L,1
4ocg_A_B,1
4od8_B_D,1
4oda_A_C,1
4oda_B_D,1
4oe1_A_B,1
4oe6_A_B,1
4oe7_A_B,1
4oe7_A_C,1
4oe7_B_D,1
4oe7_C_D,1
4ofc_A_B,1
4ofc_A_F,1
4ofc_B_C,1
4ofc_D_E,1
4ofn_A_B,1
4ofw_A_B,1
4ofw_A_C,1
4ofw_B_C,1
4ogd_A_B,1
4ogg_A_B,1
4ogg_A_C,1
4ogg_B_C,1
4ogk_A_B,1
4ogk_A_F,1
4ogk_B_C,1
4ogk_C_D,1
4ogk_D_E,1
4ogk_E_F,1
4ohf_A_B,1
4ohf_C_D,1
4oi3_A_B,1
4oid_A_B,1
4oik_A_B,1
4oip_A_B,1
4oip_A_C,1
4oip_B_C,1
4oip_B_D,1
4oip_C_D,1
4oip_C_F,1
4oip_D_E,1
4oip_D_F,1
4oir_A_B,1
4oir_A_C,1
4oir_B_C,1
4oir_B_D,1
4oir_C_D,1
4oir_C_F,1
4oir_D_E,1
4oir_D_F,1
4oiz_A_B,1
4ojp_A_B,1
4ojp_A_C,1
4ojp_B_C,1
4ojq_A_B,1
4ojy_A_B,1
4ojy_A_C,1
4ojy_B_C,1
4ok4_A_B,1
4ok7_A_B,1
4ok7_A_C,1
4ok7_B_C,1
4ok9_A_B,1
4okd_A_B,1
4okk_A_B,1
4oks_A_B,1
4olc_A_B,1
4olp_A_B,1
4olp_C_D,1
4olq_A_B,1
4olq_A_C,1
4olq_B_C,1
4olq_D_E,1
4olq_D_F,1
4olq_E_F,1
4om4_A_B,1
4om4_A_C,1
4omg_A_B,1
4omh_A_B,1
4omy_A_B,1
4omy_C_D,1
4opa_A_B,1
4opp_A_B,1
4opp_A_C,1
4opp_C_D,1
4opx_A_C,1
4oqb_D_F,1
4oqx_A_B,1
4or9_A_B,1
4orb_A_B,1
4orv_A_B,1
4orv_C_D,1
4oso_A_B,1
4osp_A_B,1
4osp_A_D,1
4osp_B_C,1
4osp_C_D,1
4ota_A_B,1
4ota_A_C,1
4ota_A_E,1
4ota_B_D,1
4ota_B_F,1
4ota_C_D,1
4ota_C_E,1
4ota_D_F,1
4ota_E_F,1
4ota_G_H,1
4ota_G_I,1
4ota_G_K,1
4ota_H_J,1
4ota_H_L,1
4ota_I_J,1
4ota_I_K,1
4ota_J_L,1
4ota_K_L,1
4ota_M_N,1
4ota_M_O,1
4ota_M_Q,1
4ota_N_P,1
4ota_N_R,1
4ota_O_P,1
4ota_O_Q,1
4ota_P_R,1
4ota_Q_R,1
4otb_A_B,1
4otb_C_D,1
4otb_I_J,1
4otc_B_C,1
4otc_D_E,1
4otc_F_G,1
4otc_H_I,1
4ote_A_B,1
4otn_A_B,1
4ou7_A_B,1
4ou7_A_C,1
4ou7_B_D,1
4ou7_C_E,1
4oug_A_B,1
4oug_C_D,1
4ovf_A_B,1
4ovm_C_D,1
4ovm_E_F,1
4ovm_G_H,1
4ow2_A_C,1
4ow2_B_D,1
4owf_A_B,1
4owp_A_B,1
4ows_A_B,1
4owu_A_B,1
4owv_A_B,1
4oww_A_B,1
4oww_A_C,1
4owy_A_B,1
4owy_C_D,1
4ox0_A_D,1
4ox0_B_C,1
4ox8_A_B,1
4ox8_A_C,1
4ox8_B_F,1
4ox8_C_D,1
4ox8_D_E,1
4ox8_E_F,1
4oxb_A_B,1
4oxf_A_B,1
4oxq_A_B,1
4oxy_A_B,1
4oxy_A_C,1
4oxy_A_D,1
4oxy_B_C,1
4oxy_B_D,1
4oxy_C_D,1
4oyd_A_B,1
4oyd_C_D,1
4oyf_A_B,1
4oyf_A_C,1
4oyf_A_E,1
4oyf_B_C,1
4oyf_B_D,1
4oyf_C_F,1
4oyf_D_E,1
4oyf_D_F,1
4oyf_E_F,1
4p01_A_B,1
4p01_A_C,1
4p01_B_C,1
4p02_A_B,1
4p04_A_B,1
4p07_A_B,1
4p0q_A_B,1
4p12_A_D,1
4p12_B_C,1
4p18_A_B,1
4p18_A_C,1
4p18_A_D,1
4p18_A_M,1
4p18_A_R,1
4p18_B_M,1
4p18_B_R,1
4p18_B_U,1
4p18_B_V,1
4p18_C_D,1
4p18_C_F,1
4p18_C_S,1
4p18_C_T,1
4p18_D_F,1
4p18_D_M,1
4p18_D_N,1
4p18_E_G,1
4p18_E_H,1
4p18_E_I,1
4p18_E_J,1
4p18_E_L,1
4p18_F_G,1
4p18_F_P,1
4p18_F_S,1
4p18_G_I,1
4p18_G_P,1
4p18_G_S,1
4p18_H_J,1
4p18_H_K,1
4p18_H_L,1
4p18_H_Q,1
4p18_I_L,1
4p18_I_O,1
4p18_I_P,1
4p18_J_Q,1
4p18_J_S,1
4p18_J_T,1
4p18_K_L,1
4p18_K_U,1
4p18_K_V,1
4p18_K_X,1
4p18_L_X,1
4p18_M_N,1
4p18_M_W,1
4p18_N_O,1
4p18_N_P,1
4p18_N_W,1
4p18_O_P,1
4p18_O_W,1
4p18_O_X,1
4p18_Q_R,1
4p18_Q_T,1
4p18_Q_U,1
4p18_R_T,1
4p18_R_U,1
4p18_S_T,1
4p18_U_V,1
4p18_V_W,1
4p18_V_X,1
4p18_W_X,1
4p1n_A_B,1
4p1n_A_C,1
4p1n_B_C,1
4p1n_B_D,1
4p1o_A_B,1
4p1v_A_B,1
4p1v_C_D,1
4p22_A_B,1
4p25_A_B,1
4p26_A_B,1
4p26_C_D,1
4p2v_A_D,1
4p2v_A_E,1
4p2v_A_G,1
4p2v_A_K,1
4p2v_B_C,1
4p2v_B_E,1
4p2v_B_F,1
4p2v_B_I,1
4p2v_C_D,1
4p2v_C_H,1
4p2v_C_I,1
4p2v_D_G,1
4p2v_D_H,1
4p2v_E_F,1
4p2v_E_K,1
4p2v_F_I,1
4p2v_F_K,1
4p2v_G_H,1
4p2v_G_K,1
4p2v_H_I,1
4p2y_A_B,1
4p2z_A_B,1
4p2z_C_D,1
4p42_A_B,1
4p5h_M_N,1
4p5h_M_O,1
4p5h_N_O,1
4p6b_A_B,1
4p6r_A_B,1
4p6s_A_B,1
4p6y_A_B,1
4p6y_A_C,1
4p6y_A_K,1
4p6y_B_C,1
4p6y_B_F,1
4p6y_C_D,1
4p6y_D_G,1
4p6y_D_I,1
4p6y_E_F,1
4p6y_E_G,1
4p6y_E_H,1
4p6y_F_H,1
4p6y_G_I,1
4p6y_H_J,1
4p6y_I_L,1
4p6y_J_K,1
4p6y_J_L,1
4p6y_K_L,1
4p74_A_B,1
4p74_A_C,1
4p74_A_D,1
4p74_B_C,1
4p74_B_D,1
4p75_A_B,1
4p75_A_C,1
4p75_A_D,1
4p75_B_C,1
4p75_B_D,1
4p78_A_B,1
4p78_A_D,1
4p78_B_C,1
4p7c_A_B,1
4p7i_A_C,1
4p7i_B_D,1
4p7s_A_B,1
4p7s_A_C,1
4p7s_B_C,1
4p80_A_B,1
4p8j_A_B,1
4p8q_A_B,1
4p93_A_B,1
4p96_A_B,1
4p9c_A_K,1
4p9c_A_L,1
4p9c_B_G,1
4p9c_B_H,1
4p9c_C_H,1
4p9c_C_I,1
4p9c_D_G,1
4p9c_D_I,1
4p9c_E_J,1
4p9c_E_K,1
4p9c_F_J,1
4p9c_F_L,1
4p9d_A_B,1
4p9d_A_D,1
4p9d_B_C,1
4p9d_C_F,1
4p9d_D_E,1
4p9d_E_F,1
4p9f_A_B,1
4pa3_A_B,1
4pa3_C_D,1
4pa5_A_B,1
4pa9_A_B,1
4par_A_B,1
4par_C_D,1
4pav_A_E,1
4pav_B_D,1
4pav_B_F,1
4pb3_A_B,1
4pbf_A_B,1
4pbv_A_C,1
4pbv_B_D,1
4pbw_B_E,1
4pdw_A_C,1
4pdw_A_D,1
4pdw_B_C,1
4pel_A_B,1
4pel_C_D,1
4pel_E_F,1
4pel_G_H,1
4peo_A_B,1
4pf5_A_B,1
4pf7_A_B,1
4pf9_A_B,1
4pff_A_B,1
4pfq_A_D,1
4pfq_A_H,1
4pfq_B_C,1
4pfq_B_G,1
4pfq_C_E,1
4pfq_D_F,1
4pfq_E_G,1
4pfq_F_H,1
4pg4_A_B,1
4pg5_A_B,1
4pgg_A_B,1
4pgt_A_B,1
4ph0_A_B,1
4ph0_A_F,1
4ph0_B_C,1
4ph0_C_D,1
4ph0_D_E,1
4ph0_E_F,1
4ph6_A_B,1
4phc_A_B,1
4phc_C_D,1
4phn_A_B,1
4pht_A_X,1
4pht_C_Z,1
4phv_A_B,1
4pi2_A_B,1
4pi2_A_C,1
4pi2_A_E,1
4pi2_A_F,1
4pi2_A_I,1
4pi2_B_C,1
4pi2_B_I,1
4pi2_B_K,1
4pi2_C_F,1
4pi2_E_F,1
4pi2_E_G,1
4pi2_E_I,1
4pi2_E_J,1
4pi2_F_G,1
4pi2_G_J,1
4pi2_I_J,1
4pi2_I_K,1
4pi2_J_K,1
4pib_E_F,1
4pib_I_J,1
4pif_C_D,1
4pit_A_B,1
4pit_C_D,1
4pj1_1_2,1
4pj1_1_M,1
4pj1_1_Z,1
4pj1_2_N,1
4pj1_2_V,1
4pj1_A_B,1
4pj1_A_G,1
4pj1_A_H,1
4pj1_A_N,1
4pj1_A_O,1
4pj1_B_C,1
4pj1_B_M,1
4pj1_B_N,1
4pj1_B_P,1
4pj1_C_D,1
4pj1_C_L,1
4pj1_C_M,1
4pj1_C_Q,1
4pj1_D_E,1
4pj1_D_K,1
4pj1_D_L,1
4pj1_D_R,1
4pj1_E_F,1
4pj1_E_J,1
4pj1_E_K,1
4pj1_E_S,1
4pj1_F_G,1
4pj1_F_I,1
4pj1_F_J,1
4pj1_F_T,1
4pj1_G_H,1
4pj1_G_I,1
4pj1_G_U,1
4pj1_H_I,1
4pj1_H_N,1
4pj1_H_V,1
4pj1_I_J,1
4pj1_I_W,1
4pj1_J_K,1
4pj1_J_X,1
4pj1_K_L,1
4pj1_K_Y,1
4pj1_L_M,1
4pj1_L_Z,1
4pj1_M_N,1
4pj1_O_P,1
4pj1_O_U,1
4pj1_P_Q,1
4pj1_Q_R,1
4pj1_R_S,1
4pj1_S_T,1
4pj1_T_U,1
4pj1_V_W,1
4pj1_W_X,1
4pj1_X_Y,1
4pj1_Y_Z,1
4pkc_A_C,1
4pkf_A_B,1
4pkf_A_C,1
4plb_B_D,1
4plr_A_B,1
4plv_A_B,1
4plv_A_C,1
4plv_A_D,1
4plv_B_C,1
4plv_B_D,1
4plv_C_D,1
4plw_A_B,1
4plw_A_C,1
4plw_A_D,1
4plw_B_C,1
4plw_C_D,1
4ply_E_F,1
4ply_E_G,1
4ply_E_H,1
4ply_F_G,1
4ply_F_H,1
4ply_G_H,1
4pmi_B_C,1
4pn1_A_B,1
4pn1_C_D,1
4pn3_A_B,1
4pn3_A_D,1
4pn3_B_C,1
4pn3_C_D,1
4pn6_A_B,1
4png_A_B,1
4pnv_A_B,1
4pnz_A_B,1
4pof_A_B,1
4pof_A_F,1
4pof_B_C,1
4pof_C_D,1
4pof_D_E,1
4pof_E_F,1
4pog_A_B,1
4pog_A_F,1
4pog_B_C,1
4pog_C_D,1
4pog_D_E,1
4pog_E_F,1
4pog_G_H,1
4pog_G_L,1
4pog_H_I,1
4pog_I_J,1
4pog_J_K,1
4pog_K_L,1
4pon_A_B,1
4poq_A_B,1
4poq_A_E,1
4poq_B_C,1
4poq_C_D,1
4poq_D_E,1
4ppc_A_B,1
4ppd_A_B,1
4ppd_C_D,1
4ppd_E_G,1
4ppd_F_G,1
4ppk_C_D,1
4prk_A_B,1
4prs_A_B,1
4psh_A_B,1
4psm_A_B,1
4psm_A_C,1
4psm_A_D,1
4psm_B_C,1
4psm_B_D,1
4psm_C_D,1
4psx_A_B,1
4ptn_A_B,1
4ptn_A_C,1
4ptn_B_D,1
4ptn_C_D,1
4pts_A_B,1
4ptz_A_B,1
4ptz_C_D,1
4pu6_A_B,1
4pu6_A_D,1
4pu6_B_C,1
4pu6_B_D,1
4pu6_C_D,1
4puc_A_B,1
4pup_B_C,1
4pur_A_B,1
4pv2_A_B,1
4pv2_A_D,1
4pv2_B_C,1
4pv2_B_D,1
4pv2_C_D,1
4pv3_A_B,1
4pv3_A_D,1
4pv3_B_C,1
4pv3_B_D,1
4pv3_C_D,1
4pvp_A_B,1
4pvq_A_B,1
4pvr_A_B,1
4px1_A_B,1
4pxe_A_B,1
4pxh_A_B,1
4pxh_C_D,1
4pxh_E_F,1
4pxi_A_B,1
4pxn_A_B,1
4pxo_A_B,1
4pxq_A_B,1
4pxt_A_B,1
4py4_A_B,1
4pz9_A_B,1
4pza_A_B,1
4pzd_B_C,1
4pzd_D_G,1
4pzd_E_F,1
4pzd_H_I,1
4pzf_A_C,1
4pzl_A_B,1
4pzl_C_D,1
4pzn_A_B,1
4pzn_A_C,1
4pzn_B_D,1
4pzn_D_E,1
4pzo_A_B,1
4pzo_B_C,1
4pzo_C_D,1
4pzo_D_E,1
4pzo_E_F,1
4q04_A_B,1
4q05_A_B,1
4q0c_A_B,1
4q0c_C_D,1
4q0d_A_E,1
4q0e_A_C,1
4q0e_B_D,1
4q0l_A_B,1
4q0l_C_D,1
4q1b_A_B,1
4q1c_A_B,1
4q1d_A_B,1
4q1e_A_B,1
4q1g_A_B,1
4q1g_A_C,1
4q1g_B_C,1
4q1i_A_B,1
4q1i_A_C,1
4q1i_B_C,1
4q1v_A_B,1
4q1x_A_B,1
4q1y_A_B,1
4q20_A_B,1
4q25_A_B,1
4q2b_C_D,1
4q2h_A_B,1
4q2j_A_B,1
4q2j_A_C,1
4q2j_B_D,1
4q2j_C_D,1
4q2n_A_B,1
4q2o_C_D,1
4q2u_A_B,1
4q2u_A_O,1
4q2u_E_F,1
4q2u_E_I,1
4q2u_I_J,1
4q2u_O_P,1
4q30_B_D,1
4q31_A_B,1
4q31_A_C,1
4q31_A_D,1
4q31_B_C,1
4q31_B_D,1
4q31_C_D,1
4q35_A_B,1
4q3l_A_B,1
4q3l_A_C,1
4q3l_B_D,1
4q3l_C_D,1
4q3l_E_G,1
4q3l_E_H,1
4q3l_F_G,1
4q3l_F_H,1
4q3o_A_B,1
4q3o_C_F,1
4q3o_D_G,1
4q4a_A_B,1
4q4v_1_2,1
4q4v_2_3,1
4q4v_2_4,1
4q4v_3_4,1
4q4x_1_2,1
4q4x_1_3,1
4q4x_1_4,1
4q4x_2_3,1
4q4x_3_4,1
4q4y_1_2,1
4q4y_1_4,1
4q4y_2_4,1
4q52_A_D,1
4q52_B_C,1
4q57_A_B,1
4q5b_A_B,1
4q5n_A_B,1
4q5r_C_D,1
4q5s_A_B,1
4q5s_A_C,1
4q5s_B_C,1
4q5s_B_D,1
4q5s_C_D,1
4q5s_C_F,1
4q5s_D_E,1
4q5s_D_F,1
4q72_A_B,1
4q77_A_B,1
4q7c_A_B,1
4q7e_A_B,1
4q7h_A_B,1
4q7h_C_D,1
4q7i_A_B,1
4q84_A_B,1
4q86_A_B,1
4q8s_A_B,1
4q92_A_B,1
4q96_A_B,1
4q9m_A_B,1
4q9v_A_B,1
4qa0_A_B,1
4qa3_A_B,1
4qba_A_B,1
4qbl_A_E,1
4qbl_B_F,1
4qbl_C_D,1
4qca_A_B,1
4qca_C_D,1
4qd2_A_B,1
4qd2_A_E,1
4qd2_B_C,1
4qd2_B_D,1
4qd2_B_E,1
4qd2_C_D,1
4qd2_F_G,1
4qd2_F_J,1
4qd2_G_H,1
4qd2_G_I,1
4qd2_G_J,1
4qd2_H_I,1
4qd7_E_F,1
4qd8_C_D,1
4qd8_C_E,1
4qd8_D_F,1
4qd8_E_F,1
4qd9_C_D,1
4qd9_C_E,1
4qd9_D_F,1
4qd9_E_F,1
4qde_A_B,1
4qde_C_D,1
4qdl_A_B,1
4qdl_B_E,1
4qdl_B_F,1
4qdl_C_D,1
4qdl_D_E,1
4qdl_D_F,1
4qdl_E_F,1
4qf2_A_C,1
4qf2_B_D,1
4qfb_A_B,1
4qfe_A_D,1
4qfe_A_F,1
4qfe_D_F,1
4qfg_A_B,1
4qfg_A_C,1
4qfg_B_C,1
4qfo_A_B,1
4qfv_A_B,1
4qfv_C_D,1
4qfw_A_B,1
4qfw_A_C,1
4qfw_B_D,1
4qfw_C_D,1
4qfx_A_B,1
4qfx_A_C,1
4qfx_A_D,1
4qfx_B_C,1
4qfx_B_D,1
4qfx_C_D,1
4qg8_A_B,1
4qg8_A_D,1
4qg8_B_C,1
4qg8_C_D,1
4qgb_A_B,1
4qgf_A_B,1
4qgg_A_B,1
4qgk_A_B,1
4qhi_A_B,1
4qhi_C_D,1
4qhr_A_B,1
4qid_A_B,1
4qii_A_B,1
4qii_A_C,1
4qii_A_D,1
4qii_A_F,1
4qii_B_C,1
4qii_B_E,1
4qii_B_F,1
4qii_C_D,1
4qii_C_E,1
4qii_D_E,1
4qii_D_F,1
4qii_E_F,1
4qii_G_H,1
4qii_G_I,1
4qii_G_J,1
4qii_G_L,1
4qii_H_I,1
4qii_H_K,1
4qii_H_L,1
4qii_I_J,1
4qii_I_K,1
4qii_J_K,1
4qii_J_L,1
4qii_K_L,1
4qij_A_B,1
4qij_A_C,1
4qij_A_D,1
4qij_A_F,1
4qij_B_C,1
4qij_B_E,1
4qij_B_F,1
4qij_C_D,1
4qij_C_E,1
4qij_D_E,1
4qij_D_F,1
4qij_E_F,1
4qik_A_B,1
4qis_A_B,1
4qit_A_B,1
4qiu_A_B,1
4qiv_A_B,1
4qiv_A_C,1
4qiw_A_B,1
4qiw_A_C,1
4qiw_A_H,1
4qiw_A_K,1
4qiw_A_L,1
4qiw_B_C,1
4qiw_B_D,1
4qiw_B_E,1
4qiw_B_L,1
4qiw_B_N,1
4qiw_C_E,1
4qiw_C_H,1
4qiw_C_K,1
4qiw_D_L,1
4qiw_D_N,1
4qiw_E_F,1
4qiw_E_K,1
4qiw_I_J,1
4qiw_I_M,1
4qiw_I_S,1
4qiw_I_T,1
4qiw_I_U,1
4qiw_J_M,1
4qiw_J_O,1
4qiw_J_Q,1
4qiw_J_V,1
4qiw_M_Q,1
4qiw_M_S,1
4qiw_M_T,1
4qiw_O_U,1
4qiw_O_V,1
4qiw_Q_R,1
4qiw_Q_T,1
4qj6_A_B,1
4qj8_A_B,1
4qje_A_B,1
4qje_A_C,1
4qje_A_D,1
4qje_B_C,1
4qje_B_D,1
4qje_C_D,1
4qjf_A_B,1
4qju_A_B,1
4qjv_C_D,1
4qjw_A_B,1
4ql9_A_B,1
4ql9_B_C,1
4ql9_C_D,1
4ql9_D_E,1
4qlb_A_C,1
4qlb_B_D,1
4qlq_A_B,1
4qlq_A_G,1
4qlq_A_H,1
4qlq_A_I,1
4qlq_B_C,1
4qlq_B_I,1
4qlq_B_J,1
4qlq_C_D,1
4qlq_C_J,1
4qlq_C_K,1
4qlq_D_E,1
4qlq_D_K,1
4qlq_D_L,1
4qlq_E_F,1
4qlq_E_L,1
4qlq_E_M,1
4qlq_F_G,1
4qlq_F_M,1
4qlq_F_N,1
4qlq_G_H,1
4qlq_G_N,1
4qlq_H_I,1
4qlq_H_N,1
4qlq_H_Z,1
4qlq_H_a,1
4qlq_I_J,1
4qlq_I_Y,1
4qlq_I_Z,1
4qlq_J_K,1
4qlq_J_X,1
4qlq_J_Y,1
4qlq_K_L,1
4qlq_K_W,1
4qlq_K_X,1
4qlq_L_M,1
4qlq_L_V,1
4qlq_L_W,1
4qlq_M_N,1
4qlq_M_V,1
4qlq_M_b,1
4qlq_N_a,1
4qlq_N_b,1
4qlq_O_P,1
4qlq_O_U,1
4qlq_O_V,1
4qlq_O_W,1
4qlq_P_Q,1
4qlq_P_W,1
4qlq_P_X,1
4qlq_Q_R,1
4qlq_Q_X,1
4qlq_Q_Y,1
4qlq_R_S,1
4qlq_R_Y,1
4qlq_R_Z,1
4qlq_S_T,1
4qlq_S_Z,1
4qlq_S_a,1
4qlq_T_U,1
4qlq_T_a,1
4qlq_T_b,1
4qlq_U_V,1
4qlq_U_b,1
4qlq_V_W,1
4qlq_V_b,1
4qlq_W_X,1
4qlq_X_Y,1
4qlq_Y_Z,1
4qlq_Z_a,1
4qlq_a_b,1
4qls_A_B,1
4qls_A_G,1
4qls_A_H,1
4qls_A_I,1
4qls_B_C,1
4qls_B_I,1
4qls_B_J,1
4qls_C_D,1
4qls_C_J,1
4qls_C_K,1
4qls_D_E,1
4qls_D_K,1
4qls_D_L,1
4qls_E_F,1
4qls_E_L,1
4qls_E_M,1
4qls_F_G,1
4qls_F_M,1
4qls_F_N,1
4qls_G_H,1
4qls_G_N,1
4qls_H_I,1
4qls_H_N,1
4qls_H_Z,1
4qls_H_a,1
4qls_I_J,1
4qls_I_Y,1
4qls_I_Z,1
4qls_J_K,1
4qls_J_X,1
4qls_J_Y,1
4qls_K_L,1
4qls_K_W,1
4qls_K_X,1
4qls_L_M,1
4qls_L_V,1
4qls_L_W,1
4qls_M_N,1
4qls_M_V,1
4qls_M_b,1
4qls_N_a,1
4qls_N_b,1
4qls_O_P,1
4qls_O_U,1
4qls_O_V,1
4qls_O_W,1
4qls_P_Q,1
4qls_P_W,1
4qls_P_X,1
4qls_Q_R,1
4qls_Q_X,1
4qls_Q_Y,1
4qls_R_S,1
4qls_R_Y,1
4qls_R_Z,1
4qls_S_T,1
4qls_S_Z,1
4qls_S_a,1
4qls_T_U,1
4qls_T_a,1
4qls_T_b,1
4qls_U_V,1
4qls_U_b,1
4qls_V_W,1
4qls_V_b,1
4qls_W_X,1
4qls_X_Y,1
4qls_Y_Z,1
4qls_Z_a,1
4qls_a_b,1
4qlt_A_B,1
4qlt_A_G,1
4qlt_A_H,1
4qlt_A_I,1
4qlt_B_C,1
4qlt_B_I,1
4qlt_B_J,1
4qlt_C_D,1
4qlt_C_J,1
4qlt_C_K,1
4qlt_D_E,1
4qlt_D_K,1
4qlt_D_L,1
4qlt_E_F,1
4qlt_E_L,1
4qlt_E_M,1
4qlt_F_G,1
4qlt_F_M,1
4qlt_F_N,1
4qlt_G_H,1
4qlt_G_N,1
4qlt_H_I,1
4qlt_H_N,1
4qlt_H_Z,1
4qlt_H_a,1
4qlt_I_J,1
4qlt_I_Y,1
4qlt_I_Z,1
4qlt_J_K,1
4qlt_J_X,1
4qlt_J_Y,1
4qlt_K_L,1
4qlt_K_W,1
4qlt_K_X,1
4qlt_L_M,1
4qlt_L_V,1
4qlt_L_W,1
4qlt_M_N,1
4qlt_M_V,1
4qlt_M_b,1
4qlt_N_a,1
4qlt_N_b,1
4qlt_O_P,1
4qlt_O_U,1
4qlt_O_V,1
4qlt_O_W,1
4qlt_P_Q,1
4qlt_P_W,1
4qlt_P_X,1
4qlt_Q_R,1
4qlt_Q_X,1
4qlt_Q_Y,1
4qlt_R_S,1
4qlt_R_Y,1
4qlt_R_Z,1
4qlt_S_T,1
4qlt_S_Z,1
4qlt_S_a,1
4qlt_T_U,1
4qlt_T_a,1
4qlt_T_b,1
4qlt_U_V,1
4qlt_U_b,1
4qlt_V_W,1
4qlt_V_b,1
4qlt_W_X,1
4qlt_X_Y,1
4qlt_Y_Z,1
4qlt_Z_a,1
4qlt_a_b,1
4qlu_A_B,1
4qlu_A_G,1
4qlu_A_H,1
4qlu_A_I,1
4qlu_B_C,1
4qlu_B_I,1
4qlu_B_J,1
4qlu_C_D,1
4qlu_C_J,1
4qlu_C_K,1
4qlu_D_E,1
4qlu_D_K,1
4qlu_D_L,1
4qlu_E_F,1
4qlu_E_L,1
4qlu_E_M,1
4qlu_F_G,1
4qlu_F_M,1
4qlu_F_N,1
4qlu_G_H,1
4qlu_G_N,1
4qlu_H_I,1
4qlu_H_N,1
4qlu_H_Z,1
4qlu_H_a,1
4qlu_I_J,1
4qlu_I_Y,1
4qlu_I_Z,1
4qlu_J_K,1
4qlu_J_X,1
4qlu_J_Y,1
4qlu_K_L,1
4qlu_K_W,1
4qlu_K_X,1
4qlu_L_M,1
4qlu_L_V,1
4qlu_L_W,1
4qlu_M_N,1
4qlu_M_V,1
4qlu_M_b,1
4qlu_N_a,1
4qlu_N_b,1
4qlu_O_P,1
4qlu_O_U,1
4qlu_O_V,1
4qlu_O_W,1
4qlu_P_Q,1
4qlu_P_W,1
4qlu_P_X,1
4qlu_Q_R,1
4qlu_Q_X,1
4qlu_Q_Y,1
4qlu_R_S,1
4qlu_R_Y,1
4qlu_R_Z,1
4qlu_S_T,1
4qlu_S_Z,1
4qlu_S_a,1
4qlu_T_U,1
4qlu_T_a,1
4qlu_T_b,1
4qlu_U_V,1
4qlu_U_b,1
4qlu_V_W,1
4qlu_V_b,1
4qlu_W_X,1
4qlu_X_Y,1
4qlu_Y_Z,1
4qlu_Z_a,1
4qlu_a_b,1
4qly_A_B,1
4qly_C_D,1
4qlz_A_B,1
4qm6_A_B,1
4qm7_A_B,1
4qn0_A_C,1
4qn0_B_D,1
4qo8_A_B,1
4qo8_A_C,1
4qo8_A_D,1
4qo8_B_C,1
4qo8_B_D,1
4qo8_C_D,1
4qoi_A_B,1
4qoj_A_B,1
4qol_A_B,1
4qol_A_C,1
4qol_A_D,1
4qol_B_C,1
4qol_B_D,1
4qol_C_D,1
4qop_A_B,1
4qop_A_C,1
4qop_A_D,1
4qop_B_C,1
4qop_B_D,1
4qop_C_D,1
4qoq_A_B,1
4qoq_A_C,1
4qoq_A_D,1
4qoq_B_C,1
4qoq_B_D,1
4qoq_C_D,1
4qoy_A_B,1
4qoy_C_D,1
4qpq_A_D,1
4qpq_B_C,1
4qpq_E_H,1
4qpq_F_G,1
4qpz_A_B,1
4qpz_A_C,1
4qpz_A_D,1
4qpz_B_C,1
4qpz_B_D,1
4qpz_C_D,1
4qpz_E_F,1
4qpz_E_G,1
4qpz_E_H,1
4qpz_F_G,1
4qpz_F_H,1
4qpz_G_H,1
4qq4_A_B,1
4qq7_A_B,1
4qq8_A_B,1
4qq8_A_C,1
4qq8_A_D,1
4qq8_B_C,1
4qq8_B_D,1
4qq8_C_D,1
4qqw_E_G,1
4qqy_E_G,1
4qqz_E_G,1
4qr0_A_B,1
4qrh_A_B,1
4qro_E_F,1
4qry_A_B,1
4qry_A_C,1
4qry_B_C,1
4qs6_A_B,1
4qsk_A_B,1
4qsl_A_B,1
4qsl_A_D,1
4qsl_B_C,1
4qsl_C_D,1
4qsl_E_F,1
4qsl_E_G,1
4qsl_F_H,1
4qsl_G_H,1
4qsm_E_F,1
4qsm_E_G,1
4qsm_E_H,1
4qsm_F_G,1
4qsm_F_H,1
4qsm_G_H,1
4qtn_A_B,1
4qtn_A_C,1
4qtn_B_C,1
4qts_A_C,1
4qts_B_D,1
4quf_A_B,1
4quf_C_D,1
4quf_E_F,1
4quz_A_B,1
4qv3_A_B,1
4qv3_A_G,1
4qv3_A_H,1
4qv3_A_I,1
4qv3_B_C,1
4qv3_B_H,1
4qv3_B_I,1
4qv3_B_J,1
4qv3_C_D,1
4qv3_C_J,1
4qv3_C_K,1
4qv3_D_E,1
4qv3_D_K,1
4qv3_D_L,1
4qv3_E_F,1
4qv3_E_L,1
4qv3_E_M,1
4qv3_F_G,1
4qv3_F_M,1
4qv3_F_N,1
4qv3_G_H,1
4qv3_G_N,1
4qv3_H_I,1
4qv3_H_N,1
4qv3_H_Z,1
4qv3_H_a,1
4qv3_I_J,1
4qv3_I_Y,1
4qv3_I_Z,1
4qv3_J_K,1
4qv3_J_X,1
4qv3_J_Y,1
4qv3_K_L,1
4qv3_K_W,1
4qv3_K_X,1
4qv3_L_M,1
4qv3_L_V,1
4qv3_L_W,1
4qv3_M_N,1
4qv3_M_V,1
4qv3_M_b,1
4qv3_N_a,1
4qv3_N_b,1
4qv3_O_P,1
4qv3_O_U,1
4qv3_O_V,1
4qv3_O_W,1
4qv3_P_Q,1
4qv3_P_V,1
4qv3_P_W,1
4qv3_P_X,1
4qv3_Q_R,1
4qv3_Q_X,1
4qv3_Q_Y,1
4qv3_R_S,1
4qv3_R_Y,1
4qv3_R_Z,1
4qv3_S_T,1
4qv3_S_Z,1
4qv3_S_a,1
4qv3_T_U,1
4qv3_T_a,1
4qv3_T_b,1
4qv3_U_V,1
4qv3_U_b,1
4qv3_V_W,1
4qv3_V_b,1
4qv3_W_X,1
4qv3_X_Y,1
4qv3_Y_Z,1
4qv3_Z_a,1
4qv3_a_b,1
4qv4_A_B,1
4qv4_A_G,1
4qv4_A_H,1
4qv4_A_I,1
4qv4_B_C,1
4qv4_B_H,1
4qv4_B_I,1
4qv4_B_J,1
4qv4_C_D,1
4qv4_C_J,1
4qv4_C_K,1
4qv4_D_E,1
4qv4_D_K,1
4qv4_D_L,1
4qv4_E_F,1
4qv4_E_L,1
4qv4_E_M,1
4qv4_F_G,1
4qv4_F_M,1
4qv4_F_N,1
4qv4_G_H,1
4qv4_G_N,1
4qv4_H_I,1
4qv4_H_N,1
4qv4_H_Z,1
4qv4_H_a,1
4qv4_I_J,1
4qv4_I_Y,1
4qv4_I_Z,1
4qv4_J_K,1
4qv4_J_X,1
4qv4_J_Y,1
4qv4_K_L,1
4qv4_K_W,1
4qv4_K_X,1
4qv4_L_M,1
4qv4_L_V,1
4qv4_L_W,1
4qv4_M_N,1
4qv4_M_V,1
4qv4_M_b,1
4qv4_N_a,1
4qv4_N_b,1
4qv4_O_P,1
4qv4_O_U,1
4qv4_O_V,1
4qv4_O_W,1
4qv4_P_Q,1
4qv4_P_V,1
4qv4_P_W,1
4qv4_P_X,1
4qv4_Q_R,1
4qv4_Q_X,1
4qv4_Q_Y,1
4qv4_R_S,1
4qv4_R_Y,1
4qv4_R_Z,1
4qv4_S_T,1
4qv4_S_Z,1
4qv4_S_a,1
4qv4_T_U,1
4qv4_T_a,1
4qv4_T_b,1
4qv4_U_V,1
4qv4_U_b,1
4qv4_V_W,1
4qv4_V_b,1
4qv4_W_X,1
4qv4_X_Y,1
4qv4_Y_Z,1
4qv4_Z_a,1
4qv4_a_b,1
4qv5_A_B,1
4qv5_A_G,1
4qv5_A_H,1
4qv5_A_I,1
4qv5_B_C,1
4qv5_B_H,1
4qv5_B_I,1
4qv5_B_J,1
4qv5_C_D,1
4qv5_C_J,1
4qv5_C_K,1
4qv5_D_E,1
4qv5_D_K,1
4qv5_D_L,1
4qv5_E_F,1
4qv5_E_L,1
4qv5_E_M,1
4qv5_F_G,1
4qv5_F_M,1
4qv5_F_N,1
4qv5_G_H,1
4qv5_G_N,1
4qv5_H_I,1
4qv5_H_N,1
4qv5_H_Z,1
4qv5_H_a,1
4qv5_I_J,1
4qv5_I_Y,1
4qv5_I_Z,1
4qv5_J_K,1
4qv5_J_X,1
4qv5_J_Y,1
4qv5_K_L,1
4qv5_K_W,1
4qv5_K_X,1
4qv5_L_M,1
4qv5_L_V,1
4qv5_L_W,1
4qv5_M_N,1
4qv5_M_V,1
4qv5_M_b,1
4qv5_N_a,1
4qv5_N_b,1
4qv5_O_P,1
4qv5_O_U,1
4qv5_O_V,1
4qv5_O_W,1
4qv5_P_Q,1
4qv5_P_V,1
4qv5_P_W,1
4qv5_P_X,1
4qv5_Q_R,1
4qv5_Q_X,1
4qv5_Q_Y,1
4qv5_R_S,1
4qv5_R_Y,1
4qv5_R_Z,1
4qv5_S_T,1
4qv5_S_Z,1
4qv5_S_a,1
4qv5_T_U,1
4qv5_T_a,1
4qv5_T_b,1
4qv5_U_V,1
4qv5_U_b,1
4qv5_V_W,1
4qv5_V_b,1
4qv5_W_X,1
4qv5_X_Y,1
4qv5_Y_Z,1
4qv5_Z_a,1
4qv5_a_b,1
4qv7_A_B,1
4qv7_A_G,1
4qv7_A_H,1
4qv7_A_I,1
4qv7_B_C,1
4qv7_B_H,1
4qv7_B_I,1
4qv7_B_J,1
4qv7_C_D,1
4qv7_C_J,1
4qv7_C_K,1
4qv7_D_E,1
4qv7_D_K,1
4qv7_D_L,1
4qv7_E_F,1
4qv7_E_L,1
4qv7_E_M,1
4qv7_F_G,1
4qv7_F_M,1
4qv7_F_N,1
4qv7_G_H,1
4qv7_G_N,1
4qv7_H_I,1
4qv7_H_N,1
4qv7_H_Z,1
4qv7_H_a,1
4qv7_I_J,1
4qv7_I_Y,1
4qv7_I_Z,1
4qv7_J_K,1
4qv7_J_X,1
4qv7_J_Y,1
4qv7_K_L,1
4qv7_K_W,1
4qv7_K_X,1
4qv7_L_M,1
4qv7_L_V,1
4qv7_L_W,1
4qv7_M_N,1
4qv7_M_V,1
4qv7_M_b,1
4qv7_N_a,1
4qv7_N_b,1
4qv7_O_P,1
4qv7_O_U,1
4qv7_O_V,1
4qv7_O_W,1
4qv7_P_Q,1
4qv7_P_V,1
4qv7_P_W,1
4qv7_P_X,1
4qv7_Q_R,1
4qv7_Q_X,1
4qv7_Q_Y,1
4qv7_R_S,1
4qv7_R_Y,1
4qv7_R_Z,1
4qv7_S_T,1
4qv7_S_Z,1
4qv7_S_a,1
4qv7_T_U,1
4qv7_T_a,1
4qv7_T_b,1
4qv7_U_V,1
4qv7_U_b,1
4qv7_V_W,1
4qv7_V_b,1
4qv7_W_X,1
4qv7_X_Y,1
4qv7_Y_Z,1
4qv7_Z_a,1
4qv7_a_b,1
4qvb_A_B,1
4qvd_A_B,1
4qvd_A_F,1
4qvd_B_C,1
4qvd_C_D,1
4qvd_D_E,1
4qvd_E_F,1
4qvk_A_B,1
4qvl_A_B,1
4qvl_A_G,1
4qvl_A_H,1
4qvl_A_I,1
4qvl_B_C,1
4qvl_B_H,1
4qvl_B_I,1
4qvl_B_J,1
4qvl_C_D,1
4qvl_C_J,1
4qvl_C_K,1
4qvl_D_E,1
4qvl_D_K,1
4qvl_D_L,1
4qvl_E_F,1
4qvl_E_L,1
4qvl_E_M,1
4qvl_F_G,1
4qvl_F_M,1
4qvl_F_N,1
4qvl_G_H,1
4qvl_G_N,1
4qvl_H_I,1
4qvl_H_N,1
4qvl_H_Z,1
4qvl_H_a,1
4qvl_I_J,1
4qvl_I_Y,1
4qvl_I_Z,1
4qvl_J_K,1
4qvl_J_X,1
4qvl_J_Y,1
4qvl_K_L,1
4qvl_K_W,1
4qvl_K_X,1
4qvl_L_M,1
4qvl_L_V,1
4qvl_L_W,1
4qvl_M_N,1
4qvl_M_V,1
4qvl_M_b,1
4qvl_N_a,1
4qvl_N_b,1
4qvl_O_P,1
4qvl_O_U,1
4qvl_O_V,1
4qvl_O_W,1
4qvl_P_Q,1
4qvl_P_V,1
4qvl_P_W,1
4qvl_P_X,1
4qvl_Q_R,1
4qvl_Q_X,1
4qvl_Q_Y,1
4qvl_R_S,1
4qvl_R_Y,1
4qvl_R_Z,1
4qvl_S_T,1
4qvl_S_Z,1
4qvl_S_a,1
4qvl_T_U,1
4qvl_T_a,1
4qvl_T_b,1
4qvl_U_V,1
4qvl_U_b,1
4qvl_V_W,1
4qvl_V_b,1
4qvl_W_X,1
4qvl_X_Y,1
4qvl_Y_Z,1
4qvl_Z_a,1
4qvl_a_b,1
4qvn_A_B,1
4qvn_A_G,1
4qvn_A_H,1
4qvn_A_I,1
4qvn_B_C,1
4qvn_B_H,1
4qvn_B_I,1
4qvn_B_J,1
4qvn_C_D,1
4qvn_C_J,1
4qvn_C_K,1
4qvn_D_E,1
4qvn_D_K,1
4qvn_D_L,1
4qvn_E_F,1
4qvn_E_L,1
4qvn_E_M,1
4qvn_F_G,1
4qvn_F_M,1
4qvn_F_N,1
4qvn_G_H,1
4qvn_G_N,1
4qvn_H_I,1
4qvn_H_N,1
4qvn_H_Z,1
4qvn_H_a,1
4qvn_I_J,1
4qvn_I_Y,1
4qvn_I_Z,1
4qvn_J_K,1
4qvn_J_X,1
4qvn_J_Y,1
4qvn_K_L,1
4qvn_K_W,1
4qvn_K_X,1
4qvn_L_M,1
4qvn_L_V,1
4qvn_L_W,1
4qvn_M_N,1
4qvn_M_V,1
4qvn_M_b,1
4qvn_N_a,1
4qvn_N_b,1
4qvn_O_P,1
4qvn_O_U,1
4qvn_O_V,1
4qvn_O_W,1
4qvn_P_Q,1
4qvn_P_V,1
4qvn_P_W,1
4qvn_P_X,1
4qvn_Q_R,1
4qvn_Q_X,1
4qvn_Q_Y,1
4qvn_R_S,1
4qvn_R_Y,1
4qvn_R_Z,1
4qvn_S_T,1
4qvn_S_Z,1
4qvn_S_a,1
4qvn_T_U,1
4qvn_T_a,1
4qvn_T_b,1
4qvn_U_V,1
4qvn_U_b,1
4qvn_V_W,1
4qvn_V_b,1
4qvn_W_X,1
4qvn_X_Y,1
4qvn_Y_Z,1
4qvn_Z_a,1
4qvn_a_b,1
4qvq_A_B,1
4qvq_A_G,1
4qvq_A_H,1
4qvq_A_I,1
4qvq_B_C,1
4qvq_B_H,1
4qvq_B_I,1
4qvq_B_J,1
4qvq_C_D,1
4qvq_C_J,1
4qvq_C_K,1
4qvq_D_E,1
4qvq_D_K,1
4qvq_D_L,1
4qvq_E_F,1
4qvq_E_L,1
4qvq_E_M,1
4qvq_F_G,1
4qvq_F_M,1
4qvq_F_N,1
4qvq_G_H,1
4qvq_G_N,1
4qvq_H_I,1
4qvq_H_N,1
4qvq_H_Z,1
4qvq_H_a,1
4qvq_I_J,1
4qvq_I_Y,1
4qvq_I_Z,1
4qvq_J_K,1
4qvq_J_X,1
4qvq_J_Y,1
4qvq_K_L,1
4qvq_K_W,1
4qvq_K_X,1
4qvq_L_M,1
4qvq_L_V,1
4qvq_L_W,1
4qvq_M_N,1
4qvq_M_V,1
4qvq_M_b,1
4qvq_N_a,1
4qvq_N_b,1
4qvq_O_P,1
4qvq_O_U,1
4qvq_O_V,1
4qvq_O_W,1
4qvq_P_Q,1
4qvq_P_V,1
4qvq_P_W,1
4qvq_P_X,1
4qvq_Q_R,1
4qvq_Q_X,1
4qvq_Q_Y,1
4qvq_R_S,1
4qvq_R_Y,1
4qvq_R_Z,1
4qvq_S_T,1
4qvq_S_Z,1
4qvq_S_a,1
4qvq_T_U,1
4qvq_T_a,1
4qvq_T_b,1
4qvq_U_V,1
4qvq_U_b,1
4qvq_V_W,1
4qvq_V_b,1
4qvq_W_X,1
4qvq_X_Y,1
4qvq_Y_Z,1
4qvq_Z_a,1
4qvq_a_b,1
4qvw_A_B,1
4qvw_A_G,1
4qvw_A_H,1
4qvw_A_I,1
4qvw_B_C,1
4qvw_B_H,1
4qvw_B_I,1
4qvw_B_J,1
4qvw_C_D,1
4qvw_C_J,1
4qvw_C_K,1
4qvw_D_E,1
4qvw_D_K,1
4qvw_D_L,1
4qvw_E_F,1
4qvw_E_L,1
4qvw_E_M,1
4qvw_F_G,1
4qvw_F_M,1
4qvw_F_N,1
4qvw_G_H,1
4qvw_G_N,1
4qvw_H_I,1
4qvw_H_N,1
4qvw_H_Z,1
4qvw_H_a,1
4qvw_I_J,1
4qvw_I_Y,1
4qvw_I_Z,1
4qvw_J_K,1
4qvw_J_X,1
4qvw_J_Y,1
4qvw_K_L,1
4qvw_K_W,1
4qvw_K_X,1
4qvw_L_M,1
4qvw_L_V,1
4qvw_L_W,1
4qvw_M_N,1
4qvw_M_V,1
4qvw_M_b,1
4qvw_N_a,1
4qvw_N_b,1
4qvw_O_P,1
4qvw_O_U,1
4qvw_O_V,1
4qvw_O_W,1
4qvw_P_Q,1
4qvw_P_V,1
4qvw_P_W,1
4qvw_P_X,1
4qvw_Q_R,1
4qvw_Q_X,1
4qvw_Q_Y,1
4qvw_R_S,1
4qvw_R_Y,1
4qvw_R_Z,1
4qvw_S_T,1
4qvw_S_Z,1
4qvw_S_a,1
4qvw_T_U,1
4qvw_T_a,1
4qvw_T_b,1
4qvw_U_V,1
4qvw_U_b,1
4qvw_V_W,1
4qvw_V_b,1
4qvw_W_X,1
4qvw_X_Y,1
4qvw_Y_Z,1
4qvw_Z_a,1
4qvw_a_b,1
4qvx_A_B,1
4qvy_A_B,1
4qvy_A_G,1
4qvy_A_H,1
4qvy_A_I,1
4qvy_B_C,1
4qvy_B_H,1
4qvy_B_I,1
4qvy_B_J,1
4qvy_C_D,1
4qvy_C_J,1
4qvy_C_K,1
4qvy_D_E,1
4qvy_D_K,1
4qvy_D_L,1
4qvy_E_F,1
4qvy_E_L,1
4qvy_E_M,1
4qvy_F_G,1
4qvy_F_M,1
4qvy_F_N,1
4qvy_G_H,1
4qvy_G_N,1
4qvy_H_I,1
4qvy_H_N,1
4qvy_H_Z,1
4qvy_H_a,1
4qvy_I_J,1
4qvy_I_Y,1
4qvy_I_Z,1
4qvy_J_K,1
4qvy_J_X,1
4qvy_J_Y,1
4qvy_K_L,1
4qvy_K_W,1
4qvy_K_X,1
4qvy_L_M,1
4qvy_L_V,1
4qvy_L_W,1
4qvy_M_N,1
4qvy_M_V,1
4qvy_M_b,1
4qvy_N_a,1
4qvy_N_b,1
4qvy_O_P,1
4qvy_O_U,1
4qvy_O_V,1
4qvy_O_W,1
4qvy_P_Q,1
4qvy_P_V,1
4qvy_P_W,1
4qvy_P_X,1
4qvy_Q_R,1
4qvy_Q_X,1
4qvy_Q_Y,1
4qvy_R_S,1
4qvy_R_Y,1
4qvy_R_Z,1
4qvy_S_T,1
4qvy_S_Z,1
4qvy_S_a,1
4qvy_T_U,1
4qvy_T_a,1
4qvy_T_b,1
4qvy_U_V,1
4qvy_U_b,1
4qvy_V_W,1
4qvy_V_b,1
4qvy_W_X,1
4qvy_X_Y,1
4qvy_Y_Z,1
4qvy_Z_a,1
4qvy_a_b,1
4qw0_A_B,1
4qw0_A_G,1
4qw0_A_H,1
4qw0_A_I,1
4qw0_B_C,1
4qw0_B_H,1
4qw0_B_I,1
4qw0_B_J,1
4qw0_C_D,1
4qw0_C_J,1
4qw0_C_K,1
4qw0_D_E,1
4qw0_D_K,1
4qw0_D_L,1
4qw0_E_F,1
4qw0_E_L,1
4qw0_E_M,1
4qw0_F_G,1
4qw0_F_M,1
4qw0_F_N,1
4qw0_G_H,1
4qw0_G_N,1
4qw0_H_I,1
4qw0_H_N,1
4qw0_H_Z,1
4qw0_H_a,1
4qw0_I_J,1
4qw0_I_Y,1
4qw0_I_Z,1
4qw0_J_K,1
4qw0_J_X,1
4qw0_J_Y,1
4qw0_K_L,1
4qw0_K_W,1
4qw0_K_X,1
4qw0_L_M,1
4qw0_L_V,1
4qw0_L_W,1
4qw0_M_N,1
4qw0_M_V,1
4qw0_M_b,1
4qw0_N_a,1
4qw0_N_b,1
4qw0_O_P,1
4qw0_O_U,1
4qw0_O_V,1
4qw0_O_W,1
4qw0_P_Q,1
4qw0_P_V,1
4qw0_P_W,1
4qw0_P_X,1
4qw0_Q_R,1
4qw0_Q_X,1
4qw0_Q_Y,1
4qw0_R_S,1
4qw0_R_Y,1
4qw0_R_Z,1
4qw0_S_T,1
4qw0_S_Z,1
4qw0_S_a,1
4qw0_T_U,1
4qw0_T_a,1
4qw0_T_b,1
4qw0_U_V,1
4qw0_U_b,1
4qw0_V_W,1
4qw0_V_b,1
4qw0_W_X,1
4qw0_X_Y,1
4qw0_Y_Z,1
4qw0_Z_a,1
4qw0_a_b,1
4qw1_A_B,1
4qw1_A_G,1
4qw1_A_H,1
4qw1_A_I,1
4qw1_B_C,1
4qw1_B_H,1
4qw1_B_I,1
4qw1_B_J,1
4qw1_C_D,1
4qw1_C_J,1
4qw1_C_K,1
4qw1_D_E,1
4qw1_D_K,1
4qw1_D_L,1
4qw1_E_F,1
4qw1_E_L,1
4qw1_E_M,1
4qw1_F_G,1
4qw1_F_M,1
4qw1_F_N,1
4qw1_G_H,1
4qw1_G_N,1
4qw1_H_I,1
4qw1_H_N,1
4qw1_H_Z,1
4qw1_H_a,1
4qw1_I_J,1
4qw1_I_Y,1
4qw1_I_Z,1
4qw1_J_K,1
4qw1_J_X,1
4qw1_J_Y,1
4qw1_K_L,1
4qw1_K_W,1
4qw1_K_X,1
4qw1_L_M,1
4qw1_L_V,1
4qw1_L_W,1
4qw1_M_N,1
4qw1_M_V,1
4qw1_M_b,1
4qw1_N_a,1
4qw1_N_b,1
4qw1_O_P,1
4qw1_O_U,1
4qw1_O_V,1
4qw1_O_W,1
4qw1_P_Q,1
4qw1_P_V,1
4qw1_P_W,1
4qw1_P_X,1
4qw1_Q_R,1
4qw1_Q_X,1
4qw1_Q_Y,1
4qw1_R_S,1
4qw1_R_Y,1
4qw1_R_Z,1
4qw1_S_T,1
4qw1_S_Z,1
4qw1_S_a,1
4qw1_T_U,1
4qw1_T_a,1
4qw1_T_b,1
4qw1_U_V,1
4qw1_U_b,1
4qw1_V_W,1
4qw1_V_b,1
4qw1_W_X,1
4qw1_X_Y,1
4qw1_Y_Z,1
4qw1_Z_a,1
4qw1_a_b,1
4qw5_A_B,1
4qw5_A_G,1
4qw5_A_H,1
4qw5_A_I,1
4qw5_B_C,1
4qw5_B_I,1
4qw5_B_J,1
4qw5_C_D,1
4qw5_C_J,1
4qw5_C_K,1
4qw5_D_E,1
4qw5_D_K,1
4qw5_D_L,1
4qw5_E_F,1
4qw5_E_L,1
4qw5_E_M,1
4qw5_F_G,1
4qw5_F_M,1
4qw5_F_N,1
4qw5_G_H,1
4qw5_G_N,1
4qw5_H_I,1
4qw5_H_N,1
4qw5_H_Z,1
4qw5_H_a,1
4qw5_I_J,1
4qw5_I_Y,1
4qw5_I_Z,1
4qw5_J_K,1
4qw5_J_X,1
4qw5_J_Y,1
4qw5_K_L,1
4qw5_K_W,1
4qw5_K_X,1
4qw5_L_M,1
4qw5_L_V,1
4qw5_L_W,1
4qw5_M_N,1
4qw5_M_V,1
4qw5_M_b,1
4qw5_N_a,1
4qw5_N_b,1
4qw5_O_P,1
4qw5_O_U,1
4qw5_O_V,1
4qw5_O_W,1
4qw5_P_Q,1
4qw5_P_W,1
4qw5_P_X,1
4qw5_Q_R,1
4qw5_Q_X,1
4qw5_Q_Y,1
4qw5_R_S,1
4qw5_R_Y,1
4qw5_R_Z,1
4qw5_S_T,1
4qw5_S_Z,1
4qw5_S_a,1
4qw5_T_U,1
4qw5_T_a,1
4qw5_T_b,1
4qw5_U_V,1
4qw5_U_b,1
4qw5_V_W,1
4qw5_V_b,1
4qw5_W_X,1
4qw5_X_Y,1
4qw5_Y_Z,1
4qw5_Z_a,1
4qw5_a_b,1
4qwf_A_B,1
4qwf_A_G,1
4qwf_A_H,1
4qwf_A_I,1
4qwf_B_C,1
4qwf_B_I,1
4qwf_B_J,1
4qwf_C_D,1
4qwf_C_J,1
4qwf_C_K,1
4qwf_D_E,1
4qwf_D_K,1
4qwf_D_L,1
4qwf_E_F,1
4qwf_E_L,1
4qwf_E_M,1
4qwf_F_G,1
4qwf_F_M,1
4qwf_F_N,1
4qwf_G_H,1
4qwf_G_N,1
4qwf_H_I,1
4qwf_H_N,1
4qwf_H_Z,1
4qwf_H_a,1
4qwf_I_J,1
4qwf_I_Y,1
4qwf_I_Z,1
4qwf_J_K,1
4qwf_J_X,1
4qwf_J_Y,1
4qwf_K_L,1
4qwf_K_W,1
4qwf_K_X,1
4qwf_L_M,1
4qwf_L_V,1
4qwf_L_W,1
4qwf_M_N,1
4qwf_M_V,1
4qwf_M_b,1
4qwf_N_a,1
4qwf_N_b,1
4qwf_O_P,1
4qwf_O_U,1
4qwf_O_V,1
4qwf_O_W,1
4qwf_P_Q,1
4qwf_P_W,1
4qwf_P_X,1
4qwf_Q_R,1
4qwf_Q_X,1
4qwf_Q_Y,1
4qwf_R_S,1
4qwf_R_Y,1
4qwf_R_Z,1
4qwf_S_T,1
4qwf_S_Z,1
4qwf_S_a,1
4qwf_T_U,1
4qwf_T_a,1
4qwf_T_b,1
4qwf_U_V,1
4qwf_U_b,1
4qwf_V_W,1
4qwf_V_b,1
4qwf_W_X,1
4qwf_X_Y,1
4qwf_Y_Z,1
4qwf_Z_a,1
4qwf_a_b,1
4qwi_A_B,1
4qwi_A_G,1
4qwi_A_H,1
4qwi_A_I,1
4qwi_B_C,1
4qwi_B_I,1
4qwi_B_J,1
4qwi_C_D,1
4qwi_C_J,1
4qwi_C_K,1
4qwi_D_E,1
4qwi_D_K,1
4qwi_D_L,1
4qwi_E_F,1
4qwi_E_L,1
4qwi_E_M,1
4qwi_F_G,1
4qwi_F_M,1
4qwi_F_N,1
4qwi_G_H,1
4qwi_G_N,1
4qwi_H_I,1
4qwi_H_N,1
4qwi_H_Z,1
4qwi_H_a,1
4qwi_I_J,1
4qwi_I_Y,1
4qwi_I_Z,1
4qwi_J_K,1
4qwi_J_X,1
4qwi_J_Y,1
4qwi_K_L,1
4qwi_K_W,1
4qwi_K_X,1
4qwi_L_M,1
4qwi_L_V,1
4qwi_L_W,1
4qwi_M_N,1
4qwi_M_V,1
4qwi_M_b,1
4qwi_N_a,1
4qwi_N_b,1
4qwi_O_P,1
4qwi_O_U,1
4qwi_O_V,1
4qwi_O_W,1
4qwi_P_Q,1
4qwi_P_W,1
4qwi_P_X,1
4qwi_Q_R,1
4qwi_Q_X,1
4qwi_Q_Y,1
4qwi_R_S,1
4qwi_R_Y,1
4qwi_R_Z,1
4qwi_S_T,1
4qwi_S_Z,1
4qwi_S_a,1
4qwi_T_U,1
4qwi_T_a,1
4qwi_T_b,1
4qwi_U_V,1
4qwi_U_b,1
4qwi_V_W,1
4qwi_V_b,1
4qwi_W_X,1
4qwi_X_Y,1
4qwi_Y_Z,1
4qwi_Z_a,1
4qwi_a_b,1
4qwj_A_B,1
4qwj_A_G,1
4qwj_A_H,1
4qwj_A_I,1
4qwj_B_C,1
4qwj_B_I,1
4qwj_B_J,1
4qwj_C_D,1
4qwj_C_J,1
4qwj_C_K,1
4qwj_D_E,1
4qwj_D_K,1
4qwj_D_L,1
4qwj_E_F,1
4qwj_E_L,1
4qwj_E_M,1
4qwj_F_G,1
4qwj_F_M,1
4qwj_F_N,1
4qwj_G_H,1
4qwj_G_N,1
4qwj_H_I,1
4qwj_H_N,1
4qwj_H_Z,1
4qwj_H_a,1
4qwj_I_J,1
4qwj_I_Y,1
4qwj_I_Z,1
4qwj_J_K,1
4qwj_J_X,1
4qwj_J_Y,1
4qwj_K_L,1
4qwj_K_W,1
4qwj_K_X,1
4qwj_L_M,1
4qwj_L_V,1
4qwj_L_W,1
4qwj_M_N,1
4qwj_M_V,1
4qwj_M_b,1
4qwj_N_a,1
4qwj_N_b,1
4qwj_O_P,1
4qwj_O_U,1
4qwj_O_V,1
4qwj_O_W,1
4qwj_P_Q,1
4qwj_P_W,1
4qwj_P_X,1
4qwj_Q_R,1
4qwj_Q_X,1
4qwj_Q_Y,1
4qwj_R_S,1
4qwj_R_Y,1
4qwj_R_Z,1
4qwj_S_T,1
4qwj_S_Z,1
4qwj_S_a,1
4qwj_T_U,1
4qwj_T_a,1
4qwj_T_b,1
4qwj_U_V,1
4qwj_U_b,1
4qwj_V_W,1
4qwj_V_b,1
4qwj_W_X,1
4qwj_X_Y,1
4qwj_Y_Z,1
4qwj_Z_a,1
4qwj_a_b,1
4qwl_A_B,1
4qwl_A_G,1
4qwl_A_H,1
4qwl_A_I,1
4qwl_B_C,1
4qwl_B_I,1
4qwl_B_J,1
4qwl_C_D,1
4qwl_C_J,1
4qwl_C_K,1
4qwl_D_E,1
4qwl_D_K,1
4qwl_D_L,1
4qwl_E_F,1
4qwl_E_L,1
4qwl_E_M,1
4qwl_F_G,1
4qwl_F_M,1
4qwl_F_N,1
4qwl_G_H,1
4qwl_G_N,1
4qwl_H_I,1
4qwl_H_N,1
4qwl_H_Z,1
4qwl_H_a,1
4qwl_I_J,1
4qwl_I_Y,1
4qwl_I_Z,1
4qwl_J_K,1
4qwl_J_X,1
4qwl_J_Y,1
4qwl_K_L,1
4qwl_K_W,1
4qwl_K_X,1
4qwl_L_M,1
4qwl_L_V,1
4qwl_L_W,1
4qwl_M_N,1
4qwl_M_V,1
4qwl_M_b,1
4qwl_N_a,1
4qwl_N_b,1
4qwl_O_P,1
4qwl_O_U,1
4qwl_O_V,1
4qwl_O_W,1
4qwl_P_Q,1
4qwl_P_W,1
4qwl_P_X,1
4qwl_Q_R,1
4qwl_Q_X,1
4qwl_Q_Y,1
4qwl_R_S,1
4qwl_R_Y,1
4qwl_R_Z,1
4qwl_S_T,1
4qwl_S_Z,1
4qwl_S_a,1
4qwl_T_U,1
4qwl_T_a,1
4qwl_T_b,1
4qwl_U_V,1
4qwl_U_b,1
4qwl_V_W,1
4qwl_V_b,1
4qwl_W_X,1
4qwl_X_Y,1
4qwl_Y_Z,1
4qwl_Z_a,1
4qwl_a_b,1
4qwn_A_B,1
4qwn_C_D,1
4qwr_A_B,1
4qwr_A_G,1
4qwr_A_H,1
4qwr_A_I,1
4qwr_B_C,1
4qwr_B_I,1
4qwr_B_J,1
4qwr_C_D,1
4qwr_C_J,1
4qwr_C_K,1
4qwr_D_E,1
4qwr_D_K,1
4qwr_D_L,1
4qwr_E_F,1
4qwr_E_L,1
4qwr_E_M,1
4qwr_F_G,1
4qwr_F_M,1
4qwr_F_N,1
4qwr_G_H,1
4qwr_G_N,1
4qwr_H_I,1
4qwr_H_N,1
4qwr_H_Z,1
4qwr_H_a,1
4qwr_I_J,1
4qwr_I_Y,1
4qwr_I_Z,1
4qwr_J_K,1
4qwr_J_X,1
4qwr_J_Y,1
4qwr_K_L,1
4qwr_K_W,1
4qwr_K_X,1
4qwr_L_M,1
4qwr_L_V,1
4qwr_L_W,1
4qwr_M_N,1
4qwr_M_V,1
4qwr_M_b,1
4qwr_N_a,1
4qwr_N_b,1
4qwr_O_P,1
4qwr_O_U,1
4qwr_O_V,1
4qwr_O_W,1
4qwr_P_Q,1
4qwr_P_W,1
4qwr_P_X,1
4qwr_Q_R,1
4qwr_Q_X,1
4qwr_Q_Y,1
4qwr_R_S,1
4qwr_R_Y,1
4qwr_R_Z,1
4qwr_S_T,1
4qwr_S_Z,1
4qwr_S_a,1
4qwr_T_U,1
4qwr_T_a,1
4qwr_T_b,1
4qwr_U_V,1
4qwr_U_b,1
4qwr_V_W,1
4qwr_V_b,1
4qwr_W_X,1
4qwr_X_Y,1
4qwr_Y_Z,1
4qwr_Z_a,1
4qwr_a_b,1
4qws_A_B,1
4qws_A_G,1
4qws_A_H,1
4qws_A_I,1
4qws_B_C,1
4qws_B_I,1
4qws_B_J,1
4qws_C_D,1
4qws_C_J,1
4qws_C_K,1
4qws_D_E,1
4qws_D_K,1
4qws_D_L,1
4qws_E_F,1
4qws_E_L,1
4qws_E_M,1
4qws_F_G,1
4qws_F_M,1
4qws_F_N,1
4qws_G_H,1
4qws_G_N,1
4qws_H_I,1
4qws_H_N,1
4qws_H_Z,1
4qws_H_a,1
4qws_I_J,1
4qws_I_Y,1
4qws_I_Z,1
4qws_J_K,1
4qws_J_X,1
4qws_J_Y,1
4qws_K_L,1
4qws_K_W,1
4qws_K_X,1
4qws_L_M,1
4qws_L_V,1
4qws_L_W,1
4qws_M_N,1
4qws_M_V,1
4qws_M_b,1
4qws_N_a,1
4qws_N_b,1
4qws_O_P,1
4qws_O_U,1
4qws_O_V,1
4qws_O_W,1
4qws_P_Q,1
4qws_P_W,1
4qws_P_X,1
4qws_Q_R,1
4qws_Q_X,1
4qws_Q_Y,1
4qws_R_S,1
4qws_R_Y,1
4qws_R_Z,1
4qws_S_T,1
4qws_S_Z,1
4qws_S_a,1
4qws_T_U,1
4qws_T_a,1
4qws_T_b,1
4qws_U_V,1
4qws_U_b,1
4qws_V_W,1
4qws_V_b,1
4qws_W_X,1
4qws_X_Y,1
4qws_Y_Z,1
4qws_Z_a,1
4qws_a_b,1
4qx7_A_B,1
4qx8_A_B,1
4qxb_A_B,1
4qxb_C_D,1
4qxh_A_B,1
4qxh_C_D,1
4qxj_A_B,1
4qxj_A_G,1
4qxj_A_H,1
4qxj_A_I,1
4qxj_B_C,1
4qxj_B_I,1
4qxj_B_J,1
4qxj_C_D,1
4qxj_C_J,1
4qxj_C_K,1
4qxj_D_E,1
4qxj_D_K,1
4qxj_D_L,1
4qxj_E_F,1
4qxj_E_L,1
4qxj_E_M,1
4qxj_F_G,1
4qxj_F_M,1
4qxj_F_N,1
4qxj_G_H,1
4qxj_G_N,1
4qxj_H_I,1
4qxj_H_N,1
4qxj_H_Z,1
4qxj_H_a,1
4qxj_I_J,1
4qxj_I_Y,1
4qxj_I_Z,1
4qxj_J_K,1
4qxj_J_X,1
4qxj_J_Y,1
4qxj_K_L,1
4qxj_K_W,1
4qxj_K_X,1
4qxj_L_M,1
4qxj_L_V,1
4qxj_L_W,1
4qxj_M_N,1
4qxj_M_V,1
4qxj_M_b,1
4qxj_N_a,1
4qxj_N_b,1
4qxj_O_P,1
4qxj_O_U,1
4qxj_O_V,1
4qxj_O_W,1
4qxj_P_Q,1
4qxj_P_W,1
4qxj_P_X,1
4qxj_Q_R,1
4qxj_Q_X,1
4qxj_Q_Y,1
4qxj_R_S,1
4qxj_R_Y,1
4qxj_R_Z,1
4qxj_S_T,1
4qxj_S_Z,1
4qxj_S_a,1
4qxj_T_U,1
4qxj_T_a,1
4qxj_T_b,1
4qxj_U_V,1
4qxj_U_b,1
4qxj_V_W,1
4qxj_V_b,1
4qxj_W_X,1
4qxj_X_Y,1
4qxj_Y_Z,1
4qxj_Z_a,1
4qxj_a_b,1
4qxp_A_B,1
4qxq_A_B,1
4qxr_A_B,1
4qxz_A_B,1
4qyb_A_B,1
4qyi_B_C,1
4qyz_A_C,1
4qyz_A_J,1
4qyz_B_C,1
4qyz_B_F,1
4qyz_C_H,1
4qyz_D_E,1
4qyz_D_K,1
4qyz_E_F,1
4qyz_F_G,1
4qyz_G_H,1
4qyz_H_I,1
4qyz_I_J,1
4qz4_A_B,1
4qz4_A_G,1
4qz4_A_H,1
4qz4_A_I,1
4qz4_B_C,1
4qz4_B_I,1
4qz4_B_J,1
4qz4_C_D,1
4qz4_C_J,1
4qz4_C_K,1
4qz4_D_E,1
4qz4_D_K,1
4qz4_D_L,1
4qz4_E_F,1
4qz4_E_L,1
4qz4_E_M,1
4qz4_F_G,1
4qz4_F_M,1
4qz4_F_N,1
4qz4_G_H,1
4qz4_G_N,1
4qz4_H_I,1
4qz4_H_N,1
4qz4_H_Z,1
4qz4_H_a,1
4qz4_I_J,1
4qz4_I_Y,1
4qz4_I_Z,1
4qz4_J_K,1
4qz4_J_X,1
4qz4_J_Y,1
4qz4_K_L,1
4qz4_K_W,1
4qz4_K_X,1
4qz4_L_M,1
4qz4_L_V,1
4qz4_L_W,1
4qz4_M_N,1
4qz4_M_V,1
4qz4_M_b,1
4qz4_N_a,1
4qz4_N_b,1
4qz4_O_P,1
4qz4_O_U,1
4qz4_O_V,1
4qz4_O_W,1
4qz4_P_Q,1
4qz4_P_W,1
4qz4_P_X,1
4qz4_Q_R,1
4qz4_Q_X,1
4qz4_Q_Y,1
4qz4_R_S,1
4qz4_R_Y,1
4qz4_R_Z,1
4qz4_S_T,1
4qz4_S_Z,1
4qz4_S_a,1
4qz4_T_U,1
4qz4_T_a,1
4qz4_T_b,1
4qz4_U_V,1
4qz4_U_b,1
4qz4_V_W,1
4qz4_V_b,1
4qz4_W_X,1
4qz4_X_Y,1
4qz4_Y_Z,1
4qz4_Z_a,1
4qz4_a_b,1
4qz6_A_B,1
4qz6_A_G,1
4qz6_A_H,1
4qz6_A_I,1
4qz6_B_C,1
4qz6_B_I,1
4qz6_B_J,1
4qz6_C_D,1
4qz6_C_J,1
4qz6_C_K,1
4qz6_D_E,1
4qz6_D_K,1
4qz6_D_L,1
4qz6_E_F,1
4qz6_E_L,1
4qz6_E_M,1
4qz6_F_G,1
4qz6_F_M,1
4qz6_F_N,1
4qz6_G_H,1
4qz6_G_N,1
4qz6_H_I,1
4qz6_H_N,1
4qz6_H_Z,1
4qz6_H_a,1
4qz6_I_J,1
4qz6_I_Y,1
4qz6_I_Z,1
4qz6_J_K,1
4qz6_J_X,1
4qz6_J_Y,1
4qz6_K_L,1
4qz6_K_W,1
4qz6_K_X,1
4qz6_L_M,1
4qz6_L_V,1
4qz6_L_W,1
4qz6_M_N,1
4qz6_M_V,1
4qz6_M_b,1
4qz6_N_a,1
4qz6_N_b,1
4qz6_O_P,1
4qz6_O_U,1
4qz6_O_V,1
4qz6_O_W,1
4qz6_P_Q,1
4qz6_P_W,1
4qz6_P_X,1
4qz6_Q_R,1
4qz6_Q_X,1
4qz6_Q_Y,1
4qz6_R_S,1
4qz6_R_Y,1
4qz6_R_Z,1
4qz6_S_T,1
4qz6_S_Z,1
4qz6_S_a,1
4qz6_T_U,1
4qz6_T_a,1
4qz6_T_b,1
4qz6_U_V,1
4qz6_U_b,1
4qz6_V_W,1
4qz6_V_b,1
4qz6_W_X,1
4qz6_X_Y,1
4qz6_Y_Z,1
4qz6_Z_a,1
4qz6_a_b,1
4qzx_A_B,1
4qzx_A_G,1
4qzx_A_H,1
4qzx_A_I,1
4qzx_B_C,1
4qzx_B_I,1
4qzx_B_J,1
4qzx_C_D,1
4qzx_C_J,1
4qzx_C_K,1
4qzx_D_E,1
4qzx_D_K,1
4qzx_D_L,1
4qzx_E_F,1
4qzx_E_L,1
4qzx_E_M,1
4qzx_F_G,1
4qzx_F_M,1
4qzx_F_N,1
4qzx_G_H,1
4qzx_G_N,1
4qzx_H_I,1
4qzx_H_N,1
4qzx_H_Z,1
4qzx_H_a,1
4qzx_I_J,1
4qzx_I_Y,1
4qzx_I_Z,1
4qzx_J_K,1
4qzx_J_X,1
4qzx_J_Y,1
4qzx_K_L,1
4qzx_K_W,1
4qzx_K_X,1
4qzx_L_M,1
4qzx_L_V,1
4qzx_L_W,1
4qzx_M_N,1
4qzx_M_V,1
4qzx_M_b,1
4qzx_N_a,1
4qzx_N_b,1
4qzx_O_P,1
4qzx_O_U,1
4qzx_O_V,1
4qzx_O_W,1
4qzx_P_Q,1
4qzx_P_W,1
4qzx_P_X,1
4qzx_Q_R,1
4qzx_Q_X,1
4qzx_Q_Y,1
4qzx_R_S,1
4qzx_R_Y,1
4qzx_R_Z,1
4qzx_S_T,1
4qzx_S_Z,1
4qzx_S_a,1
4qzx_T_U,1
4qzx_T_a,1
4qzx_T_b,1
4qzx_U_V,1
4qzx_U_b,1
4qzx_V_W,1
4qzx_V_b,1
4qzx_W_X,1
4qzx_X_Y,1
4qzx_Y_Z,1
4qzx_Z_a,1
4qzx_a_b,1
4r02_A_B,1
4r02_A_G,1
4r02_A_H,1
4r02_A_I,1
4r02_B_C,1
4r02_B_H,1
4r02_B_I,1
4r02_B_J,1
4r02_C_D,1
4r02_C_J,1
4r02_C_K,1
4r02_D_E,1
4r02_D_K,1
4r02_D_L,1
4r02_E_F,1
4r02_E_L,1
4r02_E_M,1
4r02_F_G,1
4r02_F_M,1
4r02_F_N,1
4r02_G_H,1
4r02_G_N,1
4r02_H_I,1
4r02_H_N,1
4r02_H_Z,1
4r02_H_a,1
4r02_I_J,1
4r02_I_Y,1
4r02_I_Z,1
4r02_J_K,1
4r02_J_X,1
4r02_J_Y,1
4r02_K_L,1
4r02_K_W,1
4r02_K_X,1
4r02_L_M,1
4r02_L_V,1
4r02_L_W,1
4r02_M_N,1
4r02_M_V,1
4r02_M_b,1
4r02_N_a,1
4r02_N_b,1
4r02_O_P,1
4r02_O_U,1
4r02_O_V,1
4r02_O_W,1
4r02_P_Q,1
4r02_P_V,1
4r02_P_W,1
4r02_P_X,1
4r02_Q_R,1
4r02_Q_X,1
4r02_Q_Y,1
4r02_R_S,1
4r02_R_Y,1
4r02_R_Z,1
4r02_S_T,1
4r02_S_Z,1
4r02_S_a,1
4r02_T_U,1
4r02_T_a,1
4r02_T_b,1
4r02_U_V,1
4r02_U_b,1
4r02_V_W,1
4r02_V_b,1
4r02_W_X,1
4r02_X_Y,1
4r02_Y_Z,1
4r02_Z_a,1
4r02_a_b,1
4r08_A_B,1
4r0g_C_D,1
4r11_C_D,1
4r1f_A_B,1
4r1f_C_D,1
4r1m_A_B,1
4r1m_C_D,1
4r1o_A_B,1
4r1o_A_C,1
4r1o_A_D,1
4r1o_A_F,1
4r1o_B_C,1
4r1o_B_E,1
4r1o_B_F,1
4r1o_C_D,1
4r1o_C_E,1
4r1o_D_E,1
4r1o_D_F,1
4r1o_E_F,1
4r27_A_B,1
4r2y_A_B,1
4r2y_C_D,1
4r4j_A_B,1
4r4y_A_B,1
4r54_A_B,1
4r57_E_F,1
4r57_E_G,1
4r57_F_G,1
4r57_F_H,1
4r57_G_H,1
4r5g_A_B,1
4r67_1_2,1
4r67_1_I,1
4r67_1_J,1
4r67_1_S,1
4r67_1_T,1
4r67_1_Z,1
4r67_2_H,1
4r67_2_I,1
4r67_2_T,1
4r67_2_U,1
4r67_2_V,1
4r67_A_B,1
4r67_A_G,1
4r67_A_H,1
4r67_A_I,1
4r67_B_C,1
4r67_B_I,1
4r67_B_J,1
4r67_C_D,1
4r67_C_J,1
4r67_C_K,1
4r67_D_E,1
4r67_D_K,1
4r67_D_L,1
4r67_E_F,1
4r67_E_L,1
4r67_E_M,1
4r67_F_G,1
4r67_F_M,1
4r67_F_N,1
4r67_G_H,1
4r67_G_N,1
4r67_H_I,1
4r67_H_N,1
4r67_H_V,1
4r67_I_J,1
4r67_J_K,1
4r67_J_Z,1
4r67_K_L,1
4r67_K_Y,1
4r67_K_Z,1
4r67_L_M,1
4r67_L_X,1
4r67_L_Y,1
4r67_M_N,1
4r67_M_W,1
4r67_M_X,1
4r67_N_V,1
4r67_N_W,1
4r67_O_P,1
4r67_O_U,1
4r67_O_V,1
4r67_O_W,1
4r67_P_Q,1
4r67_P_W,1
4r67_P_X,1
4r67_Q_R,1
4r67_Q_X,1
4r67_Q_Y,1
4r67_R_S,1
4r67_R_Y,1
4r67_R_Z,1
4r67_S_T,1
4r67_S_Z,1
4r67_T_U,1
4r67_U_V,1
4r67_V_W,1
4r67_W_X,1
4r67_X_Y,1
4r67_Y_Z,1
4r77_A_B,1
4r79_A_B,1
4r7m_G_H,1
4r7m_G_I,1
4r7m_G_J,1
4r7m_G_L,1
4r7m_H_I,1
4r7m_H_K,1
4r7m_H_L,1
4r7m_I_J,1
4r7m_I_K,1
4r7m_J_K,1
4r7m_J_L,1
4r7m_K_L,1
4r7w_A_B,1
4r7w_A_C,1
4r7w_A_D,1
4r7w_B_E,1
4r7w_B_F,1
4r7w_C_D,1
4r7w_C_E,1
4r7w_D_F,1
4r7w_E_F,1
4r81_A_B,1
4r85_A_D,1
4r8d_A_B,1
4r8l_A_B,1
4r8l_A_D,1
4r8l_B_C,1
4r8l_C_D,1
4r99_A_B,1
4r99_A_C,1
4r99_A_D,1
4r99_B_C,1
4r99_B_D,1
4r99_C_D,1
4r9l_A_B,1
4r9r_A_C,1
4r9r_A_E,1
4r9r_A_G,1
4r9r_C_E,1
4r9r_C_G,1
4r9r_E_G,1
4rab_A_B,1
4rab_A_C,1
4rab_A_D,1
4rab_B_C,1
4rab_B_D,1
4rab_C_D,1
4rak_A_B,1
4ram_A_B,1
4raq_A_B,1
4raq_A_C,1
4raq_A_D,1
4raq_B_C,1
4raq_B_D,1
4raq_C_D,1
4ras_B_C,1
4raz_A_B,1
4rb3_C_D,1
4rbu_A_B,1
4rbu_A_C,1
4rbu_D_E,1
4rbu_D_F,1
4rbu_E_I,1
4rbu_F_H,1
4rbu_G_H,1
4rbu_G_I,1
4rbv_A_B,1
4rc1_A_C,1
4rc1_A_D,1
4rc1_B_E,1
4rc1_B_G,1
4rc1_E_F,1
4rc1_F_H,1
4rc1_G_I,1
4rc1_H_I,1
4rc9_A_B,1
4rc9_A_C,1
4rc9_A_D,1
4rc9_B_C,1
4rc9_B_K,1
4rc9_C_F,1
4rc9_D_H,1
4rc9_D_L,1
4rc9_E_F,1
4rc9_E_G,1
4rc9_E_H,1
4rc9_F_G,1
4rc9_G_J,1
4rc9_H_L,1
4rc9_I_J,1
4rc9_I_K,1
4rc9_I_L,1
4rc9_J_K,1
4rck_A_B,1
4rco_A_B,1
4rda_A_B,1
4rdh_A_B,1
4rdh_C_D,1
4rdi_A_B,1
4rdi_C_D,1
4rdl_A_B,1
4rdv_A_B,1
4rdv_C_D,1
4rdy_A_B,1
4re1_B_C,1
4re6_C_D,1
4red_A_B,1
4ref_A_B,1
4rf3_A_B,1
4rf5_A_B,1
4rfb_A_B,1
4rfb_C_D,1
4rfp_A_B,1
4rfs_A_B,1
4rfs_A_T,1
4rfs_B_T,1
4rfs_S_T,1
4rfx_C_D,1
4rg5_A_B,1
4rg9_A_B,1
4rgd_A_B,1
4rgr_A_B,1
4rgu_A_B,1
4rgw_A_B,1
4rgx_A_B,1
4rh3_A_B,1
4rh3_A_D,1
4rh3_B_C,1
4rh3_C_D,1
4rhb_C_D,1
4rhe_A_D,1
4rhe_A_E,1
4rhe_A_F,1
4rhe_B_C,1
4rhe_B_D,1
4rhe_B_E,1
4rhe_C_E,1
4rhe_C_F,1
4rhe_D_E,1
4rhe_E_F,1
4rhu_A_B,1
4rhu_A_D,1
4rhu_B_C,1
4rhu_C_D,1
4rhu_E_F,1
4rhz_A_B,1
4rj0_C_D,1
4rje_A_C,1
4rje_A_D,1
4rje_B_C,1
4rje_B_D,1
4rjj_A_B,1
4rjj_A_C,1
4rjj_A_D,1
4rjj_B_C,1
4rjj_B_D,1
4rjj_C_D,1
4rjj_E_F,1
4rjj_G_H,1
4rjk_E_F,1
4rjy_A_B,1
4rjy_A_C,1
4rjy_A_D,1
4rjy_B_C,1
4rjy_B_D,1
4rjy_C_D,1
4rk0_A_B,1
4rk0_C_D,1
4rk1_A_B,1
4rk6_A_B,1
4rk7_A_B,1
4rkc_A_B,1
4rkd_A_B,1
4rkd_C_D,1
4rkd_E_F,1
4rkd_G_H,1
4rkm_D_E,1
4rkm_D_K,1
4rkm_E_K,1
4rkm_G_H,1
4rkm_G_L,1
4rkm_H_L,1
4rkn_A_B,1
4rkn_A_C,1
4rkn_B_C,1
4rl4_A_B,1
4rl6_A_B,1
4rla_A_B,1
4rla_A_C,1
4rla_B_C,1
4rld_C_D,1
4rlu_A_B,1
4rn0_A_B,1
4rn2_A_B,1
4rnc_A_B,1
4rng_A_C,1
4rng_B_D,1
4rni_A_B,1
4rns_C_D,1
4rny_A_B,1
4ro2_A_B,1
4ro2_C_D,1
4rp3_A_B,1
4rph_A_C,1
4rpi_A_C,1
4rpi_B_D,1
4rpj_A_C,1
4rqb_A_B,1
4rqo_A_B,1
4rqx_A_B,1
4rqx_B_C,1
4rqx_C_D,1
4rqx_D_E,1
4rr2_A_B,1
4rr2_C_D,1
4rrf_A_D,1
4rrf_B_C,1
4rrg_C_D,1
4rrr_A_B,1
4rrx_A_B,1
4rrz_A_B,1
4rs4_A_B,1
4rs4_A_C,1
4rs4_A_D,1
4rs4_A_F,1
4rs4_B_E,1
4rs4_B_F,1
4rs4_C_D,1
4rs4_C_E,1
4rs4_D_F,1
4rs4_E_F,1
4rsc_A_B,1
4rsi_A_B,1
4rsj_A_B,1
4rsj_C_D,1
4rsu_A_B,1
4rsu_A_C,1
4rsu_A_D,1
4rsu_A_F,1
4rsu_A_G,1
4rsu_A_J,1
4rsu_B_C,1
4rsu_B_D,1
4rsu_B_E,1
4rsu_C_E,1
4rsu_C_F,1
4rsu_D_G,1
4rsu_G_H,1
4rsu_G_I,1
4rsu_G_J,1
4rsu_G_L,1
4rsu_H_I,1
4rsu_H_J,1
4rsu_H_K,1
4rsu_I_K,1
4rsu_I_L,1
4rub_A_B,1
4rub_A_D,1
4rub_A_S,1
4rub_A_T,1
4rub_B_C,1
4rub_B_D,1
4rub_B_T,1
4rub_B_V,1
4rub_C_D,1
4rub_C_U,1
4rub_C_V,1
4rub_D_T,1
4rub_D_V,1
4rub_S_T,1
4rub_U_V,1
4ruq_A_B,1
4rur_A_B,1
4rur_A_G,1
4rur_A_H,1
4rur_A_I,1
4rur_B_C,1
4rur_B_H,1
4rur_B_I,1
4rur_B_J,1
4rur_C_D,1
4rur_C_J,1
4rur_C_K,1
4rur_D_E,1
4rur_D_K,1
4rur_D_L,1
4rur_E_F,1
4rur_E_L,1
4rur_E_M,1
4rur_F_G,1
4rur_F_M,1
4rur_F_N,1
4rur_G_H,1
4rur_G_N,1
4rur_H_I,1
4rur_H_N,1
4rur_H_Z,1
4rur_H_a,1
4rur_I_J,1
4rur_I_Y,1
4rur_I_Z,1
4rur_J_K,1
4rur_J_X,1
4rur_J_Y,1
4rur_K_L,1
4rur_K_W,1
4rur_K_X,1
4rur_L_M,1
4rur_L_V,1
4rur_L_W,1
4rur_M_N,1
4rur_M_V,1
4rur_M_b,1
4rur_N_a,1
4rur_N_b,1
4rur_O_P,1
4rur_O_U,1
4rur_O_V,1
4rur_O_W,1
4rur_P_Q,1
4rur_P_V,1
4rur_P_W,1
4rur_P_X,1
4rur_Q_R,1
4rur_Q_X,1
4rur_Q_Y,1
4rur_R_S,1
4rur_R_Y,1
4rur_R_Z,1
4rur_S_T,1
4rur_S_Z,1
4rur_S_a,1
4rur_T_U,1
4rur_T_a,1
4rur_T_b,1
4rur_U_V,1
4rur_U_b,1
4rur_V_W,1
4rur_V_b,1
4rur_W_X,1
4rur_X_Y,1
4rur_Y_Z,1
4rur_Z_a,1
4rur_a_b,1
4rus_A_B,1
4rus_C_D,1
4rus_E_F,1
4rut_A_B,1
4rv0_G_H,1
4rv2_A_B,1
4rvs_A_B,1
4rvu_A_D,1
4rws_A_C,1
4rwx_A_B,1
4rwx_A_C,1
4rwx_B_C,1
4rxe_A_B,1
4rxo_A_B,1
4rxq_A_B,1
4rxs_A_B,1
4ry8_B_D,1
4ryu_A_B,1
4ryu_C_D,1
4rz3_A_B,1
4rz4_A_B,1
4rz4_A_E,1
4rz4_A_F,1
4rz4_B_C,1
4rz4_B_G,1
4rz4_C_D,1
4rz4_C_H,1
4rz4_D_E,1
4rz4_D_I,1
4rz4_E_J,1
4rz4_F_G,1
4rz4_F_J,1
4rz4_G_H,1
4rz4_H_I,1
4rz4_I_J,1
4rzm_A_B,1
4rzp_A_B,1
4rzz_B_D,1
4s00_B_D,1
4s01_B_D,1
4s0m_A_B,1
4s0t_A_B,1
4s0t_A_D,1
4s0t_B_E,1
4s17_A_B,1
4s17_A_F,1
4s17_B_C,1
4s17_C_D,1
4s17_D_E,1
4s17_E_F,1
4s1v_A_B,1
4s1v_A_C,1
4s1v_B_D,1
4s1v_C_D,1
4s2j_A_D,1
4s2l_A_B,1
4s2m_A_D,1
4s2n_A_C,1
4s2n_B_D,1
4s2o_A_B,1
4s2p_A_B,1
4s2t_P_Q,1
4s3p_A_B,1
4sdh_A_B,1
4tl3_A_B,1
4tle_A_B,1
4tle_A_F,1
4tle_B_C,1
4tle_C_D,1
4tle_D_E,1
4tle_E_F,1
4tm0_A_B,1
4tm0_A_C,1
4tm0_A_D,1
4tm0_B_C,1
4tm0_B_D,1
4tm0_C_D,1
4tm3_A_B,1
4tm3_A_C,1
4tm3_A_D,1
4tm3_B_C,1
4tm3_B_D,1
4tm3_C_D,1
4tm4_A_B,1
4tm4_A_C,1
4tm4_A_D,1
4tm4_B_C,1
4tm4_B_D,1
4tm4_C_D,1
4tma_A_B,1
4tma_A_C,1
4tma_A_D,1
4tma_A_K,1
4tma_B_C,1
4tma_B_I,1
4tma_C_D,1
4tma_C_K,1
4tma_D_K,1
4tma_E_G,1
4tma_E_H,1
4tma_E_J,1
4tma_F_G,1
4tma_F_J,1
4tma_G_J,1
4tma_H_L,1
4tmc_B_D,1
4tme_A_B,1
4tme_A_C,1
4tme_B_C,1
4tmt_A_B,1
4tn5_A_B,1
4tnp_A_B,1
4tnp_A_C,1
4tnp_A_D,1
4tnp_B_C,1
4tnp_B_D,1
4tnp_C_D,1
4tnt_A_B,1
4tnu_A_B,1
4tnx_A_B,1
4tnx_A_C,1
4tnx_A_D,1
4tnx_B_C,1
4tnx_B_D,1
4tnx_C_D,1
4tny_A_B,1
4tny_A_C,1
4tny_A_D,1
4tny_B_C,1
4tny_B_D,1
4tny_C_D,1
4to0_A_B,1
4to0_A_C,1
4to0_A_D,1
4to0_B_C,1
4to0_B_D,1
4to0_C_D,1
4to5_A_B,1
4to5_A_C,1
4to5_A_D,1
4to5_B_C,1
4to5_B_D,1
4to5_C_D,1
4to6_A_B,1
4to6_A_C,1
4to6_A_D,1
4to6_B_C,1
4to6_B_D,1
4to6_C_D,1
4to9_A_B,1
4to9_A_H,1
4to9_A_L,1
4to9_A_W,1
4to9_A_X,1
4to9_B_C,1
4to9_B_D,1
4to9_B_H,1
4to9_B_L,1
4to9_C_D,1
4to9_C_K,1
4to9_C_L,1
4to9_C_U,1
4to9_D_E,1
4to9_D_F,1
4to9_D_U,1
4to9_E_F,1
4to9_E_J,1
4to9_E_U,1
4to9_E_V,1
4to9_F_G,1
4to9_F_H,1
4to9_F_J,1
4to9_G_H,1
4to9_G_I,1
4to9_G_J,1
4to9_G_W,1
4to9_H_W,1
4to9_I_J,1
4to9_I_O,1
4to9_I_P,1
4to9_I_Q,1
4to9_J_Q,1
4to9_K_L,1
4to9_K_M,1
4to9_K_S,1
4to9_K_T,1
4to9_L_M,1
4to9_M_N,1
4to9_M_T,1
4to9_M_X,1
4to9_N_O,1
4to9_N_P,1
4to9_N_T,1
4to9_N_X,1
4to9_O_P,1
4to9_O_W,1
4to9_O_X,1
4to9_P_Q,1
4to9_P_R,1
4to9_Q_R,1
4to9_Q_V,1
4to9_R_S,1
4to9_R_T,1
4to9_R_V,1
4to9_S_T,1
4to9_S_U,1
4to9_S_V,1
4to9_U_V,1
4to9_W_X,1
4tog_A_B,1
4tog_A_D,1
4tog_B_D,1
4tog_C_D,1
4top_A_B,1
4tps_C_D,1
4tqj_A_B,1
4tqk_A_B,1
4tqq_H_L,1
4tqq_H_M,1
4tqq_L_M,1
4trb_A_B,1
4trc_A_B,1
4trg_A_B,1
4trh_A_B,1
4trm_A_B,1
4trm_C_D,1
4trm_C_E,1
4trm_C_F,1
4trm_D_E,1
4trm_D_F,1
4trm_E_F,1
4trt_A_B,1
4ts3_A_D,1
4ts3_A_F,1
4ts3_B_D,1
4ts3_B_E,1
4ts3_C_E,1
4ts3_C_F,1
4ts7_A_B,1
4tsf_A_D,1
4tsf_A_E,1
4tsf_A_G,1
4tsf_B_E,1
4tsf_B_F,1
4tsf_C_D,1
4tsf_C_F,1
4tsf_C_I,1
4tsf_D_G,1
4tsf_D_I,1
4tsf_E_G,1
4tsf_E_H,1
4tsf_F_G,1
4tsf_G_I,1
4tsy_A_B,1
4tsy_B_C,1
4tsy_C_D,1
4tt0_A_B,1
4tt3_A_D,1
4tt3_A_E,1
4tt3_A_G,1
4tt3_B_E,1
4tt3_B_F,1
4tt3_C_D,1
4tt3_C_F,1
4tt3_C_H,1
4tt3_D_G,1
4tt3_D_H,1
4tt3_E_G,1
4tt3_E_J,1
4tt3_F_G,1
4tt3_F_I,1
4tt3_G_H,1
4tt3_G_I,1
4tt4_A_B,1
4ttg_A_B,1
4ttg_A_D,1
4ttg_B_C,1
4ttg_C_D,1
4ttj_A_D,1
4ttj_B_D,1
4ttx_A_B,1
4ttx_C_D,1
4ttx_E_F,1
4tu1_A_B,1
4tu1_A_D,1
4tu1_B_C,1
4tu1_C_D,1
4tu7_A_B,1
4tu8_A_B,1
4tu9_A_B,1
4tuh_A_B,1
4tuh_C_D,1
4tuh_E_F,1
4tuh_G_H,1
4tv4_A_B,1
4tv4_B_C,1
4tv8_A_B,1
4tv8_A_E,1
4tv8_A_F,1
4tv8_B_C,1
4tv8_B_E,1
4tv8_B_F,1
4tv8_C_D,1
4tv8_C_E,1
4tv8_D_E,1
4tvg_A_B,1
4tvi_A_B,1
4tvu_A_B,1
4tvu_E_F,1
4tvu_G_H,1
4tw1_A_B,1
4tw1_A_H,1
4tw1_B_C,1
4tw1_C_D,1
4tw1_D_E,1
4tw1_E_F,1
4tw1_F_G,1
4tw1_G_H,1
4twa_A_B,1
4twd_A_B,1
4twd_A_E,1
4twd_B_C,1
4twd_C_D,1
4twd_D_E,1
4twd_F_G,1
4twd_F_J,1
4twd_G_H,1
4twd_H_I,1
4twd_I_J,1
4tx1_A_B,1
4tx1_B_C,1
4tx5_A_B,1
4txh_A_B,1
4txh_C_D,1
4txj_C_D,1
4txm_A_B,1
4txn_A_B,1
4txn_C_D,1
4txo_A_B,1
4txo_C_D,1
4txo_E_F,1
4txo_G_H,1
4tyb_A_B,1
4tyb_B_C,1
4tys_A_D,1
4tys_A_E,1
4tys_C_D,1
4tys_C_E,1
4tz4_A_C,1
4tzd_A_D,1
4u07_A_B,1
4u0s_A_B,1
4u0v_A_B,1
4u0w_A_B,1
4u0z_B_H,1
4u19_A_B,1
4u19_A_C,1
4u19_B_C,1
4u1c_A_C,1
4u1t_A_B,1
4u1t_A_C,1
4u1t_A_D,1
4u1t_B_C,1
4u1t_B_D,1
4u1t_C_D,1
4u1t_E_F,1
4u1t_E_G,1
4u1t_E_H,1
4u1t_F_G,1
4u1t_F_H,1
4u1t_G_H,1
4u1w_A_B,1
4u1w_A_D,1
4u1w_B_C,1
4u1w_B_D,1
4u1w_C_D,1
4u2k_A_B,1
4u2k_A_F,1
4u2k_B_C,1
4u2k_C_D,1
4u2k_D_E,1
4u2k_E_F,1
4u2x_C_F,1
4u2z_A_B,1
4u5p_A_B,1
4u5p_A_C,1
4u5p_B_C,1
4u60_A_B,1
4u60_A_E,1
4u60_B_C,1
4u60_C_D,1
4u60_D_E,1
4u6d_A_B,1
4u6i_A_B,1
4u6i_A_C,1
4u6i_B_C,1
4u6u_A_B,1
4u6u_C_D,1
4u83_A_B,1
4u83_C_D,1
4u8d_A_B,1
4u8f_A_B,1
4u8i_A_C,1
4u8i_A_D,1
4u8i_B_C,1
4u8i_B_D,1
4u8k_A_C,1
4u8k_A_D,1
4u8k_B_C,1
4u8k_B_D,1
4u8w_A_B,1
4u97_A_B,1
4u9n_A_B,1
4ua1_A_B,1
4ua2_E_F,1
4uaf_B_E,1
4uah_A_B,1
4uah_A_C,1
4uah_B_C,1
4ub9_A_B,1
4ub9_A_C,1
4ub9_B_D,1
4ub9_C_D,1
4ubf_C_D,1
4ubp_A_C,1
4ubp_B_C,1
4ubr_A_B,1
4ubr_C_D,1
4ubr_E_F,1
4ubr_G_H,1
4ubu_A_D,1
4ubu_F_H,1
4ubw_A_B,1
4uc1_A_B,1
4uc2_A_B,1
4uc3_A_B,1
4uc5_A_B,1
4uc5_A_C,1
4uc5_B_D,1
4uc5_C_D,1
4uch_A_B,1
4ucz_A_B,1
4ud2_C_S,1
4ud6_B_R,1
4udg_A_B,1
4udg_A_C,1
4udg_A_E,1
4udg_B_C,1
4udg_B_D,1
4udg_C_F,1
4udg_D_E,1
4udg_D_F,1
4udg_E_F,1
4udi_A_B,1
4udi_A_C,1
4udi_A_E,1
4udi_B_C,1
4udi_B_D,1
4udi_C_F,1
4udi_D_E,1
4udi_D_F,1
4udi_E_F,1
4ue2_A_Q,1
4ue2_B_R,1
4ue2_C_S,1
4uej_A_B,1
4ueq_A_Q,1
4ufr_A_B,1
4ufr_A_C,1
4ufr_A_D,1
4ufr_B_C,1
4ufr_C_D,1
4ug1_A_B,1
4ugz_A_B,1
4uh3_A_B,1
4uh4_A_B,1
4uh5_A_B,1
4uh9_A_B,1
4uir_A_B,1
4ulv_A_B,1
4um3_Z_a,1
4um3_Z_d,1
4um3_a_b,1
4um3_b_c,1
4um3_c_d,1
4um3_e_f,1
4um3_e_i,1
4um3_f_g,1
4um3_g_h,1
4um3_h_i,1
4um3_j_k,1
4um3_j_n,1
4um3_k_l,1
4um3_l_m,1
4um3_m_n,1
4um4_A_B,1
4um4_A_C,1
4um4_B_C,1
4um5_A_B,1
4um5_A_D,1
4um5_B_C,1
4um5_C_D,1
4um8_C_D,1
4um9_A_B,1
4um9_C_D,1
4uma_A_B,1
4uma_A_C,1
4uma_B_D,1
4uma_C_D,1
4umb_A_B,1
4umb_A_C,1
4umb_B_D,1
4umb_C_D,1
4umj_A_B,1
4umk_A_C,1
4umk_B_D,1
4umn_A_B,1
4ump_A_D,1
4ump_B_C,1
4unk_A_B,1
4uoc_A_B,1
4uof_A_B,1
4uof_A_C,1
4uof_B_C,1
4uog_A_B,1
4uog_A_C,1
4uog_B_C,1
4uoh_A_B,1
4uoh_A_C,1
4uoh_B_C,1
4uoi_D_E,1
4uop_A_B,1
4uoq_A_B,1
4uoq_A_C,1
4uoq_B_C,1
4uov_E_F,1
4uow_0_1,1
4uow_2_3,1
4uow_4_5,1
4uow_6_7,1
4uow_8_9,1
4uow_E_F,1
4uow_G_H,1
4uow_O_P,1
4uow_Q_R,1
4uow_S_T,1
4uow_U_V,1
4uow_W_X,1
4uox_A_B,1
4uox_A_D,1
4uox_B_C,1
4uox_C_D,1
4uoz_A_B,1
4uoz_A_C,1
4uoz_B_C,1
4uqf_A_B,1
4uqf_A_E,1
4uqf_A_F,1
4uqf_B_C,1
4uqf_B_D,1
4uqf_C_F,1
4uqf_C_G,1
4uqf_D_G,1
4uqf_D_H,1
4uqf_E_H,1
4uqf_E_I,1
4uqf_F_I,1
4uqf_G_J,1
4uqf_H_J,1
4uqf_I_J,1
4uqi_A_B,1
4uqi_A_M,1
4uqi_A_S,1
4uqi_B_M,1
4uqi_B_S,1
4uqi_M_S,1
4uql_B_R,1
4uqp_A_Q,1
4uqp_B_R,1
4uqu_A_B,1
4uqv_C_D,1
4uqv_E_F,1
4uqv_G_H,1
4uqv_K_L,1
4ur2_A_B,1
4ur7_A_B,1
4ur7_A_D,1
4ur7_B_C,1
4ur7_C_D,1
4urp_A_B,1
4urq_U_X,1
4urq_U_Y,1
4urq_U_Z,1
4urq_V_W,1
4urq_V_X,1
4urq_V_Y,1
4urr_A_B,1
4urr_A_C,1
4urr_B_C,1
4urr_D_E,1
4urr_D_F,1
4urr_E_F,1
4usg_A_B,1
4ush_A_B,1
4ush_A_C,1
4ush_B_C,1
4uso_A_B,1
4uso_C_D,1
4ut5_A_B,1
4ut5_A_D,1
4ut5_B_C,1
4ut5_C_D,1
4uu2_A_B,1
4uug_A_B,1
4uuu_A_B,1
4uuy_A_B,1
4uv2_A_B,1
4uv2_A_H,1
4uv2_B_C,1
4uv2_C_D,1
4uv2_D_E,1
4uv2_E_F,1
4uv2_F_G,1
4uv2_G_H,1
4uv2_I_J,1
4uv2_I_P,1
4uv2_J_K,1
4uv2_K_L,1
4uv2_L_M,1
4uv2_M_N,1
4uv2_N_O,1
4uv2_O_P,1
4uva_A_B,1
4uvi_A_B,1
4uvi_A_C,1
4uvi_A_D,1
4uvi_B_C,1
4uvi_B_D,1
4uvi_C_D,1
4uvj_A_B,1
4uw7_A_B,1
4uw7_A_C,1
4uw7_B_C,1
4uw8_A_B,1
4uw8_A_C,1
4uw8_B_C,1
4uw8_G_H,1
4uw8_G_I,1
4uw8_H_I,1
4uwm_A_B,1
4uxa_A_B,1
4uxa_C_D,1
4uxa_E_F,1
4uxa_G_H,1
4uxa_K_L,1
4uxa_M_N,1
4uxa_O_P,1
4uxa_Q_R,1
4uxa_S_T,1
4uxg_D_E,1
4uxg_D_F,1
4uxg_E_F,1
4uxw_A_B,1
4uxw_A_C,1
4uxw_B_C,1
4uxx_A_B,1
4uxx_A_C,1
4uxx_B_C,1
4uxz_D_E,1
4uxz_D_F,1
4uxz_E_F,1
4uyo_D_E,1
4uyo_D_F,1
4uyo_E_F,1
4uyp_A_C,1
4uyp_A_D,1
4uyp_B_C,1
4uz8_A_B,1
4uzb_A_B,1
4uze_A_B,1
4uzk_A_B,1
4uzr_A_D,1
4uzr_A_F,1
4uzr_B_D,1
4uzr_B_E,1
4uzr_C_E,1
4uzr_C_F,1
4v07_A_B,1
4v2g_A_B,1
4v2q_A_B,1
4v2r_A_B,1
4v2s_A_B,1
4v2s_A_F,1
4v2s_B_C,1
4v2s_C_D,1
4v2s_D_E,1
4v2s_E_F,1
4v3e_A_B,1
4v3u_A_B,1
4v3u_A_C,1
4v3u_B_D,1
4v3u_C_D,1
4v3w_A_B,1
4v3y_A_B,1
4vhb_A_B,1
4w1t_A_B,1
4w1t_A_C,1
4w1t_B_C,1
4w1v_A_B,1
4w1w_A_B,1
4w1y_A_B,1
4w4k_A_B,1
4w4k_C_D,1
4w5k_A_B,1
4w61_A_B,1
4w61_A_C,1
4w61_A_D,1
4w61_B_C,1
4w61_B_D,1
4w61_C_D,1
4w61_E_F,1
4w61_E_G,1
4w61_E_H,1
4w61_F_G,1
4w61_F_H,1
4w61_G_H,1
4w61_I_J,1
4w61_I_K,1
4w61_I_L,1
4w61_J_K,1
4w61_J_L,1
4w61_K_L,1
4w7s_A_B,1
4w82_A_B,1
4w9c_A_B,1
4w9c_B_C,1
4w9c_D_E,1
4w9c_E_F,1
4w9d_G_H,1
4w9d_H_I,1
4w9d_J_K,1
4w9d_K_L,1
4w9f_A_B,1
4w9f_B_C,1
4w9f_D_E,1
4w9f_E_F,1
4w9f_J_K,1
4w9f_K_L,1
4w9i_D_E,1
4w9i_E_F,1
4w9i_G_H,1
4w9i_H_I,1
4wai_A_B,1
4wai_C_D,1
4waj_A_B,1
4wcf_A_B,1
4wcf_A_C,1
4wcf_A_D,1
4wcf_B_C,1
4wcf_B_D,1
4wcf_C_D,1
4wcz_A_B,1
4wcz_A_C,1
4wcz_B_C,1
4wcz_D_E,1
4wcz_D_F,1
4wcz_E_F,1
4wdz_A_B,1
4wdz_A_E,1
4wdz_B_C,1
4wdz_C_D,1
4wdz_D_E,1
4we0_A_B,1
4we0_A_E,1
4we0_B_C,1
4we0_C_D,1
4we0_D_E,1
4wef_A_B,1
4wey_A_B,1
4wfa_3_I,1
4wfa_B_M,1
4wfa_C_I,1
4wfa_G_N,1
4wfa_H_M,1
4wfa_J_S,1
4wfa_N_O,1
4wfa_P_Z,1
4wfa_Q_V,1
4wfb_3_I,1
4wfb_B_M,1
4wfb_C_I,1
4wfb_G_N,1
4wfb_H_M,1
4wfb_J_S,1
4wfb_N_O,1
4wfb_P_Z,1
4wfb_Q_V,1
4wfd_A_B,1
4wfd_D_E,1
4wg2_A_C,1
4wg2_B_C,1
4wgl_A_G,1
4wgl_B_C,1
4wgl_C_D,1
4wgl_D_E,1
4wgl_E_F,1
4wgl_F_G,1
4wgl_H_I,1
4wgl_H_N,1
4wgl_I_J,1
4wgl_J_K,1
4wgl_K_L,1
4wgl_L_M,1
4wgl_M_N,1
4whn_A_C,1
4whn_B_D,1
4who_A_B,1
4who_B_D,1
4who_B_F,1
4who_C_D,1
4who_D_F,1
4who_E_F,1
4whp_A_B,1
4whp_B_D,1
4whp_B_F,1
4whp_C_D,1
4whp_D_F,1
4whp_E_F,1
4whq_A_B,1
4whq_B_D,1
4whq_B_F,1
4whq_C_D,1
4whq_D_F,1
4whq_E_F,1
4whr_A_B,1
4whr_B_D,1
4whr_B_F,1
4whr_C_D,1
4whr_D_F,1
4whr_E_F,1
4whs_A_B,1
4whs_B_D,1
4whs_B_F,1
4whs_C_D,1
4whs_D_F,1
4whs_E_F,1
4wi0_A_B,1
4wia_A_B,1
4wia_A_C,1
4wia_B_C,1
4wib_A_B,1
4wic_A_B,1
4wic_C_D,1
4wid_A_B,1
4wif_A_B,1
4wig_A_B,1
4wij_A_B,1
4wil_A_B,1
4wis_A_B,1
4wit_A_B,1
4wjb_B_C,1
4wjl_A_B,1
4wjy_A_B,1
4wkb_A_B,1
4wkp_A_B,1
4wkp_C_D,1
4wks_A_C,1
4wku_A_B,1
4wky_A_B,1
4wl0_A_B,1
4wl0_A_D,1
4wl0_B_C,1
4wl0_C_D,1
4wl2_B_C,1
4wl2_D_G,1
4wl2_E_F,1
4wlk_A_B,1
4wlo_A_B,1
4wlo_A_D,1
4wlo_B_C,1
4wlo_C_D,1
4wlu_A_B,1
4wlu_A_C,1
4wlu_B_D,1
4wlu_C_D,1
4wm8_A_B,1
4wm8_A_C,1
4wm8_A_D,1
4wm8_B_C,1
4wm8_B_D,1
4wm8_C_D,1
4wmc_A_B,1
4wmc_C_F,1
4wmc_D_E,1
4wmd_A_B,1
4wme_A_B,1
4wme_C_D,1
4wmj_C_D,1
4wnn_A_B,1
4wog_A_B,1
4wog_A_D,1
4wog_B_C,1
4wog_C_D,1
4woj_A_B,1
4woq_A_D,1
4woq_A_H,1
4woq_B_E,1
4woq_B_G,1
4woq_C_E,1
4woq_C_G,1
4woq_D_F,1
4woq_F_H,1
4wp0_A_B,1
4wr3_A_B,1
4wr3_C_D,1
4wr8_M_N,1
4wr8_M_O,1
4wr8_N_O,1
4wr8_P_Q,1
4wr8_P_R,1
4wr8_Q_R,1
4wrb_A_B,1
4wrb_A_C,1
4wrb_B_C,1
4ws9_A_B,1
4ws9_A_D,1
4ws9_B_C,1
4ws9_C_D,1
4ws9_E_F,1
4ws9_E_H,1
4ws9_F_G,1
4ws9_G_H,1
4ws9_I_J,1
4ws9_I_L,1
4ws9_J_K,1
4ws9_K_L,1
4wsa_A_B,1
4wsa_A_C,1
4wsa_B_C,1
4wse_A_B,1
4wt4_A_C,1
4wt4_B_D,1
4wty_A_B,1
4wu2_A_B,1
4wu8_A_B,1
4wu8_A_E,1
4wu8_A_G,1
4wu8_B_D,1
4wu8_B_G,1
4wu8_B_H,1
4wu8_C_D,1
4wu8_C_E,1
4wu8_C_F,1
4wu8_D_F,1
4wu8_E_F,1
4wu8_F_H,1
4wu8_G_H,1
4wum_A_B,1
4wum_C_D,1
4wuo_A_B,1
4ww4_A_B,1
4wwa_A_B,1
4wwc_A_B,1
4wx3_A_C,1
4wx3_A_D,1
4wx3_B_C,1
4wx3_B_D,1
4wx5_A_C,1
4wx5_A_D,1
4wx5_B_D,1
4wx8_B_E,1
4wx8_C_F,1
4wxb_A_C,1
4wxb_B_D,1
4wxh_A_B,1
4wy4_A_B,1
4wy4_A_C,1
4wy4_A_D,1
4wy4_B_C,1
4wy4_B_D,1
4wy4_C_D,1
4wy8_A_B,1
4wy8_C_D,1
4wyc_A_B,1
4wyf_A_B,1
4wyq_A_B,1
4wyq_D_E,1
4wyr_A_B,1
4wz8_B_C,1
4wz9_A_B,1
4wzn_A_B,1
4x01_A_B,1
4x01_A_C,1
4x01_A_D,1
4x01_B_C,1
4x01_B_D,1
4x01_C_D,1
4x01_E_F,1
4x01_E_G,1
4x01_E_H,1
4x01_F_G,1
4x01_F_H,1
4x01_G_H,1
4x04_A_B,1
4x04_A_C,1
4x04_A_D,1
4x08_A_B,1
4x0o_B_D,1
4x14_A_B,1
4x14_A_E,1
4x14_B_C,1
4x14_C_D,1
4x14_D_E,1
4x16_A_B,1
4x16_A_E,1
4x16_B_C,1
4x16_C_D,1
4x16_D_E,1
4x1y_A_B,1
4x1y_A_E,1
4x1y_B_C,1
4x1y_B_E,1
4x1y_C_D,1
4x1y_C_E,1
4x1y_D_E,1
4x20_A_B,1
4x20_A_E,1
4x20_B_C,1
4x20_B_E,1
4x20_C_D,1
4x20_C_E,1
4x20_D_E,1
4x24_A_B,1
4x28_A_C,1
4x28_A_D,1
4x28_B_C,1
4x28_B_D,1
4x2a_A_B,1
4x2t_A_B,1
4x2t_A_C,1
4x2t_A_D,1
4x2t_A_F,1
4x2t_B_C,1
4x2t_B_E,1
4x2t_B_F,1
4x2t_C_D,1
4x2t_C_E,1
4x2t_D_E,1
4x2t_D_F,1
4x2t_E_F,1
4x2t_G_H,1
4x2t_G_I,1
4x2t_G_J,1
4x2t_G_L,1
4x2t_H_I,1
4x2t_H_K,1
4x2t_H_L,1
4x2t_I_J,1
4x2t_I_K,1
4x2t_J_K,1
4x2t_J_L,1
4x2t_K_L,1
4x3k_A_B,1
4x3m_A_B,1
4x42_A_B,1
4x42_C_D,1
4x4b_A_B,1
4x4b_C_D,1
4x4c_A_B,1
4x4c_C_D,1
4x4d_A_B,1
4x4d_C_D,1
4x4f_A_B,1
4x4f_C_D,1
4x4g_A_B,1
4x4g_C_D,1
4x64_B_H,1
4x64_C_J,1
4x64_C_N,1
4x64_D_E,1
4x64_E_H,1
4x64_F_R,1
4x64_G_I,1
4x64_G_K,1
4x64_J_N,1
4x64_K_R,1
4x64_M_S,1
4x6y_A_B,1
4x7w_A_B,1
4x81_A_B,1
4x8f_K_L,1
4x9e_A_B,1
4x9e_A_C,1
4x9e_A_E,1
4x9e_B_D,1
4x9e_B_F,1
4x9e_C_D,1
4x9e_C_E,1
4x9e_D_F,1
4x9e_E_F,1
4xa1_C_D,1
4xa4_A_B,1
4xa6_C_D,1
4xax_A_B,1
4xb1_A_B,1
4xb2_A_B,1
4xbx_A_B,1
4xby_A_B,1
4xby_C_D,1
4xbz_A_B,1
4xbz_C_D,1
4xbz_E_F,1
4xc5_A_B,1
4xc5_A_C,1
4xc5_B_C,1
4xc9_A_C,1
4xc9_A_D,1
4xc9_B_C,1
4xc9_B_D,1
4xc9_E_F,1
4xca_A_C,1
4xca_A_D,1
4xca_B_C,1
4xca_B_D,1
4xch_A_B,1
4xch_A_C,1
4xch_B_D,1
4xch_C_D,1
4xcm_A_B,1
4xda_A_B,1
4xdn_A_B,1
4xds_A_B,1
4xds_A_C,1
4xds_A_E,1
4xds_B_D,1
4xds_B_F,1
4xds_C_D,1
4xds_C_E,1
4xds_D_F,1
4xds_E_F,1
4xdv_A_B,1
4xdv_C_D,1
4xdv_E_F,1
4xdv_G_H,1
4xdz_A_B,1
4xer_C_D,1
4xfw_A_B,1
4xgc_A_B,1
4xgc_A_D,1
4xgc_A_E,1
4xgc_B_C,1
4xgc_B_E,1
4xgc_C_E,1
4xgc_C_F,1
4xgc_D_E,1
4xgi_A_B,1
4xgi_A_C,1
4xgi_A_E,1
4xgi_A_F,1
4xgi_B_C,1
4xgi_B_D,1
4xgi_B_F,1
4xgi_C_D,1
4xgi_C_E,1
4xgi_D_E,1
4xgi_D_F,1
4xgi_E_F,1
4xgk_A_B,1
4xgo_A_B,1
4xgp_A_B,1
4xgp_C_D,1
4xgu_A_B,1
4xgu_A_F,1
4xgu_B_C,1
4xgu_C_D,1
4xgu_D_E,1
4xgu_E_F,1
4xha_A_B,1
4xhr_A_N,1
4xhr_B_M,1
4xht_A_B,1
4xht_C_D,1
4xhu_A_B,1
4xhu_C_D,1
4xi0_A_D,1
4xi0_A_E,1
4xi0_D_E,1
4xia_A_B,1
4xim_A_B,1
4xim_A_C,1
4xim_A_D,1
4xim_B_C,1
4xim_B_D,1
4xim_C_D,1
4xiv_A_B,1
4xiy_A_B,1
4xiy_C_D,1
4xiz_A_N,1
4xiz_B_M,1
4xj7_C_D,1
4xjc_A_C,1
4xjc_A_E,1
4xjc_B_D,1
4xjc_B_F,1
4xjc_C_E,1
4xjc_D_F,1
4xjk_A_B,1
4xjk_A_C,1
4xjk_A_D,1
4xjk_B_C,1
4xjk_B_D,1
4xjk_C_D,1
4xjk_E_F,1
4xjk_E_G,1
4xjk_E_H,1
4xjk_F_G,1
4xjk_F_H,1
4xjk_G_H,1
4xjk_I_J,1
4xjq_A_B,1
4xk4_A_B,1
4xk8_1_4,1
4xk8_1_G,1
4xk8_2_3,1
4xk8_2_4,1
4xk8_3_A,1
4xk8_4_F,1
4xk8_6_9,1
4xk8_6_g,1
4xk8_7_8,1
4xk8_7_9,1
4xk8_8_a,1
4xk8_9_f,1
4xk8_A_B,1
4xk8_A_C,1
4xk8_A_D,1
4xk8_A_F,1
4xk8_A_K,1
4xk8_A_L,1
4xk8_B_C,1
4xk8_B_D,1
4xk8_B_F,1
4xk8_B_G,1
4xk8_B_H,1
4xk8_B_L,1
4xk8_C_D,1
4xk8_C_E,1
4xk8_D_H,1
4xk8_D_L,1
4xk8_H_L,1
4xk8_a_b,1
4xk8_a_c,1
4xk8_a_d,1
4xk8_a_f,1
4xk8_a_k,1
4xk8_a_l,1
4xk8_b_c,1
4xk8_b_d,1
4xk8_b_f,1
4xk8_b_g,1
4xk8_b_h,1
4xk8_b_l,1
4xk8_c_d,1
4xk8_c_e,1
4xk8_d_h,1
4xk8_d_l,1
4xk8_h_l,1
4xl1_A_B,1
4xl1_B_E,1
4xl1_D_E,1
4xl4_A_B,1
4xlg_A_B,1
4xlw_C_D,1
4xlw_E_F,1
4xlw_G_H,1
4xlx_A_B,1
4xm0_A_B,1
4xm0_A_C,1
4xm0_A_D,1
4xm0_A_E,1
4xm0_B_C,1
4xm0_B_D,1
4xm0_B_F,1
4xm0_C_E,1
4xm0_C_F,1
4xm0_D_E,1
4xm0_D_F,1
4xm0_E_F,1
4xmq_A_B,1
4xo2_A_B,1
4xoh_A_B,1
4xv1_A_B,1
4xvz_A_B,1
4xws_A_B,1
4xwy_A_C,1
4xwy_B_D,1
4xx0_A_B,1
4xx7_A_B,1
4xx7_A_C,1
4xx7_B_C,1
4xxb_A_B,1
4xxj_A_B,1
4xxj_A_C,1
4xxj_B_C,1
4xxo_A_B,1
4xyb_A_B,1
4xyc_A_B,1
4xyc_A_F,1
4xyc_A_Q,1
4xyc_A_R,1
4xyc_B_C,1
4xyc_B_P,1
4xyc_B_Q,1
4xyc_C_D,1
4xyc_C_O,1
4xyc_C_P,1
4xyc_D_E,1
4xyc_D_N,1
4xyc_D_O,1
4xyc_E_F,1
4xyc_E_M,1
4xyc_E_N,1
4xyc_F_M,1
4xyc_F_R,1
4xyc_G_H,1
4xyc_G_L,1
4xyc_G_W,1
4xyc_G_X,1
4xyc_H_I,1
4xyc_H_V,1
4xyc_H_W,1
4xyc_I_J,1
4xyc_I_U,1
4xyc_I_V,1
4xyc_J_K,1
4xyc_J_T,1
4xyc_J_U,1
4xyc_K_L,1
4xyc_K_S,1
4xyc_K_T,1
4xyc_L_S,1
4xyc_L_X,1
4xyc_M_N,1
4xyc_M_R,1
4xyc_N_O,1
4xyc_O_P,1
4xyc_P_Q,1
4xyc_Q_R,1
4xyc_S_T,1
4xyc_S_X,1
4xyc_T_U,1
4xyc_U_V,1
4xyc_V_W,1
4xyc_W_X,1
4xye_A_B,1
4xyj_A_B,1
4xyj_A_D,1
4xyj_B_C,1
4xyj_C_D,1
4xyj_E_F,1
4xyj_E_H,1
4xyj_F_G,1
4xyj_G_H,1
4xz5_A_B,1
4xz7_A_B,1
4xzq_A_B,1
4xzq_A_E,1
4xzq_A_G,1
4xzq_B_D,1
4xzq_B_G,1
4xzq_B_H,1
4xzq_C_D,1
4xzq_C_E,1
4xzq_C_F,1
4xzq_E_F,1
4xzq_F_H,1
4xzq_G_H,1
4xzz_A_B,1
4y0d_A_B,1
4y0e_A_B,1
4y0e_A_C,1
4y0e_B_D,1
4y0e_C_D,1
4y0e_E_F,1
4y0m_G_H,1
4y2h_A_B,1
4y3o_A_B,1
4y42_A_B,1
4y42_A_D,1
4y42_A_F,1
4y42_A_I,1
4y42_A_J,1
4y42_B_D,1
4y42_B_E,1
4y42_B_F,1
4y42_B_G,1
4y42_C_E,1
4y42_C_G,1
4y42_C_H,1
4y42_C_I,1
4y42_C_J,1
4y42_D_F,1
4y42_D_I,1
4y42_D_J,1
4y42_E_F,1
4y42_E_G,1
4y42_E_H,1
4y42_F_G,1
4y42_G_H,1
4y42_H_I,1
4y42_H_J,1
4y42_I_J,1
4y52_A_B,1
4y52_A_C,1
4y52_A_E,1
4y52_A_F,1
4y52_A_H,1
4y52_A_I,1
4y52_A_K,1
4y52_B_C,1
4y52_B_I,1
4y52_B_J,1
4y52_B_K,1
4y52_B_L,1
4y52_C_J,1
4y52_C_K,1
4y52_C_L,1
4y5o_A_B,1
4y5t_A_B,1
4y74_A_B,1
4y74_A_G,1
4y74_A_H,1
4y74_A_I,1
4y74_B_C,1
4y74_B_I,1
4y74_B_J,1
4y74_C_D,1
4y74_C_J,1
4y74_C_K,1
4y74_D_E,1
4y74_D_K,1
4y74_D_L,1
4y74_E_F,1
4y74_E_L,1
4y74_E_M,1
4y74_F_G,1
4y74_F_M,1
4y74_F_N,1
4y74_G_H,1
4y74_G_N,1
4y74_H_I,1
4y74_H_N,1
4y74_H_Z,1
4y74_H_a,1
4y74_I_J,1
4y74_I_Y,1
4y74_I_Z,1
4y74_J_K,1
4y74_J_X,1
4y74_J_Y,1
4y74_K_L,1
4y74_K_W,1
4y74_K_X,1
4y74_L_M,1
4y74_L_V,1
4y74_L_W,1
4y74_M_N,1
4y74_M_V,1
4y74_M_b,1
4y74_N_a,1
4y74_N_b,1
4y74_O_P,1
4y74_O_U,1
4y74_O_V,1
4y74_O_W,1
4y74_P_Q,1
4y74_P_W,1
4y74_P_X,1
4y74_Q_R,1
4y74_Q_X,1
4y74_Q_Y,1
4y74_R_S,1
4y74_R_Y,1
4y74_R_Z,1
4y74_S_T,1
4y74_S_Z,1
4y74_S_a,1
4y74_T_U,1
4y74_T_a,1
4y74_T_b,1
4y74_U_V,1
4y74_U_b,1
4y74_V_W,1
4y74_V_b,1
4y74_W_X,1
4y74_X_Y,1
4y74_Y_Z,1
4y74_Z_a,1
4y74_a_b,1
4y77_A_B,1
4y77_A_G,1
4y77_A_H,1
4y77_A_I,1
4y77_B_C,1
4y77_B_I,1
4y77_B_J,1
4y77_C_D,1
4y77_C_J,1
4y77_C_K,1
4y77_D_E,1
4y77_D_K,1
4y77_D_L,1
4y77_E_F,1
4y77_E_L,1
4y77_E_M,1
4y77_F_G,1
4y77_F_M,1
4y77_F_N,1
4y77_G_H,1
4y77_G_N,1
4y77_H_I,1
4y77_H_N,1
4y77_H_Z,1
4y77_H_a,1
4y77_I_J,1
4y77_I_Y,1
4y77_I_Z,1
4y77_J_K,1
4y77_J_X,1
4y77_J_Y,1
4y77_K_L,1
4y77_K_W,1
4y77_K_X,1
4y77_L_M,1
4y77_L_V,1
4y77_L_W,1
4y77_M_N,1
4y77_M_V,1
4y77_M_b,1
4y77_N_a,1
4y77_N_b,1
4y77_O_P,1
4y77_O_U,1
4y77_O_V,1
4y77_O_W,1
4y77_P_Q,1
4y77_P_W,1
4y77_P_X,1
4y77_Q_R,1
4y77_Q_X,1
4y77_Q_Y,1
4y77_R_S,1
4y77_R_Y,1
4y77_R_Z,1
4y77_S_T,1
4y77_S_Z,1
4y77_S_a,1
4y77_T_U,1
4y77_T_a,1
4y77_T_b,1
4y77_U_V,1
4y77_U_b,1
4y77_V_W,1
4y77_V_b,1
4y77_W_X,1
4y77_X_Y,1
4y77_Y_Z,1
4y77_Z_a,1
4y77_a_b,1
4y7e_A_B,1
4y7n_A_B,1
4y7n_A_C,1
4y7n_A_E,1
4y7n_A_F,1
4y7n_A_H,1
4y7n_A_I,1
4y7n_A_K,1
4y7n_B_C,1
4y7n_B_I,1
4y7n_B_J,1
4y7n_B_K,1
4y7n_B_L,1
4y7n_C_J,1
4y7n_C_K,1
4y7n_C_L,1
4y7o_A_C,1
4y7x_A_B,1
4y7x_A_G,1
4y7x_A_H,1
4y7x_A_I,1
4y7x_B_C,1
4y7x_B_I,1
4y7x_B_J,1
4y7x_C_D,1
4y7x_C_J,1
4y7x_C_K,1
4y7x_D_E,1
4y7x_D_K,1
4y7x_D_L,1
4y7x_E_F,1
4y7x_E_L,1
4y7x_E_M,1
4y7x_F_G,1
4y7x_F_M,1
4y7x_F_N,1
4y7x_G_H,1
4y7x_G_N,1
4y7x_H_I,1
4y7x_H_N,1
4y7x_H_Z,1
4y7x_H_a,1
4y7x_I_J,1
4y7x_I_Y,1
4y7x_I_Z,1
4y7x_J_K,1
4y7x_J_X,1
4y7x_J_Y,1
4y7x_K_L,1
4y7x_K_W,1
4y7x_K_X,1
4y7x_L_M,1
4y7x_L_V,1
4y7x_L_W,1
4y7x_M_N,1
4y7x_M_V,1
4y7x_M_b,1
4y7x_N_a,1
4y7x_N_b,1
4y7x_O_P,1
4y7x_O_U,1
4y7x_O_V,1
4y7x_O_W,1
4y7x_P_Q,1
4y7x_P_W,1
4y7x_P_X,1
4y7x_Q_R,1
4y7x_Q_X,1
4y7x_Q_Y,1
4y7x_R_S,1
4y7x_R_Y,1
4y7x_R_Z,1
4y7x_S_T,1
4y7x_S_Z,1
4y7x_S_a,1
4y7x_T_U,1
4y7x_T_a,1
4y7x_T_b,1
4y7x_U_V,1
4y7x_U_b,1
4y7x_V_W,1
4y7x_V_b,1
4y7x_W_X,1
4y7x_X_Y,1
4y7x_Y_Z,1
4y7x_Z_a,1
4y7x_a_b,1
4y7y_A_B,1
4y7y_A_G,1
4y7y_A_H,1
4y7y_A_I,1
4y7y_B_C,1
4y7y_B_I,1
4y7y_B_J,1
4y7y_C_D,1
4y7y_C_J,1
4y7y_C_K,1
4y7y_D_E,1
4y7y_D_K,1
4y7y_D_L,1
4y7y_E_F,1
4y7y_E_L,1
4y7y_E_M,1
4y7y_F_G,1
4y7y_F_M,1
4y7y_F_N,1
4y7y_G_H,1
4y7y_G_N,1
4y7y_H_I,1
4y7y_H_N,1
4y7y_H_Z,1
4y7y_H_a,1
4y7y_I_J,1
4y7y_I_Y,1
4y7y_I_Z,1
4y7y_J_K,1
4y7y_J_X,1
4y7y_J_Y,1
4y7y_K_L,1
4y7y_K_W,1
4y7y_K_X,1
4y7y_L_M,1
4y7y_L_V,1
4y7y_L_W,1
4y7y_M_N,1
4y7y_M_V,1
4y7y_M_b,1
4y7y_N_a,1
4y7y_N_b,1
4y7y_O_P,1
4y7y_O_U,1
4y7y_O_V,1
4y7y_O_W,1
4y7y_P_Q,1
4y7y_P_W,1
4y7y_P_X,1
4y7y_Q_R,1
4y7y_Q_X,1
4y7y_Q_Y,1
4y7y_R_S,1
4y7y_R_Y,1
4y7y_R_Z,1
4y7y_S_T,1
4y7y_S_Z,1
4y7y_S_a,1
4y7y_T_U,1
4y7y_T_a,1
4y7y_T_b,1
4y7y_U_V,1
4y7y_U_b,1
4y7y_V_W,1
4y7y_V_b,1
4y7y_W_X,1
4y7y_X_Y,1
4y7y_Y_Z,1
4y7y_Z_a,1
4y7y_a_b,1
4y80_A_B,1
4y80_A_G,1
4y80_A_H,1
4y80_A_I,1
4y80_B_C,1
4y80_B_I,1
4y80_B_J,1
4y80_C_D,1
4y80_C_J,1
4y80_C_K,1
4y80_D_E,1
4y80_D_K,1
4y80_D_L,1
4y80_E_F,1
4y80_E_L,1
4y80_E_M,1
4y80_F_G,1
4y80_F_M,1
4y80_F_N,1
4y80_G_H,1
4y80_G_N,1
4y80_H_I,1
4y80_H_N,1
4y80_H_Z,1
4y80_H_a,1
4y80_I_J,1
4y80_I_Y,1
4y80_I_Z,1
4y80_J_K,1
4y80_J_X,1
4y80_J_Y,1
4y80_K_L,1
4y80_K_W,1
4y80_K_X,1
4y80_L_M,1
4y80_L_V,1
4y80_L_W,1
4y80_M_N,1
4y80_M_V,1
4y80_M_b,1
4y80_N_a,1
4y80_N_b,1
4y80_O_P,1
4y80_O_U,1
4y80_O_V,1
4y80_O_W,1
4y80_P_Q,1
4y80_P_W,1
4y80_P_X,1
4y80_Q_R,1
4y80_Q_X,1
4y80_Q_Y,1
4y80_R_S,1
4y80_R_Y,1
4y80_R_Z,1
4y80_S_T,1
4y80_S_Z,1
4y80_S_a,1
4y80_T_U,1
4y80_T_a,1
4y80_T_b,1
4y80_U_V,1
4y80_U_b,1
4y80_V_W,1
4y80_V_b,1
4y80_W_X,1
4y80_X_Y,1
4y80_Y_Z,1
4y80_Z_a,1
4y80_a_b,1
4y81_A_B,1
4y81_A_G,1
4y81_A_H,1
4y81_A_I,1
4y81_B_C,1
4y81_B_I,1
4y81_B_J,1
4y81_C_D,1
4y81_C_J,1
4y81_C_K,1
4y81_D_E,1
4y81_D_K,1
4y81_D_L,1
4y81_E_F,1
4y81_E_L,1
4y81_E_M,1
4y81_F_N,1
4y81_G_H,1
4y81_G_N,1
4y81_H_I,1
4y81_H_N,1
4y81_H_Z,1
4y81_H_a,1
4y81_I_J,1
4y81_I_Y,1
4y81_I_Z,1
4y81_J_K,1
4y81_J_X,1
4y81_J_Y,1
4y81_K_L,1
4y81_K_W,1
4y81_K_X,1
4y81_L_M,1
4y81_L_V,1
4y81_L_W,1
4y81_M_N,1
4y81_M_V,1
4y81_M_b,1
4y81_N_a,1
4y81_N_b,1
4y81_O_P,1
4y81_O_U,1
4y81_O_V,1
4y81_O_W,1
4y81_P_Q,1
4y81_P_W,1
4y81_P_X,1
4y81_Q_R,1
4y81_Q_X,1
4y81_Q_Y,1
4y81_R_S,1
4y81_R_Y,1
4y81_R_Z,1
4y81_S_T,1
4y81_S_Z,1
4y81_S_a,1
4y81_T_U,1
4y81_T_a,1
4y81_T_b,1
4y81_U_V,1
4y81_U_b,1
4y81_V_W,1
4y81_V_b,1
4y81_W_X,1
4y81_X_Y,1
4y81_Y_Z,1
4y81_Z_a,1
4y81_a_b,1
4y87_A_B,1
4y8c_A_B,1
4y8i_A_B,1
4y8i_A_G,1
4y8i_A_H,1
4y8i_A_I,1
4y8i_B_C,1
4y8i_B_I,1
4y8i_B_J,1
4y8i_C_D,1
4y8i_C_J,1
4y8i_C_K,1
4y8i_D_E,1
4y8i_D_K,1
4y8i_D_L,1
4y8i_E_F,1
4y8i_E_L,1
4y8i_E_M,1
4y8i_F_G,1
4y8i_F_M,1
4y8i_F_N,1
4y8i_G_H,1
4y8i_G_N,1
4y8i_H_I,1
4y8i_H_N,1
4y8i_H_Z,1
4y8i_H_a,1
4y8i_I_J,1
4y8i_I_Y,1
4y8i_I_Z,1
4y8i_J_K,1
4y8i_J_X,1
4y8i_J_Y,1
4y8i_K_L,1
4y8i_K_W,1
4y8i_K_X,1
4y8i_L_M,1
4y8i_L_V,1
4y8i_L_W,1
4y8i_M_N,1
4y8i_M_V,1
4y8i_M_b,1
4y8i_N_a,1
4y8i_N_b,1
4y8i_O_P,1
4y8i_O_U,1
4y8i_O_V,1
4y8i_O_W,1
4y8i_P_Q,1
4y8i_P_W,1
4y8i_P_X,1
4y8i_Q_R,1
4y8i_Q_X,1
4y8i_Q_Y,1
4y8i_R_S,1
4y8i_R_Y,1
4y8i_R_Z,1
4y8i_S_T,1
4y8i_S_Z,1
4y8i_S_a,1
4y8i_T_U,1
4y8i_T_a,1
4y8i_T_b,1
4y8i_U_V,1
4y8i_U_b,1
4y8i_V_W,1
4y8i_V_b,1
4y8i_W_X,1
4y8i_X_Y,1
4y8i_Y_Z,1
4y8i_Z_a,1
4y8i_a_b,1
4y8j_A_B,1
4y8j_A_G,1
4y8j_A_H,1
4y8j_A_I,1
4y8j_B_C,1
4y8j_B_I,1
4y8j_B_J,1
4y8j_C_D,1
4y8j_C_J,1
4y8j_C_K,1
4y8j_D_E,1
4y8j_D_K,1
4y8j_D_L,1
4y8j_E_F,1
4y8j_E_L,1
4y8j_E_M,1
4y8j_F_G,1
4y8j_F_M,1
4y8j_F_N,1
4y8j_G_H,1
4y8j_G_N,1
4y8j_H_I,1
4y8j_H_N,1
4y8j_H_Z,1
4y8j_H_a,1
4y8j_I_J,1
4y8j_I_Y,1
4y8j_I_Z,1
4y8j_J_K,1
4y8j_J_X,1
4y8j_J_Y,1
4y8j_K_L,1
4y8j_K_W,1
4y8j_K_X,1
4y8j_L_M,1
4y8j_L_V,1
4y8j_L_W,1
4y8j_M_N,1
4y8j_M_V,1
4y8j_M_b,1
4y8j_N_a,1
4y8j_N_b,1
4y8j_O_P,1
4y8j_O_U,1
4y8j_O_V,1
4y8j_O_W,1
4y8j_P_Q,1
4y8j_P_W,1
4y8j_P_X,1
4y8j_Q_R,1
4y8j_Q_X,1
4y8j_Q_Y,1
4y8j_R_S,1
4y8j_R_Y,1
4y8j_R_Z,1
4y8j_S_T,1
4y8j_S_Z,1
4y8j_S_a,1
4y8j_T_U,1
4y8j_T_a,1
4y8j_T_b,1
4y8j_U_V,1
4y8j_U_b,1
4y8j_V_W,1
4y8j_V_b,1
4y8j_W_X,1
4y8j_X_Y,1
4y8j_Y_Z,1
4y8j_Z_a,1
4y8j_a_b,1
4y8q_A_B,1
4y8q_A_G,1
4y8q_A_H,1
4y8q_A_I,1
4y8q_B_C,1
4y8q_B_I,1
4y8q_B_J,1
4y8q_C_D,1
4y8q_C_J,1
4y8q_C_K,1
4y8q_D_E,1
4y8q_D_K,1
4y8q_D_L,1
4y8q_E_F,1
4y8q_E_L,1
4y8q_E_M,1
4y8q_F_G,1
4y8q_F_M,1
4y8q_F_N,1
4y8q_G_H,1
4y8q_G_N,1
4y8q_H_I,1
4y8q_H_N,1
4y8q_H_Z,1
4y8q_H_a,1
4y8q_I_J,1
4y8q_I_Y,1
4y8q_I_Z,1
4y8q_J_K,1
4y8q_J_X,1
4y8q_J_Y,1
4y8q_K_L,1
4y8q_K_W,1
4y8q_K_X,1
4y8q_L_M,1
4y8q_L_V,1
4y8q_L_W,1
4y8q_M_N,1
4y8q_M_V,1
4y8q_M_b,1
4y8q_N_a,1
4y8q_N_b,1
4y8q_O_P,1
4y8q_O_U,1
4y8q_O_V,1
4y8q_O_W,1
4y8q_P_Q,1
4y8q_P_W,1
4y8q_P_X,1
4y8q_Q_R,1
4y8q_Q_X,1
4y8q_Q_Y,1
4y8q_R_S,1
4y8q_R_Y,1
4y8q_R_Z,1
4y8q_S_T,1
4y8q_S_Z,1
4y8q_S_a,1
4y8q_T_U,1
4y8q_T_a,1
4y8q_T_b,1
4y8q_U_V,1
4y8q_U_b,1
4y8q_V_W,1
4y8q_V_b,1
4y8q_W_X,1
4y8q_X_Y,1
4y8q_Y_Z,1
4y8q_Z_a,1
4y8q_a_b,1
4y8t_A_B,1
4y8t_A_G,1
4y8t_A_H,1
4y8t_A_I,1
4y8t_B_C,1
4y8t_B_H,1
4y8t_B_I,1
4y8t_B_J,1
4y8t_C_D,1
4y8t_C_J,1
4y8t_C_K,1
4y8t_D_E,1
4y8t_D_K,1
4y8t_D_L,1
4y8t_E_F,1
4y8t_E_L,1
4y8t_E_M,1
4y8t_F_G,1
4y8t_F_M,1
4y8t_F_N,1
4y8t_G_H,1
4y8t_G_N,1
4y8t_H_I,1
4y8t_H_N,1
4y8t_H_Z,1
4y8t_H_a,1
4y8t_I_J,1
4y8t_I_Y,1
4y8t_I_Z,1
4y8t_J_K,1
4y8t_J_X,1
4y8t_J_Y,1
4y8t_K_L,1
4y8t_K_W,1
4y8t_K_X,1
4y8t_L_M,1
4y8t_L_V,1
4y8t_L_W,1
4y8t_M_N,1
4y8t_M_V,1
4y8t_M_b,1
4y8t_N_a,1
4y8t_N_b,1
4y8t_O_P,1
4y8t_O_U,1
4y8t_O_V,1
4y8t_O_W,1
4y8t_P_Q,1
4y8t_P_V,1
4y8t_P_W,1
4y8t_P_X,1
4y8t_Q_R,1
4y8t_Q_X,1
4y8t_Q_Y,1
4y8t_R_S,1
4y8t_R_Y,1
4y8t_R_Z,1
4y8t_S_T,1
4y8t_S_Z,1
4y8t_S_a,1
4y8t_T_U,1
4y8t_T_a,1
4y8t_T_b,1
4y8t_U_V,1
4y8t_U_b,1
4y8t_V_W,1
4y8t_V_b,1
4y8t_W_X,1
4y8t_X_Y,1
4y8t_Y_Z,1
4y8t_Z_a,1
4y8t_a_b,1
4y8u_A_B,1
4y8u_A_G,1
4y8u_A_H,1
4y8u_A_I,1
4y8u_B_C,1
4y8u_B_H,1
4y8u_B_I,1
4y8u_B_J,1
4y8u_C_D,1
4y8u_C_J,1
4y8u_C_K,1
4y8u_D_E,1
4y8u_D_K,1
4y8u_D_L,1
4y8u_E_F,1
4y8u_E_L,1
4y8u_E_M,1
4y8u_F_G,1
4y8u_F_M,1
4y8u_F_N,1
4y8u_G_H,1
4y8u_G_N,1
4y8u_H_I,1
4y8u_H_N,1
4y8u_H_Z,1
4y8u_H_a,1
4y8u_I_J,1
4y8u_I_Y,1
4y8u_I_Z,1
4y8u_J_K,1
4y8u_J_X,1
4y8u_J_Y,1
4y8u_K_L,1
4y8u_K_W,1
4y8u_K_X,1
4y8u_L_M,1
4y8u_L_V,1
4y8u_L_W,1
4y8u_M_N,1
4y8u_M_V,1
4y8u_M_b,1
4y8u_N_a,1
4y8u_N_b,1
4y8u_O_P,1
4y8u_O_U,1
4y8u_O_V,1
4y8u_O_W,1
4y8u_P_Q,1
4y8u_P_V,1
4y8u_P_W,1
4y8u_P_X,1
4y8u_Q_R,1
4y8u_Q_X,1
4y8u_Q_Y,1
4y8u_R_S,1
4y8u_R_Y,1
4y8u_R_Z,1
4y8u_S_T,1
4y8u_S_Z,1
4y8u_S_a,1
4y8u_T_U,1
4y8u_T_a,1
4y8u_T_b,1
4y8u_U_V,1
4y8u_U_b,1
4y8u_V_W,1
4y8u_V_b,1
4y8u_W_X,1
4y8u_X_Y,1
4y8u_Y_Z,1
4y8u_Z_a,1
4y8u_a_b,1
4y97_A_B,1
4y97_E_F,1
4y9z_A_B,1
4y9z_A_G,1
4y9z_A_H,1
4y9z_A_I,1
4y9z_B_C,1
4y9z_B_I,1
4y9z_B_J,1
4y9z_C_D,1
4y9z_C_J,1
4y9z_C_K,1
4y9z_D_E,1
4y9z_D_K,1
4y9z_D_L,1
4y9z_E_F,1
4y9z_E_L,1
4y9z_E_M,1
4y9z_F_G,1
4y9z_F_M,1
4y9z_F_N,1
4y9z_G_H,1
4y9z_G_N,1
4y9z_H_I,1
4y9z_H_N,1
4y9z_H_Z,1
4y9z_H_a,1
4y9z_I_J,1
4y9z_I_Y,1
4y9z_I_Z,1
4y9z_J_K,1
4y9z_J_X,1
4y9z_J_Y,1
4y9z_K_L,1
4y9z_K_W,1
4y9z_K_X,1
4y9z_L_M,1
4y9z_L_V,1
4y9z_L_W,1
4y9z_M_N,1
4y9z_M_V,1
4y9z_M_b,1
4y9z_N_a,1
4y9z_N_b,1
4y9z_O_P,1
4y9z_O_U,1
4y9z_O_V,1
4y9z_O_W,1
4y9z_P_Q,1
4y9z_P_W,1
4y9z_P_X,1
4y9z_Q_R,1
4y9z_Q_X,1
4y9z_Q_Y,1
4y9z_R_S,1
4y9z_R_Y,1
4y9z_R_Z,1
4y9z_S_T,1
4y9z_S_Z,1
4y9z_S_a,1
4y9z_T_U,1
4y9z_T_a,1
4y9z_T_b,1
4y9z_U_V,1
4y9z_U_b,1
4y9z_V_W,1
4y9z_V_b,1
4y9z_W_X,1
4y9z_X_Y,1
4y9z_Y_Z,1
4y9z_Z_a,1
4y9z_a_b,1
4ya0_A_B,1
4ya0_A_G,1
4ya0_A_H,1
4ya0_A_I,1
4ya0_B_C,1
4ya0_B_H,1
4ya0_B_I,1
4ya0_B_J,1
4ya0_C_D,1
4ya0_C_J,1
4ya0_C_K,1
4ya0_D_E,1
4ya0_D_K,1
4ya0_D_L,1
4ya0_E_F,1
4ya0_E_L,1
4ya0_E_M,1
4ya0_F_G,1
4ya0_F_M,1
4ya0_F_N,1
4ya0_G_H,1
4ya0_G_N,1
4ya0_H_I,1
4ya0_H_N,1
4ya0_H_Z,1
4ya0_H_a,1
4ya0_I_J,1
4ya0_I_Y,1
4ya0_I_Z,1
4ya0_J_K,1
4ya0_J_X,1
4ya0_J_Y,1
4ya0_K_L,1
4ya0_K_W,1
4ya0_K_X,1
4ya0_L_M,1
4ya0_L_V,1
4ya0_L_W,1
4ya0_M_N,1
4ya0_M_V,1
4ya0_M_b,1
4ya0_N_a,1
4ya0_N_b,1
4ya0_O_P,1
4ya0_O_U,1
4ya0_O_V,1
4ya0_O_W,1
4ya0_P_Q,1
4ya0_P_V,1
4ya0_P_W,1
4ya0_P_X,1
4ya0_Q_R,1
4ya0_Q_X,1
4ya0_Q_Y,1
4ya0_R_S,1
4ya0_R_Y,1
4ya0_R_Z,1
4ya0_S_T,1
4ya0_S_Z,1
4ya0_S_a,1
4ya0_T_U,1
4ya0_T_a,1
4ya0_T_b,1
4ya0_U_V,1
4ya0_U_b,1
4ya0_V_W,1
4ya0_V_b,1
4ya0_W_X,1
4ya0_X_Y,1
4ya0_Y_Z,1
4ya0_Z_a,1
4ya0_a_b,1
4ya3_A_B,1
4ya3_A_G,1
4ya3_A_H,1
4ya3_A_I,1
4ya3_B_C,1
4ya3_B_H,1
4ya3_B_I,1
4ya3_B_J,1
4ya3_C_D,1
4ya3_C_J,1
4ya3_C_K,1
4ya3_D_E,1
4ya3_D_K,1
4ya3_D_L,1
4ya3_E_F,1
4ya3_E_L,1
4ya3_E_M,1
4ya3_F_G,1
4ya3_F_M,1
4ya3_F_N,1
4ya3_G_H,1
4ya3_G_N,1
4ya3_H_I,1
4ya3_H_N,1
4ya3_H_Z,1
4ya3_H_a,1
4ya3_I_J,1
4ya3_I_Y,1
4ya3_I_Z,1
4ya3_J_K,1
4ya3_J_X,1
4ya3_J_Y,1
4ya3_K_L,1
4ya3_K_W,1
4ya3_K_X,1
4ya3_L_M,1
4ya3_L_V,1
4ya3_L_W,1
4ya3_M_N,1
4ya3_M_V,1
4ya3_M_b,1
4ya3_N_a,1
4ya3_N_b,1
4ya3_O_P,1
4ya3_O_U,1
4ya3_O_V,1
4ya3_O_W,1
4ya3_P_Q,1
4ya3_P_V,1
4ya3_P_W,1
4ya3_P_X,1
4ya3_Q_R,1
4ya3_Q_X,1
4ya3_Q_Y,1
4ya3_R_S,1
4ya3_R_Y,1
4ya3_R_Z,1
4ya3_S_T,1
4ya3_S_Z,1
4ya3_S_a,1
4ya3_T_U,1
4ya3_T_a,1
4ya3_T_b,1
4ya3_U_V,1
4ya3_U_b,1
4ya3_V_W,1
4ya3_V_b,1
4ya3_W_X,1
4ya3_X_Y,1
4ya3_Y_Z,1
4ya3_Z_a,1
4ya3_a_b,1
4ybn_A_B,1
4ybo_A_B,1
4ybo_C_D,1
4yca_A_B,1
4ycv_C_D,1
4ydq_A_B,1
4ydr_A_B,1
4yf6_A_B,1
4yff_A_D,1
4yfi_A_B,1
4yfi_C_D,1
4yfv_A_B,1
4yg4_A_B,1
4ygf_C_D,1
4ygf_E_F,1
4ygf_G_H,1
4ygx_A_B,1
4ygx_C_D,1
4yha_A_B,1
4yha_C_D,1
4yha_E_F,1
4yha_G_H,1
4yhh_B_H,1
4yhh_C_J,1
4yhh_C_N,1
4yhh_D_E,1
4yhh_E_H,1
4yhh_F_R,1
4yhh_G_I,1
4yhh_J_N,1
4yhh_K_R,1
4yhh_M_S,1
4yhj_A_B,1
4yif_A_B,1
4yig_A_B,1
4yig_E_F,1
4yig_I_J,1
4yiy_A_B,1
4yke_A_B,1
4ylb_A_B,1
4ylb_A_C,1
4ylb_A_D,1
4ylb_B_C,1
4ylb_C_D,1
4yma_A_B,1
4ymh_C_D,1
4ymt_A_B,1
4ymt_A_J,1
4ymt_B_C,1
4ymt_C_J,1
4ymv_A_D,1
4ymv_A_J,1
4ymv_C_D,1
4ymv_C_J,1
4ymw_A_D,1
4ymw_A_J,1
4ymw_C_D,1
4ymw_C_J,1
4yn0_A_B,1
4yn7_A_B,1
4yn9_A_B,1
4yna_A_B,1
4yna_C_D,1
4yoi_A_B,1
4you_A_B,1
4you_A_C,1
4you_B_C,1
4yov_A_C,1
4yov_A_E,1
4yov_C_E,1
4yox_A_C,1
4yox_A_E,1
4yox_C_E,1
4yp5_A_B,1
4yp5_A_C,1
4yp5_B_C,1
4yrd_A_B,1
4ys3_A_B,1
4ys3_A_E,1
4ys3_A_G,1
4ys3_B_D,1
4ys3_B_G,1
4ys3_B_H,1
4ys3_C_D,1
4ys3_C_E,1
4ys3_C_F,1
4ys3_E_F,1
4ys3_F_H,1
4ys3_G_H,1
4ysb_A_B,1
4ysx_A_B,1
4ysx_A_D,1
4ysx_B_C,1
4ysx_B_D,1
4ysx_C_D,1
4ysy_A_B,1
4ysy_A_D,1
4ysy_B_C,1
4ysy_B_D,1
4ysy_C_D,1
4ysy_E_F,1
4ysy_E_H,1
4ysy_F_G,1
4ysy_F_H,1
4ysy_G_H,1
4ysz_A_B,1
4ysz_A_D,1
4ysz_B_C,1
4ysz_B_D,1
4ysz_C_D,1
4yt8_A_B,1
4ytm_E_F,1
4ytm_E_H,1
4ytm_F_G,1
4ytm_F_H,1
4ytm_G_H,1
4ytn_E_F,1
4ytn_E_H,1
4ytn_F_G,1
4ytn_F_H,1
4ytn_G_H,1
4ytw_A_B,1
4ytw_B_D,1
4ytw_C_D,1
4ytx_C_D,1
4ytx_D_F,1
4ytx_E_F,1
4ytx_G_H,1
4ytx_H_P,1
4ytx_O_P,1
4yu7_A_B,1
4yuv_A_B,1
4yux_A_B,1
4yuy_A_B,1
4yv0_A_B,1
4yv0_C_D,1
4yv9_A_B,1
4yv9_C_D,1
4yvj_A_B,1
4yvk_A_B,1
4yvq_A_C,1
4ywa_A_B,1
4ywm_A_B,1
4ywm_A_E,1
4ywm_A_F,1
4ywm_A_J,1
4ywm_B_C,1
4ywm_B_F,1
4ywm_B_G,1
4ywm_C_D,1
4ywm_C_G,1
4ywm_C_H,1
4ywm_D_E,1
4ywm_D_H,1
4ywm_D_I,1
4ywm_E_I,1
4ywm_E_J,1
4ywq_A_B,1
4yx7_A_B,1
4yx7_A_C,1
4yx7_B_C,1
4yx7_D_E,1
4yx7_D_F,1
4yx7_E_F,1
4yx9_A_B,1
4yx9_C_D,1
4yxa_A_B,1
4yxa_A_C,1
4yxa_B_C,1
4yxb_A_B,1
4yxp_A_B,1
4yxw_A_D,1
4yxw_A_E,1
4yxw_A_G,1
4yxw_B_E,1
4yxw_B_F,1
4yxw_C_D,1
4yxw_C_F,1
4yxw_C_G,1
4yxw_D_G,1
4yxw_E_G,1
4yxw_F_G,1
4yxw_G_H,1
4yxw_G_I,1
4yxw_H_I,1
4yzs_A_B,1
4z0c_A_D,1
4z18_A_B,1
4z1i_A_C,1
4z1i_B_D,1
4z1l_A_B,1
4z1l_A_G,1
4z1l_A_H,1
4z1l_A_I,1
4z1l_B_C,1
4z1l_B_H,1
4z1l_B_I,1
4z1l_B_J,1
4z1l_C_D,1
4z1l_C_J,1
4z1l_C_K,1
4z1l_D_E,1
4z1l_D_K,1
4z1l_D_L,1
4z1l_E_F,1
4z1l_E_L,1
4z1l_E_M,1
4z1l_F_G,1
4z1l_F_M,1
4z1l_F_N,1
4z1l_G_H,1
4z1l_G_N,1
4z1l_H_I,1
4z1l_H_N,1
4z1l_H_Z,1
4z1l_H_a,1
4z1l_I_J,1
4z1l_I_Y,1
4z1l_I_Z,1
4z1l_J_K,1
4z1l_J_X,1
4z1l_J_Y,1
4z1l_K_L,1
4z1l_K_W,1
4z1l_K_X,1
4z1l_L_M,1
4z1l_L_V,1
4z1l_L_W,1
4z1l_M_N,1
4z1l_M_V,1
4z1l_M_b,1
4z1l_N_a,1
4z1l_N_b,1
4z1l_O_P,1
4z1l_O_U,1
4z1l_O_V,1
4z1l_O_W,1
4z1l_P_Q,1
4z1l_P_V,1
4z1l_P_W,1
4z1l_P_X,1
4z1l_Q_R,1
4z1l_Q_X,1
4z1l_Q_Y,1
4z1l_R_S,1
4z1l_R_Y,1
4z1l_R_Z,1
4z1l_S_T,1
4z1l_S_Z,1
4z1l_S_a,1
4z1l_T_U,1
4z1l_T_a,1
4z1l_T_b,1
4z1l_U_V,1
4z1l_U_b,1
4z1l_V_W,1
4z1l_V_b,1
4z1l_W_X,1
4z1l_X_Y,1
4z1l_Y_Z,1
4z1l_Z_a,1
4z1l_a_b,1
4z1o_A_B,1
4z1y_A_B,1
4z3d_A_B,1
4z3k_A_C,1
4z3k_B_D,1
4z3w_A_E,1
4z3w_B_C,1
4z3w_B_F,1
4z3w_C_G,1
4z3w_D_H,1
4z3w_E_F,1
4z3w_G_H,1
4z3x_A_E,1
4z3x_B_F,1
4z3x_C_G,1
4z3x_D_H,1
4z3x_E_F,1
4z3x_G_H,1
4z3y_A_E,1
4z3y_B_C,1
4z3y_B_F,1
4z3y_C_G,1
4z3y_D_H,1
4z3y_E_F,1
4z3y_G_H,1
4z4s_A_B,1
4z66_A_B,1
4z66_A_E,1
4z66_A_G,1
4z66_B_D,1
4z66_B_G,1
4z66_B_H,1
4z66_C_D,1
4z66_C_E,1
4z66_C_F,1
4z66_E_F,1
4z66_F_H,1
4z66_G_H,1
4z6l_A_B,1
4z6l_A_C,1
4z6l_A_D,1
4z6l_B_C,1
4z6l_B_D,1
4z6l_C_D,1
4z6m_A_B,1
4z6m_A_C,1
4z6m_A_D,1
4z6m_B_C,1
4z6m_B_D,1
4z6m_C_D,1
4z6r_A_B,1
4z6r_A_C,1
4z6r_A_D,1
4z6r_B_C,1
4z6r_B_D,1
4z6r_C_D,1
4z6u_A_B,1
4z6u_A_C,1
4z6u_A_D,1
4z6u_B_C,1
4z6u_B_D,1
4z6u_C_D,1
4z6v_A_B,1
4z6v_A_C,1
4z6v_A_D,1
4z6v_B_C,1
4z6v_B_D,1
4z6v_C_D,1
4z70_A_B,1
4z70_A_C,1
4z70_B_C,1
4z7y_A_B,1
4z7y_C_D,1
4z7y_E_F,1
4z8l_A_B,1
4z8l_A_C,1
4z8l_B_C,1
4z8l_D_E,1
4z8l_D_F,1
4z8l_E_F,1
4z8t_A_B,1
4z90_F_G,1
4z90_F_J,1
4z90_G_H,1
4z90_H_I,1
4z90_I_J,1
4z91_A_B,1
4z91_A_E,1
4z91_B_C,1
4z91_C_D,1
4z91_D_E,1
4z9n_A_D,1
4z9n_B_E,1
4z9n_C_F,1
4z9o_A_B,1
4z9y_A_B,1
4z9y_A_C,1
4z9y_A_D,1
4z9y_B_C,1
4z9y_B_D,1
4z9y_C_D,1
4zad_A_B,1
4zb9_A_B,1
4zb9_C_D,1
4zbk_A_B,1
4zc4_A_D,1
4zc4_B_C,1
4zcn_A_B,1
4zcn_A_C,1
4zcn_B_C,1
4zhe_A_B,1
4zhe_A_D,1
4zhe_B_C,1
4zhe_C_D,1
4zi9_A_B,1
4zia_C_D,1
4zil_A_B,1
4zjs_A_D,1
4zjs_A_E,1
4zjs_B_C,1
4zjs_B_E,1
4zjs_C_D,1
4zjv_A_C,1
4zjv_B_D,1
4zkx_A_C,1
4zkx_A_D,1
4zkx_A_E,1
4zkx_A_F,1
4zkx_A_H,1
4zkx_B_C,1
4zkx_B_F,1
4zkx_C_F,1
4zkx_C_H,1
4zkx_D_E,1
4zkx_D_G,1
4zkx_E_F,1
4zkx_G_H,1
4zl5_A_E,1
4zl5_A_F,1
4zl5_B_C,1
4zl5_C_D,1
4zl5_C_E,1
4zl5_D_E,1
4zl5_E_F,1
4zlp_A_B,1
4zm8_C_D,1
4zmc_A_C,1
4zmc_A_D,1
4zmc_A_E,1
4zmc_A_F,1
4zmc_A_H,1
4zmc_B_C,1
4zmc_B_F,1
4zmc_C_F,1
4zmc_C_H,1
4zmc_D_E,1
4zmc_D_G,1
4zmc_E_F,1
4zmc_G_H,1
4zos_A_B,1
4zp1_A_B,1
4zp1_A_C,1
4zp1_A_D,1
4zp1_B_C,1
4zp1_B_D,1
4zp1_C_D,1
4zpu_A_B,1
4zpu_C_D,1
4zqb_A_B,1
4zr8_A_B,1
4zrb_A_D,1
4zrb_A_E,1
4zrb_A_H,1
4zrb_B_C,1
4zrb_B_F,1
4zrb_B_G,1
4zrb_C_F,1
4zrb_D_E,1
4zrb_D_H,1
4zrb_E_H,1
4zrb_F_G,1
4zrj_A_B,1
4zru_A_B,1
4zru_A_E,1
4zru_B_C,1
4zru_C_D,1
4zru_D_E,1
4zru_F_G,1
4zru_F_J,1
4zru_G_H,1
4zru_H_I,1
4zru_I_J,1
4zst_A_B,1
4zsu_A_B,1
4zsw_C_D,1
4zsx_A_B,1
4zwg_A_D,1
4zwg_B_C,1
4zwp_A_B,1
4zxa_C_Y,1
4zxa_C_Z,1
4zxa_D_Z,1
4zxa_Y_Z,1
4zxq_A_B,1
4zxq_A_C,1
4zxq_B_C,1
4zxq_D_E,1
4zxq_D_F,1
4zxq_E_F,1
4zxs_A_B,1
4zxs_B_D,1
4zxs_C_D,1
4zxv_A_B,1
4zxv_A_C,1
4zxv_B_D,1
4zxv_C_D,1
4zyj_A_B,1
4zyj_A_C,1
4zyj_B_D,1
4zyj_C_D,1
4zyl_A_B,1
5a02_A_E,1
5a02_B_D,1
5a02_C_F,1
5a03_A_E,1
5a03_B_D,1
5a03_C_F,1
5a04_A_E,1
5a04_B_D,1
5a04_C_F,1
5a0z_C_D,1
5a11_A_B,1
5a12_A_D,1
5a12_A_E,1
5a12_B_C,1
5a12_B_D,1
5a12_C_E,1
5a1a_A_C,1
5a1a_A_D,1
5a1a_B_C,1
5a1a_B_D,1
5a1q_A_B,1
5a23_A_D,1
5a23_B_C,1
5a2y_A_B,1
5a2z_A_B,1
5a34_C_D,1
5a34_E_F,1
5a3u_A_B,1
5a3u_A_C,1
5a4i_L_M,1
5a4i_L_S,1
5a4i_L_T,1
5a4i_M_S,1
5a4i_M_T,1
5a4i_S_T,1
5a4m_L_M,1
5a4m_L_S,1
5a4m_L_T,1
5a4m_M_S,1
5a4m_M_T,1
5a4m_S_T,1
5a6b_A_B,1
5a6b_C_D,1
5a6j_A_C,1
5a6k_A_B,1
5a72_A_B,1
5a74_A_B,1
5a77_A_B,1
5a78_A_B,1
5a9d_A_B,1
5abv_A_B,1
5abv_C_D,1
5abv_E_F,1
5abv_G_H,1
5ac1_C_D,1
5aca_1_2,1
5aca_1_3,1
5ad5_A_B,1
5ada_A_B,1
5ade_A_B,1
5adf_A_B,1
5adj_A_B,1
5adk_A_B,1
5adl_A_B,1
5adm_A_B,1
5afj_A_B,1
5afj_A_E,1
5afj_B_C,1
5afj_C_D,1
5afj_D_E,1
5afk_A_B,1
5afk_A_E,1
5afk_B_C,1
5afk_C_D,1
5afk_D_E,1
5afl_A_B,1
5afl_A_E,1
5afl_B_C,1
5afl_C_D,1
5afl_D_E,1
5afv_A_B,1
5afx_A_B,1
5agk_A_B,1
5agm_A_B,1
5agn_A_B,1
5ago_A_B,1
5agu_A_B,1
5ah6_A_B,1
5ah7_A_B,1
5aha_A_B,1
5ahb_A_B,1
5ahc_A_B,1
5ahw_E_F,1
5aik_A_D,1
5ais_A_B,1
5aiv_A_B,1
5aiv_C_D,1
5aix_A_B,1
5aix_C_D,1
5aja_A_B,1
5aja_A_C,1
5aja_B_C,1
5ajl_A_B,1
5ajt_A_B,1
5akq_A_B,1
5al7_A_B,1
5an9_A_E,1
5an9_A_G,1
5an9_A_I,1
5an9_B_C,1
5an9_B_H,1
5an9_E_G,1
5an9_E_I,1
5an9_F_J,1
5an9_G_I,1
5ao2_A_B,1
5ao2_A_C,1
5ao2_B_D,1
5ao2_C_D,1
5ar2_A_B,1
5at1_A_B,1
5at1_B_D,1
5at1_C_D,1
5auo_A_B,1
5aup_A_B,1
5aup_A_I,1
5aup_B_H,1
5aup_B_I,1
5aup_H_I,1
5avm_A_B,1
5avm_C_D,1
5avm_E_F,1
5avm_G_H,1
5awf_E_F,1
5awf_E_G,1
5awf_F_H,1
5awi_A_B,1
5awv_A_B,1
5awv_A_C,1
5axh_A_B,1
5azu_A_B,1
5azu_A_C,1
5azu_A_D,1
5azu_B_C,1
5azu_B_D,1
5azu_C_D,1
5b8h_A_B,1
5bj3_C_D,1
5bmw_A_B,1
5bnq_A_R,1
5bnv_A_B,1
5bnv_A_C,1
5bnv_A_D,1
5bnv_B_C,1
5bnv_D_E,1
5bnv_D_F,1
5bnv_E_F,1
5bo7_A_B,1
5bon_A_B,1
5bon_C_D,1
5bon_E_F,1
5bon_G_H,1
5bou_A_B,1
5bou_A_G,1
5bou_A_H,1
5bou_A_I,1
5bou_B_C,1
5bou_B_H,1
5bou_B_I,1
5bou_B_J,1
5bou_C_D,1
5bou_C_J,1
5bou_C_K,1
5bou_D_E,1
5bou_D_K,1
5bou_D_L,1
5bou_E_F,1
5bou_E_L,1
5bou_E_M,1
5bou_F_G,1
5bou_F_M,1
5bou_F_N,1
5bou_G_H,1
5bou_G_N,1
5bou_H_I,1
5bou_H_N,1
5bou_H_Z,1
5bou_H_a,1
5bou_I_J,1
5bou_I_Y,1
5bou_I_Z,1
5bou_J_K,1
5bou_J_X,1
5bou_J_Y,1
5bou_K_L,1
5bou_K_W,1
5bou_K_X,1
5bou_L_M,1
5bou_L_V,1
5bou_L_W,1
5bou_M_N,1
5bou_M_V,1
5bou_M_b,1
5bou_N_a,1
5bou_N_b,1
5bou_O_P,1
5bou_O_U,1
5bou_O_V,1
5bou_O_W,1
5bou_P_Q,1
5bou_P_V,1
5bou_P_W,1
5bou_P_X,1
5bou_Q_R,1
5bou_Q_X,1
5bou_Q_Y,1
5bou_R_S,1
5bou_R_Y,1
5bou_R_Z,1
5bou_S_T,1
5bou_S_Z,1
5bou_S_a,1
5bou_T_U,1
5bou_T_a,1
5bou_T_b,1
5bou_U_V,1
5bou_U_b,1
5bou_V_W,1
5bou_V_b,1
5bou_W_X,1
5bou_X_Y,1
5bou_Y_Z,1
5bou_Z_a,1
5bou_a_b,1
5bps_A_B,1
5bps_B_C,1
5bps_C_D,1
5bps_D_E,1
5bps_K_L,1
5bps_L_M,1
5bps_M_N,1
5bps_N_O,1
5bpu_E_F,1
5bq6_A_B,1
5bq6_B_C,1
5bq6_C_D,1
5bq6_D_E,1
5bq8_A_B,1
5bqa_A_B,1
5bqa_B_C,1
5bqa_C_D,1
5bqa_D_E,1
5bqe_A_B,1
5bqe_A_C,1
5bqj_A_B,1
5bqj_B_C,1
5bqj_C_D,1
5bqj_D_E,1
5bqj_K_L,1
5bqj_L_M,1
5bqj_M_N,1
5bqj_N_O,1
5bqm_C_D,1
5brd_A_B,1
5bre_A_B,1
5bry_A_B,1
5bs4_A_B,1
5bs6_A_B,1
5bse_A_B,1
5bse_A_C,1
5bse_A_I,1
5bse_A_J,1
5bse_B_C,1
5bse_B_D,1
5bse_B_J,1
5bse_C_D,1
5bse_C_E,1
5bse_D_E,1
5bse_D_F,1
5bse_E_F,1
5bse_E_G,1
5bse_F_G,1
5bse_F_H,1
5bse_G_H,1
5bse_G_I,1
5bse_H_I,1
5bse_H_J,1
5bse_I_J,1
5bsh_A_B,1
5bsh_A_C,1
5bsh_A_I,1
5bsh_A_J,1
5bsh_B_C,1
5bsh_B_D,1
5bsh_B_J,1
5bsh_C_D,1
5bsh_C_E,1
5bsh_D_E,1
5bsh_D_F,1
5bsh_E_F,1
5bsh_E_G,1
5bsh_F_G,1
5bsh_F_H,1
5bsh_G_H,1
5bsh_G_I,1
5bsh_H_I,1
5bsh_H_J,1
5bsh_I_J,1
5bsx_A_B,1
5bsy_A_B,1
5buq_A_B,1
5buz_A_B,1
5buz_A_C,1
5buz_D_E,1
5buz_D_F,1
5bv3_C_D,1
5bvz_D_E,1
5bvz_D_F,1
5bvz_E_F,1
5bw2_A_B,1
5bw2_A_E,1
5bw2_B_C,1
5bw2_C_D,1
5bw2_D_E,1
5bwd_A_C,1
5bwe_A_B,1
5bwe_A_C,1
5bwe_A_D,1
5bwe_D_F,1
5bwe_D_G,1
5bwg_A_B,1
5bwg_A_C,1
5bwg_A_D,1
5bwg_B_C,1
5bwg_B_D,1
5bwg_C_D,1
5bwi_A_B,1
5bwu_A_B,1
5bwv_A_B,1
5bww_A_B,1
5bxb_F_G,1
5bxb_F_J,1
5bxb_G_H,1
5bxb_H_I,1
5bxb_I_J,1
5bxd_A_B,1
5bxd_B_C,1
5bxd_C_D,1
5bxd_D_E,1
5bxi_A_B,1
5bxi_A_C,1
5bxi_A_G,1
5bxi_B_C,1
5bxi_B_F,1
5bxi_C_E,1
5bxi_E_F,1
5bxi_E_G,1
5bxi_F_G,1
5bza_A_B,1
5bza_C_D,1
5c0o_E_F,1
5c0o_E_G,1
5c0o_F_H,1
5c0o_G_H,1
5c1i_A_C,1
5c1i_A_D,1
5c1i_B_C,1
5c1i_B_D,1
5c2v_A_B,1
5c2v_A_C,1
5c2v_A_D,1
5c2v_A_E,1
5c2v_B_C,1
5c2v_B_D,1
5c2v_D_E,1
5c2v_D_F,1
5c2v_E_F,1
5c2w_A_B,1
5c2w_A_C,1
5c2w_A_D,1
5c2w_A_E,1
5c2w_B_C,1
5c2w_B_D,1
5c2w_D_E,1
5c2w_D_F,1
5c2w_E_F,1
5c39_A_B,1
5c4i_A_B,1
5c4i_A_C,1
5c4i_A_D,1
5c4i_A_E,1
5c4i_A_F,1
5c4i_B_C,1
5c4i_B_D,1
5c4i_C_D,1
5c4i_C_F,1
5c4i_D_E,1
5c4i_D_F,1
5c4i_E_F,1
5c5v_A_B,1
5c5z_A_B,1
5c6g_A_B,1
5c6v_A_B,1
5c6v_A_C,1
5c6v_B_D,1
5c6v_C_D,1
5c78_B_C,1
5c7e_A_B,1
5c7e_A_C,1
5c7e_B_D,1
5c7e_C_D,1
5c7e_E_F,1
5c7p_A_B,1
5c7p_B_C,1
5c8a_A_B,1
5c8a_A_C,1
5c8a_A_D,1
5c8a_B_C,1
5c8a_C_D,1
5c8d_E_F,1
5c8d_E_G,1
5c8d_E_H,1
5c8d_F_G,1
5c8d_G_H,1
5c8s_A_B,1
5c8s_C_D,1
5c8t_A_B,1
5c8t_C_D,1
5c9e_A_B,1
5c9g_A_B,1
5c9g_A_C,1
5c9g_B_C,1
5c9g_D_E,1
5c9g_D_F,1
5c9g_E_F,1
5c9n_A_B,1
5ca1_A_B,1
5ca1_A_E,1
5ca1_A_F,1
5ca1_B_C,1
5ca1_B_E,1
5ca1_B_F,1
5ca1_C_D,1
5ca1_C_E,1
5ca1_D_E,1
5caa_A_B,1
5cab_A_B,1
5cc8_A_B,1
5ccj_A_B,1
5ccj_B_C,1
5ccj_C_D,1
5ccu_A_B,1
5cdt_A_B,1
5ceg_A_D,1
5ceg_B_C,1
5ceg_B_D,1
5cev_A_B,1
5cev_A_C,1
5cev_B_C,1
5cev_D_E,1
5cev_D_F,1
5cev_E_F,1
5cfb_A_B,1
5cfb_A_E,1
5cfb_B_C,1
5cfb_C_D,1
5cfb_D_E,1
5cff_A_C,1
5cff_A_F,1
5cff_A_H,1
5cff_B_D,1
5cff_B_E,1
5cff_B_G,1
5cff_C_F,1
5cff_C_H,1
5cff_D_E,1
5cff_D_G,1
5cfl_A_B,1
5cfn_A_B,1
5cfq_A_B,1
5cgg_A_B,1
5cgg_A_G,1
5cgg_A_H,1
5cgg_A_I,1
5cgg_B_C,1
5cgg_B_I,1
5cgg_B_J,1
5cgg_C_D,1
5cgg_C_J,1
5cgg_C_K,1
5cgg_D_E,1
5cgg_D_K,1
5cgg_D_L,1
5cgg_E_F,1
5cgg_E_L,1
5cgg_E_M,1
5cgg_F_G,1
5cgg_F_M,1
5cgg_F_N,1
5cgg_G_H,1
5cgg_G_N,1
5cgg_H_I,1
5cgg_H_N,1
5cgg_H_Z,1
5cgg_H_a,1
5cgg_I_J,1
5cgg_I_Y,1
5cgg_I_Z,1
5cgg_J_K,1
5cgg_J_X,1
5cgg_J_Y,1
5cgg_K_L,1
5cgg_K_W,1
5cgg_K_X,1
5cgg_L_M,1
5cgg_L_V,1
5cgg_L_W,1
5cgg_M_N,1
5cgg_M_V,1
5cgg_M_b,1
5cgg_N_a,1
5cgg_N_b,1
5cgg_O_P,1
5cgg_O_U,1
5cgg_O_V,1
5cgg_O_W,1
5cgg_P_Q,1
5cgg_P_W,1
5cgg_P_X,1
5cgg_Q_R,1
5cgg_Q_X,1
5cgg_Q_Y,1
5cgg_R_S,1
5cgg_R_Y,1
5cgg_R_Z,1
5cgg_S_T,1
5cgg_S_Z,1
5cgg_S_a,1
5cgg_T_U,1
5cgg_T_a,1
5cgg_T_b,1
5cgg_U_V,1
5cgg_U_b,1
5cgg_V_W,1
5cgg_V_b,1
5cgg_W_X,1
5cgg_X_Y,1
5cgg_Y_Z,1
5cgg_Z_a,1
5cgg_a_b,1
5cgi_A_B,1
5cgi_A_G,1
5cgi_A_H,1
5cgi_A_I,1
5cgi_B_C,1
5cgi_B_I,1
5cgi_B_J,1
5cgi_C_D,1
5cgi_C_J,1
5cgi_C_K,1
5cgi_D_E,1
5cgi_D_K,1
5cgi_D_L,1
5cgi_E_F,1
5cgi_E_L,1
5cgi_E_M,1
5cgi_F_G,1
5cgi_F_M,1
5cgi_F_N,1
5cgi_G_H,1
5cgi_G_N,1
5cgi_H_I,1
5cgi_H_N,1
5cgi_H_Z,1
5cgi_H_a,1
5cgi_I_Z,1
5cgi_J_K,1
5cgi_J_X,1
5cgi_K_L,1
5cgi_K_V,1
5cgi_K_W,1
5cgi_K_X,1
5cgi_L_V,1
5cgi_L_W,1
5cgi_M_U,1
5cgi_M_V,1
5cgi_M_b,1
5cgi_N_b,1
5cgi_O_Q,1
5cgi_O_R,1
5cgi_O_S,1
5cgi_O_T,1
5cgi_O_V,1
5cgi_P_T,1
5cgi_P_U,1
5cgi_P_V,1
5cgi_P_W,1
5cgi_R_Y,1
5cgi_R_Z,1
5cgi_S_T,1
5cgi_S_Z,1
5cgi_S_a,1
5cgi_T_U,1
5cgi_T_a,1
5cgi_T_b,1
5cgi_U_V,1
5cgi_U_b,1
5cgi_V_W,1
5cgi_V_b,1
5cgi_W_X,1
5cgi_X_Y,1
5cgi_Y_Z,1
5cgi_Z_a,1
5cgi_a_b,1
5chb_A_B,1
5chb_A_C,1
5chb_B_C,1
5ckw_A_B,1
5cm7_A_B,1
5cnj_A_B,1
5cp9_A_B,1
5cpb_A_B,1
5cpb_A_E,1
5cpb_A_F,1
5cpb_B_E,1
5cpb_B_F,1
5cpb_C_D,1
5cpb_E_F,1
5cpg_A_B,1
5cpi_A_B,1
5cpi_A_E,1
5cpi_A_G,1
5cpi_B_D,1
5cpi_B_G,1
5cpi_B_H,1
5cpi_C_D,1
5cpi_C_E,1
5cpi_C_F,1
5cpi_E_F,1
5cpi_F_H,1
5cpi_G_H,1
5cpq_A_B,1
5cpt_A_B,1
5cpu_A_B,1
5cpu_A_E,1
5cpu_B_C,1
5cpu_C_D,1
5cpu_D_E,1
5cpw_A_B,1
5cpw_A_E,1
5cpw_B_C,1
5cpw_C_D,1
5cpw_D_E,1
5cpz_A_B,1
5cpz_A_E,1
5cpz_B_C,1
5cpz_C_D,1
5cpz_D_E,1
5cq0_A_B,1
5cq0_A_E,1
5cq0_B_C,1
5cq0_C_D,1
5cq0_D_E,1
5cqe_A_B,1
5cqs_B_C,1
5crc_A_B,1
5cro_A_B,1
5cro_A_C,1
5cro_A_O,1
5cro_B_O,1
5cro_C_O,1
5cs4_A_B,1
5cs5_A_B,1
5csi_A_B,1
5csj_A_B,1
5csn_A_B,1
5cte_B_C,1
5cvu_A_B,1
5cvu_C_D,1
5cw5_A_B,1
5cw5_A_C,1
5cw5_A_D,1
5cw5_B_C,1
5cw5_C_D,1
5cx8_A_B,1
5cxc_A_B,1
5cxo_A_B,1
5d19_A_B,1
5d1i_A_B,1
5d21_A_B,1
5d21_A_C,1
5d21_B_D,1
5d21_C_D,1
5d3o_A_B,1
5d69_A_B,1
5d6h_A_B,1
5d8s_A_B,1
5d8s_A_F,1
5d8s_A_G,1
5d8s_A_K,1
5d8s_A_L,1
5d8s_B_C,1
5d8s_B_G,1
5d8s_B_H,1
5d8s_B_L,1
5d8s_C_E,1
5d8s_C_G,1
5d8s_C_H,1
5d8s_D_E,1
5d8s_D_G,1
5d8s_D_I,1
5d8s_D_J,1
5d8s_D_K,1
5d8s_E_G,1
5d8s_E_I,1
5d8s_F_K,1
5d8s_F_L,1
5d8s_I_J,1
5d8s_J_K,1
5d9i_A_B,1
5da8_A_B,1
5da8_A_G,1
5da8_A_L,1
5da8_B_C,1
5da8_B_K,1
5da8_C_D,1
5da8_D_E,1
5da8_E_F,1
5da8_F_G,1
5da8_H_I,1
5da8_H_N,1
5da8_I_J,1
5da8_J_K,1
5da8_K_L,1
5da8_L_M,1
5da8_M_N,1
5daa_A_B,1
5dah_A_B,1
5dbj_A_B,1
5dbj_C_D,1
5ddg_A_B,1
5ddj_1_2,1
5ddj_1_3,1
5ddj_2_4,1
5de0_A_B,1
5de0_C_D,1
5ded_B_D,1
5ded_B_G,1
5ded_D_F,1
5ded_F_G,1
5dem_A_B,1
5dem_A_C,1
5dem_B_C,1
5dep_D_E,1
5dep_D_F,1
5dep_E_F,1
5dfm_A_B,1
5dgw_A_B,1
5dkj_A_B,1
5dkj_A_G,1
5dkj_A_H,1
5dkj_A_I,1
5dkj_B_C,1
5dkj_B_H,1
5dkj_B_I,1
5dkj_B_J,1
5dkj_C_D,1
5dkj_C_J,1
5dkj_C_K,1
5dkj_D_E,1
5dkj_D_K,1
5dkj_D_L,1
5dkj_E_F,1
5dkj_E_L,1
5dkj_E_M,1
5dkj_F_G,1
5dkj_F_M,1
5dkj_F_N,1
5dkj_G_H,1
5dkj_G_N,1
5dkj_H_I,1
5dkj_H_N,1
5dkj_H_Z,1
5dkj_H_a,1
5dkj_I_J,1
5dkj_I_Y,1
5dkj_I_Z,1
5dkj_J_K,1
5dkj_J_X,1
5dkj_J_Y,1
5dkj_K_L,1
5dkj_K_W,1
5dkj_K_X,1
5dkj_L_M,1
5dkj_L_V,1
5dkj_L_W,1
5dkj_M_N,1
5dkj_M_V,1
5dkj_M_b,1
5dkj_N_a,1
5dkj_N_b,1
5dkj_O_P,1
5dkj_O_U,1
5dkj_O_V,1
5dkj_O_W,1
5dkj_P_Q,1
5dkj_P_V,1
5dkj_P_W,1
5dkj_P_X,1
5dkj_Q_R,1
5dkj_Q_X,1
5dkj_Q_Y,1
5dkj_R_S,1
5dkj_R_Y,1
5dkj_R_Z,1
5dkj_S_T,1
5dkj_S_Z,1
5dkj_S_a,1
5dkj_T_U,1
5dkj_T_a,1
5dkj_T_b,1
5dkj_U_V,1
5dkj_U_b,1
5dkj_V_W,1
5dkj_V_b,1
5dkj_W_X,1
5dkj_X_Y,1
5dkj_Z_a,1
5dkj_a_b,1
5dm3_A_C,1
5dm3_A_D,1
5dm3_B_C,1
5dm3_B_F,1
5dm3_D_E,1
5dm3_E_F,1
5dm5_A_B,1
5dm5_A_D,1
5dm5_B_E,1
5dm5_C_D,1
5dm5_C_F,1
5dm5_E_F,1
5dm6_3_I,1
5dm6_B_M,1
5dm6_G_N,1
5dm6_H_M,1
5dm6_J_S,1
5dm6_K_Z,1
5dm6_N_O,1
5dm6_P_Z,1
5dm6_Q_V,1
5dm7_3_I,1
5dm7_B_M,1
5dm7_C_I,1
5dm7_G_N,1
5dm7_H_M,1
5dm7_J_S,1
5dm7_K_Z,1
5dm7_N_O,1
5dm7_P_Z,1
5dm7_Q_V,1
5dob_A_B,1
5dqt_I_J,1
5dqt_J_M,1
5dqt_J_N,1
5dqt_K_L,1
5dqt_K_M,1
5dqt_K_N,1
5dqt_M_N,1
5duk_A_B,1
5dul_A_B,1
5dul_C_D,1
5dwn_A_D,1
5dwn_B_C,1
5dwq_A_B,1
5dxa_A_B,1
5dxa_C_D,1
5dxj_A_B,1
5dxj_C_D,1
5dzu_A_B,1
5e0a_A_B,1
5e0a_A_C,1
5e0a_C_D,1
5e3e_E_F,1
5e3i_A_B,1
5e7q_A_B,1
5e8h_A_B,1
5e8k_A_B,1
5e8m_A_B,1
5e9b_A_B,1
5e9c_A_B,1
5egk_A_C,1
5egk_A_E,1
5egk_B_E,1
5egk_B_F,1
5egk_C_D,1
5egk_D_F,1
5env_A_B,1
5fiw_A_C,1
5fiw_B_D,1
5fj3_A_B,1
5fjd_A_B,1
5fjd_A_C,1
5fjd_A_D,1
5fjd_B_C,1
5fjd_B_D,1
5fjd_C_D,1
5fwg_A_B,1
5gal_A_B,1
5gst_A_B,1
5hbi_A_B,1
5ldh_A_B,1
5mdh_A_B,1
5nse_A_B,1
5r1r_A_B,1
5req_C_D,1
5rub_A_B,1
5xia_A_B,1
6adh_A_B,1
6ald_A_B,1
6ald_A_D,1
6ald_B_C,1
6ald_C_D,1
6gss_A_B,1
6gsu_A_B,1
6pfk_A_B,1
6pfk_A_D,1
6pfk_B_C,1
6pfk_C_D,1
6tim_A_B,1
6xim_A_B,1
6xim_A_C,1
6xim_A_D,1
6xim_B_C,1
6xim_B_D,1
6xim_C_D,1
7at1_A_B,1
7at1_B_D,1
7at1_C_D,1
7gss_A_B,1
7msf_A_B,1
7msf_A_C,1
7msf_B_C,1
7nse_A_B,1
7prc_C_H,1
7prc_C_L,1
7prc_C_M,1
7prc_H_L,1
7prc_H_M,1
7prc_L_M,1
7r1r_A_B,1
7std_A_B,1
7std_A_C,1
7std_B_C,1
8prk_A_B,1
8ruc_A_C,1
8ruc_A_G,1
8ruc_A_I,1
8ruc_A_L,1
8ruc_C_E,1
8ruc_C_I,1
8ruc_C_J,1
8ruc_E_G,1
8ruc_E_J,1
8ruc_E_K,1
8ruc_G_K,1
8ruc_G_L,1
8ruc_I_J,1
8ruc_I_L,1
8ruc_J_K,1
8ruc_K_L,1
8xim_A_B,1
8xim_A_C,1
8xim_A_D,1
8xim_B_C,1
8xim_B_D,1
8xim_C_D,1
9atc_A_B,1
9gac_A_C,1
