pdb_id,rec_chains,lig_chains
10gs,A,B
11as,A,B
12as,A,B
12gs,A,B
13gs,A,B
14gs,A,B
16gs,A,B
1a02,F,J
1a02,F,N
1a02,J,N
1a05,A,B
1a0f,A,B
1a0s,P,Q
1a0s,P,R
1a0s,Q,R
1a2d,A,B
1a2z,A,B
1a2z,A,C
1a2z,A,D
1a2z,B,C
1a2z,B,D
1a2z,C,D
1a3a,A,C
1a3w,A,B
1a4i,A,B
1a4q,A,B
1a4u,A,B
1a4x,A,B
1a4z,A,B
1a4z,A,C
1a4z,A,D
1a4z,B,C
1a4z,B,D
1a4z,C,D
1a5n,A,C
1a5n,B,C
1a5o,A,C
1a5o,B,C
1a5u,E,F
1a5u,E,G
1a5u,F,H
1a5u,G,H
1a69,A,C
1a69,B,C
1a79,A,B
1a79,A,C
1a79,A,D
1a79,B,C
1a79,C,D
1a81,A,C
1a81,A,E
1a81,C,E
1a88,A,B
1a88,A,C
1a88,B,C
1a8m,A,B
1a8m,A,C
1a8m,B,C
1a95,A,B
1a95,A,C
1a95,A,D
1a95,B,C
1a95,B,D
1a95,C,D
1a9x,A,B
1a9x,C,D
1a9x,E,F
1a9x,G,H
1acm,A,B
1acm,B,D
1acm,C,D
1ad1,A,B
1ady,C,D
1af6,A,B
1af6,A,C
1af6,B,C
1afw,A,B
1ag8,A,B
1ag8,A,C
1ag8,A,D
1ag8,B,C
1ag8,B,D
1ag8,C,D
1ag9,A,B
1agn,A,B
1agn,C,D
1ahg,A,B
1ahj,A,B
1ahu,A,B
1ahy,A,B
1ai6,A,B
1ai9,A,B
1aia,A,B
1aib,A,B
1aic,A,B
1aig,H,L
1aig,H,M
1aig,L,M
1aig,N,O
1aig,N,P
1aig,O,P
1aih,C,D
1aij,H,L
1aij,H,M
1aij,L,M
1aj8,A,B
1ajn,A,B
1ajs,A,B
1ajv,A,B
1ajx,A,B
1akh,A,B
1al2,1,2
1al2,1,3
1al2,2,4
1al2,3,4
1all,A,B
1alw,A,B
1an4,A,B
1an7,A,B
1an9,A,B
1aoh,A,B
1aoi,A,B
1aoi,A,E
1aoi,A,G
1aoi,B,D
1aoi,B,G
1aoi,B,H
1aoi,C,D
1aoi,C,E
1aoi,C,F
1aoi,D,F
1aoi,E,F
1aoi,F,H
1aoi,G,H
1aok,A,B
1aon,A,B
1aon,A,G
1aon,A,O
1aon,B,C
1aon,B,P
1aon,C,D
1aon,C,Q
1aon,D,E
1aon,D,R
1aon,E,F
1aon,E,S
1aon,F,G
1aon,F,T
1aon,G,U
1aon,H,I
1aon,H,N
1aon,I,J
1aon,J,K
1aon,K,L
1aon,L,M
1aon,M,N
1aon,O,P
1aon,O,U
1aon,P,Q
1aon,Q,R
1aon,R,S
1aon,S,T
1aon,T,U
1aor,A,B
1aq4,A,B
1aq4,A,C
1aq4,B,C
1aq6,A,B
1aqf,A,B
1aqf,A,C
1aqf,B,D
1aqf,C,D
1aqf,E,F
1aqf,E,G
1aqf,F,H
1aqf,G,H
1aqu,A,B
1ar4,A,B
1ar6,1,2
1ar6,1,3
1ar6,2,3
1ar6,2,4
1ar9,1,3
1ar9,1,4
1ar9,2,3
1ar9,2,4
1ar9,3,4
1arg,A,B
1ari,A,B
1asm,A,B
1asn,A,B
1asq,A,B
1aui,A,B
1aur,A,B
1auv,A,B
1aux,A,B
1auy,A,B
1auy,A,C
1auy,B,C
1av8,A,B
1avq,A,B
1avq,A,C
1avq,B,C
1aw1,D,E
1aw1,G,H
1aw1,J,K
1awp,A,B
1ax4,A,B
1ax4,A,C
1ax4,A,D
1ax4,B,C
1ax4,B,D
1ax4,C,D
1axe,A,B
1axg,A,B
1axg,C,D
1axw,A,B
1ay0,A,B
1ay4,A,B
1ay8,A,B
1aym,1,2
1aym,1,3
1aym,3,4
1ayo,A,B
1ayp,B,E
1az4,A,B
1azb,A,B
1azc,A,B
1azd,A,B
1azd,A,C
1azd,B,D
1azd,C,D
1b14,A,B
1b16,A,B
1b26,A,B
1b26,A,C
1b26,A,F
1b26,B,C
1b26,B,E
1b26,C,D
1b26,D,E
1b26,D,F
1b26,E,F
1b2p,A,B
1b33,A,B
1b33,A,F
1b33,B,C
1b33,B,N
1b33,C,D
1b33,D,E
1b33,D,N
1b33,E,F
1b33,F,N
1b33,H,I
1b33,H,M
1b33,I,J
1b33,I,O
1b33,J,K
1b33,K,L
1b33,K,O
1b33,L,M
1b33,M,O
1b35,A,C
1b35,B,C
1b3b,A,B
1b3b,A,C
1b3b,A,F
1b3b,B,C
1b3b,B,E
1b3b,C,D
1b3b,D,E
1b3b,D,F
1b3b,E,F
1b44,D,E
1b44,D,H
1b44,E,F
1b44,F,G
1b44,G,H
1b4a,A,B
1b4a,A,C
1b4a,A,F
1b4a,B,C
1b4a,B,E
1b4a,C,D
1b4a,C,E
1b4a,D,E
1b4a,D,F
1b4a,E,F
1b5o,A,B
1b5p,A,B
1b67,A,B
1b6j,A,B
1b6l,A,B
1b6s,C,D
1b72,A,B
1b7t,A,Y
1b7t,A,Z
1b8c,A,B
1b8z,A,B
1b97,A,B
1b9b,A,B
1b9m,A,B
1b9n,A,B
1baz,A,B
1baz,B,D
1baz,C,D
1bc2,A,B
1bcc,A,B
1bcc,A,C
1bcc,A,E
1bcc,A,G
1bcc,C,D
1bcc,C,E
1bcc,C,F
1bcc,C,G
1bcc,D,E
1bcc,D,F
1bcc,D,G
1bcc,D,H
1bcc,D,J
1bcc,E,G
1bcc,E,J
1bcc,F,G
1bcp,A,B
1bcp,A,C
1bcp,A,D
1bcp,A,E
1bcp,A,F
1bcp,B,D
1bcp,B,F
1bcp,C,D
1bcp,C,E
1bcp,E,F
1bcp,G,H
1bcp,G,I
1bcp,G,J
1bcp,G,K
1bcp,G,L
1bcp,H,J
1bcp,H,L
1bcp,I,J
1bcp,I,K
1bcp,K,L
1bd0,A,B
1bd4,A,C
1bd4,A,D
1bd4,B,C
1bd4,B,D
1bdl,A,B
1bdm,A,B
1bdq,A,B
1bdr,A,B
1be3,A,B
1be3,A,C
1be3,A,E
1be3,A,G
1be3,A,I
1be3,B,I
1be3,C,D
1be3,C,E
1be3,C,F
1be3,C,G
1be3,D,E
1be3,D,F
1be3,D,G
1be3,D,H
1be3,D,J
1be3,E,G
1be3,E,J
1be3,F,G
1be3,J,K
1bhg,A,B
1bhm,A,B
1bhn,A,B
1bhn,A,C
1bhn,A,E
1bhn,B,C
1bhn,B,D
1bhn,C,F
1bhn,D,E
1bhn,D,F
1bhn,E,F
1bjj,A,E
1bjj,C,D
1bjn,A,B
1bjo,A,B
1bjw,A,B
1bkg,A,B
1bkg,C,D
1bkn,A,B
1bko,A,B
1bko,C,D
1bkp,A,B
1bl9,A,B
1bo4,A,B
1bo6,A,B
1bp3,A,B
1bp7,A,B
1bp7,C,D
1bpl,A,B
1bpw,A,B
1bpw,A,C
1bpw,A,D
1bpw,B,C
1bpw,B,D
1bpw,C,D
1bq3,A,B
1bq3,A,C
1bq3,B,D
1bq3,C,D
1bqa,A,B
1bqp,A,C
1br1,A,B
1br1,C,D
1br1,G,H
1brl,C,D
1brm,A,B
1brr,A,B
1brr,A,C
1brr,B,C
1bsf,A,B
1bsm,A,B
1bt6,A,B
1bt8,A,B
1bux,A,B
1bux,A,C
1bux,B,C
1bvi,A,C
1bvp,1,2
1bvp,1,3
1bvp,2,3
1bvs,E,F
1bvs,E,H
1bvs,F,G
1bvs,G,H
1bxc,A,B
1bxc,A,C
1bxc,A,D
1bxc,B,C
1bxc,B,D
1bxc,C,D
1bxz,A,B
1bxz,A,C
1bxz,A,D
1bxz,B,C
1bxz,B,D
1bxz,C,D
1byf,A,B
1bzl,A,B
1c1a,A,B
1c1j,A,D
1c28,A,B
1c28,A,C
1c28,B,C
1c2t,A,B
1c30,A,B
1c30,E,F
1c3h,D,E
1c3h,D,F
1c3h,E,F
1c3o,A,B
1c3o,A,E
1c3o,A,G
1c3o,C,D
1c3o,C,E
1c3o,C,G
1c3o,E,F
1c3o,G,H
1c3x,A,B
1c3x,A,C
1c3x,B,C
1c41,A,B
1c41,A,E
1c41,B,C
1c41,C,D
1c41,D,E
1c41,F,G
1c41,F,J
1c41,G,H
1c41,H,I
1c41,I,J
1c47,A,B
1c4p,A,B
1c4p,A,C
1c4p,A,D
1c4p,B,C
1c4p,B,D
1c5e,A,B
1c5e,A,C
1c5e,B,C
1c6y,A,B
1c6z,A,B
1c72,C,D
1c77,A,B
1c7n,A,B
1c7n,C,D
1c7n,E,F
1c7o,E,F
1c80,A,B
1c8n,A,B
1c8n,A,C
1c8n,B,C
1c9b,A,B
1c9b,I,J
1c9l,A,B
1ca4,A,B
1ca4,A,C
1ca4,B,C
1ca4,D,E
1ca4,D,F
1ca4,E,F
1ca7,A,B
1ca7,A,C
1ca7,B,C
1ca9,A,B
1ca9,A,C
1ca9,B,C
1ca9,D,E
1ca9,D,F
1ca9,E,F
1cau,A,B
1cax,A,B
1cax,A,D
1cax,B,E
1cax,C,D
1cax,C,F
1cax,E,F
1ce8,G,H
1cer,A,B
1cer,A,C
1cer,A,D
1cer,B,C
1cer,B,D
1cer,C,D
1ces,A,B
1cev,A,B
1cev,A,C
1cev,B,C
1cgq,A,B
1cgq,A,C
1cgq,B,C
1chp,D,E
1chp,D,H
1chp,E,F
1chp,F,G
1chp,G,H
1ckj,A,B
1cku,A,B
1cli,A,B
1cli,B,D
1cli,C,D
1cma,A,B
1cnt,1,4
1cnt,2,3
1cnz,A,B
1cpc,A,B
1cpc,A,K
1cpc,K,L
1cpj,A,B
1cqi,A,B
1cqi,B,E
1cqi,D,E
1cqs,A,B
1cr6,A,B
1cr7,A,B
1cr7,A,D
1cr7,B,C
1cr7,C,D
1cr7,E,F
1cr7,E,H
1cr7,F,G
1cr7,G,H
1crk,A,C
1crk,A,D
1crk,B,C
1crk,B,D
1cs0,C,D
1ct9,A,D
1ct9,B,C
1cte,A,B
1cvs,A,C
1cvs,A,D
1cvs,B,C
1cvs,B,D
1cw3,E,F
1cw3,E,G
1cw3,E,H
1cw3,F,G
1cw3,F,H
1cw3,G,H
1cwp,A,B
1cwp,B,C
1cxp,A,C
1cxp,B,D
1d09,A,B
1d09,B,D
1d09,C,D
1d0g,A,B
1d0g,A,D
1d0g,A,R
1d0g,A,S
1d0g,B,D
1d0g,B,S
1d0g,B,T
1d0g,D,R
1d0g,D,T
1d0i,A,B
1d0i,A,C
1d0i,A,D
1d0i,B,C
1d0i,B,G
1d0i,C,J
1d0i,D,E
1d0i,D,F
1d0i,E,F
1d0i,E,L
1d0i,F,H
1d0i,G,H
1d0i,G,I
1d0i,H,I
1d0i,I,K
1d0i,J,K
1d0i,J,L
1d0i,K,L
1d1s,A,B
1d1s,B,D
1d1s,C,D
1d1v,A,B
1d1x,A,B
1d2c,A,B
1d2e,A,C
1d2e,A,D
1d2e,B,C
1d2g,A,B
1d2h,A,B
1d2h,A,C
1d2h,B,D
1d2h,C,D
1d2i,A,B
1d2r,A,D
1d2r,B,E
1d3a,A,B
1d4a,B,D
1d4f,A,B
1d4f,A,C
1d4f,A,D
1d4f,B,C
1d4f,B,D
1d4f,C,D
1d4h,A,B
1d4i,A,B
1d4k,A,B
1d4s,A,B
1d5l,A,C
1d5n,A,B
1d5n,C,D
1d66,A,B
1d6y,A,B
1d6z,A,B
1d8d,A,B
1d8i,B,C
1d8u,A,B
1d8w,A,B
1d8w,A,C
1d8w,A,D
1d8w,B,C
1d8w,B,D
1d8w,C,D
1d9e,A,B
1d9e,A,C
1d9e,B,D
1d9e,C,D
1daa,A,B
1dao,B,F
1dao,C,G
1dap,A,B
1dbf,A,B
1dbf,A,C
1dbf,B,C
1dbr,A,B
1dbr,A,C
1dbr,A,D
1dbr,B,C
1dbr,B,D
1dbr,C,D
1dbz,A,B
1dbz,A,D
1dbz,B,C
1dbz,C,D
1dc1,A,B
1dce,C,D
1dch,E,F
1dch,E,G
1dch,E,H
1dch,F,G
1dch,F,H
1dch,G,H
1dd1,A,B
1dd1,A,C
1dd1,B,C
1dd8,A,B
1dd8,C,D
1ddn,A,B
1ddn,C,D
1ddo,A,E
1ddo,A,F
1ddo,B,E
1ddo,B,F
1ddo,C,G
1ddo,C,H
1ddo,D,G
1ddo,D,H
1ddx,A,B
1ddx,C,D
1de6,A,B
1de6,A,C
1de6,A,D
1de6,B,C
1de6,B,D
1de6,C,D
1dek,A,B
1del,A,B
1df8,A,B
1dfg,A,B
1dfh,A,B
1dfi,A,B
1dfi,A,C
1dfi,A,D
1dfi,B,C
1dfi,B,D
1dfi,C,D
1dfo,C,D
1dgf,A,B
1dgf,A,C
1dgf,A,D
1dgf,B,C
1dgf,B,D
1dgf,C,D
1dgh,A,B
1dgh,A,C
1dgh,A,D
1dgh,B,C
1dgh,B,D
1dgh,C,D
1dgr,A,V
1dgr,A,W
1dgr,A,X
1dgr,A,Y
1dgr,B,M
1dgr,B,N
1dgr,B,V
1dgr,B,W
1dgr,C,M
1dgr,C,N
1dgr,C,X
1dgr,C,Y
1dgr,M,N
1dgr,V,W
1dgr,X,Y
1dh3,A,C
1dhf,A,B
1dhi,A,B
1dib,A,B
1die,A,B
1dig,A,B
1dii,A,B
1dii,A,C
1dii,B,D
1dio,A,B
1dio,A,G
1dio,A,L
1dio,E,L
1dio,L,M
1dj3,A,B
1dj7,A,B
1dj8,C,D
1djn,A,B
1djr,D,E
1djr,D,H
1djr,E,F
1djr,F,G
1djr,G,H
1djs,A,B
1dju,A,B
1dkd,A,C
1dkg,A,B
1dkg,A,D
1dkr,A,B
1dku,A,B
1dl5,A,B
1dle,A,B
1dlt,A,B
1dlv,A,B
1dlv,A,C
1dlv,A,D
1dlv,B,C
1dlv,B,D
1dlv,C,D
1dm0,A,C
1dm0,A,E
1dm0,A,F
1dm0,B,C
1dm0,B,F
1dm0,C,D
1dm0,D,E
1dm0,E,F
1dm3,A,B
1dm3,A,C
1dm3,A,D
1dm3,B,C
1dm3,B,D
1dm3,C,D
1dmh,A,B
1dmj,A,B
1dmx,A,B
1dna,A,B
1dnu,A,B
1dnu,A,C
1dnu,A,D
1dnu,B,C
1dnu,B,D
1dnu,C,D
1dnw,A,B
1dnw,A,C
1dnw,A,D
1dnw,B,C
1dnw,B,D
1dnw,C,D
1do8,A,B
1do8,A,C
1do8,A,D
1do8,B,C
1do8,B,D
1do8,C,D
1dq4,A,B
1dq8,A,B
1dq8,A,C
1dq8,A,D
1dq8,B,C
1dq8,B,D
1dq8,C,D
1dqe,A,B
1dqi,A,B
1dqi,A,C
1dqi,A,D
1dqi,B,C
1dqi,B,D
1dqi,C,D
1dqn,A,B
1drb,A,B
1dth,A,B
1dtw,A,B
1dty,A,B
1dub,A,B
1dub,A,C
1dub,A,D
1dub,A,F
1dub,B,C
1dub,B,E
1dub,B,F
1dub,C,D
1dub,C,E
1dub,D,E
1dub,D,F
1dub,E,F
1dux,C,F
1dv1,A,B
1dw6,C,D
1dw9,A,B
1dw9,A,D
1dw9,A,F
1dw9,A,I
1dw9,A,J
1dw9,B,D
1dw9,B,E
1dw9,B,F
1dw9,B,G
1dw9,C,E
1dw9,C,G
1dw9,C,H
1dw9,C,I
1dw9,C,J
1dw9,D,F
1dw9,D,I
1dw9,D,J
1dw9,E,F
1dw9,E,G
1dw9,E,H
1dw9,F,G
1dw9,G,H
1dw9,H,I
1dw9,H,J
1dw9,I,J
1dwo,A,B
1dxo,B,D
1dxq,B,D
1dxr,C,H
1dxr,C,L
1dxr,C,M
1dxr,H,L
1dxr,H,M
1dxr,L,M
1dxx,A,B
1dy7,A,B
1dyh,A,B
1dyi,A,B
1dyu,A,B
1dzn,A,B
1dzr,A,B
1e0j,A,B
1e0j,B,C
1e0j,D,E
1e0j,E,F
1e0o,A,B
1e0o,C,D
1e0y,A,B
1e15,A,B
1e1c,A,B
1e1c,C,D
1e1e,A,B
1e1h,A,B
1e1h,A,C
1e1h,A,D
1e1h,B,C
1e1h,B,D
1e1h,C,D
1e3a,A,B
1e3i,A,B
1e3l,A,B
1e3u,B,D
1e3w,A,B
1e3w,A,C
1e3w,B,D
1e3w,C,D
1e4l,A,B
1e51,A,B
1e57,A,B
1e57,A,C
1e57,B,C
1e5z,A,C
1e5z,B,D
1e7d,A,B
1e7l,A,B
1e7n,A,B
1e8d,A,B
1e8o,A,B
1e8o,C,D
1e8t,A,B
1e9i,A,B
1e9i,C,D
1e9z,A,B
1eav,A,B
1eav,A,C
1eav,B,C
1eav,D,E
1eav,D,F
1eav,E,F
1ebl,A,B
1ebo,D,E
1ebo,D,F
1ebo,E,F
1ebu,A,B
1ebu,C,D
1eby,A,B
1ebz,A,B
1ec8,A,B
1ec8,A,C
1ec8,A,D
1ec8,B,C
1ec8,B,D
1ec8,C,D
1ecf,A,B
1ecj,A,B
1ecj,A,C
1ecj,B,D
1ecj,C,D
1ecp,A,D
1ecp,A,E
1ecp,B,D
1ecp,B,F
1ecp,C,E
1ecp,C,F
1ecq,A,B
1ecq,A,C
1ecq,A,D
1ecq,B,C
1ecq,B,D
1ecq,C,D
1ed5,A,B
1ed8,A,B
1ed9,A,B
1edh,A,B
1ee1,A,B
1eef,L,M
1eef,L,P
1eef,M,N
1eef,N,O
1eef,O,P
1eex,A,B
1eex,A,G
1eex,A,L
1eex,E,L
1eex,L,M
1ef1,A,C
1ef1,B,D
1ef1,C,D
1ef2,A,B
1ef2,A,C
1efl,A,B
1efl,A,C
1efl,A,D
1efl,B,C
1efl,B,D
1efl,C,D
1efp,C,D
1efv,A,B
1ega,A,B
1egh,A,B
1egh,A,F
1egh,B,E
1egh,C,D
1egh,C,F
1egh,D,E
1egv,A,B
1egv,A,G
1egv,A,L
1egv,E,L
1egv,L,M
1ejt,A,C
1ejt,B,C
1ek1,A,B
1ek9,A,B
1ek9,A,C
1ek9,B,C
1ekf,A,B
1eku,A,B
1ekv,A,B
1elx,A,B
1ely,A,B
1elz,A,B
1em1,A,B
1emc,A,B
1emc,C,D
1en5,A,B
1en5,C,D
1en6,A,B
1en6,C,D
1enq,A,B
1enq,A,C
1enq,B,D
1enq,C,D
1eo2,A,B
1eoa,A,B
1eoc,A,B
1eop,A,B
1ep3,A,B
1epb,A,B
1epf,A,B
1epf,C,D
1epv,A,B
1epx,A,B
1epx,A,C
1epx,A,D
1epx,B,C
1epx,B,D
1epx,C,D
1eqq,A,B
1eqq,A,C
1eqq,A,D
1eqq,B,C
1eqq,B,D
1eqq,C,D
1eqw,A,C
1eqw,B,D
1eqz,A,B
1eqz,A,G
1eqz,A,H
1eqz,B,D
1eqz,B,H
1eqz,C,D
1eqz,C,E
1eqz,C,G
1eqz,D,E
1eqz,D,F
1eqz,E,F
1eqz,F,H
1eqz,G,H
1ere,A,B
1ere,C,D
1ere,E,F
1err,A,B
1erz,A,B
1esj,A,B
1esj,A,C
1esj,B,C
1esn,A,B
1esn,C,D
1esq,A,B
1esq,A,C
1esq,B,C
1etq,A,B
1etq,C,D
1etv,A,B
1etx,A,B
1eua,A,B
1eua,A,C
1eua,B,C
1euc,A,B
1ev4,C,D
1ev9,C,D
1evu,A,B
1evx,A,B
1ew9,A,B
1ewj,E,F
1ewj,G,H
1ewq,A,B
1ewr,A,B
1ext,A,B
1exz,A,B
1exz,A,C
1exz,B,C
1exz,B,D
1exz,C,D
1eyq,A,B
1eyr,A,B
1eyu,A,B
1eyv,A,B
1ez4,A,B
1ez4,A,C
1ez4,A,D
1ez4,B,C
1ez4,B,D
1ez4,C,D
1ezg,A,B
1ezl,A,B
1ezl,A,C
1ezl,A,D
1ezl,B,C
1ezl,B,D
1ezl,C,D
1ezz,A,B
1ezz,B,D
1ezz,C,D
1f05,A,B
1f06,A,B
1f0k,A,B
1f0o,A,B
1f14,A,B
1f1c,A,B
1f1h,A,B
1f1h,A,F
1f1h,A,G
1f1h,B,C
1f1h,B,H
1f1h,C,D
1f1h,C,I
1f1h,D,E
1f1h,D,J
1f1h,E,F
1f1h,E,K
1f1h,F,L
1f1h,G,H
1f1h,G,L
1f1h,H,I
1f1h,I,J
1f1h,J,K
1f1h,K,L
1f23,D,E
1f23,D,F
1f23,E,F
1f2d,C,D
1f2e,A,B
1f2e,C,D
1f2u,A,B
1f2u,A,D
1f2u,B,C
1f2u,B,D
1f2u,C,D
1f30,A,B
1f30,A,D
1f30,A,E
1f30,B,C
1f30,B,E
1f30,C,E
1f30,C,F
1f30,D,E
1f30,D,F
1f30,E,F
1f30,G,H
1f30,G,I
1f30,G,K
1f30,H,I
1f30,H,L
1f30,I,J
1f30,I,K
1f30,I,L
1f30,J,K
1f30,J,L
1f33,A,B
1f33,A,D
1f33,A,E
1f33,B,C
1f33,B,E
1f33,C,E
1f33,C,F
1f33,D,E
1f33,D,F
1f33,E,F
1f33,G,H
1f33,G,I
1f33,G,K
1f33,H,I
1f33,H,L
1f33,I,J
1f33,I,K
1f33,I,L
1f33,J,K
1f33,J,L
1f38,A,B
1f38,A,C
1f38,A,D
1f38,B,C
1f38,B,D
1f38,C,D
1f39,A,B
1f3u,A,B
1f3u,C,D
1f3u,G,H
1f3w,A,B
1f3w,A,C
1f3w,B,D
1f3w,C,D
1f3w,E,F
1f3w,E,G
1f3w,F,H
1f3w,G,H
1f3x,A,B
1f3x,A,C
1f3x,B,D
1f3x,C,D
1f3x,E,F
1f3x,E,G
1f3x,F,H
1f3x,G,H
1f4c,A,B
1f4f,A,B
1f4j,A,B
1f4j,A,C
1f4j,A,D
1f4j,B,C
1f4j,B,D
1f4j,C,D
1f4o,A,B
1f4q,A,B
1f60,A,B
1f6b,A,B
1f6d,A,B
1f6d,C,D
1f6t,A,B
1f6t,A,C
1f6t,B,C
1f73,A,C
1f73,A,D
1f73,B,C
1f73,B,D
1f7a,A,B
1f7q,A,B
1f7q,A,C
1f7q,B,C
1f80,A,B
1f80,A,C
1f80,A,E
1f80,B,C
1f80,B,D
1f80,C,F
1f88,A,B
1f89,A,B
1f8y,A,B
1f9c,A,B
1f9k,A,B
1f9q,A,B
1f9q,A,D
1f9q,B,C
1f9q,C,D
1f9s,A,B
1f9s,A,D
1f9s,B,C
1f9s,C,D
1fay,E,F
1fay,G,H
1fba,A,B
1fba,A,D
1fba,B,C
1fba,C,D
1fbs,A,B
1fbu,A,B
1fbx,A,B
1fbx,A,E
1fbx,B,C
1fbx,C,D
1fbx,D,E
1fbx,F,G
1fbx,F,J
1fbx,F,M
1fbx,G,H
1fbx,G,L
1fbx,G,M
1fbx,H,I
1fbx,H,K
1fbx,H,L
1fbx,I,J
1fbx,I,K
1fbx,I,O
1fbx,J,N
1fbx,J,O
1fbx,K,L
1fbx,K,O
1fbx,L,M
1fbx,M,N
1fbx,N,O
1fcj,A,C
1fcj,B,D
1fff,C,D
1ffi,C,D
1ffu,A,B
1ffu,A,C
1ffu,B,C
1ffu,B,E
1ffu,D,E
1ffu,D,F
1ffu,E,F
1ffv,A,B
1ffv,A,C
1ffv,B,C
1ffv,B,E
1ffv,D,E
1ffv,D,F
1ffv,E,F
1fg6,C,D
1fg8,C,D
1fhw,A,B
1fif,A,B
1fif,A,C
1fif,B,C
1fiq,A,B
1fiq,A,C
1fiq,B,C
1fiu,A,B
1fiu,A,C
1fiu,A,D
1fiu,B,C
1fiu,B,D
1fiu,C,D
1fj9,A,B
1fjg,C,J
1fjg,C,N
1fjg,D,E
1fjg,E,H
1fjg,F,R
1fjg,G,K
1fjg,J,N
1fjg,K,R
1fjg,M,S
1fjh,A,B
1fm2,A,B
1fm8,A,B
1fn9,A,B
1fo4,A,B
1foh,A,C
1foh,B,D
1fos,E,F
1fos,G,H
1fou,A,B
1fou,A,L
1fou,B,C
1fou,B,D
1fou,B,L
1fou,C,D
1fou,D,E
1fou,D,F
1fou,E,F
1fou,E,G
1fou,F,G
1fou,G,H
1fou,H,I
1fou,H,J
1fou,I,J
1fou,I,K
1fou,J,K
1fou,K,L
1fp3,A,B
1fpi,A,B
1fpy,A,B
1fpy,A,F
1fpy,A,G
1fpy,B,C
1fpy,B,H
1fpy,C,D
1fpy,C,I
1fpy,D,E
1fpy,D,J
1fpy,E,F
1fpy,E,K
1fpy,F,L
1fpy,G,H
1fpy,G,L
1fpy,H,I
1fpy,I,J
1fpy,J,K
1fpy,K,L
1fqo,A,B
1ft2,A,B
1ft3,A,B
1fte,A,B
1fte,A,C
1fte,B,C
1fth,A,B
1fth,A,C
1fth,B,C
1ftp,A,B
1ftr,A,B
1ftr,A,C
1ftr,A,D
1ftr,B,C
1ftr,B,D
1ftr,C,D
1ftx,A,B
1fu1,A,B
1fui,A,B
1fui,A,C
1fui,B,C
1fvk,A,B
1fvp,A,B
1fw6,A,B
1fwi,A,C
1fwi,B,C
1fwj,A,C
1fwj,B,C
1fwn,A,B
1fws,A,B
1fww,A,B
1fx7,A,B
1fx7,C,D
1fxf,A,B
1fxp,A,B
1fxw,A,F
1fyu,A,B
1fze,D,E
1fze,D,F
1fze,E,F
1fzf,A,B
1fzf,A,C
1fzf,B,C
1fzf,C,F
1fzf,D,E
1fzf,D,F
1fzf,E,F
1fzp,B,D
1fzw,A,B
1fzw,A,C
1fzw,B,D
1fzw,C,D
1fzw,E,F
1fzw,E,H
1fzw,F,G
1fzw,G,H
1g0i,A,B
1g0n,A,B
1g0r,A,B
1g0r,A,C
1g0r,B,D
1g0r,C,D
1g0r,E,F
1g0r,E,H
1g0r,F,G
1g0r,G,H
1g0u,1,2
1g0u,1,H
1g0u,1,N
1g0u,1,S
1g0u,1,T
1g0u,1,Z
1g0u,2,M
1g0u,2,N
1g0u,2,T
1g0u,2,U
1g0u,2,V
1g0u,A,B
1g0u,A,G
1g0u,A,H
1g0u,A,I
1g0u,B,C
1g0u,B,I
1g0u,B,J
1g0u,C,D
1g0u,C,J
1g0u,C,K
1g0u,D,E
1g0u,D,K
1g0u,D,L
1g0u,E,F
1g0u,E,L
1g0u,E,M
1g0u,F,G
1g0u,F,M
1g0u,F,N
1g0u,G,H
1g0u,G,N
1g0u,H,I
1g0u,H,N
1g0u,H,Z
1g0u,I,J
1g0u,I,Y
1g0u,I,Z
1g0u,J,K
1g0u,J,X
1g0u,J,Y
1g0u,K,L
1g0u,K,W
1g0u,K,X
1g0u,L,M
1g0u,L,V
1g0u,L,W
1g0u,M,N
1g0u,M,V
1g0u,O,P
1g0u,O,U
1g0u,O,V
1g0u,O,W
1g0u,P,Q
1g0u,P,W
1g0u,P,X
1g0u,Q,R
1g0u,Q,X
1g0u,Q,Y
1g0u,R,S
1g0u,R,Y
1g0u,R,Z
1g0u,S,T
1g0u,S,Z
1g0u,T,U
1g0u,U,V
1g0u,V,W
1g0u,W,X
1g0u,X,Y
1g0u,Y,Z
1g1a,A,B
1g1a,C,D
1g1l,A,B
1g1l,A,C
1g1l,B,D
1g1l,C,D
1g1l,E,F
1g1l,E,H
1g1l,F,G
1g1l,G,H
1g1r,A,D
1g1r,C,D
1g1y,A,B
1g23,A,B
1g23,A,C
1g23,B,D
1g23,C,D
1g29,1,2
1g2c,A,C
1g2c,A,E
1g2c,C,E
1g2c,G,I
1g2c,G,K
1g2c,I,K
1g2c,M,O
1g2c,M,Q
1g2c,O,Q
1g2c,S,U
1g2c,S,W
1g2c,U,W
1g2o,A,B
1g2o,A,C
1g2o,B,C
1g2q,A,B
1g2v,A,B
1g2v,A,C
1g2v,B,D
1g2v,C,D
1g2x,A,B
1g2x,A,C
1g2x,B,C
1g3k,A,B
1g3k,B,C
1g51,A,B
1g57,A,B
1g5c,C,D
1g5g,D,E
1g5g,D,F
1g5g,E,F
1g5h,C,D
1g5i,C,D
1g5q,A,D
1g5x,A,B
1g63,A,B
1g63,A,G
1g63,A,H
1g63,B,H
1g63,B,K
1g63,C,E
1g63,C,H
1g63,C,J
1g63,D,E
1g63,D,F
1g63,D,G
1g63,E,J
1g63,F,G
1g63,F,I
1g63,I,K
1g63,I,L
1g63,J,L
1g63,K,L
1g6k,A,B
1g6o,A,B
1g72,A,B
1g72,A,C
1g72,C,D
1g7k,A,B
1g7k,A,C
1g7k,B,D
1g7k,C,D
1g85,A,B
1g8k,A,B
1g8k,C,D
1g8m,A,B
1g98,A,B
1g99,A,B
1g9q,A,B
1g9s,A,B
1ga7,A,B
1gad,O,P
1gav,0,8
1gav,0,9
1gav,0,a
1gav,1,D
1gav,1,F
1gav,1,Y
1gav,1,d
1gav,2,4
1gav,2,Q
1gav,2,R
1gav,2,U
1gav,3,4
1gav,3,8
1gav,3,9
1gav,3,Q
1gav,4,8
1gav,4,S
1gav,4,U
1gav,5,6
1gav,5,7
1gav,5,H
1gav,5,I
1gav,6,7
1gav,6,H
1gav,6,g
1gav,6,h
1gav,7,g
1gav,8,9
1gav,9,b
1gav,A,B
1gav,A,C
1gav,A,e
1gav,A,f
1gav,B,C
1gav,B,J
1gav,B,K
1gav,B,e
1gav,C,J
1gav,D,E
1gav,D,F
1gav,D,T
1gav,D,U
1gav,E,F
1gav,E,G
1gav,E,H
1gav,E,T
1gav,F,G
1gav,F,Y
1gav,G,H
1gav,G,I
1gav,H,I
1gav,J,K
1gav,J,L
1gav,K,L
1gav,K,M
1gav,K,N
1gav,L,M
1gav,M,N
1gav,M,O
1gav,N,O
1gav,N,Z
1gav,O,Y
1gav,P,Q
1gav,P,R
1gav,P,W
1gav,P,X
1gav,P,f
1gav,Q,R
1gav,Q,W
1gav,R,d
1gav,R,f
1gav,S,U
1gav,S,h
1gav,S,i
1gav,T,U
1gav,T,h
1gav,V,W
1gav,V,X
1gav,V,b
1gav,V,c
1gav,W,X
1gav,W,b
1gav,Y,Z
1gav,Z,d
1gav,Z,e
1gav,a,b
1gav,a,c
1gav,b,c
1gav,d,e
1gav,d,f
1gav,e,f
1gav,g,h
1gav,g,i
1gav,h,i
1gc0,A,B
1gc0,A,C
1gc0,A,D
1gc0,B,C
1gc0,B,D
1gc0,C,D
1gc3,A,B
1gc3,C,D
1gc3,E,F
1gc3,G,H
1gck,A,B
1gcz,A,B
1gcz,A,C
1gcz,B,C
1gd2,E,F
1gde,A,B
1gdt,A,B
1gee,A,B
1gef,A,E
1geg,E,F
1geg,E,H
1geg,F,G
1geg,G,H
1get,A,B
1geu,A,B
1gfl,A,B
1gg5,B,D
1gg9,A,B
1gg9,A,C
1gg9,A,D
1gg9,B,C
1gg9,B,D
1gg9,C,D
1gge,A,B
1gge,A,C
1gge,A,D
1gge,B,C
1gge,B,D
1gge,C,D
1ggf,A,B
1ggf,A,C
1ggf,A,D
1ggf,B,C
1ggf,B,D
1ggf,C,D
1ggh,A,B
1ggh,A,C
1ggh,A,D
1ggh,B,C
1ggh,B,D
1ggh,C,D
1ggj,A,B
1ggj,A,C
1ggj,A,D
1ggj,B,C
1ggj,B,D
1ggj,C,D
1ggq,A,B
1ggq,C,D
1ggu,A,B
1ggx,A,B
1ggx,A,C
1ggx,B,D
1ggx,C,D
1gh0,A,B
1gh0,A,D
1gh0,A,I
1gh0,A,K
1gh0,B,E
1gh0,C,D
1gh0,C,F
1gh0,C,G
1gh0,C,I
1gh0,E,F
1gh0,E,G
1gh0,E,K
1gh0,G,H
1gh0,G,J
1gh0,H,K
1gh0,I,J
1gh0,I,L
1gh0,K,L
1gh0,M,N
1gh0,M,P
1gh0,M,U
1gh0,M,W
1gh0,N,Q
1gh0,O,P
1gh0,O,R
1gh0,O,S
1gh0,O,U
1gh0,Q,R
1gh0,Q,S
1gh0,Q,W
1gh0,S,T
1gh0,S,V
1gh0,T,W
1gh0,U,V
1gh0,U,X
1gh0,W,X
1gk1,A,B
1gk1,C,D
1gk2,A,C
1gk2,A,D
1gk2,B,C
1gk2,B,D
1gk4,A,B
1gk4,C,D
1gk8,A,C
1gk8,A,G
1gk8,A,I
1gk8,A,O
1gk8,C,E
1gk8,C,I
1gk8,C,K
1gk8,E,G
1gk8,E,K
1gk8,E,M
1gk8,G,M
1gk8,G,O
1gk8,I,K
1gk8,I,O
1gk8,K,M
1gk8,M,O
1gkq,A,B
1gkq,A,D
1gkq,B,C
1gkq,C,D
1gl3,A,B
1gm7,A,B
1gm8,A,B
1gme,A,B
1gme,C,D
1gml,A,D
1gml,B,C
1gmw,A,B
1gmw,A,C
1gmw,B,D
1gn2,E,F
1gn2,E,G
1gn2,F,H
1gn2,G,H
1gnh,A,B
1gnh,A,E
1gnh,B,C
1gnh,C,D
1gnh,D,E
1gnh,F,G
1gnh,F,J
1gnh,G,H
1gnh,H,I
1gnh,I,J
1gno,A,B
1gnx,A,B
1go4,A,G
1go4,B,C
1go4,B,F
1go4,B,G
1go4,C,E
1go4,D,H
1go4,E,F
1go4,E,H
1go4,G,H
1gp1,A,B
1gpa,A,B
1gpa,A,C
1gpa,A,D
1gpa,B,C
1gpa,B,D
1gpa,C,D
1gpd,G,R
1gq2,A,B
1gq2,A,C
1gq2,A,D
1gq2,B,C
1gq2,B,D
1gq2,C,D
1gq2,E,F
1gq2,E,G
1gq2,E,H
1gq2,F,G
1gq2,F,H
1gq2,G,H
1gq2,I,J
1gq2,I,K
1gq2,I,L
1gq2,J,K
1gq2,J,L
1gq2,K,L
1gqa,A,D
1gqm,A,B
1gqm,A,D
1gqm,A,E
1gqm,B,C
1gqm,B,F
1gqm,C,D
1gqm,C,F
1gqm,D,E
1gqm,E,F
1gqm,G,H
1gqm,G,I
1gqm,G,K
1gqm,H,J
1gqm,H,L
1gqm,I,J
1gqm,I,K
1gqm,J,L
1gqm,K,L
1gqp,A,B
1gsf,A,B
1gsf,C,D
1gt8,A,B
1gt8,C,D
1gte,A,B
1gte,C,D
1gtf,A,B
1gtf,A,K
1gtf,B,C
1gtf,C,D
1gtf,D,E
1gtf,E,F
1gtf,F,G
1gtf,G,H
1gtf,H,I
1gtf,I,J
1gtf,J,K
1gtf,L,M
1gtf,L,V
1gtf,M,N
1gtf,N,O
1gtf,O,P
1gtf,P,Q
1gtf,Q,R
1gtf,R,S
1gtf,S,T
1gtf,T,U
1gtf,U,V
1gti,C,D
1gtm,A,B
1gtm,A,C
1gtm,B,C
1gtn,L,M
1gtn,L,V
1gtn,M,N
1gtn,N,O
1gtn,O,P
1gtn,P,Q
1gtn,Q,R
1gtn,R,S
1gtn,S,T
1gtn,T,U
1gtn,U,V
1gtu,C,D
1gtw,A,B
1gtz,A,B
1gtz,A,C
1gtz,A,D
1gtz,B,C
1gtz,B,G
1gtz,C,J
1gtz,D,E
1gtz,D,F
1gtz,E,F
1gtz,E,L
1gtz,F,H
1gtz,G,H
1gtz,G,I
1gtz,H,I
1gtz,I,K
1gtz,J,K
1gtz,J,L
1gtz,K,L
1gu0,A,B
1gu0,A,C
1gu0,A,D
1gu0,B,C
1gu0,B,G
1gu0,C,J
1gu0,D,E
1gu0,D,F
1gu0,E,F
1gu0,E,L
1gu0,F,H
1gu0,G,H
1gu0,G,I
1gu0,H,I
1gu0,I,K
1gu0,J,K
1gu0,J,L
1gu0,K,L
1gu6,A,G
1gug,D,E
1gug,D,F
1gug,E,F
1guo,A,B
1guo,A,C
1guo,B,C
1guo,D,E
1guo,D,F
1guo,E,F
1guq,A,B
1guq,C,D
1gux,A,B
1gv1,A,B
1gv1,A,C
1gv1,A,D
1gv1,B,C
1gv1,B,D
1gv1,C,D
1gve,A,B
1gvm,A,B
1gvm,C,D
1gvm,E,F
1gxk,A,B
1gxk,C,D
1gxp,A,B
1gyk,A,C
1gyk,A,D
1gyk,B,D
1gyk,B,E
1gyk,C,E
1gyo,A,B
1gyp,A,B
1gyp,A,C
1gyp,A,D
1gyp,B,C
1gyp,B,D
1gyp,C,D
1gz0,B,G
1gz0,C,H
1gz3,A,B
1gz3,A,C
1gz3,A,D
1gz3,B,C
1gz3,B,D
1gz3,C,D
1gz4,A,B
1gz4,A,C
1gz4,A,D
1gz4,B,C
1gz4,B,D
1gz4,C,D
1gzh,A,B
1gzu,A,B
1gzu,A,C
1gzu,B,C
1h18,A,B
1h1c,A,B
1h1c,C,D
1h33,A,B
1h48,D,E
1h48,D,F
1h48,E,F
1h4i,A,B
1h4i,A,C
1h4i,C,D
1h4s,A,B
1h4t,C,D
1h54,A,B
1h56,A,B
1h59,A,B
1h5b,A,B
1h5b,C,D
1h5q,A,B
1h5q,A,C
1h5q,A,D
1h5q,B,C
1h5q,B,D
1h5q,C,D
1h5q,E,F
1h5q,E,G
1h5q,E,H
1h5q,F,G
1h5q,F,H
1h5q,G,H
1h5r,A,B
1h5r,A,D
1h5r,B,C
1h5r,C,D
1h7f,A,B
1h7g,A,B
1h7h,A,B
1h83,A,B
1h84,A,B
1h91,A,B
1h9r,A,B
1h9s,A,B
1h9t,A,B
1h9w,A,B
1hav,A,B
1hbo,A,B
1hbo,A,C
1hbo,A,D
1hbo,A,E
1hbo,A,F
1hbo,B,C
1hbo,B,D
1hbo,B,E
1hbo,C,D
1hbo,D,E
1hbo,D,F
1hbo,E,F
1hcq,A,B
1hcq,E,F
1hcx,A,B
1hdc,A,B
1hdc,A,C
1hdc,A,D
1hdc,B,C
1hdc,B,D
1hdc,C,D
1hdx,A,B
1hdz,A,B
1heu,A,B
1hfb,E,F
1hfw,A,B
1hfw,A,C
1hfw,A,D
1hfw,B,C
1hfw,B,D
1hfw,C,D
1hg0,A,B
1hg0,A,C
1hg0,A,D
1hg0,B,C
1hg0,B,D
1hg0,C,D
1hiw,A,B
1hiw,A,C
1hiw,B,C
1hiy,A,B
1hiy,A,C
1hiy,B,C
1hjx,A,B
1hjx,A,C
1hjx,A,D
1hjx,B,C
1hjx,B,D
1hkd,A,B
1hkd,A,C
1hkd,C,D
1hkq,A,B
1hkv,A,B
1hkw,A,B
1hkx,A,B
1hkx,A,C
1hkx,A,M
1hkx,B,D
1hkx,B,N
1hkx,C,D
1hkx,C,E
1hkx,D,F
1hkx,E,F
1hkx,E,G
1hkx,F,H
1hkx,G,H
1hkx,G,I
1hkx,H,J
1hkx,I,J
1hkx,I,K
1hkx,J,L
1hkx,K,L
1hkx,K,M
1hkx,L,N
1hkx,M,N
1hl6,A,B
1hl6,C,D
1hmd,C,D
1hmp,A,B
1hn2,A,B
1hn4,A,B
1hnb,A,B
1hnc,A,B
1hnc,C,D
1hnx,C,J
1hnx,C,N
1hnx,D,E
1hnx,E,H
1hnx,F,R
1hnx,J,N
1hnx,K,R
1hnx,M,S
1hps,A,B
1hpv,A,B
1hqf,A,B
1hqf,A,C
1hqf,B,C
1hqh,A,B
1hqh,A,C
1hqh,B,C
1hqn,A,B
1hqn,A,C
1hqn,B,C
1hqq,A,B
1hqq,A,D
1hqq,B,C
1hqq,C,D
1hqs,A,B
1hr7,A,B
1hr7,G,H
1hr9,C,D
1hrd,A,B
1hrd,A,C
1hrd,B,C
1hsi,A,B
1hso,A,B
1hss,A,B
1hss,C,D
1hsz,A,B
1ht0,A,B
1ht2,A,B
1ht2,C,D
1ht2,G,H
1ht2,K,L
1ht9,A,B
1htb,A,B
1htd,A,B
1hte,A,B
1htf,A,B
1htg,A,B
1hto,A,B
1hto,A,F
1hto,A,G
1hto,A,H
1hto,B,C
1hto,B,H
1hto,B,I
1hto,C,D
1hto,C,I
1hto,C,J
1hto,D,E
1hto,D,J
1hto,D,K
1hto,E,F
1hto,E,K
1hto,E,L
1hto,F,G
1hto,F,L
1hto,G,H
1hto,G,L
1hto,H,I
1hto,I,J
1hto,J,K
1hto,K,L
1hto,M,N
1hto,M,R
1hto,M,S
1hto,M,T
1hto,N,O
1hto,N,T
1hto,N,U
1hto,O,P
1hto,O,U
1hto,O,V
1hto,P,Q
1hto,P,V
1hto,P,W
1hto,Q,R
1hto,Q,W
1hto,Q,X
1hto,R,S
1hto,R,X
1hto,S,T
1hto,S,X
1hto,T,U
1hto,U,V
1hto,V,W
1hto,W,X
1hw1,A,B
1hwg,A,B
1hwg,A,C
1hwg,B,C
1hwj,A,B
1hwj,A,C
1hwj,A,D
1hwj,B,C
1hwj,B,D
1hwj,C,D
1hwk,A,B
1hwk,A,C
1hwk,A,D
1hwk,B,C
1hwk,B,D
1hwk,C,D
1hwp,A,B
1hwy,A,B
1hwy,A,D
1hwy,A,E
1hwy,A,F
1hwy,B,C
1hwy,B,E
1hwy,B,F
1hwy,C,D
1hwy,C,E
1hwy,C,F
1hwy,D,E
1hwy,D,F
1hxs,1,2
1hxs,1,3
1hxs,2,3
1hy0,A,B
1hy2,A,B
1hy2,A,D
1hy2,B,C
1hy2,C,D
1hyh,A,B
1hyh,A,C
1hyh,A,D
1hyh,B,C
1hyh,B,D
1hyh,C,D
1hyn,R,S
1hz9,A,B
1hza,A,B
1hzc,A,B
1hzj,A,B
1i0d,A,B
1i0h,A,B
1i0i,A,B
1i12,A,C
1i12,B,D
1i13,A,B
1i1k,A,B
1i1k,A,C
1i1k,B,C
1i21,A,B
1i21,M,N
1i21,X,Y
1i2n,A,B
1i2p,A,B
1i2z,A,B
1i32,A,B
1i32,A,C
1i32,A,D
1i32,B,C
1i32,B,D
1i32,C,D
1i36,A,B
1i3k,A,B
1i3l,A,B
1i3q,A,B
1i3q,A,C
1i3q,A,E
1i3q,A,F
1i3q,A,H
1i3q,A,I
1i3q,A,K
1i3q,B,C
1i3q,B,I
1i3q,B,J
1i3q,B,K
1i3q,B,L
1i3q,C,J
1i3q,C,K
1i3q,C,L
1i4j,A,B
1i4s,A,B
1i5l,A,B
1i5l,A,G
1i5l,B,C
1i5l,C,D
1i5l,D,E
1i5l,E,F
1i5l,F,G
1i5l,H,I
1i5l,H,N
1i5l,I,J
1i5l,J,K
1i5l,K,L
1i5l,L,M
1i5l,M,N
1i5z,A,B
1i6o,A,B
1i83,A,B
1i8d,A,B
1i8d,A,C
1i8d,B,C
1i8f,A,B
1i8f,A,G
1i8f,B,C
1i8f,C,D
1i8f,D,E
1i8f,E,F
1i8f,F,G
1i8j,A,B
1i8t,A,B
1iah,A,B
1iaz,A,B
1ibc,A,B
1ibj,A,C
1ibl,B,H
1ibl,C,J
1ibl,C,N
1ibl,E,H
1ibl,F,R
1ibl,J,N
1ibl,K,R
1ibl,M,S
1ibu,A,B
1ibu,A,C
1ibu,A,E
1ibu,A,F
1ibu,B,C
1ibu,B,D
1ibu,B,F
1ibu,C,D
1ibu,C,E
1ibu,D,E
1ibu,D,F
1ibu,E,F
1ibv,A,B
1ibv,A,C
1ibv,A,E
1ibv,A,F
1ibv,B,C
1ibv,B,D
1ibv,B,F
1ibv,C,D
1ibv,C,E
1ibv,D,E
1ibv,D,F
1ibv,E,F
1icu,A,B
1icw,A,B
1id3,A,B
1id3,A,E
1id3,A,G
1id3,B,D
1id3,B,G
1id3,B,H
1id3,C,D
1id3,C,E
1id3,C,F
1id3,D,F
1id3,E,F
1id3,F,H
1id3,G,H
1id4,A,B
1ida,A,B
1idb,A,B
1idp,A,B
1idp,A,C
1idp,B,C
1idt,A,B
1ie3,A,B
1ie3,C,D
1ie7,A,C
1ie7,B,C
1ied,A,B
1ig3,A,B
1igq,B,D
1igu,A,B
1igw,A,B
1igw,A,C
1igw,A,D
1igw,B,C
1igw,B,D
1igw,C,D
1iho,A,B
1ihx,A,B
1ihx,A,C
1ihx,A,D
1ihx,B,C
1ihx,B,D
1ihx,C,D
1ihy,A,B
1ihy,A,C
1ihy,A,D
1ihy,B,C
1ihy,B,D
1ihy,C,D
1ii0,A,B
1ii2,A,B
1ii4,B,F
1ii4,C,G
1ii4,D,H
1ii8,A,B
1iiq,A,B
1ij8,A,B
1ijd,A,C
1ijd,C,E
1ijf,A,B
1ijy,A,B
1ik4,A,B
1ik4,A,F
1ik4,B,E
1ik4,C,D
1ik4,C,F
1ik4,D,E
1imb,A,B
1imc,A,B
1ime,A,B
1imh,C,D
1iq6,A,B
1iq8,A,B
1iqc,A,C
1iqy,A,B
1iri,A,B
1iri,C,D
1irj,A,B
1irj,C,D
1irj,E,F
1irj,G,H
1is2,A,B
1isf,A,B
1isj,A,B
1iss,A,B
1isv,A,B
1it0,A,B
1it8,A,B
1itk,A,B
1itq,A,B
1itu,A,B
1iu7,A,B
1iu8,A,B
1iv1,A,C
1iv1,A,D
1iv1,B,E
1iv1,B,F
1iv1,C,D
1iv1,E,F
1iv2,A,B
1iv2,A,C
1iv2,B,C
1iv2,D,E
1iv2,D,F
1iv2,E,F
1ivh,A,B
1ivh,A,D
1ivh,B,C
1ivh,C,D
1ivp,A,B
1ivq,A,B
1ivu,A,B
1iw7,K,L
1iw7,K,M
1iw7,L,N
1iw7,M,N
1iw7,M,P
1iw7,N,O
1iw7,N,P
1iwb,A,B
1iwb,A,G
1iwb,A,L
1iwb,E,L
1iwb,L,M
1iwp,A,B
1iwp,A,G
1iwp,A,L
1iwp,E,L
1iwp,L,M
1ix1,A,B
1ixb,A,B
1ixo,A,C
1ixo,B,D
1ixq,A,C
1ixq,B,D
1iy9,A,B
1iy9,A,D
1iy9,B,C
1iy9,C,D
1iyd,A,B
1iyd,A,C
1iyd,B,C
1iye,A,B
1iye,A,C
1iye,B,C
1iyh,B,D
1iyi,A,D
1iyl,A,B
1iyl,C,D
1iz9,A,B
1izh,A,B
1izi,A,B
1izy,A,B
1j0b,A,B
1j0b,I,J
1j0b,O,P
1j0c,A,B
1j0c,C,D
1j0d,A,B
1j0d,C,D
1j0e,A,B
1j0e,C,D
1j0x,O,P
1j0x,O,Q
1j0x,O,R
1j0x,P,Q
1j0x,P,R
1j0x,Q,R
1j1a,A,B
1j1e,A,B
1j1e,A,C
1j1e,B,C
1j1e,D,E
1j1e,D,F
1j1e,E,F
1j1j,A,B
1j1j,A,D
1j1j,B,C
1j1j,C,D
1j1y,A,B
1j1z,A,B
1j1z,A,C
1j1z,A,D
1j1z,B,C
1j1z,B,D
1j1z,C,D
1j20,A,B
1j20,A,C
1j20,A,D
1j20,B,C
1j20,B,D
1j20,C,D
1j21,A,B
1j21,A,C
1j21,A,D
1j21,B,C
1j21,B,D
1j21,C,D
1j2b,A,B
1j2e,A,B
1j2g,A,B
1j2g,A,C
1j2g,A,D
1j2g,B,C
1j2g,B,D
1j2g,C,D
1j2q,A,B
1j2q,A,G
1j2q,A,H
1j2q,A,I
1j2q,B,C
1j2q,B,I
1j2q,B,J
1j2q,C,D
1j2q,C,J
1j2q,C,K
1j2q,D,E
1j2q,D,K
1j2q,D,L
1j2q,E,F
1j2q,E,L
1j2q,E,M
1j2q,F,G
1j2q,F,M
1j2q,F,N
1j2q,G,H
1j2q,G,N
1j2q,H,I
1j2q,H,N
1j2q,I,J
1j2q,J,K
1j2q,K,L
1j2q,L,M
1j2q,M,N
1j2t,A,B
1j2t,A,F
1j2t,B,C
1j2t,C,D
1j2t,D,E
1j2t,E,F
1j2w,A,B
1j2w,A,C
1j2w,B,D
1j2w,C,D
1j30,A,B
1j32,A,B
1j3l,A,B
1j3l,A,C
1j3l,B,C
1j3l,D,E
1j3l,D,F
1j3l,E,F
1j3m,A,B
1j3n,A,B
1j3r,A,B
1j3w,A,B
1j3w,B,D
1j3w,C,D
1j4u,A,B
1j4u,A,C
1j4u,B,D
1j4u,C,D
1j59,A,B
1j5w,A,B
1j6x,A,B
1j70,A,B
1j79,A,B
1j7l,A,B
1j7v,L,R
1j90,A,B
1j9j,A,B
1jb7,A,B
1jbq,A,B
1jbq,C,D
1jbq,E,F
1jcs,A,B
1jd0,A,B
1jdf,A,B
1jdf,C,D
1jdt,A,C
1jdt,B,C
1jdv,A,C
1jdv,A,D
1jdv,B,C
1jdv,B,E
1jdv,D,F
1jdv,E,F
1je0,A,C
1je0,B,C
1je8,A,B
1je8,E,F
1jeq,A,B
1jez,A,B
1jf5,A,B
1jg0,A,B
1jgm,A,B
1jgt,A,B
1jgw,H,L
1jgw,H,M
1jgw,L,M
1jhe,A,B
1ji2,A,B
1jia,A,B
1jie,A,B
1jig,A,B
1jig,A,D
1jig,B,D
1jig,C,D
1jj2,E,I
1jj2,F,L
1jj2,J,T
1jj2,M,P
1jj2,R,U
1jja,E,F
1jjc,A,B
1jjk,A,B
1jjk,E,F
1jjk,G,H
1jjk,K,L
1jjk,M,N
1jjk,O,P
1jk0,A,B
1jkg,A,B
1jkj,A,B
1jkj,D,E
1jl2,A,C
1jl2,A,D
1jl2,B,C
1jl2,B,D
1jl9,A,B
1jld,A,B
1jlh,A,B
1jlh,C,D
1jlj,A,B
1jlj,A,C
1jlj,B,C
1jlk,A,B
1jll,A,B
1jll,D,E
1jlv,A,B
1jlv,E,F
1jn1,A,B
1jn1,A,C
1jn1,B,C
1jnb,A,B
1jnb,A,C
1jnb,A,K
1jnb,A,L
1jnb,B,C
1jnb,B,D
1jnb,B,L
1jnb,C,D
1jnb,C,E
1jnb,D,E
1jnb,D,F
1jnb,E,F
1jnb,E,G
1jnb,F,G
1jnb,F,H
1jnb,G,H
1jnb,G,I
1jnb,H,I
1jnb,H,J
1jnb,I,J
1jnb,I,K
1jnb,J,K
1jnb,J,L
1jnb,K,L
1jnm,A,B
1jnp,A,B
1jof,E,F
1jof,E,H
1jof,F,G
1jof,G,H
1jol,A,B
1jop,A,D
1jop,B,C
1jp3,A,B
1jpl,A,B
1jpl,C,D
1jpy,A,B
1jpy,X,Y
1jq3,A,B
1jq3,A,D
1jq3,B,C
1jq3,C,D
1jqk,A,B
1jqk,C,D
1jqk,E,F
1jqo,A,B
1jqv,A,B
1jqy,D,E
1jqy,D,H
1jqy,E,F
1jqy,F,G
1jqy,G,H
1jqy,L,M
1jqy,L,P
1jqy,M,N
1jqy,N,O
1jqy,O,P
1jr8,A,B
1jrb,A,B
1jrc,A,B
1jre,A,B
1jre,A,E
1jre,A,H
1jre,A,I
1jre,A,J
1jre,B,E
1jre,B,H
1jre,B,K
1jre,B,L
1jre,C,D
1jre,C,F
1jre,C,G
1jre,C,K
1jre,C,L
1jre,D,F
1jre,D,G
1jre,D,I
1jre,D,J
1jre,E,F
1jre,E,I
1jre,E,L
1jre,F,I
1jre,F,L
1jre,G,H
1jre,G,J
1jre,G,K
1jre,H,J
1jre,H,K
1jre,I,J
1jre,K,L
1jrk,A,B
1jrk,A,C
1jrk,B,D
1jrk,C,D
1js3,A,B
1js9,A,B
1js9,B,C
1jsc,A,B
1jsr,A,B
1jsr,A,C
1jsr,A,D
1jsr,B,C
1jsr,B,D
1jsr,C,D
1jt6,A,B
1jt6,D,E
1jtz,X,Y
1jtz,X,Z
1jtz,Y,Z
1jub,A,B
1jum,D,E
1jv2,A,B
1jvg,A,B
1jvz,A,B
1jw9,B,D
1jx0,A,B
1jx7,A,B
1jx7,A,C
1jx7,A,D
1jx7,A,F
1jx7,B,C
1jx7,B,E
1jx7,C,D
1jx7,C,E
1jx7,D,E
1jx7,D,F
1jx7,E,F
1jxi,A,B
1jxp,A,B
1jxv,A,B
1jxv,A,C
1jxv,A,D
1jxv,B,C
1jxv,B,F
1jxv,C,E
1jxv,D,E
1jxv,D,F
1jxv,E,F
1jyv,A,B
1jyv,A,D
1jyv,B,C
1jyv,C,D
1jz2,A,B
1jz2,A,D
1jz2,B,C
1jz2,C,D
1jz4,A,B
1jz4,A,D
1jz4,B,C
1jz4,C,D
1jz6,A,B
1jz6,A,D
1jz6,B,C
1jz6,C,D
1jzk,C,D
1jzr,A,B
1k05,A,B
1k05,B,C
1k0c,A,B
1k0c,C,D
1k0d,C,D
1k0u,E,F
1k0u,E,G
1k0u,E,H
1k0u,F,G
1k0u,F,H
1k0u,G,H
1k0z,A,B
1k1e,A,B
1k1e,A,C
1k1e,B,D
1k1e,B,H
1k1e,C,D
1k1e,C,E
1k1e,E,F
1k1e,E,G
1k1e,F,H
1k1e,G,H
1k1f,A,B
1k1f,A,C
1k1f,A,D
1k1f,B,C
1k1f,B,D
1k1f,C,D
1k1f,E,F
1k1f,E,G
1k1f,E,H
1k1f,F,G
1k1f,F,H
1k1f,G,H
1k1x,A,B
1k26,A,B
1k2b,A,B
1k2f,A,B
1k2u,A,B
1k2x,A,B
1k2x,A,D
1k2x,B,C
1k2x,B,D
1k2x,C,D
1k32,A,B
1k32,A,C
1k32,A,D
1k32,A,E
1k32,B,D
1k32,B,E
1k32,B,F
1k32,C,D
1k32,C,E
1k32,C,F
1k32,D,F
1k32,E,F
1k38,A,B
1k3e,A,B
1k3f,A,D
1k3f,A,E
1k3f,B,D
1k3f,B,F
1k3f,C,E
1k3f,C,F
1k3o,A,B
1k3t,A,B
1k3t,A,C
1k3t,A,D
1k3t,B,C
1k3t,B,D
1k3t,C,D
1k4e,A,B
1k4f,A,B
1k54,A,C
1k54,B,D
1k57,B,D
1k5j,A,B
1k5j,A,E
1k5j,B,C
1k5j,C,D
1k5j,D,E
1k5m,A,C
1k5m,A,D
1k5m,C,D
1k6l,H,L
1k6l,H,M
1k6l,L,M
1k6r,A,B
1k6z,A,B
1k8f,C,D
1k90,A,B
1k90,A,C
1k90,A,D
1k90,B,C
1k90,B,E
1k90,C,F
1k94,A,B
1k9i,A,B
1k9i,B,G
1k9i,C,F
1k9i,C,H
1k9i,D,E
1k9i,D,I
1k9i,E,J
1k9j,A,B
1k9k,A,B
1k9s,A,D
1k9s,A,F
1k9s,B,D
1k9s,B,E
1k9s,C,E
1k9s,C,F
1k9x,B,C
1kaq,A,D
1kaq,B,C
1kaq,E,F
1kar,A,B
1kbn,A,B
1kbp,A,D
1kd0,A,B
1kd1,1,C
1kd1,D,L
1kd1,G,K
1kd1,H,N
1kd1,L,V
1kd1,O,R
1kd1,T,W
1kdn,A,B
1kdn,A,C
1kdn,B,C
1kee,A,B
1kee,A,E
1kee,A,G
1kee,C,D
1kee,C,E
1kee,C,G
1kee,E,F
1kee,G,H
1keu,A,B
1kf6,A,B
1kf6,B,C
1kf6,B,D
1kf6,C,D
1kf6,D,P
1kf6,M,N
1kf6,N,O
1kf6,N,P
1kf6,O,P
1kff,A,B
1kff,A,D
1kff,B,C
1kff,C,D
1kfi,A,B
1kfq,A,B
1kfu,L,S
1kgn,A,B
1kgn,C,D
1kh1,A,B
1kh1,A,C
1kh1,A,D
1kh1,B,C
1kh1,B,D
1kh1,C,D
1kh2,A,B
1kh2,A,C
1kh2,A,D
1kh2,B,C
1kh2,B,D
1kh2,C,D
1kh7,A,B
1khh,A,B
1khl,A,B
1khr,D,E
1khr,D,F
1khr,E,F
1kht,A,B
1kht,A,C
1kht,B,C
1kj1,A,D
1kj4,A,B
1kj4,C,D
1kj7,A,B
1kj8,A,B
1kjf,A,B
1kji,A,B
1kjj,A,B
1kl4,A,B
1kl4,A,D
1kl4,B,C
1kl4,C,D
1klf,O,P
1kmh,A,B
1kn1,A,B
1knv,A,B
1knz,A,B
1knz,C,D
1knz,I,J
1knz,M,N
1ko5,A,B
1kog,C,D
1kog,E,F
1kp0,A,B
1kp5,A,B
1kpa,A,B
1kpc,A,B
1kpc,C,D
1kpe,A,B
1kpl,A,B
1kpl,C,D
1kpt,A,B
1kq1,A,B
1kq1,A,H
1kq1,B,M
1kq1,H,I
1kq1,I,K
1kq1,K,M
1kqa,A,B
1kqa,A,C
1kqa,B,C
1kqb,A,B
1kqb,C,D
1kra,A,C
1kra,B,C
1krc,A,C
1krc,B,C
1kru,A,B
1kru,A,C
1kru,B,C
1ksi,A,B
1ksx,A,F
1ksx,B,E
1ksx,I,N
1ksx,J,M
1kta,A,B
1ktp,A,B
1ku5,A,B
1kut,A,B
1kwt,A,B
1kwt,A,C
1kwt,B,C
1kwx,A,B
1kwx,A,C
1kwx,B,C
1kx0,A,B
1kx0,A,C
1kx0,B,C
1kx4,A,B
1kx4,A,E
1kx4,A,G
1kx4,B,D
1kx4,B,G
1kx4,B,H
1kx4,C,D
1kx4,C,E
1kx4,C,F
1kx4,D,F
1kx4,E,F
1kx4,F,H
1kx4,G,H
1kxz,A,B
1kxz,A,C
1kxz,A,D
1kxz,B,C
1kxz,B,D
1kxz,C,D
1ky5,A,B
1ky5,A,C
1ky5,A,D
1ky5,B,C
1ky5,B,D
1ky5,C,D
1kyv,A,B
1kyv,A,E
1kyv,B,C
1kyv,C,D
1kyv,D,E
1kyy,A,B
1kyy,A,E
1kyy,B,C
1kyy,C,D
1kyy,D,E
1kyz,A,E
1kz1,A,B
1kz1,A,E
1kz1,B,C
1kz1,C,D
1kz1,D,E
1kz6,A,B
1kz6,A,E
1kz6,B,C
1kz6,C,D
1kz6,D,E
1kz8,A,F
1kz9,A,B
1kz9,A,E
1kz9,B,C
1kz9,C,D
1kz9,D,E
1kze,1,2
1kzj,A,B
1kzj,C,D
1kzj,E,F
1kzq,A,B
1l0n,A,B
1l0n,A,C
1l0n,A,E
1l0n,A,G
1l0n,A,I
1l0n,A,K
1l0n,B,I
1l0n,C,D
1l0n,C,E
1l0n,C,F
1l0n,C,G
1l0n,D,E
1l0n,D,F
1l0n,D,G
1l0n,D,H
1l0n,D,J
1l0n,E,G
1l0n,E,J
1l0n,F,G
1l0n,J,K
1l0s,C,D
1l0v,A,B
1l0v,B,C
1l0v,B,D
1l0v,C,D
1l0v,D,P
1l0v,M,N
1l0v,N,O
1l0v,N,P
1l0v,O,P
1l0w,A,B
1l2g,A,B
1l2t,A,B
1l2u,A,B
1l3i,A,B
1l3i,A,C
1l3i,A,D
1l3i,A,E
1l3i,B,C
1l3i,B,D
1l3i,C,D
1l3i,E,F
1l5b,A,B
1l5q,A,B
1l5x,A,B
1l6i,A,B
1l6s,A,B
1l7a,A,B
1l7c,B,C
1l7k,A,B
1l7v,A,B
1l7v,A,C
1l7v,B,D
1l7v,C,D
1l8i,A,B
1l8i,A,E
1l8i,A,H
1l8i,A,I
1l8i,A,J
1l8i,B,E
1l8i,B,H
1l8i,B,K
1l8i,B,L
1l8i,C,D
1l8i,C,F
1l8i,C,G
1l8i,C,K
1l8i,C,L
1l8i,D,F
1l8i,D,G
1l8i,D,I
1l8i,D,J
1l8i,E,F
1l8i,E,I
1l8i,E,L
1l8i,F,I
1l8i,F,L
1l8i,G,H
1l8i,G,J
1l8i,G,K
1l8i,H,J
1l8i,H,K
1l8i,I,J
1l8i,K,L
1l8l,A,B
1l8s,A,B
1l9m,A,B
1l9n,A,B
1l9o,A,B
1l9o,A,C
1l9o,B,C
1l9q,A,B
1l9q,A,C
1l9q,B,C
1l9r,A,B
1l9r,A,C
1l9r,B,C
1l9s,A,B
1l9s,A,C
1l9s,B,C
1l9t,A,B
1l9t,A,C
1l9t,B,C
1lbw,A,B
1lbz,A,B
1ld7,A,B
1ldy,A,D
1ldy,B,C
1le5,A,B
1le5,E,F
1le8,A,B
1le9,A,B
1le9,E,F
1leh,A,B
1lel,A,B
1lem,A,B
1les,A,B
1les,A,C
1les,C,D
1lia,A,B
1lia,A,K
1lia,A,L
1lia,B,K
1lia,K,L
1lj0,C,D
1lj9,A,B
1lk5,A,B
1lk5,A,C
1lk5,A,D
1lk5,B,C
1lk5,B,D
1lk5,C,D
1lk7,A,B
1lk7,A,C
1lk7,A,D
1lk7,B,C
1lk7,B,D
1lk7,C,D
1lky,A,B
1lky,E,F
1lkz,A,B
1lld,A,B
1llm,C,D
1llq,A,B
1llu,A,B
1llu,A,C
1llu,A,D
1llu,B,C
1llu,B,D
1llu,C,D
1llu,E,F
1llu,E,G
1llu,E,H
1llu,F,G
1llu,F,H
1llu,G,H
1lm3,B,D
1lpa,A,B
1lpf,A,B
1lq9,A,B
1lql,E,F
1lql,G,H
1lql,I,J
1lqp,A,B
1lrw,A,B
1lrw,A,C
1lrw,C,D
1ls3,A,B
1ls3,A,C
1ls3,B,D
1ls3,C,D
1lsj,A,B
1lt1,A,B
1lt1,C,D
1lt1,E,F
1lt8,A,B
1lt9,A,B
1lt9,A,C
1lt9,B,C
1lt9,D,E
1lt9,D,F
1lt9,E,F
1ltb,D,E
1ltb,D,H
1ltb,E,F
1ltb,F,G
1ltb,G,H
1lti,D,E
1lti,D,H
1lti,E,F
1lti,F,G
1lti,G,H
1ltr,D,E
1ltr,D,H
1ltr,E,F
1ltr,F,G
1ltr,G,H
1luj,A,B
1luq,A,B
1luv,A,B
1lw1,A,B
1lw1,A,C
1lw1,B,C
1lw5,A,B
1lw5,A,C
1lw5,A,D
1lw5,B,C
1lw5,B,D
1lw5,C,D
1lwi,A,B
1lwj,A,B
1lwu,A,B
1lwu,A,C
1lwu,A,J
1lwu,B,C
1lwu,D,E
1lwu,D,F
1lwu,D,G
1lwu,E,F
1lwu,G,H
1lwu,G,I
1lwu,H,I
1lwu,J,K
1lwu,J,L
1lwu,K,L
1lxn,A,B
1lxn,A,C
1lxn,A,D
1lxn,B,C
1lxn,B,D
1lxn,C,D
1lyl,A,C
1m0i,C,D
1m0w,A,B
1m18,A,B
1m18,A,E
1m18,A,G
1m18,B,D
1m18,B,G
1m18,B,H
1m18,C,D
1m18,C,E
1m18,C,F
1m18,D,F
1m18,E,F
1m18,F,H
1m18,G,H
1m19,A,B
1m19,A,E
1m19,A,G
1m19,B,D
1m19,B,G
1m19,B,H
1m19,C,D
1m19,C,E
1m19,C,F
1m19,D,F
1m19,E,F
1m19,F,H
1m19,G,H
1m1e,A,B
1m1m,A,B
1m1t,A,B
1m1t,A,C
1m1t,A,D
1m1t,B,C
1m1t,B,D
1m1t,C,D
1m38,A,B
1m3z,A,B
1m3z,A,C
1m3z,A,D
1m3z,B,C
1m3z,B,D
1m3z,C,D
1m44,A,B
1m4i,A,B
1m4t,A,B
1m4t,A,C
1m4t,A,D
1m4t,B,C
1m4t,B,D
1m4t,C,D
1m54,C,D
1m57,A,B
1m57,A,C
1m57,C,D
1m57,G,H
1m57,G,I
1m57,I,J
1m5e,A,C
1m5q,1,2
1m5q,1,R
1m5q,1,S
1m5q,1,Z
1m5q,2,Q
1m5q,2,R
1m5q,2,V
1m5q,O,P
1m5q,O,U
1m5q,O,W
1m5q,O,X
1m5q,P,Q
1m5q,P,V
1m5q,P,W
1m5q,Q,R
1m5q,Q,V
1m5q,R,S
1m5q,S,T
1m5q,S,Z
1m5q,T,U
1m5q,T,Y
1m5q,T,Z
1m5q,U,X
1m5q,U,Y
1m5q,V,W
1m5q,W,X
1m5q,X,Y
1m5q,Y,Z
1m6h,A,B
1m6j,A,B
1m6p,A,B
1m6v,A,B
1m6v,A,E
1m6v,A,G
1m6v,C,D
1m6v,C,E
1m6v,C,G
1m6v,E,F
1m6v,G,H
1m6w,A,B
1m75,A,B
1m7h,A,B
1m7p,A,B
1m8v,A,B
1m8v,A,G
1m8v,B,C
1m8v,C,D
1m8v,D,E
1m8v,E,F
1m8v,F,G
1m8v,H,I
1m8v,H,N
1m8v,I,J
1m8v,J,K
1m8v,K,L
1m8v,L,M
1m8v,M,N
1m90,1,C
1m90,D,L
1m90,G,K
1m90,H,N
1m90,L,V
1m90,O,R
1m90,T,W
1m9m,A,B
1ma0,A,B
1ma1,A,B
1ma1,C,D
1ma1,C,E
1ma1,D,F
1ma1,E,F
1maw,C,F
1mb2,A,D
1mb2,B,E
1mb2,C,F
1md0,A,B
1md3,A,B
1md4,A,B
1mdv,A,B
1mfi,A,B
1mfi,A,C
1mfi,B,C
1mfz,A,B
1mfz,C,D
1mg5,A,B
1mgq,A,B
1mgq,A,G
1mgq,B,C
1mgq,C,D
1mgq,D,E
1mgq,E,F
1mgq,F,G
1mgv,A,B
1mh2,A,B
1mhl,A,B
1mhl,A,C
1mhl,A,D
1mhl,B,C
1mhl,B,D
1mhl,C,D
1mhm,A,B
1mi3,A,B
1mi3,C,D
1miw,A,B
1mj2,A,B
1mj2,A,C
1mj2,C,D
1mjf,A,B
1mjk,A,B
1mjq,G,H
1mjq,G,I
1mjq,I,J
1mk4,A,B
1mki,A,B
1mkm,A,B
1mld,A,B
1mld,A,C
1mld,B,D
1mld,C,D
1mly,A,B
1mlz,A,B
1mm6,A,B
1mm7,A,C
1mmf,E,L
1mmf,L,M
1mmu,A,B
1mmx,A,B
1mn7,A,B
1mna,A,B
1mng,A,B
1mnm,A,B
1mnm,A,D
1mnm,B,C
1mo2,A,B
1mo9,A,B
1moj,A,B
1moj,A,C
1moj,A,D
1moj,C,D
1mp0,A,B
1mpm,A,B
1mpm,A,C
1mpm,B,C
1mpn,A,B
1mpn,A,C
1mpn,B,C
1mpo,A,B
1mpo,A,C
1mpo,B,C
1mpr,A,B
1mpr,A,C
1mpr,B,C
1mps,H,L
1mps,H,M
1mps,L,M
1mqs,A,B
1mr7,X,Y
1mr7,X,Z
1mr7,Y,Z
1mr8,A,B
1mrr,A,B
1mrz,A,B
1msm,A,B
1mss,A,B
1mt5,E,F
1mt7,A,B
1mtl,A,B
1mw5,A,B
1mww,A,B
1mww,A,C
1mww,B,C
1mx0,A,B
1mx0,C,D
1mx0,E,F
1mxf,A,B
1mxf,A,C
1mxf,A,D
1mxf,B,C
1mxf,B,D
1mxf,C,D
1mxh,A,B
1mxh,A,C
1mxh,A,D
1mxh,B,C
1mxh,B,D
1mxh,C,D
1mxx,A,C
1mxy,A,C
1mxz,A,C
1my0,A,C
1my1,A,C
1my2,A,C
1myp,A,B
1myp,A,C
1myp,B,D
1myp,C,D
1mzo,A,B
1n0f,A,B
1n0f,A,H
1n0f,B,C
1n0f,C,D
1n0f,D,E
1n0f,E,F
1n0f,F,G
1n0f,G,H
1n0g,A,B
1n0l,A,B
1n0l,C,D
1n0t,B,D
1n15,A,B
1n1c,A,B
1n1e,A,B
1n1q,A,B
1n20,A,B
1n22,A,B
1n23,A,B
1n2a,A,B
1n2b,A,B
1n2f,A,B
1n2g,A,B
1n2j,A,B
1n2o,A,B
1n32,B,H
1n32,C,J
1n32,C,N
1n32,E,H
1n32,F,R
1n32,J,N
1n32,K,R
1n32,M,S
1n33,B,H
1n33,C,J
1n33,C,N
1n33,D,E
1n33,E,H
1n33,F,R
1n33,J,N
1n33,K,R
1n33,M,S
1n3e,A,B
1n3e,G,H
1n3i,A,B
1n3i,A,C
1n3i,B,C
1n3p,A,B
1n3s,A,B
1n3s,A,E
1n3s,B,C
1n3s,C,D
1n3s,D,E
1n4p,A,B
1n4p,C,D
1n4p,E,F
1n4p,G,H
1n4p,I,J
1n4p,K,L
1n4q,E,F
1n4q,I,J
1n4q,K,L
1n4r,A,B
1n4r,G,H
1n4r,K,L
1n54,A,B
1n5t,A,B
1n61,A,B
1n61,A,C
1n61,B,C
1n61,B,E
1n61,D,E
1n61,D,F
1n61,E,F
1n69,A,B
1n6e,A,C
1n6e,A,E
1n6e,A,G
1n6e,A,I
1n6e,C,G
1n6e,C,I
1n6e,C,K
1n6e,E,G
1n6e,E,I
1n6e,E,K
1n6e,G,K
1n6e,I,K
1n6f,A,B
1n6f,A,C
1n6f,A,D
1n6f,A,E
1n6f,B,D
1n6f,B,E
1n6f,B,F
1n6f,C,D
1n6f,C,E
1n6f,C,F
1n6f,D,F
1n6f,E,F
1n6m,A,B
1n73,A,B
1n73,A,C
1n73,B,C
1n73,C,F
1n73,D,E
1n73,D,F
1n73,E,F
1n7s,A,B
1n7s,A,C
1n7s,A,D
1n7s,B,C
1n7s,B,D
1n7s,C,D
1n7z,A,B
1n7z,C,D
1n86,A,B
1n86,A,C
1n86,B,C
1n86,C,F
1n86,D,E
1n86,D,F
1n86,E,F
1n8b,A,B
1n8b,C,D
1n8f,A,B
1n8f,C,D
1n8j,K,L
1n8j,K,N
1n8j,L,O
1n8j,M,N
1n8j,M,T
1n8j,O,P
1n8j,P,R
1n8j,Q,R
1n8j,Q,S
1n8j,S,T
1n8p,A,B
1n8p,A,C
1n8p,A,D
1n8p,B,C
1n8p,B,D
1n8p,C,D
1n8t,A,B
1n99,A,B
1n9a,A,B
1n9e,A,B
1n9e,C,D
1n9k,A,B
1n9r,A,B
1n9r,A,G
1n9r,B,C
1n9r,C,D
1n9r,D,E
1n9r,E,F
1n9r,F,G
1n9s,A,B
1n9s,A,G
1n9s,B,C
1n9s,C,D
1n9s,D,E
1n9s,E,F
1n9s,F,G
1n9s,H,I
1n9s,H,N
1n9s,I,J
1n9s,J,K
1n9s,K,L
1n9s,L,M
1n9s,M,N
1n9y,A,B
1n9y,A,D
1n9y,B,C
1n9y,C,D
1na1,A,B
1na1,A,C
1na1,A,D
1na1,B,C
1na1,B,D
1na1,C,D
1na8,A,B
1naq,A,B
1naq,A,C
1naq,A,E
1naq,B,C
1naq,B,D
1naq,C,F
1naq,D,E
1naq,D,F
1naq,E,F
1naw,A,B
1nay,A,B
1nay,A,C
1nay,B,C
1nbi,A,B
1nbi,A,D
1nbi,B,C
1nbi,C,D
1nbm,A,D
1nbm,A,E
1nbm,A,G
1nbm,B,E
1nbm,B,F
1nbm,B,G
1nbm,C,D
1nbm,C,F
1nbm,D,G
1nbm,E,G
1nbm,F,G
1nbo,A,B
1nc3,A,B
1nc7,A,B
1nc7,A,D
1nc7,B,C
1nc7,C,D
1nc9,A,B
1nc9,A,D
1nc9,B,C
1nc9,C,D
1nce,A,B
1nch,A,B
1ncq,A,B
1ncq,A,C
1ncq,A,D
1ncq,B,C
1ncq,B,D
1ncq,C,D
1nd2,A,B
1nd2,A,C
1nd2,A,D
1nd2,B,C
1nd2,C,D
1nd4,A,B
1nd5,A,B
1nd5,A,C
1nd6,A,B
1nd6,A,C
1nd6,A,D
1nd6,B,D
1nd6,C,D
1ndj,A,B
1ndj,A,D
1ndj,B,C
1ndj,C,D
1ndl,A,B
1ndl,A,C
1ndl,B,C
1ndo,A,B
1ndo,A,C
1ndo,A,E
1ndo,B,D
1ndo,B,F
1ndo,C,D
1ndo,C,E
1ndo,D,F
1ndo,E,F
1ne2,A,B
1ne7,A,B
1ne7,A,C
1ne7,A,D
1ne7,B,C
1ne7,B,F
1ne7,C,E
1ne7,D,E
1ne7,D,F
1ne7,E,F
1nek,A,B
1nek,B,C
1nek,B,D
1nek,C,D
1nex,C,D
1nf0,A,B
1nf4,A,B
1nf4,A,N
1nf4,B,G
1nf4,B,H
1nf4,B,N
1nf4,C,D
1nf4,C,E
1nf4,D,E
1nf4,E,F
1nf4,E,P
1nf4,F,K
1nf4,F,L
1nf4,F,P
1nf4,G,H
1nf4,G,I
1nf4,G,M
1nf4,G,N
1nf4,H,I
1nf4,I,J
1nf4,K,L
1nf4,K,O
1nf4,K,P
1nf4,M,N
1nf4,O,P
1nf6,A,B
1nf6,M,N
1nfh,A,B
1ng0,A,C
1ng0,B,C
1ng4,A,B
1ng9,A,B
1ni0,B,C
1nir,A,B
1niu,A,B
1nji,1,C
1nji,D,L
1nji,G,K
1nji,H,N
1nji,L,V
1nji,O,R
1nji,T,W
1njt,A,B
1njt,C,D
1nju,A,B
1nju,A,D
1nju,C,D
1nk1,A,B
1nkp,D,E
1nkq,A,B
1nkq,C,D
1nkq,E,F
1nkt,A,B
1nlw,A,B
1nlx,D,F
1nlx,M,N
1nlz,A,B
1nlz,A,F
1nlz,B,C
1nlz,C,D
1nlz,D,E
1nlz,E,F
1nne,A,B
1nno,A,B
1nnr,A,B
1nns,A,B
1nnu,A,C
1nnu,A,D
1nnu,B,C
1nnu,B,D
1nnu,C,D
1np3,A,B
1np3,B,C
1np3,C,D
1np8,A,B
1npb,C,D
1npb,E,F
1npd,A,B
1npe,A,B
1npn,A,B
1npn,A,C
1npn,B,C
1npo,A,C
1npp,A,B
1npv,A,B
1npw,A,B
1nq3,D,E
1nq3,D,F
1nq3,E,F
1nq5,O,Q
1nql,A,B
1nqm,A,B
1nqm,A,C
1nqm,B,D
1nqm,C,D
1nqo,A,C
1nqo,O,Q
1nqu,A,B
1nqu,A,E
1nqu,B,C
1nqu,C,D
1nqu,D,E
1nqx,A,B
1nqx,A,E
1nqx,B,C
1nqx,C,D
1nqx,D,E
1ns0,A,B
1ns7,A,B
1nse,A,B
1nsl,A,B
1nsl,A,D
1nsl,B,E
1nsl,C,D
1nsl,C,F
1nsl,E,F
1nsm,A,B
1nsq,A,B
1nsq,A,C
1nsq,B,C
1nsr,A,B
1nsu,A,B
1nsv,A,B
1nsy,A,B
1nu3,A,B
1nu6,A,B
1nu8,A,B
1nua,A,B
1nuu,A,B
1nva,A,B
1nvd,A,B
1nve,C,D
1nvj,A,B
1nvj,C,D
1nvt,A,B
1nw1,A,B
1nw4,A,B
1nw4,B,C
1nwh,A,B
1nwo,A,B
1nyr,A,B
1nyt,A,C
1nz0,B,D
1nzb,A,B
1nzb,A,F
1nzb,B,E
1nzb,E,F
1nzi,A,B
1nzx,A,B
1nzx,A,C
1nzx,A,D
1nzx,B,C
1nzx,B,D
1nzx,C,D
1nzx,E,F
1nzx,E,G
1nzx,E,H
1nzx,F,G
1nzx,F,H
1nzx,G,H
1nzz,A,B
1nzz,A,C
1nzz,A,D
1nzz,B,C
1nzz,B,D
1nzz,C,D
1nzz,E,F
1nzz,E,G
1nzz,E,H
1nzz,F,G
1nzz,F,H
1nzz,G,H
1o00,A,B
1o00,A,C
1o00,A,D
1o00,B,C
1o00,B,D
1o00,C,D
1o01,A,B
1o01,A,C
1o01,A,D
1o01,B,C
1o01,B,D
1o01,C,D
1o01,E,F
1o01,E,G
1o01,E,H
1o01,F,G
1o01,F,H
1o01,G,H
1o02,A,B
1o02,A,C
1o02,A,D
1o02,B,C
1o02,B,D
1o02,C,D
1o0v,A,B
1o0w,A,B
1o17,A,D
1o17,B,C
1o1h,A,B
1o1t,A,B
1o25,A,B
1o25,A,D
1o25,B,C
1o25,C,D
1o29,A,B
1o29,A,D
1o29,B,C
1o29,C,D
1o2b,A,B
1o2b,A,D
1o2b,B,C
1o2b,C,D
1o57,A,B
1o5k,A,B
1o5q,A,B
1o5q,A,C
1o5q,A,D
1o5q,B,C
1o5q,B,D
1o5q,C,D
1o5x,A,B
1o63,A,B
1o64,A,B
1o68,A,C
1o68,A,E
1o68,B,D
1o68,B,E
1o68,C,D
1o69,A,B
1o6e,A,B
1o6i,A,B
1o6j,A,B
1o7h,A,B
1o7n,A,B
1o7p,A,B
1o7x,C,D
1o7y,A,B
1o7y,A,C
1o7y,B,D
1o7y,C,D
1o80,A,B
1o84,A,B
1o8o,A,B
1o8o,A,C
1o8o,B,C
1o90,A,B
1o93,A,B
1o96,Q,Z
1o97,C,D
1o9i,A,B
1o9i,A,C
1o9i,A,D
1o9i,A,E
1o9i,A,F
1o9i,B,C
1o9i,B,D
1o9i,B,E
1o9i,B,F
1o9i,C,D
1o9i,C,E
1o9i,C,F
1o9i,D,E
1o9i,D,F
1o9i,E,F
1o9j,A,B
1o9j,A,C
1o9j,A,D
1o9j,B,C
1o9j,B,D
1o9j,C,D
1o9p,A,B
1o9y,A,B
1o9y,A,D
1o9y,B,C
1oab,A,B
1oan,A,B
1oat,A,B
1obq,A,B
1oc9,A,B
1occ,A,B
1occ,A,C
1occ,A,D
1occ,A,F
1occ,A,G
1occ,A,J
1occ,A,K
1occ,A,T
1occ,B,D
1occ,B,E
1occ,B,H
1occ,B,I
1occ,C,F
1occ,C,G
1occ,C,J
1occ,D,E
1occ,D,I
1occ,D,K
1occ,E,I
1occ,G,N
1occ,H,U
1occ,N,O
1occ,N,P
1occ,N,Q
1occ,N,S
1occ,N,T
1occ,N,W
1occ,N,X
1occ,O,Q
1occ,O,R
1occ,O,U
1occ,O,V
1occ,P,S
1occ,P,T
1occ,P,W
1occ,Q,R
1occ,Q,V
1occ,Q,X
1occ,R,V
1och,A,B
1ock,A,B
1ocm,A,B
1ocv,C,D
1ocz,A,B
1ocz,A,C
1ocz,A,D
1ocz,A,F
1ocz,A,G
1ocz,A,J
1ocz,A,K
1ocz,A,T
1ocz,B,D
1ocz,B,E
1ocz,B,H
1ocz,B,I
1ocz,C,F
1ocz,C,G
1ocz,C,J
1ocz,D,E
1ocz,D,I
1ocz,D,K
1ocz,E,I
1ocz,G,N
1ocz,H,U
1ocz,N,O
1ocz,N,P
1ocz,N,Q
1ocz,N,S
1ocz,N,T
1ocz,N,W
1ocz,N,X
1ocz,O,Q
1ocz,O,R
1ocz,O,U
1ocz,O,V
1ocz,P,S
1ocz,P,T
1ocz,P,W
1ocz,Q,R
1ocz,Q,V
1ocz,Q,X
1ocz,R,V
1od5,A,B
1odb,A,B
1odb,C,D
1odb,E,F
1odi,A,B
1odi,A,F
1odi,B,C
1odi,C,D
1odi,D,E
1odi,E,F
1odk,A,B
1odk,A,F
1odk,B,C
1odk,C,D
1odk,D,E
1odk,E,F
1odl,A,B
1odl,A,F
1odl,B,C
1odl,C,D
1odl,D,E
1odl,E,F
1ods,C,D
1ods,C,F
1ods,C,G
1ods,C,H
1ods,D,E
1ods,D,F
1ods,D,H
1ods,E,F
1ods,E,G
1ods,E,H
1ods,F,G
1ods,G,H
1odw,A,B
1oe0,C,D
1oe5,A,B
1oe8,A,B
1ofb,A,B
1ofi,B,C
1ofi,B,H
1ofi,B,I
1ofi,C,I
1ofi,H,I
1ofi,H,M
1ofi,H,N
1ofi,I,N
1ofi,M,N
1ofo,A,B
1ofs,A,C
1og0,A,B
1og0,A,C
1og0,B,D
1og0,C,D
1og0,E,F
1og0,E,G
1og0,F,H
1og0,G,H
1ogf,A,B
1ogf,A,E
1ogf,B,C
1ogf,C,D
1ogf,D,E
1ogk,A,B
1ogk,D,E
1ogp,A,B
1ogp,C,D
1ogp,E,F
1oh2,P,Q
1oh2,P,R
1oh2,Q,R
1oh5,A,B
1oh8,A,B
1ohp,A,B
1ohp,C,D
1ohs,A,B
1ohs,C,D
1ohv,A,B
1ohv,C,D
1ohw,C,D
1ohy,A,B
1ohy,C,D
1oi4,A,B
1oih,A,B
1oih,A,D
1oih,B,C
1oih,C,D
1oik,A,D
1oj7,B,C
1ojc,A,B
1ojh,E,F
1ojl,A,B
1ojl,B,C
1ojl,D,E
1ojl,E,F
1oki,A,B
1oko,A,B
1oko,A,D
1oko,B,C
1oko,C,D
1okt,A,B
1olo,A,B
1olu,A,B
1olx,A,B
1olz,A,B
1omi,A,B
1omo,A,B
1oms,A,B
1oms,A,C
1omx,A,B
1omz,A,B
1opa,A,B
1ope,A,B
1opf,A,B
1opf,A,C
1opf,B,C
1opf,D,E
1opf,D,F
1opf,E,F
1opx,A,B
1oqc,A,C
1oqu,A,B
1or0,A,B
1or0,C,D
1or4,A,B
1orj,A,C
1orj,A,D
1orj,B,D
1orr,A,B
1orr,A,C
1orr,B,D
1orr,C,D
1ort,A,D
1ort,A,E
1ort,A,I
1ort,A,K
1ort,A,L
1ort,B,E
1ort,B,F
1ort,B,G
1ort,B,J
1ort,B,L
1ort,C,D
1ort,C,F
1ort,C,H
1ort,C,J
1ort,C,K
1ort,D,E
1ort,D,F
1ort,D,K
1ort,E,F
1ort,E,L
1ort,F,J
1ort,G,H
1ort,G,I
1ort,G,J
1ort,G,L
1ort,H,I
1ort,H,J
1ort,H,K
1ort,I,K
1ort,I,L
1oru,A,B
1orw,A,B
1orw,A,C
1orw,B,D
1orw,C,D
1otc,A,B
1ou0,A,B
1ou0,A,D
1ou0,B,C
1ou0,C,D
1ou5,A,B
1ou9,B,C
1ouz,A,B
1ov3,A,B
1ov8,A,B
1ov8,C,D
1ovm,A,B
1ovm,A,C
1ovm,B,D
1ovm,C,D
1ovr,C,D
1ovu,C,D
1ow7,A,B
1ow7,B,C
1owf,A,B
1ows,A,B
1ox7,A,B
1oxb,A,B
1oxk,E,F
1oxk,G,H
1oxk,I,J
1oy0,A,B
1oy0,A,C
1oy0,B,D
1oy0,C,E
1oy0,D,E
1oy1,A,B
1oyf,A,B
1oyj,A,B
1oyj,C,D
1oyp,A,B
1oyp,A,F
1oyp,B,C
1oyp,C,D
1oyp,D,E
1oyp,E,F
1oyr,A,B
1oyr,A,F
1oyr,B,C
1oyr,C,D
1oyr,D,E
1oyr,E,F
1ozb,A,B
1ozb,A,C
1ozb,B,C
1ozb,B,D
1ozb,C,D
1ozb,E,F
1ozb,E,G
1ozb,F,G
1ozb,F,H
1ozb,G,H
1p0f,A,B
1p0v,A,B
1p18,A,B
1p1b,C,D
1p1c,A,B
1p1h,A,B
1p1h,A,C
1p1h,A,D
1p1h,B,C
1p1h,B,D
1p1h,C,D
1p1i,A,B
1p1j,A,B
1p1k,A,B
1p1q,A,C
1p1r,A,B
1p1w,A,B
1p22,A,B
1p43,A,B
1p44,C,D
1p44,C,E
1p44,C,F
1p44,D,E
1p44,D,F
1p44,E,F
1p4a,A,B
1p4o,A,B
1p5t,A,B
1p5u,A,B
1p5u,A,C
1p5u,B,C
1p65,A,B
1p6i,A,B
1p6j,A,B
1p6k,A,B
1p6n,A,B
1p6x,A,B
1p73,A,B
1p73,C,D
1p78,A,B
1p7h,L,M
1p7h,N,O
1p7o,A,E
1p7o,A,F
1p7o,B,F
1p7z,A,B
1p7z,A,C
1p7z,A,D
1p7z,B,C
1p7z,B,D
1p7z,C,D
1p8o,A,B
1p8o,A,C
1p8o,B,C
1p8p,A,B
1p8p,A,C
1p8p,B,C
1p8q,A,B
1p8q,A,C
1p8q,B,C
1p9n,A,B
1p9o,A,B
1p9u,A,B
1pa0,A,B
1pa3,A,B
1par,A,B
1par,B,D
1par,C,D
1pbo,A,B
1pby,A,B
1pby,A,C
1pby,B,C
1pdk,A,B
1pdw,E,F
1ped,A,B
1ped,A,C
1ped,A,D
1ped,B,C
1ped,B,D
1ped,C,D
1per,L,R
1pfk,A,B
1pg5,A,B
1pge,A,B
1pgj,A,B
1pgl,1,2
1pgr,A,B
1pgr,A,D
1pgr,C,D
1pgr,E,F
1pgr,E,H
1pgr,G,H
1pgw,1,2
1ph4,A,B
1phj,A,B
1piu,A,B
1piy,A,B
1piz,A,B
1pj1,A,B
1pjl,A,B
1pjl,A,C
1pjl,A,D
1pjl,B,C
1pjl,B,D
1pjl,C,D
1pjl,E,F
1pjl,E,G
1pjl,E,H
1pjl,F,G
1pjl,F,H
1pjl,G,H
1pjq,A,B
1pk6,A,B
1pk6,A,C
1pk6,B,C
1pk8,A,B
1pk8,A,C
1pk8,B,D
1pk8,C,D
1pk8,E,F
1pk8,E,H
1pk8,F,G
1pk8,G,H
1pkl,A,B
1pkl,A,C
1pkl,B,D
1pkl,C,D
1pkv,A,B
1pkz,A,B
1pl0,A,B
1pl1,A,B
1pl4,A,B
1pl4,A,C
1pl4,A,D
1pl4,B,C
1pl4,B,D
1pl4,C,D
1pl6,A,B
1pl6,A,D
1pl6,C,D
1pl7,A,B
1pl7,A,D
1pl7,C,D
1pm2,A,B
1pm7,A,B
1pmm,A,B
1pmm,A,C
1pmm,A,E
1pmm,A,F
1pmm,B,C
1pmm,B,D
1pmm,B,F
1pmm,C,D
1pmm,C,E
1pmm,D,E
1pmm,D,F
1pmm,E,F
1pn2,A,B
1pn2,C,D
1pn4,C,D
1pnk,A,B
1pnl,A,B
1pnm,A,B
1po1,1,3
1po1,1,4
1po1,2,3
1po1,2,4
1po1,3,4
1poi,A,B
1poi,A,C
1poi,A,D
1poi,B,C
1poi,C,D
1poy,1,2
1poy,3,4
1pp2,L,R
1ppr,M,N
1ppr,M,O
1ppr,N,O
1ppv,A,B
1ppw,A,B
1pq9,A,B
1pq9,C,D
1pqu,A,D
1pqu,B,C
1pr9,A,B
1prh,A,B
1pro,A,B
1prx,A,B
1psd,A,B
1psr,A,B
1pss,H,L
1pss,H,M
1pss,L,M
1pt0,A,B
1pt7,A,B
1pt8,A,B
1pth,A,B
1ptm,A,B
1pts,A,B
1puf,A,B
1puu,A,B
1pv2,E,F
1pv2,G,H
1pvm,A,B
1pvq,A,B
1pvw,A,B
1pwb,A,B
1pwb,A,C
1pwb,B,C
1pwe,A,B
1pwe,C,D
1pwe,E,F
1pwo,A,C
1pwo,A,D
1pwo,B,C
1pwo,B,D
1pww,A,B
1pyb,A,B
1pyb,C,D
1pyg,A,B
1pyg,A,D
1pyg,B,C
1pyg,C,D
1pym,A,B
1pyp,A,B
1pyq,A,B
1pyx,A,B
1pz2,A,B
1pzh,A,B
1pzh,A,C
1pzh,A,D
1pzh,B,C
1pzh,B,D
1pzh,C,D
1pzk,D,E
1pzk,D,H
1pzk,E,F
1pzk,F,G
1pzk,G,H
1q08,A,B
1q0g,A,B
1q0g,A,C
1q0g,A,D
1q0g,A,F
1q0g,B,C
1q0g,B,D
1q0g,B,E
1q0g,C,E
1q0g,C,F
1q0g,D,E
1q0g,D,F
1q0g,E,F
1q0g,G,H
1q0g,G,I
1q0g,G,J
1q0g,G,L
1q0g,H,I
1q0g,H,J
1q0g,H,K
1q0g,I,K
1q0g,I,L
1q0g,J,K
1q0g,J,L
1q0g,K,L
1q0m,A,B
1q0m,A,C
1q0m,A,D
1q0m,A,F
1q0m,B,C
1q0m,B,D
1q0m,B,E
1q0m,C,E
1q0m,C,F
1q0m,D,E
1q0m,D,F
1q0m,E,F
1q15,A,B
1q15,A,D
1q15,B,C
1q15,C,D
1q17,A,B
1q17,A,C
1q17,B,C
1q18,A,B
1q1b,C,D
1q1g,A,B
1q1g,A,F
1q1g,B,C
1q1g,C,D
1q1g,D,E
1q1g,E,F
1q1l,A,B
1q1l,A,C
1q1l,A,D
1q1l,B,C
1q1l,B,D
1q1l,C,D
1q2o,A,B
1q2w,A,B
1q2x,A,B
1q3d,A,B
1q3e,A,B
1q3p,A,B
1q3q,A,B
1q3q,A,C
1q3q,B,D
1q3q,C,D
1q3r,A,B
1q3r,A,C
1q3r,B,D
1q3r,C,D
1q3s,A,B
1q3s,A,H
1q3s,B,C
1q3s,C,D
1q3s,D,E
1q3s,E,F
1q3s,F,G
1q3s,G,H
1q3u,A,B
1q3u,A,F
1q3u,B,E
1q3u,E,F
1q3v,A,B
1q3v,A,F
1q3v,B,E
1q3v,E,F
1q3w,A,B
1q40,A,B
1q40,C,D
1q4g,A,B
1q4t,A,B
1q5q,A,B
1q5q,A,G
1q5q,A,H
1q5q,A,I
1q5q,B,C
1q5q,B,I
1q5q,B,J
1q5q,C,D
1q5q,C,J
1q5q,C,K
1q5q,D,E
1q5q,D,K
1q5q,D,L
1q5q,E,F
1q5q,E,L
1q5q,E,M
1q5q,F,G
1q5q,F,M
1q5q,F,N
1q5q,G,H
1q5q,G,N
1q5q,H,I
1q5q,H,N
1q5q,I,J
1q5q,J,K
1q5q,K,L
1q5q,L,M
1q5q,M,N
1q5t,A,B
1q5u,X,Y
1q5u,X,Z
1q5u,Y,Z
1q5y,A,B
1q5y,A,C
1q5y,B,D
1q5y,C,D
1q77,A,B
1q7c,A,B
1q7g,A,B
1q7s,A,B
1q7y,1,C
1q7y,D,L
1q7y,G,K
1q7y,H,N
1q7y,L,V
1q7y,O,R
1q7y,T,W
1q81,1,C
1q81,D,L
1q81,G,K
1q81,H,N
1q81,L,V
1q81,O,R
1q81,T,W
1q86,1,C
1q86,D,L
1q86,G,K
1q86,H,N
1q86,L,V
1q86,O,R
1q86,T,W
1q8f,A,B
1q8f,A,C
1q8f,B,D
1q8f,C,D
1q8s,A,B
1q90,A,D
1q90,B,D
1q90,C,D
1q95,A,B
1q95,A,C
1q95,A,G
1q95,B,C
1q95,B,H
1q95,C,I
1q95,D,E
1q95,D,F
1q95,D,J
1q95,E,F
1q95,E,K
1q95,F,L
1q95,G,J
1q95,H,K
1q95,I,L
1q98,A,B
1q9u,A,B
1qa7,A,B
1qa7,B,C
1qa7,C,D
1qae,A,B
1qag,A,B
1qaj,A,B
1qap,A,B
1qbe,A,B
1qbe,A,C
1qbe,B,C
1qbg,A,B
1qbz,A,B
1qbz,A,C
1qbz,B,C
1qcb,D,E
1qcb,D,H
1qcb,E,F
1qcb,F,G
1qcb,G,H
1qd1,A,B
1qdb,A,B
1qdn,A,B
1qdn,A,C
1qdn,B,C
1qdo,A,B
1qdo,A,C
1qdo,B,D
1qdo,C,D
1qg7,A,B
1qgn,E,F
1qgn,E,G
1qgn,E,H
1qgn,F,G
1qgn,F,H
1qgn,G,H
1qgw,A,B
1qgw,A,C
1qgw,A,D
1qgw,B,D
1qh3,A,B
1qh5,A,B
1qha,A,B
1qhf,A,B
1qhm,A,B
1qi6,A,B
1qi6,A,C
1qi6,A,D
1qi6,B,C
1qi6,B,D
1qi6,C,D
1qjx,1,2
1qjx,1,3
1qjx,1,4
1qjx,2,3
1qjx,3,4
1qjy,1,3
1qjy,1,4
1qjy,3,4
1qlu,A,B
1qmh,A,B
1qmi,C,D
1qmv,A,B
1qmv,A,D
1qmv,B,E
1qmv,C,D
1qmv,C,H
1qmv,E,F
1qmv,F,I
1qmv,G,H
1qmv,G,J
1qmv,I,J
1qni,A,B
1qni,E,F
1qnw,A,B
1qnw,A,C
1qnw,B,D
1qnw,C,D
1qo7,A,B
1qo8,A,D
1qol,A,C
1qol,B,D
1qol,E,H
1qol,F,G
1qoo,A,B
1qoo,A,C
1qoo,B,D
1qoo,C,D
1qou,A,B
1qov,H,L
1qov,H,M
1qov,L,M
1qox,I,J
1qox,I,L
1qox,I,M
1qox,J,K
1qox,J,P
1qox,K,L
1qox,K,O
1qox,L,N
1qox,M,N
1qox,M,P
1qox,N,O
1qox,O,P
1qp9,A,B
1qp9,C,D
1qpb,A,B
1qpo,A,B
1qpo,C,D
1qpo,E,F
1qpr,C,D
1qq5,A,B
1qq6,A,B
1qqg,A,B
1qr7,A,B
1qr7,A,C
1qr7,B,D
1qr7,C,D
1qs0,A,B
1qsg,E,F
1qsg,E,G
1qsg,E,H
1qsg,F,G
1qsg,F,H
1qsg,G,H
1qsm,A,B
1qsm,A,C
1qsm,B,D
1qsm,C,D
1qso,A,B
1qun,A,B
1qun,B,P
1qun,C,D
1qun,E,F
1qun,G,H
1qun,I,J
1qun,K,L
1qun,M,N
1qun,O,P
1qv7,A,B
1qv9,A,B
1qv9,A,C
1qv9,B,C
1qvf,A,Y
1qvf,B,J
1qvf,E,I
1qvf,F,L
1qvf,J,T
1qvf,M,P
1qvf,R,U
1qvi,A,Y
1qvi,A,Z
1qvn,A,C
1qvn,B,D
1qvr,A,B
1qvr,B,C
1qvt,D,E
1qvu,A,B
1qvu,D,E
1qw9,A,B
1qwj,A,B
1qwj,C,D
1qwm,A,B
1qws,A,B
1qws,A,C
1qws,A,D
1qws,B,C
1qws,B,D
1qws,C,D
1qwt,A,B
1qx4,A,B
1qx5,B,K
1qx5,D,Y
1qx5,I,R
1qx7,A,B
1qxj,A,B
1qxs,A,B
1qxs,A,C
1qxs,A,D
1qxs,B,C
1qxs,B,D
1qxs,C,D
1qy9,A,B
1qy9,A,D
1qy9,C,D
1qzf,A,B
1r0e,A,B
1r0k,A,B
1r0k,C,D
1r0l,A,B
1r0l,C,D
1r0m,A,C
1r0m,B,D
1r0v,A,B
1r0v,C,D
1r0w,A,B
1r0y,A,B
1r0z,A,B
1r12,A,B
1r15,E,F
1r1l,I,L
1r1o,A,B
1r1o,A,C
1r1o,B,C
1r1r,A,B
1r1u,A,B
1r27,C,D
1r2f,A,B
1r2k,A,B
1r2r,A,B
1r2r,C,D
1r43,A,B
1r4i,A,B
1r4p,A,B
1r4p,A,C
1r4p,A,D
1r4p,A,E
1r4p,A,F
1r4p,B,C
1r4p,B,F
1r4p,C,D
1r4p,D,E
1r4p,E,F
1r4q,A,B
1r4q,A,C
1r4q,A,D
1r4q,A,E
1r4q,A,F
1r4q,B,C
1r4q,B,F
1r4q,B,J
1r4q,C,D
1r4q,C,I
1r4q,D,E
1r4q,D,H
1r4q,E,F
1r4q,E,G
1r4q,F,K
1r4q,G,H
1r4q,G,K
1r4q,G,L
1r4q,H,I
1r4q,H,L
1r4q,I,J
1r4q,I,L
1r4q,J,K
1r4q,J,L
1r4q,K,L
1r4w,A,B
1r4w,C,D
1r56,A,B
1r56,A,C
1r56,A,D
1r56,B,C
1r56,B,D
1r56,C,D
1r5j,A,B
1r6t,A,B
1r74,A,B
1r7a,A,B
1r7i,A,B
1r8y,A,B
1r8y,A,D
1r8y,B,C
1r8y,C,D
1r9d,A,B
1r9m,C,D
1rac,A,B
1rac,B,D
1rac,C,D
1raf,A,B
1raf,B,D
1raf,C,D
1rah,A,B
1rah,B,D
1rah,C,D
1rb7,A,B
1rba,A,B
1rbo,B,C
1rbo,B,E
1rbo,B,L
1rbo,B,S
1rbo,C,E
1rbo,C,F
1rbo,C,S
1rbo,E,F
1rbo,E,H
1rbo,F,H
1rbo,F,I
1rbo,H,I
1rbo,H,L
1rbo,I,L
1rbo,I,S
1rbo,L,S
1rc5,A,B
1rc5,C,D
1rc6,A,B
1rco,B,C
1rco,B,E
1rco,B,F
1rco,B,H
1rco,B,L
1rco,B,V
1rco,B,W
1rco,C,E
1rco,C,H
1rco,C,I
1rco,C,W
1rco,E,F
1rco,E,H
1rco,E,K
1rco,E,L
1rco,E,M
1rco,F,L
1rco,F,M
1rco,F,S
1rco,H,I
1rco,H,K
1rco,H,M
1rco,H,O
1rco,I,K
1rco,I,O
1rco,I,P
1rco,K,M
1rco,K,O
1rco,K,R
1rco,K,T
1rco,L,R
1rco,L,S
1rco,L,V
1rco,L,W
1rco,M,T
1rco,O,P
1rco,O,R
1rco,O,T
1rco,O,V
1rco,P,R
1rco,P,V
1rco,P,W
1rco,R,S
1rco,R,T
1rco,R,V
1rco,S,T
1rco,S,V
1rco,V,W
1rcv,D,E
1rcv,D,H
1rcv,E,F
1rcv,F,G
1rcv,G,H
1rcw,A,B
1rdi,1,2
1rdk,1,2
1rdo,1,2
1rdp,D,E
1rdp,D,H
1rdp,E,F
1rdp,F,G
1rdp,G,H
1rdz,A,B
1re3,A,B
1re3,A,C
1re3,B,C
1reg,X,Y
1rfb,A,B
1rfx,A,B
1rfx,A,C
1rfx,B,C
1rg5,H,L
1rg5,H,M
1rg5,L,M
1rgn,H,L
1rgn,H,M
1rgn,L,M
1rgq,A,B
1rh7,A,B
1rh7,A,C
1rh7,B,C
1rh7,D,E
1rh7,D,F
1rh7,E,F
1rj7,E,F
1rj7,E,G
1rj7,F,G
1rjm,A,B
1rjm,A,C
1rjm,B,C
1rjn,A,B
1rjn,A,C
1rjn,B,C
1rk4,A,B
1rk8,A,B
1rk8,A,C
1rk8,B,C
1rkw,A,B
1rlv,A,B
1rp3,E,F
1rp7,A,B
1rpe,L,R
1rpi,A,B
1rpw,A,B
1rpw,C,D
1rpx,A,B
1rpx,A,C
1rpx,B,C
1rq0,A,B
1rq0,A,C
1rq9,A,B
1rqd,A,B
1rqr,A,B
1rqr,A,C
1rqr,B,C
1rr9,A,B
1rr9,A,F
1rr9,B,C
1rr9,C,D
1rr9,D,E
1rr9,E,F
1rrm,A,B
1rs9,A,B
1rsc,A,B
1rsc,A,C
1rsc,A,D
1rsc,A,G
1rsc,A,J
1rsc,A,M
1rsc,A,P
1rsc,B,D
1rsc,B,G
1rsc,B,H
1rsc,B,I
1rsc,B,J
1rsc,B,P
1rsc,C,D
1rsc,C,E
1rsc,C,F
1rsc,C,K
1rsc,C,M
1rsc,C,N
1rsc,D,F
1rsc,D,J
1rsc,D,K
1rsc,D,M
1rsc,E,F
1rsc,E,G
1rsc,E,H
1rsc,E,L
1rsc,E,N
1rsc,E,O
1rsc,F,H
1rsc,F,K
1rsc,F,L
1rsc,F,N
1rsc,G,H
1rsc,G,I
1rsc,G,O
1rsc,G,P
1rsc,H,I
1rsc,H,L
1rsc,H,O
1rsc,I,J
1rsc,I,L
1rsc,J,K
1rsc,K,L
1rsc,M,N
1rsc,M,P
1rsc,N,O
1rsc,O,P
1rsg,A,B
1rud,1,3
1rud,1,4
1rud,2,3
1rud,2,4
1rud,3,4
1ruf,1,3
1ruf,1,4
1ruf,2,3
1ruf,3,4
1rug,1,3
1rug,2,3
1rug,3,4
1rui,1,2
1rui,1,3
1rui,1,4
1rui,2,3
1rui,2,4
1rui,3,4
1ruj,1,2
1ruj,1,4
1ruj,2,3
1ruj,2,4
1run,A,B
1rv1,A,B
1rv1,A,C
1rvb,A,B
1rvc,A,B
1rve,A,B
1rwb,A,B
1rwb,E,F
1rwk,A,B
1rwn,A,B
1rwp,A,B
1rwv,A,B
1rww,A,B
1rxj,A,B
1rxj,A,D
1rxj,B,C
1rxj,C,D
1rxq,A,B
1rxq,A,D
1rxq,B,C
1rxs,D,R
1rxs,D,d
1rxs,E,d
1rxs,E,e
1rxs,F,R
1rxs,F,e
1rxu,A,B
1rxu,A,F
1rxu,B,C
1rxu,C,D
1rxu,D,E
1rxu,E,F
1rxu,M,N
1rxu,M,R
1rxu,N,O
1rxu,O,P
1rxu,P,Q
1rxu,Q,R
1rxy,A,B
1ryp,1,2
1ryp,1,I
1ryp,1,J
1ryp,1,S
1ryp,1,T
1ryp,1,Z
1ryp,2,H
1ryp,2,I
1ryp,2,T
1ryp,2,U
1ryp,2,V
1ryp,A,B
1ryp,A,G
1ryp,A,H
1ryp,A,I
1ryp,B,C
1ryp,B,I
1ryp,B,J
1ryp,C,D
1ryp,C,J
1ryp,C,K
1ryp,D,E
1ryp,D,K
1ryp,D,L
1ryp,E,F
1ryp,E,L
1ryp,E,M
1ryp,F,G
1ryp,F,M
1ryp,F,N
1ryp,G,H
1ryp,G,N
1ryp,H,I
1ryp,H,N
1ryp,H,V
1ryp,I,J
1ryp,J,K
1ryp,J,Z
1ryp,K,L
1ryp,K,Y
1ryp,K,Z
1ryp,L,M
1ryp,L,X
1ryp,L,Y
1ryp,M,N
1ryp,M,W
1ryp,M,X
1ryp,N,V
1ryp,N,W
1ryp,O,P
1ryp,O,U
1ryp,O,V
1ryp,O,W
1ryp,P,Q
1ryp,P,W
1ryp,P,X
1ryp,Q,R
1ryp,Q,X
1ryp,Q,Y
1ryp,R,S
1ryp,R,Y
1ryp,R,Z
1ryp,S,T
1ryp,S,Z
1ryp,T,U
1ryp,U,V
1ryp,V,W
1ryp,W,X
1ryp,X,Y
1ryp,Y,Z
1ryw,A,B
1ryw,A,C
1ryw,A,D
1ryw,B,C
1ryw,B,D
1ryw,C,D
1ryw,E,F
1ryw,E,G
1ryw,E,H
1ryw,F,G
1ryw,F,H
1ryw,G,H
1ryz,A,F
1ryz,B,D
1ryz,B,F
1ryz,C,E
1rz0,A,B
1rz0,C,D
1rz0,E,F
1rz0,G,H
1rz1,C,D
1rzn,A,B
1rzo,A,B
1rzp,A,B
1rzp,A,C
1rzp,B,C
1s00,H,L
1s00,H,M
1s00,L,M
1s12,A,D
1s12,B,C
1s1a,A,B
1s1j,A,B
1s1m,A,B
1s20,A,B
1s20,C,D
1s20,E,F
1s20,G,H
1s26,A,D
1s26,B,E
1s2l,A,B
1s2l,A,C
1s2l,B,C
1s2t,A,B
1s2u,A,B
1s32,A,B
1s32,A,E
1s32,A,G
1s32,B,D
1s32,B,G
1s32,B,H
1s32,C,D
1s32,C,E
1s32,C,F
1s32,D,F
1s32,E,F
1s32,F,H
1s32,G,H
1s3b,A,B
1s3f,A,B
1s3f,A,C
1s3f,B,C
1s3o,A,B
1s3q,A,B
1s3q,A,D
1s3q,A,E
1s3q,A,F
1s3q,A,H
1s3q,B,D
1s3q,B,G
1s3q,C,D
1s3q,C,E
1s3q,D,E
1s3q,E,F
1s3q,G,H
1s3q,G,J
1s3q,G,K
1s3q,G,L
1s3q,H,J
1s3q,I,J
1s3q,I,K
1s3q,J,K
1s3q,K,L
1s3r,A,B
1s3s,A,E
1s3s,A,F
1s3s,B,D
1s3s,B,F
1s3s,B,H
1s3s,C,D
1s3s,C,E
1s3s,F,G
1s55,A,B
1s55,A,C
1s55,B,C
1s57,A,B
1s57,A,C
1s57,A,D
1s57,B,C
1s57,B,F
1s57,C,E
1s57,D,E
1s57,D,F
1s57,E,F
1s5c,A,E
1s5c,A,F
1s5c,A,G
1s5c,D,E
1s5c,D,H
1s5c,E,F
1s5c,F,G
1s5c,G,H
1s5d,A,E
1s5d,A,F
1s5d,A,G
1s5d,A,H
1s5d,D,E
1s5d,D,H
1s5d,E,F
1s5d,F,G
1s5d,G,H
1s5u,A,B
1s5u,A,C
1s5u,A,D
1s5u,B,C
1s5u,B,D
1s5u,C,D
1s5u,E,F
1s5u,E,G
1s5u,E,H
1s5u,F,G
1s5u,F,H
1s5u,G,H
1s5z,A,D
1s5z,A,E
1s5z,A,F
1s5z,B,C
1s5z,B,D
1s5z,B,E
1s5z,C,D
1s5z,C,F
1s5z,E,F
1s66,L,U
1s96,A,B
1s98,A,B
1s9a,A,B
1s9c,G,H
1s9c,I,J
1s9c,K,L
1s9r,A,B
1sa5,A,B
1sac,A,B
1sac,A,E
1sac,B,C
1sac,C,D
1sac,D,E
1sb3,A,B
1sb3,A,C
1sb3,A,D
1sb3,A,F
1sb3,B,C
1sb3,C,D
1sb3,C,F
1sb3,D,E
1sb3,D,F
1sb3,E,F
1sbg,A,B
1scf,A,B
1scf,C,D
1sd6,A,B
1sdu,A,B
1sed,A,B
1sed,A,C
1sed,B,C
1ser,A,B
1sfc,A,B
1sfc,A,C
1sfc,A,D
1sfc,B,C
1sfc,B,D
1sfc,C,D
1sft,A,B
1sfx,A,B
1sg0,A,B
1sg9,A,C
1sh8,A,B
1sh9,A,B
1shk,A,B
1shn,A,B
1siv,A,B
1sj1,A,B
1sj9,A,E
1sj9,A,F
1sj9,B,D
1sj9,B,F
1sj9,C,D
1sj9,C,E
1sja,A,B
1sja,B,C
1sja,C,D
1sjc,A,B
1sjc,B,C
1sjc,C,D
1sji,A,B
1sjm,A,B
1sjm,A,C
1sjm,B,C
1sk6,A,D
1sk6,B,E
1sk6,C,F
1slc,A,B
1slc,C,D
1slq,D,E
1slq,D,F
1slq,E,F
1slt,A,B
1smk,E,F
1smx,A,B
1sn8,A,B
1so5,A,B
1soj,A,B
1soj,C,D
1soj,E,F
1soj,G,H
1soj,I,J
1soj,K,L
1sq3,A,B
1sq3,A,D
1sq3,A,E
1sq3,A,F
1sq3,A,H
1sq3,B,D
1sq3,B,G
1sq3,C,D
1sq3,C,E
1sq3,D,E
1sq3,E,F
1sq3,G,H
1sq3,G,J
1sq3,G,K
1sq3,G,L
1sq3,H,J
1sq3,I,J
1sq3,I,K
1sq3,J,K
1sq3,K,L
1sq4,A,B
1sq5,A,D
1sq7,A,B
1sqb,A,B
1sqb,A,C
1sqb,A,E
1sqb,A,G
1sqb,A,I
1sqb,A,J
1sqb,A,K
1sqb,B,I
1sqb,C,D
1sqb,C,E
1sqb,C,F
1sqb,C,G
1sqb,D,E
1sqb,D,F
1sqb,D,G
1sqb,D,H
1sqb,D,J
1sqb,E,G
1sqb,E,J
1sqb,F,G
1sqb,J,K
1sqe,A,B
1sql,A,B
1sql,A,D
1sql,A,H
1sql,B,C
1sql,B,G
1sql,C,D
1sql,C,F
1sql,D,E
1sql,E,F
1sql,E,H
1sql,F,G
1sql,G,H
1sqs,A,B
1sr4,A,B
1sr4,A,C
1sr4,B,C
1sr6,A,B
1sr6,A,C
1sr9,A,B
1sre,A,B
1srh,A,B
1ss8,A,B
1ss8,A,G
1ss8,B,C
1ss8,C,D
1ss8,D,E
1ss8,E,F
1ss8,F,G
1ssd,A,B
1ssq,A,D
1st0,A,B
1stx,A,B
1stz,A,B
1stz,A,C
1stz,B,C
1su5,A,B
1sus,A,C
1sux,A,B
1sv0,A,C
1sv0,B,D
1svl,A,B
1svl,B,C
1svm,A,B
1svm,A,F
1svm,B,C
1svm,C,D
1svm,D,E
1svm,E,F
1svx,A,B
1swb,A,B
1swb,A,D
1swb,B,C
1swb,C,D
1swc,A,B
1swc,A,D
1swc,B,C
1swc,C,D
1swd,A,B
1swd,A,D
1swd,B,C
1swd,C,D
1swe,A,B
1swe,A,D
1swe,B,C
1swe,C,D
1swk,A,B
1swk,A,D
1swk,B,C
1swk,C,D
1swl,A,B
1swl,A,D
1swl,B,C
1swl,C,D
1swn,A,B
1swn,A,D
1swn,B,C
1swn,C,D
1swp,A,B
1swp,A,D
1swp,B,C
1swp,C,D
1swr,A,B
1swr,A,D
1swr,B,C
1swr,C,D
1sx3,A,B
1sx3,A,G
1sx3,B,C
1sx3,C,D
1sx3,D,E
1sx3,E,F
1sx3,F,G
1sx3,H,I
1sx3,H,N
1sx3,I,J
1sx3,J,K
1sx3,K,L
1sx3,L,M
1sx3,M,N
1sx4,A,B
1sx4,A,G
1sx4,A,O
1sx4,B,C
1sx4,B,P
1sx4,C,D
1sx4,C,Q
1sx4,D,E
1sx4,D,R
1sx4,E,F
1sx4,E,S
1sx4,F,G
1sx4,F,T
1sx4,G,U
1sx4,H,I
1sx4,H,N
1sx4,I,J
1sx4,J,K
1sx4,K,L
1sx4,L,M
1sx4,M,N
1sx4,O,P
1sx4,O,U
1sx4,P,Q
1sx4,Q,R
1sx4,R,S
1sx4,S,T
1sx4,T,U
1sx5,A,B
1sx8,A,B
1sxg,A,D
1sxg,B,I
1sxh,A,D
1sxi,K,L
1sxi,M,N
1sy7,A,B
1szg,A,B
1szk,A,B
1szk,A,C
1szk,B,D
1szk,C,D
1szo,A,B
1szo,A,C
1szo,B,C
1szo,D,E
1szo,D,F
1szo,E,F
1szo,G,H
1szo,G,I
1szo,G,J
1szo,G,K
1szo,H,I
1szo,H,K
1szo,H,L
1szo,I,J
1szo,I,L
1szo,J,K
1szo,J,L
1szo,K,L
1szq,A,B
1szs,A,B
1szs,A,C
1szs,B,D
1szs,C,D
1szu,A,B
1szu,A,C
1szu,B,D
1szu,C,D
1szz,A,C
1szz,B,E
1szz,D,H
1szz,F,G
1t06,A,B
1t09,A,B
1t0b,E,F
1t0b,E,G
1t0b,E,H
1t0b,F,G
1t0b,F,H
1t0b,G,H
1t0h,A,B
1t0i,A,B
1t0q,A,B
1t0q,A,C
1t0r,A,B
1t0r,A,C
1t0t,V,W
1t0t,V,Z
1t0t,W,Y
1t0t,X,Y
1t0t,X,Z
1t11,A,B
1t13,A,B
1t13,A,E
1t13,B,C
1t13,C,D
1t13,D,E
1t3a,A,B
1t3e,A,B
1t3m,A,B
1t3m,A,D
1t3m,B,C
1t3m,B,D
1t3m,C,D
1t3q,A,B
1t3q,A,C
1t3q,B,C
1t3q,B,E
1t3q,D,E
1t3q,D,F
1t3q,E,F
1t3r,A,B
1t3z,A,B
1t4b,A,B
1t4e,A,B
1t4s,A,B
1t4s,A,C
1t4s,B,C
1t57,A,B
1t57,B,C
1t5b,A,B
1t5f,A,B
1t5f,A,C
1t5f,B,C
1t5o,A,B
1t5o,C,D
1t61,A,B
1t61,A,C
1t61,A,D
1t61,A,E
1t61,B,C
1t61,B,D
1t61,B,F
1t61,C,E
1t61,C,F
1t61,D,E
1t61,D,F
1t61,E,F
1t62,A,B
1t6i,A,B
1t6i,A,C
1t6i,B,C
1t6j,A,B
1t6u,G,H
1t6u,G,I
1t6u,G,J
1t6u,G,L
1t6u,H,I
1t6u,H,K
1t6u,H,L
1t6u,I,J
1t6u,I,K
1t6u,J,K
1t6u,J,L
1t6u,K,L
1t6x,A,B
1t6y,A,B
1t8p,A,B
1t8r,A,B
1t8r,A,F
1t8r,B,C
1t8r,C,D
1t8r,D,E
1t8r,E,F
1t8s,A,B
1t8s,A,F
1t8s,B,C
1t8s,C,D
1t8s,D,E
1t8s,E,F
1t98,A,B
1t9a,A,B
1t9b,A,B
1t9c,A,B
1t9d,A,B
1t9i,A,B
1t9j,A,B
1taf,A,B
1tat,A,B
1tb3,A,C
1tb3,A,D
1tb3,A,F
1tb3,B,C
1tb3,B,D
1tb3,B,E
1tb3,C,G
1tb3,D,H
1tb3,E,G
1tb3,E,H
1tb3,F,G
1tb3,F,H
1tbh,A,B
1tbh,A,C
1tbh,B,C
1tbj,A,B
1tbj,A,C
1tbj,B,C
1tc1,A,B
1tc2,A,B
1tcu,A,B
1tcu,A,C
1tcu,B,C
1tcx,A,B
1td9,A,B
1td9,C,D
1tdi,A,B
1tdu,A,B
1te5,A,B
1te6,A,B
1tee,A,B
1tei,A,B
1tei,A,C
1tei,B,D
1tei,C,D
1tei,E,F
1tei,E,G
1tei,F,H
1tei,G,H
1tej,A,B
1tex,C,D
1tf7,A,B
1tf7,A,F
1tf7,B,C
1tf7,C,D
1tf7,D,E
1tf7,E,F
1tfk,A,B
1tfm,A,B
1tfo,A,B
1tg6,A,B
1tg6,A,G
1tg6,B,C
1tg6,C,D
1tg6,D,E
1tg6,E,F
1tg6,F,G
1tgy,A,B
1th2,A,B
1th2,A,C
1th2,A,D
1th2,B,C
1th2,B,D
1th2,C,D
1th7,A,B
1th7,A,G
1th7,A,L
1th7,B,C
1th7,B,K
1th7,C,D
1th7,C,J
1th7,D,E
1th7,D,I
1th7,E,F
1th7,E,H
1th7,F,G
1th7,F,N
1th7,G,M
1th7,H,I
1th7,H,N
1th7,I,J
1th7,J,K
1th7,K,L
1th7,L,M
1th7,M,N
1th8,A,B
1thj,A,B
1thj,A,C
1thj,B,C
1thz,A,B
1til,A,B
1til,A,C
1til,C,D
1tjc,A,B
1tjj,A,B
1tjj,A,C
1tjo,A,B
1tjo,A,C
1tjo,A,D
1tjo,C,D
1tjv,A,B
1tjv,A,C
1tjv,A,D
1tjv,B,C
1tjv,B,D
1tjv,C,D
1tjw,A,B
1tjw,A,C
1tjw,A,D
1tjw,B,C
1tjw,B,D
1tjw,C,D
1tlc,A,B
1tlj,A,B
1tll,A,B
1tls,A,B
1tn7,A,B
1tn8,A,B
1tnf,A,B
1tnf,A,C
1tnf,B,C
1tnr,A,R
1tnu,C,D
1tnu,E,F
1tnu,I,J
1tnu,K,L
1tny,A,B
1tny,C,D
1tny,E,F
1tny,I,J
1tny,K,L
1to0,G,H
1to9,A,B
1tp2,A,B
1tpb,1,2
1tpc,1,2
1tpf,A,B
1tph,1,2
1tpl,A,B
1tqy,C,D
1tqy,E,F
1tqy,G,H
1tr1,A,B
1tr1,A,D
1tr1,B,C
1tr1,C,D
1tsd,A,B
1tsi,A,B
1tt7,A,B
1tt7,A,D
1tt7,A,E
1tt7,A,F
1tt7,B,C
1tt7,B,E
1tt7,B,F
1tt7,C,D
1tt7,C,E
1tt7,C,F
1tt7,D,E
1tt7,D,F
1tu1,A,B
1tu5,A,B
1tu7,A,B
1tu8,A,B
1tue,A,B
1tup,A,B
1tup,B,C
1tuy,A,B
1tw2,A,B
1twd,A,B
1twh,A,B
1twh,A,C
1twh,A,E
1twh,A,F
1twh,A,H
1twh,A,I
1twh,A,K
1twh,B,C
1twh,B,I
1twh,B,J
1twh,B,K
1twh,B,L
1twh,C,J
1twh,C,K
1twh,C,L
1twy,A,B
1twy,E,F
1txg,A,B
1txt,A,B
1txt,C,D
1txy,A,B
1ty2,A,B
1ty9,A,B
1tye,E,F
1tyf,A,B
1tyf,A,G
1tyf,A,H
1tyf,B,C
1tyf,B,I
1tyf,C,D
1tyf,C,J
1tyf,D,E
1tyf,D,K
1tyf,E,F
1tyf,E,L
1tyf,F,G
1tyf,F,M
1tyf,G,N
1tyf,H,I
1tyf,H,N
1tyf,I,J
1tyf,J,K
1tyf,K,L
1tyf,L,M
1tyf,M,N
1tyz,A,B
1tyz,A,D
1tyz,B,C
1tyz,C,D
1tz0,A,B
1tz0,A,C
1tz2,A,B
1tz2,A,D
1tz2,B,C
1tz2,C,D
1tza,A,B
1tzj,A,B
1tzj,A,D
1tzj,B,C
1tzj,C,D
1tzk,A,B
1tzk,A,D
1tzk,B,C
1tzk,C,D
1tzl,A,B
1tzl,A,C
1tzl,A,D
1tzl,B,C
1tzl,B,D
1tzl,C,D
1tzm,A,B
1tzm,A,D
1tzm,B,C
1tzm,C,D
1u0a,A,B
1u0a,A,C
1u0a,B,D
1u0a,C,D
1u0c,A,B
1u0f,A,B
1u0g,A,B
1u0k,A,B
1u15,A,B
1u15,A,C
1u15,A,D
1u15,B,C
1u15,B,D
1u15,C,D
1u1e,A,B
1u1e,A,C
1u1e,B,F
1u1e,C,D
1u1e,D,E
1u1e,E,F
1u1g,A,B
1u1g,A,C
1u1g,B,F
1u1g,C,D
1u1g,D,E
1u1g,E,F
1u1s,A,B
1u1s,A,F
1u1s,B,C
1u1s,C,D
1u1s,D,E
1u1s,E,F
1u1x,A,B
1u1z,A,B
1u1z,A,D
1u1z,B,F
1u1z,C,D
1u1z,C,E
1u1z,E,F
1u2e,A,C
1u2e,B,D
1u2m,A,B
1u2m,A,C
1u2m,B,C
1u4j,A,B
1u5e,A,B
1u5i,A,B
1u5w,A,B
1u5w,C,D
1u5w,E,F
1u5w,G,H
1u60,A,B
1u60,C,D
1u69,A,B
1u69,A,C
1u69,B,D
1u6i,A,B
1u6i,A,C
1u6i,A,E
1u6i,A,F
1u6i,B,C
1u6i,B,D
1u6i,B,F
1u6i,C,D
1u6i,C,E
1u6i,D,E
1u6i,D,F
1u6i,E,F
1u6i,G,H
1u6i,G,I
1u6i,G,K
1u6i,G,L
1u6i,H,I
1u6i,H,J
1u6i,H,L
1u6i,I,J
1u6i,I,K
1u6i,J,K
1u6i,J,L
1u6i,K,L
1u6j,A,B
1u6j,A,C
1u6j,A,E
1u6j,A,F
1u6j,B,C
1u6j,B,D
1u6j,B,F
1u6j,C,D
1u6j,C,E
1u6j,D,E
1u6j,D,F
1u6j,E,F
1u6j,G,H
1u6j,G,I
1u6j,G,K
1u6j,G,L
1u6j,H,I
1u6j,H,J
1u6j,H,L
1u6j,I,J
1u6j,I,K
1u6j,J,K
1u6j,J,L
1u6j,K,L
1u6k,A,B
1u6k,A,C
1u6k,B,C
1u6l,A,B
1u6z,A,B
1u80,A,B
1u8c,A,B
1u8g,A,B
1u8r,A,B
1u8r,C,D
1u8r,G,H
1u8r,I,J
1u9y,A,B
1u9y,A,D
1u9y,B,C
1u9y,C,D
1u9z,A,B
1u9z,A,D
1u9z,B,C
1u9z,C,D
1uaa,A,B
1ub3,A,B
1ub3,A,C
1ub3,B,D
1ub3,C,D
1ubk,L,S
1ubl,L,S
1ubo,L,S
1ubp,A,C
1ubp,B,C
1uc4,A,B
1uc4,A,G
1uc4,A,L
1uc4,E,L
1uc4,L,M
1ud0,A,B
1ud0,C,D
1udv,A,B
1udy,A,B
1udy,A,D
1udy,B,C
1udy,C,D
1ue5,A,B
1ue6,A,B
1ue6,C,D
1ueh,A,B
1uei,A,B
1ues,C,D
1uf4,A,B
1uf5,A,B
1ufi,A,B
1ufi,A,C
1ufi,B,D
1ufi,C,D
1ufo,A,B
1ufo,C,D
1ufo,E,F
1ufq,A,C
1ufq,A,D
1ufq,B,C
1ufq,B,D
1ufr,A,B
1ufr,C,D
1ufv,A,B
1ugp,A,B
1ugq,A,B
1ui8,A,B
1uik,A,B
1uik,A,C
1uik,B,C
1uim,A,B
1uj2,A,B
1uk2,A,B
1uk4,A,B
1ukg,A,B
1ukk,A,B
1ul1,A,B
1ul1,A,C
1ul1,A,X
1ul1,B,C
1ul1,B,Y
1ul1,C,Z
1ul3,A,B
1ul3,A,C
1ul3,B,C
1ulc,A,B
1uli,A,B
1uli,A,C
1uli,A,D
1uli,A,E
1uli,B,D
1uli,B,E
1uli,B,F
1uli,C,D
1uli,C,E
1uli,C,F
1uli,D,F
1uli,E,F
1ulk,A,B
1um9,A,B
1um9,A,C
1um9,A,D
1um9,B,C
1um9,B,D
1um9,C,D
1umb,A,B
1umb,A,C
1umb,A,D
1umb,B,C
1umb,B,D
1umb,C,D
1umf,A,B
1umf,A,C
1umf,A,D
1umf,B,C
1umf,B,D
1umf,C,D
1umn,A,C
1umn,A,E
1umn,A,H
1umn,A,I
1umn,A,K
1umn,B,D
1umn,B,F
1umn,B,G
1umn,B,J
1umn,B,L
1umn,C,E
1umn,C,H
1umn,C,J
1umn,C,L
1umn,D,F
1umn,D,G
1umn,D,I
1umn,D,K
1umn,E,G
1umn,E,I
1umn,E,L
1umn,F,H
1umn,F,J
1umn,F,K
1umn,G,I
1umn,G,L
1umn,H,J
1umn,H,K
1umn,I,K
1umn,J,L
1umo,A,B
1un0,A,C
1un0,B,D
1un9,A,B
1uod,A,B
1uoe,A,B
1uoj,A,B
1uoj,A,D
1uoj,B,C
1uoj,C,D
1uqt,A,B
1ura,A,B
1urq,A,B
1urq,A,C
1urq,A,D
1urq,B,C
1urq,B,D
1urq,C,D
1urz,A,B
1urz,A,C
1urz,B,C
1urz,D,E
1urz,D,F
1urz,E,F
1us6,A,B
1usb,A,B
1usl,A,B
1usl,C,D
1usu,A,B
1usv,G,H
1ut4,A,B
1ut7,A,B
1utd,A,B
1utd,A,K
1utd,B,C
1utd,C,D
1utd,D,E
1utd,E,F
1utd,F,G
1utd,G,H
1utd,H,I
1utd,I,J
1utd,J,K
1utd,L,M
1utd,L,V
1utd,M,N
1utd,N,O
1utd,O,P
1utd,P,Q
1utd,Q,R
1utd,R,S
1utd,S,T
1utd,T,U
1utd,U,V
1uu0,A,B
1uu0,C,D
1uuj,A,B
1uuj,C,D
1uuv,A,B
1uuw,A,B
1uvh,A,B
1uvh,A,C
1uvh,B,C
1uvh,C,D
1uw6,A,B
1uw6,A,E
1uw6,B,C
1uw6,C,D
1uw6,D,E
1uw6,F,G
1uw6,F,J
1uw6,G,H
1uw6,H,I
1uw6,I,J
1uw6,K,L
1uw6,K,O
1uw6,L,M
1uw6,M,N
1uw6,N,O
1uw6,P,Q
1uw6,P,T
1uw6,Q,R
1uw6,R,S
1uw6,S,T
1uwa,A,E
1uwa,A,F
1uwa,A,I
1uwa,A,K
1uwa,A,M
1uwa,A,O
1uwa,A,R
1uwa,B,C
1uwa,B,E
1uwa,B,H
1uwa,B,O
1uwa,B,T
1uwa,B,V
1uwa,B,W
1uwa,C,H
1uwa,C,J
1uwa,C,T
1uwa,C,V
1uwa,E,F
1uwa,E,O
1uwa,E,T
1uwa,E,V
1uwa,E,W
1uwa,F,I
1uwa,F,O
1uwa,F,W
1uwa,H,J
1uwa,H,K
1uwa,H,P
1uwa,H,R
1uwa,H,V
1uwa,I,K
1uwa,I,P
1uwa,I,R
1uwa,J,K
1uwa,J,M
1uwa,J,R
1uwa,K,P
1uwa,K,R
1uwa,K,V
1uwa,M,O
1uwa,M,R
1uwa,M,T
1uwa,O,R
1uwa,O,T
1uwa,P,V
1uwa,P,W
1uwa,V,W
1uwi,A,B
1uwi,A,C
1uwi,B,D
1uwi,C,D
1uww,A,B
1uwz,A,B
1ux0,A,B
1ux1,A,B
1ux1,A,C
1ux1,A,D
1ux1,B,C
1ux1,B,D
1ux1,C,D
1uxi,A,B
1uxj,A,C
1uxk,A,C
1uyt,B,C
1uzn,A,B
1uzz,A,B
1uzz,C,D
1v00,B,D
1v02,A,B
1v08,A,B
1v0f,A,B
1v0f,A,C
1v0f,B,C
1v2e,A,B
1v2f,A,B
1v2i,A,B
1v3c,A,B
1v3r,A,B
1v3r,A,C
1v3r,B,C
1v3t,A,B
1v3z,A,B
1v40,A,D
1v54,A,B
1v54,A,C
1v54,A,D
1v54,A,F
1v54,A,G
1v54,A,J
1v54,A,K
1v54,A,T
1v54,B,D
1v54,B,E
1v54,B,H
1v54,B,I
1v54,C,F
1v54,C,G
1v54,C,J
1v54,D,E
1v54,D,I
1v54,D,K
1v54,E,I
1v54,G,N
1v54,H,U
1v54,N,O
1v54,N,P
1v54,N,Q
1v54,N,S
1v54,N,T
1v54,N,W
1v54,N,X
1v54,O,Q
1v54,O,R
1v54,O,U
1v54,O,V
1v54,P,S
1v54,P,T
1v54,P,W
1v54,Q,R
1v54,Q,V
1v54,Q,X
1v54,R,V
1v55,A,B
1v55,A,C
1v55,A,D
1v55,A,F
1v55,A,G
1v55,A,J
1v55,A,K
1v55,A,T
1v55,B,D
1v55,B,E
1v55,B,H
1v55,B,I
1v55,C,F
1v55,C,G
1v55,C,J
1v55,D,E
1v55,D,I
1v55,D,K
1v55,E,I
1v55,G,N
1v55,H,U
1v55,N,O
1v55,N,P
1v55,N,Q
1v55,N,S
1v55,N,T
1v55,N,W
1v55,N,X
1v55,O,Q
1v55,O,R
1v55,O,U
1v55,O,V
1v55,P,S
1v55,P,T
1v55,P,W
1v55,Q,R
1v55,Q,V
1v55,Q,X
1v55,R,V
1v59,A,B
1v5b,A,B
1v5b,E,F
1v5b,G,H
1v5v,A,B
1v5y,A,B
1v5z,A,B
1v6j,A,B
1v6j,A,D
1v6j,B,C
1v6j,C,D
1v6k,A,B
1v6k,A,D
1v6k,B,C
1v6k,C,D
1v6x,A,B
1v74,A,B
1v7l,A,B
1v7o,A,B
1vbb,1,2
1vbb,1,3
1vbb,2,3
1vbb,2,4
1vbb,3,4
1vbd,1,2
1vbd,1,3
1vbd,1,4
1vbd,2,3
1vbd,2,4
1vbf,A,B
1vbn,A,B
1vcg,A,B
1vcg,A,D
1vcg,B,C
1vcg,C,D
1vch,A,B
1vch,C,D
1vcv,A,B
1vdh,A,B
1vdh,A,E
1vdh,B,C
1vdh,C,D
1vdh,D,E
1vdv,A,B
1vdw,A,B
1ve5,A,B
1ve5,A,D
1ve5,B,C
1ve5,C,D
1vet,A,B
1veu,A,B
1vew,C,D
1vf3,A,B
1vf6,A,B
1vf6,A,C
1vf6,B,D
1vfp,A,B
1vfr,A,B
1vfs,A,B
1vga,C,D
1vgg,A,B
1vgg,A,C
1vgg,A,D
1vgg,B,C
1vgg,B,F
1vgg,C,E
1vgg,D,E
1vgg,D,F
1vgg,E,F
1vgn,A,B
1vgw,A,B
1vgw,E,F
1vgz,A,B
1vh0,A,B
1vh0,C,D
1vh0,E,F
1vh5,A,B
1vh8,A,B
1vh8,A,C
1vh8,B,C
1vh8,D,E
1vh8,D,F
1vh8,E,F
1vhc,D,E
1vhc,D,F
1vhc,E,F
1vhd,A,B
1vhg,A,B
1vhk,A,B
1vhk,B,C
1vhk,C,D
1vhm,A,B
1vhq,A,B
1vhw,A,D
1vhw,A,E
1vhw,B,D
1vhw,B,F
1vhw,C,E
1vhw,C,F
1vi9,A,B
1vi9,C,D
1vic,A,B
1vij,A,B
1vik,A,B
1vio,A,B
1viu,A,B
1viv,A,B
1vj0,A,B
1vj0,A,C
1vj0,A,D
1vj0,B,C
1vj0,B,D
1vj0,C,D
1vjh,A,B
1vjq,A,B
1vk0,A,B
1vk0,A,F
1vk0,B,C
1vk0,C,D
1vk0,D,E
1vk0,E,F
1vk8,A,B
1vk8,A,C
1vk8,A,D
1vk8,B,C
1vk8,B,D
1vk8,C,D
1vkd,E,F
1vkh,A,B
1vkj,A,B
1vkj,B,C
1vl4,A,B
1vl6,A,B
1vl6,A,C
1vl6,A,D
1vl6,B,C
1vl6,B,D
1vl6,C,D
1vla,C,D
1vlh,A,B
1vlh,A,C
1vlh,A,E
1vlh,B,D
1vlh,B,F
1vlh,C,E
1vlh,C,F
1vlh,D,E
1vlh,D,F
1vlj,A,B
1vm0,A,B
1vm7,A,B
1vm8,A,B
1vmf,A,B
1vmf,A,C
1vmf,B,C
1vok,A,B
1vp4,A,B
1vp7,A,B
1vp7,C,D
1vp7,E,F
1vph,A,B
1vph,A,C
1vph,B,C
1vpx,K,L
1vpx,K,O
1vpx,K,P
1vpx,K,T
1vpx,L,M
1vpx,L,S
1vpx,L,T
1vpx,M,N
1vpx,M,R
1vpx,M,S
1vpx,N,O
1vpx,N,Q
1vpx,N,R
1vpx,O,P
1vpx,O,Q
1vpx,P,Q
1vpx,P,T
1vpx,Q,R
1vpx,R,S
1vpx,S,T
1vq0,A,B
1vq3,A,B
1vq3,A,D
1vq3,B,C
1vq3,C,D
1vq4,2,S
1vq4,A,Z
1vq4,B,K
1vq4,E,J
1vq4,F,M
1vq4,K,U
1vq4,N,Q
1vq4,S,V
1vq6,2,S
1vq6,A,Z
1vq6,B,K
1vq6,E,J
1vq6,F,M
1vq6,K,U
1vq6,N,Q
1vq6,S,V
1vq8,2,S
1vq8,A,Z
1vq8,B,K
1vq8,E,J
1vq8,F,M
1vq8,K,U
1vq8,N,Q
1vq8,S,V
1vq9,2,S
1vq9,A,Z
1vq9,B,K
1vq9,E,J
1vq9,F,M
1vq9,K,U
1vq9,N,Q
1vq9,S,V
1vqm,2,S
1vqm,A,Z
1vqm,B,K
1vqm,E,J
1vqm,F,M
1vqm,K,U
1vqm,N,Q
1vqm,S,V
1vqn,2,S
1vqn,A,Z
1vqn,B,K
1vqn,E,J
1vqn,F,M
1vqn,K,U
1vqn,N,Q
1vqn,S,V
1vqp,2,S
1vqp,A,Z
1vqp,B,K
1vqp,E,J
1vqp,F,M
1vqp,K,U
1vqp,N,Q
1vqp,S,V
1vqs,A,B
1vqs,C,D
1vqv,A,B
1vr0,B,C
1vr4,A,B
1vr4,A,E
1vr4,B,C
1vr4,C,D
1vr4,D,E
1vr6,A,B
1vr6,A,C
1vr6,A,D
1vr6,B,C
1vr6,B,D
1vr6,C,D
1vrg,A,B
1vrg,A,C
1vrg,A,D
1vrg,B,C
1vrg,B,E
1vrg,C,F
1vrg,D,E
1vrg,D,F
1vrg,E,F
1vrr,A,B
1vrw,A,B
1vsc,A,B
1vub,A,B
1vya,A,F
1vya,A,I
1vya,A,K
1vya,B,D
1vya,B,G
1vya,B,H
1vya,C,E
1vya,C,F
1vya,C,I
1vya,D,H
1vya,D,J
1vya,E,F
1vya,E,K
1vya,G,J
1vya,G,L
1vya,H,L
1vya,I,K
1vya,J,L
1vz0,A,C
1vz0,B,G
1vz0,D,H
1vz0,E,F
1vz5,A,B
1vz5,A,D
1vz5,B,C
1vz5,C,D
1vzi,A,B
1vzz,A,B
1w01,A,B
1w0c,A,B
1w0c,A,C
1w0c,A,D
1w0c,B,C
1w0c,B,D
1w0c,C,D
1w0c,E,F
1w0c,E,G
1w0c,E,H
1w0c,F,G
1w0c,F,H
1w0c,G,H
1w0d,C,D
1w0i,A,B
1w0k,A,D
1w0k,A,E
1w0k,A,G
1w0k,B,E
1w0k,B,F
1w0k,C,D
1w0k,C,F
1w0k,D,G
1w0k,E,G
1w0k,F,G
1w1i,A,B
1w1i,A,F
1w1i,B,E
1w1i,C,D
1w1i,C,G
1w1i,D,H
1w1m,A,B
1w1u,A,B
1w1y,A,B
1w25,A,B
1w27,A,B
1w2b,5,R
1w2b,A,Y
1w2b,B,J
1w2b,E,I
1w2b,F,L
1w2b,J,T
1w2b,M,P
1w2b,R,U
1w2e,A,B
1w2g,A,B
1w2i,A,B
1w2m,A,B
1w2m,A,D
1w2m,B,C
1w2m,C,D
1w2m,E,F
1w30,A,B
1w3t,A,C
1w3t,A,D
1w3t,B,C
1w3t,B,D
1w48,A,B
1w48,B,C
1w4b,A,B
1w4b,B,C
1w4r,A,B
1w4r,A,D
1w4r,B,C
1w4r,C,D
1w4r,E,F
1w4r,E,H
1w4r,F,G
1w4r,G,H
1w4z,A,B
1w5o,A,B
1w5r,A,B
1w5v,A,B
1w61,A,B
1w62,A,B
1w6f,A,B
1w6m,A,B
1w6o,A,B
1w6q,A,B
1w6s,A,B
1w6s,A,C
1w6s,C,D
1w6u,A,B
1w6u,A,C
1w6u,A,D
1w6u,B,C
1w6u,B,D
1w6u,C,D
1w7s,A,C
1w7s,A,D
1w7s,B,C
1w7s,B,D
1w7v,A,B
1w8f,A,C
1w8f,A,D
1w8f,B,C
1w8f,B,D
1w9e,A,B
1wa3,A,B
1wa3,A,C
1wa3,B,C
1wa3,D,E
1wa3,D,F
1wa3,E,F
1wa9,A,B
1wap,A,B
1wap,A,K
1wap,B,C
1wap,C,D
1wap,D,E
1wap,E,F
1wap,F,G
1wap,G,H
1wap,H,I
1wap,I,J
1wap,J,K
1wb9,A,B
1wbd,A,B
1wbh,A,B
1wbh,A,C
1wbh,B,C
1wbi,A,C
1wbi,A,D
1wbi,B,C
1wbi,B,D
1wbi,E,F
1wbi,E,H
1wbi,F,G
1wbi,G,H
1wbk,A,B
1wc0,A,B
1wc3,A,B
1wdk,A,B
1wdk,A,C
1wdk,A,D
1wdk,B,C
1wdk,B,D
1wdk,C,D
1wdz,A,B
1we0,A,B
1we0,A,J
1we0,B,C
1we0,C,D
1we0,D,E
1we0,E,F
1we0,F,G
1we0,G,H
1we0,H,I
1we0,I,J
1we5,A,C
1we5,A,D
1we5,A,E
1we5,B,D
1we5,B,E
1we5,B,F
1we5,C,E
1we5,C,F
1we5,D,F
1wek,A,B
1wek,A,C
1wek,A,E
1wek,A,F
1wek,B,C
1wek,B,D
1wek,B,F
1wek,C,D
1wek,D,E
1wek,E,F
1wgi,A,B
1wgj,A,B
1wht,A,B
1wiw,A,B
1wkk,A,B
1wkl,A,B
1wkp,A,D
1wkq,A,B
1wkz,A,B
1wle,A,B
1wlh,A,B
1wls,A,B
1wmb,A,B
1wmn,A,B
1wmo,A,B
1wmq,A,B
1wmw,A,B
1wmw,C,D
1wmx,A,B
1wmy,A,B
1wmz,A,B
1wn3,A,B
1wn3,A,C
1wn3,A,D
1wn3,B,C
1wn3,B,D
1wn3,C,D
1wn6,A,B
1wnc,A,B
1wnc,A,C
1wnc,B,C
1wnc,B,F
1wnc,D,E
1wnc,D,F
1wnc,E,F
1wnf,A,B
1wnl,A,B
1wnu,A,B
1wo8,A,B
1wo8,A,F
1wo8,B,C
1wo8,C,D
1wo8,D,E
1wo8,E,F
1woa,A,B
1woa,C,D
1wob,A,B
1wof,A,B
1woi,A,B
1woi,A,C
1woi,A,E
1woi,A,F
1woi,B,C
1woi,B,D
1woi,B,E
1woi,C,D
1woi,C,F
1woi,D,E
1woi,D,F
1woi,E,F
1wox,A,B
1wp8,A,B
1wp8,A,C
1wp8,B,C
1wpg,A,B
1wpg,C,D
1wpn,A,B
1wpv,A,B
1wpv,A,C
1wpv,B,C
1wpw,A,B
1wr8,A,B
1wrl,E,F
1wrq,A,B
1wrv,A,B
1wrv,A,C
1wrv,B,C
1ws3,A,B
1ws3,A,C
1ws3,A,D
1ws3,B,C
1ws3,B,D
1ws3,C,D
1ws7,A,B
1ws7,A,C
1ws7,B,D
1ws7,C,D
1wsp,A,B
1wsp,B,C
1wsr,A,B
1wt6,A,B
1wt6,A,D
1wt6,B,D
1wtd,A,B
1wty,A,C
1wty,A,D
1wty,B,C
1wty,B,D
1wu8,A,B
1wu8,A,C
1wu8,B,C
1wuf,A,B
1wuj,L,S
1wuv,D,G
1wv2,A,B
1wv4,A,B
1wve,A,B
1wve,A,C
1wve,B,D
1wvm,A,B
1wvq,A,B
1wvq,A,C
1wvq,B,C
1wvt,A,B
1wvt,A,C
1wvt,B,C
1ww6,A,D
1ww6,B,C
1ww7,A,D
1ww7,B,C
1wwh,A,B
1wwh,B,D
1wwh,C,D
1wwr,A,B
1wwr,A,D
1wwr,C,D
1wwz,A,B
1wx0,A,B
1wx0,A,E
1wx0,A,F
1wx0,A,J
1wx0,B,C
1wx0,B,I
1wx0,B,J
1wx0,C,D
1wx0,C,H
1wx0,C,I
1wx0,D,E
1wx0,D,G
1wx0,D,H
1wx0,E,F
1wx0,E,G
1wx0,F,G
1wx0,F,J
1wx0,G,H
1wx0,H,I
1wx0,I,J
1wx1,A,B
1wxw,A,B
1wy1,A,B
1wy1,A,C
1wy1,B,C
1wy2,A,B
1wyi,A,B
1wyv,A,B
1wyv,A,C
1wyv,A,D
1wyv,B,C
1wyv,B,D
1wyv,C,D
1wyv,E,F
1wyv,E,G
1wyv,E,H
1wyv,F,G
1wyv,F,H
1wyv,G,H
1wyw,A,B
1wyx,A,B
1wz7,B,C
1wz8,A,B
1wz8,A,C
1wz8,A,D
1wz8,A,E
1wz8,B,C
1wz8,B,D
1wz8,B,F
1wz8,C,E
1wz8,C,F
1wz8,D,E
1wz8,D,F
1wz8,E,F
1wzd,A,B
1wzk,A,B
1wzl,A,B
1x0g,A,B
1x0g,A,C
1x0g,A,D
1x0g,B,C
1x0g,B,D
1x0g,C,D
1x0l,A,B
1x0r,A,B
1x0r,A,C
1x0r,A,I
1x0r,A,J
1x0r,B,C
1x0r,B,D
1x0r,B,J
1x0r,C,D
1x0r,C,E
1x0r,D,E
1x0r,D,F
1x0r,E,F
1x0r,E,G
1x0r,F,G
1x0r,F,H
1x0r,G,H
1x0r,G,I
1x0r,H,I
1x0r,H,J
1x0r,I,J
1x0u,A,B
1x0u,A,C
1x0u,A,D
1x0u,B,C
1x0u,B,E
1x0u,C,F
1x0u,D,E
1x0u,D,F
1x0u,E,F
1x10,A,C
1x10,A,D
1x10,B,C
1x10,B,D
1x1o,A,B
1x1o,A,C
1x1o,B,C
1x1z,A,B
1x24,A,B
1x2a,A,B
1x3e,A,B
1x3f,A,B
1x3g,A,B
1x6m,A,D
1x6m,B,C
1x6v,A,B
1x70,A,B
1x74,A,B
1x74,C,D
1x77,A,B
1x78,A,B
1x79,A,B
1x79,A,C
1x79,B,C
1x7g,A,B
1x7o,A,B
1x7x,A,B
1x81,A,B
1x83,A,B
1x84,A,B
1x87,A,B
1x8c,A,B
1x92,A,B
1x94,A,B
1x9e,A,B
1xa0,A,B
1xa4,A,B
1xa8,A,D
1xae,A,B
1xao,A,B
1xar,A,B
1xbw,A,B
1xbx,A,B
1xbz,A,B
1xc4,A,B
1xcc,A,C
1xcc,B,D
1xcf,A,B
1xck,A,B
1xck,A,G
1xck,B,C
1xck,C,D
1xck,D,E
1xck,E,F
1xck,F,G
1xdl,Y,Z
1xdp,A,B
1xdt,R,T
1xe0,A,B
1xe0,A,E
1xe0,B,C
1xe0,C,D
1xe0,D,E
1xea,A,B
1xea,A,D
1xea,B,C
1xea,C,D
1xeb,A,D
1xes,A,B
1xes,C,D
1xf1,A,B
1xf6,A,B
1xf6,A,C
1xf6,A,D
1xf6,B,D
1xf9,A,B
1xfb,E,F
1xfb,E,H
1xfb,F,G
1xfb,G,H
1xfd,A,B
1xfu,A,O
1xfu,C,Q
1xfu,E,S
1xfu,F,T
1xfx,A,O
1xfy,A,O
1xfy,C,Q
1xfy,D,R
1xfy,E,S
1xfy,F,T
1xg3,A,B
1xg3,A,C
1xg3,A,D
1xg3,B,C
1xg3,B,D
1xg3,C,D
1xg4,A,B
1xg4,A,C
1xg4,A,D
1xg4,B,C
1xg4,B,D
1xg4,C,D
1xg5,A,B
1xg5,A,D
1xg5,B,C
1xg5,C,D
1xhe,A,B
1xhk,A,B
1xi8,A,B
1xi9,A,B
1xi9,B,C
1xi9,C,D
1xik,A,B
1xim,A,B
1xim,A,C
1xim,A,D
1xim,B,C
1xim,B,D
1xim,C,D
1xj4,A,B
1xj6,A,B
1xjb,A,B
1xjf,A,B
1xjj,A,B
1xjk,A,B
1xjq,A,B
1xk6,B,D
1xl4,A,B
1xl9,A,B
1xl9,A,D
1xl9,B,C
1xl9,C,D
1xlb,A,B
1xlk,A,B
1xll,A,B
1xmi,A,B
1xmi,A,C
1xmi,A,D
1xmi,B,D
1xmi,B,E
1xmi,D,E
1xml,A,B
1xmm,A,B
1xmm,C,D
1xmq,B,H
1xmq,C,J
1xmq,C,N
1xmq,E,H
1xmq,F,R
1xmq,J,N
1xmq,K,R
1xmq,M,S
1xnf,A,B
1xng,A,B
1xny,A,B
1xo0,A,B
1xou,A,B
1xqi,A,C
1xr3,A,B
1xrh,C,D
1xrh,E,F
1xrs,A,B
1xrx,A,B
1xrx,B,C
1xrx,C,D
1xs0,B,C
1xs4,A,B
1xs4,A,C
1xs4,A,E
1xs4,B,C
1xs4,B,D
1xs4,C,F
1xs4,D,E
1xs4,D,F
1xs4,E,F
1xsi,A,B
1xsi,A,D
1xsi,A,F
1xsi,B,C
1xsi,B,F
1xsi,C,D
1xsi,C,E
1xsi,D,E
1xsi,E,F
1xsk,A,B
1xsk,A,D
1xsk,A,F
1xsk,B,C
1xsk,B,F
1xsk,C,D
1xsk,C,E
1xsk,D,E
1xsk,E,F
1xsr,A,B
1xss,A,B
1xsv,A,B
1xty,C,D
1xu7,A,B
1xu7,C,D
1xua,A,B
1xvi,A,B
1xvs,A,B
1xw6,A,B
1xw6,C,D
1xwk,A,C
1xwo,A,B
1xwo,A,C
1xwo,A,D
1xwo,B,C
1xwo,B,D
1xwo,C,D
1xx6,A,B
1xxb,A,B
1xxb,A,C
1xxb,A,D
1xxb,B,C
1xxb,B,F
1xxb,C,E
1xxb,D,E
1xxb,D,F
1xxb,E,F
1xxc,A,B
1xxc,A,C
1xxc,A,D
1xxc,B,C
1xxc,B,F
1xxc,C,E
1xxc,D,E
1xxc,D,F
1xxc,E,F
1xxj,A,B
1xxj,A,C
1xxj,A,D
1xxj,B,C
1xxj,B,D
1xxj,C,D
1xxo,A,B
1xxq,A,B
1xxq,A,D
1xxq,B,C
1xxq,C,D
1xxs,A,B
1xxu,A,C
1xy3,A,B
1xy3,A,C
1xy3,A,D
1xy3,B,C
1xy3,B,D
1xy3,C,D
1xzp,A,B
1xzq,A,B
1y0e,A,B
1y0g,C,D
1y10,C,D
1y13,A,B
1y13,A,C
1y13,B,C
1y14,A,B
1y1a,A,B
1y1o,A,B
1y1o,A,C
1y1o,C,D
1y2m,A,B
1y2m,A,C
1y2m,A,D
1y2m,B,C
1y2m,B,D
1y2m,C,D
1y3h,A,B
1y3i,A,B
1y4z,A,B
1y4z,A,C
1y4z,B,C
1y5e,A,B
1y5e,A,C
1y5e,B,C
1y5i,A,B
1y5i,A,C
1y5i,B,C
1y5l,A,B
1y5l,A,C
1y5l,B,C
1y5m,A,B
1y5y,A,B
1y5y,A,E
1y5y,B,C
1y5y,C,D
1y5y,D,E
1y71,A,B
1y7a,A,B
1y7h,A,B
1y7h,E,F
1y7h,G,H
1y7i,A,B
1y89,A,B
1y8r,A,B
1y8r,B,C
1y96,A,B
1y96,C,D
1y97,A,B
1y9e,A,B
1y9e,A,D
1y9e,A,E
1y9e,A,F
1y9e,B,C
1y9e,B,E
1y9e,B,F
1y9e,C,D
1y9e,C,E
1y9e,C,F
1y9e,D,E
1y9e,D,F
1y9i,A,B
1y9i,A,C
1y9i,A,D
1y9i,B,C
1y9i,B,D
1y9i,C,D
1y9w,A,B
1ya7,A,B
1ya7,A,G
1ya7,A,H
1ya7,A,N
1ya7,A,Q
1ya7,A,R
1ya7,B,C
1ya7,B,H
1ya7,B,I
1ya7,B,R
1ya7,B,S
1ya7,C,D
1ya7,C,I
1ya7,C,J
1ya7,C,S
1ya7,C,T
1ya7,D,E
1ya7,D,J
1ya7,D,K
1ya7,D,T
1ya7,D,U
1ya7,E,F
1ya7,E,K
1ya7,E,L
1ya7,E,O
1ya7,E,U
1ya7,F,G
1ya7,F,L
1ya7,F,M
1ya7,F,O
1ya7,F,P
1ya7,G,M
1ya7,G,N
1ya7,G,P
1ya7,G,Q
1ya7,H,I
1ya7,H,N
1ya7,I,J
1ya7,J,K
1ya7,K,L
1ya7,L,M
1ya7,M,N
1ya7,O,P
1ya7,O,U
1ya7,P,Q
1ya7,Q,R
1ya7,R,S
1ya7,S,T
1ya7,T,U
1yae,B,D
1yak,A,B
1yar,A,B
1yar,A,G
1yar,A,H
1yar,A,N
1yar,A,Q
1yar,A,R
1yar,B,C
1yar,B,H
1yar,B,I
1yar,B,R
1yar,B,S
1yar,C,D
1yar,C,I
1yar,C,J
1yar,C,S
1yar,C,T
1yar,D,E
1yar,D,J
1yar,D,K
1yar,D,T
1yar,D,U
1yar,E,F
1yar,E,K
1yar,E,L
1yar,E,O
1yar,E,U
1yar,F,G
1yar,F,L
1yar,F,M
1yar,F,O
1yar,F,P
1yar,G,M
1yar,G,N
1yar,G,P
1yar,G,Q
1yar,H,I
1yar,H,N
1yar,I,J
1yar,J,K
1yar,K,L
1yar,L,M
1yar,M,N
1yar,O,P
1yar,O,U
1yar,P,Q
1yar,Q,R
1yar,R,S
1yar,S,T
1yar,T,U
1yax,C,D
1yb0,A,B
1yb0,A,C
1yb0,B,C
1yb5,A,B
1ybf,A,B
1ybf,B,C
1ybt,C,D
1ybu,C,D
1yce,A,B
1yce,A,K
1yce,B,C
1yce,C,D
1yce,D,E
1yce,E,F
1yce,F,G
1yce,G,H
1yce,H,I
1yce,I,J
1yce,J,K
1yce,a,b
1yce,a,k
1yce,b,c
1yce,c,d
1yce,d,e
1yce,e,f
1yce,f,g
1yce,g,h
1yce,h,i
1yce,i,j
1yce,j,k
1yce,l,m
1yce,l,v
1yce,m,n
1yce,n,o
1yce,o,p
1yce,p,q
1yce,q,r
1yce,r,s
1yce,s,t
1yce,t,u
1yce,u,v
1ych,A,B
1yco,A,B
1yde,E,F
1yde,E,H
1yde,F,G
1yde,F,H
1yde,G,H
1yde,M,N
1yde,M,P
1yde,N,O
1yde,N,P
1yde,O,P
1ydg,A,B
1ydg,A,C
1ydg,A,D
1ydg,B,C
1ydg,B,D
1ydg,C,D
1ydg,E,F
1ydg,E,G
1ydg,E,H
1ydg,F,G
1ydg,F,H
1ydg,G,H
1ydk,A,B
1ydo,A,B
1ydo,A,D
1ydo,B,C
1ydo,C,D
1ydy,A,B
1yf6,H,L
1yf6,H,M
1yf6,L,M
1yf8,A,B
1yfd,A,B
1yfz,A,B
1yg6,A,B
1yg6,A,G
1yg6,A,H
1yg6,B,C
1yg6,B,I
1yg6,C,D
1yg6,C,J
1yg6,D,E
1yg6,D,K
1yg6,E,F
1yg6,E,L
1yg6,F,G
1yg6,F,M
1yg6,G,N
1yg6,H,I
1yg6,H,N
1yg6,I,J
1yg6,J,K
1yg6,K,L
1yg6,L,M
1yg6,M,N
1yg8,A,B
1yg8,A,G
1yg8,A,H
1yg8,B,C
1yg8,B,N
1yg8,C,D
1yg8,C,M
1yg8,D,E
1yg8,D,L
1yg8,E,F
1yg8,E,K
1yg8,F,G
1yg8,F,J
1yg8,G,I
1yg8,H,I
1yg8,H,N
1yg8,I,J
1yg8,J,K
1yg8,K,L
1yg8,L,M
1yg8,M,N
1yga,A,B
1ygz,A,B
1ygz,C,D
1ygz,E,F
1yh8,A,B
1yha,A,B
1yhq,2,S
1yhq,A,Z
1yhq,B,K
1yhq,E,J
1yhq,F,M
1yhq,K,U
1yhq,N,Q
1yhq,S,V
1yi2,2,S
1yi2,A,Z
1yi2,B,K
1yi2,E,J
1yi2,F,M
1yi2,K,U
1yi2,N,Q
1yi2,S,V
1yi8,B,C
1yit,2,S
1yit,A,Z
1yit,B,K
1yit,E,J
1yit,F,M
1yit,K,U
1yit,N,Q
1yit,S,V
1yiz,A,B
1yk0,A,B
1ykd,A,B
1yki,A,B
1ykj,A,B
1ykk,A,B
1ykk,B,D
1ykk,B,F
1ykk,B,H
1ykk,B,J
1ykk,C,D
1ykk,D,F
1ykk,D,H
1ykk,E,F
1ykk,G,H
1ykk,H,J
1ykk,H,L
1ykk,I,J
1ykk,J,L
1ykk,K,L
1ykl,A,B
1ykl,B,D
1ykl,B,F
1ykl,B,H
1ykl,B,J
1ykl,C,D
1ykl,D,F
1ykl,D,H
1ykl,E,F
1ykl,G,H
1ykl,H,J
1ykl,H,L
1ykl,I,J
1ykl,J,L
1ykl,K,L
1yko,A,B
1yko,B,D
1yko,B,F
1yko,B,H
1yko,B,J
1yko,C,D
1yko,D,F
1yko,D,H
1yko,E,F
1yko,G,H
1yko,H,J
1yko,H,L
1yko,I,J
1yko,J,L
1yko,K,L
1ykp,A,B
1ykp,B,D
1ykp,B,F
1ykp,B,H
1ykp,B,J
1ykp,C,D
1ykp,D,F
1ykp,D,H
1ykp,E,F
1ykp,G,H
1ykp,H,J
1ykp,H,L
1ykp,I,J
1ykp,J,L
1ykp,K,L
1ykw,A,B
1yl6,A,B
1yl7,A,B
1yl7,A,D
1yl7,B,C
1yl7,C,D
1yl7,E,F
1yl7,E,H
1yl7,F,G
1yl7,G,H
1ylf,A,B
1ylf,A,C
1ylf,B,C
1yli,A,B
1ylk,C,D
1ylo,A,B
1ylo,A,C
1ylo,A,E
1ylo,B,C
1ylo,D,E
1ylo,D,F
1ylo,E,F
1ynf,B,D
1ynf,C,E
1yo6,A,B
1yov,C,D
1yp2,A,B
1yp2,A,D
1yp2,B,C
1yp2,C,D
1yp3,A,B
1yp3,A,D
1yp3,B,C
1yp3,C,D
1yp4,A,B
1yp4,A,D
1yp4,B,C
1yp4,B,D
1yp4,C,D
1ypo,A,B
1ypt,A,B
1yq1,A,B
1yq4,A,B
1yq4,B,C
1yq4,B,D
1yq4,C,D
1yqc,A,B
1yqf,A,B
1yqf,A,C
1yqf,B,C
1yqf,D,E
1yqf,D,F
1yqf,E,F
1yqq,A,B
1yqq,A,C
1yqq,B,C
1yqz,A,B
1yr0,A,B
1yr0,C,D
1yr3,A,B
1yr3,A,C
1yr3,A,F
1yr3,B,C
1yr3,B,E
1yr3,C,D
1yr3,D,E
1yr3,D,F
1yr3,E,F
1yre,C,D
1yrr,A,B
1ys3,A,B
1ys3,A,C
1ys4,A,B
1ysd,A,B
1yt5,A,D
1yta,A,B
1yta,C,D
1yth,A,B
1ytt,A,B
1yud,A,H
1yud,B,C
1yud,D,J
1yud,E,F
1yud,G,I
1yum,A,B
1yum,B,D
1yum,C,D
1yux,A,B
1yuz,A,B
1yw0,A,B
1yw0,A,C
1yw0,A,D
1yw0,B,C
1yw0,B,D
1yw0,C,D
1yw4,A,B
1yw6,A,B
1ywg,O,P
1ywg,O,Q
1ywg,O,R
1ywg,P,Q
1ywg,P,R
1ywg,Q,R
1yxb,A,B
1yxb,A,C
1yxb,A,D
1yxb,B,C
1yxb,B,D
1yxb,C,D
1yxd,A,B
1yxj,A,B
1yxk,A,B
1yy5,A,B
1yya,A,B
1yyk,A,B
1yyo,A,B
1yyq,A,B
1yyr,A,B
1yyw,A,B
1yz3,A,B
1yz9,A,B
1z01,A,B
1z01,A,C
1z01,B,C
1z0x,A,B
1z0z,A,B
1z0z,A,D
1z0z,B,C
1z0z,C,D
1z19,A,B
1z1h,A,B
1z3e,A,B
1z40,A,E
1z48,A,B
1z54,A,B
1z54,A,C
1z54,A,D
1z54,B,C
1z54,B,D
1z54,C,D
1z5b,A,B
1z5c,A,B
1z5u,A,B
1z5u,A,C
1z5u,A,D
1z5u,B,C
1z5u,B,D
1z5u,C,D
1z6b,A,B
1z6b,A,D
1z6b,B,E
1z6b,C,D
1z6b,C,F
1z6b,E,F
1z6z,A,B
1z6z,C,D
1z6z,E,F
1z72,A,B
1z76,A,B
1z7g,A,B
1z7g,C,D
1z7m,A,B
1z7m,A,C
1z7m,A,E
1z7m,B,D
1z7m,B,G
1z7m,B,H
1z7m,C,D
1z7m,C,H
1z7m,D,E
1z7m,D,F
1z7m,E,F
1z7m,G,H
1z7u,A,B
1z82,A,B
1z88,A,B
1z88,A,C
1z88,A,D
1z88,B,C
1z88,B,D
1z88,C,D
1z8k,A,B
1z8k,A,C
1z8k,B,C
1z8t,A,C
1z8t,A,D
1z8t,B,C
1z8t,B,D
1z94,A,B
1z94,A,D
1z94,B,C
1z94,C,D
1z94,E,F
1z9h,A,B
1z9h,C,D
1z9u,A,B
1za5,A,B
1zab,A,B
1zab,A,C
1zab,A,D
1zab,B,C
1zab,B,D
1zab,C,D
1zah,A,B
1zah,A,D
1zah,B,C
1zah,C,D
1zaj,A,B
1zaj,A,D
1zaj,B,C
1zaj,C,D
1zbe,1,2
1zbe,1,4
1zbe,2,3
1zbg,A,B
1zbh,A,B
1zbh,A,D
1zbh,C,D
1zbo,A,B
1zbq,C,D
1zbq,E,F
1zck,A,B
1zck,A,C
1zck,B,C
1zct,A,B
1zcz,A,B
1zem,A,B
1zem,A,C
1zem,A,D
1zem,B,C
1zem,B,D
1zem,C,D
1zem,E,F
1zem,E,G
1zem,E,H
1zem,F,G
1zem,F,H
1zem,G,H
1zh1,A,B
1zh8,A,B
1zha,A,B
1zhq,A,B
1zhq,C,D
1zhq,E,F
1zhq,G,H
1zhs,A,B
1zhs,C,D
1zhs,E,F
1zhs,G,H
1zis,A,B
1zis,A,E
1zis,B,C
1zis,C,D
1zis,D,E
1zjj,A,B
1zk8,A,B
1zke,A,C
1zke,D,E
1zki,A,B
1zkm,A,B
1zkm,A,D
1zkm,B,C
1zkm,C,D
1zl6,A,B
1zla,A,B
1zla,A,E
1zla,A,G
1zla,B,D
1zla,B,G
1zla,B,H
1zla,C,D
1zla,C,E
1zla,C,F
1zla,D,F
1zla,E,F
1zla,F,H
1zla,G,H
1zlj,G,H
1zlk,A,B
1zlz,A,B
1zm1,A,B
1zmc,A,B
1zmc,C,D
1zmc,E,F
1zmc,G,H
1zme,C,D
1zmx,A,B
1zmx,C,D
1zmx,E,F
1zmx,G,H
1zn3,A,B
1zn7,A,B
1zn9,A,B
1znn,A,B
1znn,A,F
1znn,B,C
1znn,C,D
1znn,D,E
1znn,E,F
1zno,A,B
1zof,A,B
1zof,A,J
1zof,B,C
1zof,C,D
1zof,D,E
1zof,E,F
1zof,F,G
1zof,G,H
1zof,H,I
1zof,I,J
1zor,A,B
1zp0,A,B
1zp0,B,C
1zp0,B,D
1zp0,C,D
1zpe,A,B
1zpe,A,C
1zpe,B,C
1zpg,A,B
1zpg,A,C
1zpg,B,C
1zpq,A,B
1zpq,A,C
1zpq,B,C
1zpq,C,D
1zps,A,B
1zq1,A,B
1zq1,A,C
1zq1,A,D
1zq1,B,C
1zq1,B,D
1zq7,A,C
1zq7,A,D
1zq7,B,C
1zq7,B,D
1zrf,A,B
1zrq,A,C
1zrq,B,C
1zru,A,B
1zru,A,C
1zru,B,C
1zs3,A,C
1zs3,A,E
1zs3,A,I
1zs3,B,D
1zs3,B,G
1zs3,B,L
1zs3,C,H
1zs3,C,J
1zs3,D,F
1zs3,D,K
1zs3,E,G
1zs3,E,I
1zs3,F,H
1zs3,F,K
1zs3,G,L
1zs3,H,J
1zs3,I,K
1zs3,J,L
1zso,A,B
1zsp,A,B
1zw0,A,B
1zw0,A,C
1zw0,B,C
1zw0,C,D
1zw0,E,F
1zw0,G,H
1zwy,C,D
1zx4,A,B
1zxi,A,B
1zxi,A,C
1zxi,B,C
1zxi,B,E
1zxi,D,E
1zxi,D,F
1zxi,E,F
1zxl,A,B
1zxm,A,B
1zxz,A,B
1zy8,C,D
1zy8,C,L
1zy8,D,L
1zy8,E,F
1zy8,E,M
1zy8,F,M
1zy8,G,H
1zy8,G,N
1zy8,H,N
1zye,A,B
1zyk,A,D
1zyk,B,C
1zyr,A,B
1zyr,A,C
1zyr,B,C
1zyr,B,D
1zyr,C,D
1zyr,C,F
1zyr,D,E
1zyr,D,F
1zyr,K,L
1zyr,K,M
1zyr,L,N
1zyr,M,N
1zyr,M,P
1zyr,N,O
1zyr,N,P
1zz6,A,B
1zzh,A,D
1zzh,B,C
2a03,A,B
2a07,F,G
2a07,H,I
2a0f,A,B
2a0f,B,D
2a0f,C,D
2a0u,A,B
2a10,A,B
2a10,A,F
2a10,B,C
2a10,C,D
2a10,D,E
2a10,E,F
2a1f,E,F
2a1u,A,B
2a21,A,B
2a2i,A,B
2a2l,A,B
2a2l,A,D
2a2l,B,C
2a2l,B,D
2a2l,C,D
2a2o,A,B
2a2o,A,F
2a2o,B,C
2a2o,C,D
2a2o,D,E
2a2o,E,F
2a2r,A,B
2a2u,A,C
2a2u,A,D
2a2u,B,C
2a2u,B,D
2a2z,A,B
2a3q,A,B
2a4g,A,C
2a4k,A,B
2a4n,A,B
2a4q,A,C
2a57,A,B
2a57,A,E
2a57,B,C
2a57,C,D
2a57,D,E
2a59,A,B
2a59,A,E
2a59,B,C
2a59,C,D
2a59,D,E
2a5b,A,B
2a5h,A,B
2a5h,A,C
2a5h,A,D
2a5h,B,C
2a5h,B,D
2a5h,C,D
2a5w,B,C
2a61,A,B
2a61,C,D
2a68,A,B
2a68,A,C
2a68,B,C
2a68,B,D
2a68,C,D
2a68,C,F
2a68,D,E
2a68,D,F
2a68,K,L
2a68,K,M
2a68,L,N
2a68,M,N
2a68,M,P
2a68,N,O
2a68,N,P
2a69,A,B
2a69,A,C
2a69,B,C
2a69,B,D
2a69,C,D
2a69,C,F
2a69,D,E
2a69,D,F
2a6e,A,B
2a6e,A,C
2a6e,B,C
2a6e,B,D
2a6e,C,D
2a6e,C,F
2a6e,D,E
2a6e,D,F
2a6e,K,L
2a6e,K,M
2a6e,L,N
2a6e,M,N
2a6e,M,P
2a6e,N,O
2a6e,N,P
2a6o,A,B
2a74,D,E
2a74,D,F
2a74,E,F
2a86,A,B
2a8c,C,D
2a8c,C,E
2a8c,D,F
2a8c,E,F
2a8d,A,B
2a8f,A,B
2a8l,A,B
2a8q,A,B
2a8s,A,B
2a8y,A,B
2a8y,A,C
2a8y,A,J
2a8y,A,K
2a8y,B,C
2a8y,B,J
2a8y,B,L
2a8y,C,K
2a8y,C,L
2a8y,D,E
2a8y,D,F
2a8y,D,G
2a8y,D,H
2a8y,E,F
2a8y,E,G
2a8y,E,I
2a8y,F,H
2a8y,F,I
2a8y,G,H
2a8y,G,I
2a8y,H,I
2a8y,J,K
2a8y,J,L
2a8y,K,L
2a9a,A,B
2a9c,A,B
2a9d,A,B
2a9e,A,B
2a9f,A,B
2a9j,A,B
2a9w,A,B
2a9w,C,D
2aaf,A,B
2aaf,A,D
2aaf,B,C
2aaf,C,D
2aag,A,B
2aag,A,C
2aag,B,C
2aag,D,E
2aag,D,F
2aag,E,F
2aao,A,B
2aaz,C,D
2aaz,E,F
2aaz,G,H
2aaz,M,N
2aaz,O,P
2ab2,A,B
2ab6,A,B
2ab6,C,D
2abj,A,D
2abj,G,J
2abm,A,B
2abm,A,C
2abm,A,E
2abm,B,D
2abm,B,F
2abm,C,D
2abm,E,F
2abm,E,G
2abm,F,H
2abm,G,H
2abq,A,B
2ac0,A,B
2ac0,B,C
2ac0,C,D
2ac7,A,B
2aca,A,B
2acx,A,B
2ad7,A,B
2ad7,A,C
2ad7,C,D
2ad8,A,B
2ad8,A,C
2ad8,C,D
2ady,A,B
2af4,C,D
2af6,A,D
2af7,B,G
2af7,G,H
2afa,A,B
2afa,A,C
2afa,A,D
2afa,B,C
2afa,B,F
2afa,C,E
2afa,D,E
2afa,D,F
2afa,E,F
2afm,A,B
2afo,A,B
2afv,A,B
2afx,A,B
2ag5,A,B
2ag5,A,D
2ag5,B,C
2ag5,C,D
2ah8,A,B
2ahb,A,B
2ahk,A,B
2aho,A,B
2ahr,A,D
2ahw,A,B
2ahw,A,D
2ahw,B,C
2ahw,C,D
2ahy,A,B
2ahz,A,B
2air,A,B
2air,B,H
2air,G,H
2aj7,A,B
2ajc,A,B
2ajc,C,D
2ajd,A,B
2ajd,A,C
2ajd,B,D
2ajd,C,D
2akq,A,B
2akz,A,B
2al5,A,B
2amd,A,B
2aml,A,B
2amq,A,B
2amt,A,B
2amt,A,C
2amt,B,C
2amt,D,E
2amt,D,F
2amt,E,F
2an3,A,B
2an6,C,D
2an9,A,B
2anu,A,B
2anu,A,C
2anu,B,D
2anu,C,D
2anu,E,F
2anv,A,B
2ao9,A,G
2ao9,A,H
2ao9,B,D
2ao9,B,E
2ao9,C,D
2ao9,C,I
2ao9,E,H
2ao9,F,G
2ao9,F,I
2aoe,A,B
2aoj,A,B
2aq6,A,B
2aq7,A,B
2aql,A,B
2aqn,A,B
2aqp,A,B
2aqs,A,B
2aqt,A,B
2aqt,A,C
2aqx,A,B
2ar3,A,B
2ar3,A,C
2ar3,B,C
2ar7,A,B
2arc,A,B
2are,A,B
2as0,A,B
2ash,C,D
2asv,A,B
2atc,A,B
2ati,A,B
2auh,A,B
2auk,A,B
2auk,A,D
2auk,B,C
2auk,D,E
2aun,A,B
2auo,A,B
2aup,A,B
2aur,A,B
2aut,A,B
2aut,A,C
2aut,A,D
2aut,B,C
2aut,B,D
2aut,C,D
2av0,A,B
2avd,A,B
2avo,A,B
2avs,A,B
2avt,A,B
2avv,A,B
2avv,D,E
2avw,E,F
2aw3,A,B
2awa,A,B
2awa,C,D
2awd,A,B
2awp,A,B
2axp,A,B
2axu,C,D
2axu,C,K
2axu,D,L
2axu,K,L
2axy,A,B
2axy,C,D
2ay2,A,B
2ay4,A,B
2ayb,A,B
2aye,A,B
2ayl,A,B
2az0,A,B
2az2,A,B
2az3,A,B
2az3,A,C
2az3,B,C
2az3,D,E
2az3,D,F
2az3,D,I
2az3,E,F
2az3,E,H
2az3,F,G
2az3,G,H
2az3,G,I
2az3,H,I
2azc,A,B
2aze,A,B
2azk,A,B
2azt,A,B
2b24,A,B
2b24,A,C
2b24,A,D
2b24,A,E
2b24,B,D
2b24,B,E
2b24,B,F
2b24,C,D
2b24,C,E
2b24,C,F
2b24,D,F
2b24,E,F
2b26,A,B
2b2c,A,B
2b2e,A,B
2b2e,A,C
2b2g,A,B
2b2g,A,C
2b30,A,B
2b30,C,D
2b34,A,B
2b34,A,D
2b34,B,C
2b34,C,D
2b35,A,B
2b35,C,D
2b35,C,E
2b35,C,F
2b35,D,E
2b35,D,F
2b35,E,F
2b3j,A,B
2b3t,A,B
2b4d,A,B
2b4g,A,B
2b4g,C,D
2b4h,A,B
2b4k,A,B
2b4k,A,C
2b4k,A,D
2b4k,B,C
2b4k,B,D
2b4k,C,D
2b4q,A,B
2b4t,O,P
2b4t,O,Q
2b4t,O,R
2b4t,P,Q
2b4t,P,R
2b4t,Q,R
2b4x,I,L
2b59,A,B
2b60,A,B
2b67,C,D
2b76,A,B
2b76,B,C
2b76,B,D
2b76,C,D
2b76,M,N
2b76,N,O
2b76,N,P
2b76,O,P
2b7b,A,B
2b7l,A,B
2b7l,C,D
2b7o,A,B
2b7p,A,B
2b7p,A,C
2b7p,B,C
2b81,A,B
2b81,C,D
2b83,A,B
2b83,A,C
2b83,A,D
2b83,B,C
2b83,B,D
2b83,C,D
2b8p,A,B
2b8q,A,C
2b8q,A,E
2b8q,C,E
2b8t,A,B
2b8t,A,C
2b8t,B,D
2b8t,C,D
2b8w,A,B
2b92,A,B
2b99,A,B
2b99,A,E
2b99,B,D
2b99,C,D
2b99,C,E
2b9b,A,B
2b9b,A,C
2b9b,B,C
2ba0,A,D
2ba0,A,I
2ba0,B,E
2ba0,B,G
2ba0,C,F
2ba0,C,H
2ba0,D,G
2ba0,D,I
2ba0,E,G
2ba0,E,H
2ba0,F,H
2ba0,F,I
2ba1,A,D
2ba1,A,I
2ba1,B,E
2ba1,B,G
2ba1,C,F
2ba1,C,H
2ba1,D,G
2ba1,D,I
2ba1,E,G
2ba1,E,H
2ba1,F,H
2ba1,F,I
2bap,A,C
2bap,B,D
2baz,A,B
2baz,A,C
2baz,B,C
2bc0,A,B
2bc3,A,B
2bd0,A,B
2bd0,A,C
2bd0,B,D
2bd0,C,D
2bdq,A,B
2bdr,A,B
2be1,A,B
2be7,A,B
2be7,A,C
2be7,A,D
2be7,B,C
2be7,B,E
2be7,C,F
2beh,I,L
2bei,A,B
2bet,A,B
2beu,A,B
2bev,A,B
2bh1,A,X
2bh1,B,Y
2bhl,A,B
2bhm,B,D
2bhm,C,E
2bhv,A,E
2bhv,B,C
2bhv,D,F
2bi2,A,B
2bia,A,B
2bie,A,B
2bj1,A,B
2bj3,A,B
2bj3,A,C
2bj3,B,D
2bj3,C,D
2bj7,A,B
2bja,A,B
2bji,A,B
2bk3,A,B
2bk5,A,B
2bk6,A,B
2bk6,A,C
2bk6,A,D
2bk6,A,E
2bk6,A,F
2bk6,B,C
2bk6,B,D
2bk6,C,E
2bk6,D,F
2bk6,E,F
2bkh,A,B
2bki,A,B
2bki,A,D
2bkk,A,B
2bkk,C,D
2bky,A,B
2bky,A,X
2bky,B,Y
2bl2,A,B
2bl2,A,J
2bl2,B,C
2bl2,C,D
2bl2,D,E
2bl2,E,F
2bl2,F,G
2bl2,G,H
2bl2,H,I
2bl2,I,J
2bls,A,B
2bm5,A,B
2bm8,A,B
2bm8,A,E
2bm8,B,C
2bm8,C,F
2bm8,D,E
2bm8,D,F
2bm8,G,H
2bm8,G,K
2bm8,H,I
2bm8,I,L
2bm8,J,K
2bm8,J,L
2bmo,A,B
2bnd,A,B
2bnf,A,B
2bng,A,B
2bng,A,C
2bng,B,C
2bnk,A,B
2bnm,A,B
2bnw,A,B
2bnw,B,C
2bnw,C,D
2bo4,A,B
2bo4,A,F
2bo4,B,E
2bo4,C,D
2bo4,E,F
2bo6,A,B
2bo7,A,B
2bo7,A,D
2bo7,B,C
2bo7,C,D
2bo7,E,F
2bo7,E,G
2bo7,F,H
2bo7,G,H
2boj,A,C
2boj,A,D
2boj,B,C
2boj,B,D
2bol,A,B
2bp1,A,B
2bp1,C,D
2bp7,E,F
2bp7,E,G
2bp7,E,H
2bp7,F,G
2bp7,F,H
2bp7,G,H
2bpq,A,B
2bpv,A,B
2bpw,A,B
2bpx,A,B
2bs1,A,B
2bs1,A,C
2bs2,A,B
2bs2,A,D
2bs2,B,C
2bs2,B,F
2bs2,C,E
2bs2,C,F
2bs2,D,E
2bs2,E,F
2bsi,A,B
2bsj,A,B
2bsk,A,B
2bsk,A,D
2bsk,B,E
2bsk,C,D
2bsk,C,F
2bsk,E,F
2bt4,A,B
2bt4,A,C
2bt4,A,D
2bt4,B,C
2bt4,B,G
2bt4,C,J
2bt4,D,E
2bt4,D,F
2bt4,E,F
2bt4,E,L
2bt4,F,H
2bt4,G,H
2bt4,G,I
2bt4,H,I
2bt4,I,K
2bt4,J,K
2bt4,J,L
2bt4,K,L
2btj,A,B
2btj,A,D
2btj,B,C
2btj,C,D
2btq,A,B
2bty,A,B
2bty,A,C
2bua,A,B
2bua,C,D
2buc,A,B
2buc,C,D
2buf,A,B
2buf,A,E
2buf,B,C
2buf,C,D
2buf,D,F
2buf,E,F
2buf,G,H
2buf,G,I
2buf,H,L
2buf,I,J
2buf,J,K
2buf,K,L
2bui,C,D
2bum,A,B
2but,A,B
2buu,A,B
2buv,A,B
2bux,A,B
2buy,A,B
2buz,A,B
2bv0,A,B
2bvc,A,B
2bvc,A,F
2bvc,B,C
2bvc,C,D
2bvc,D,E
2bvc,E,F
2bw7,A,B
2bw7,C,D
2bwn,D,E
2byk,A,B
2byk,C,D
2bym,A,B
2bym,C,D
2byn,A,B
2byn,A,E
2byn,B,C
2byn,C,D
2byn,D,E
2byr,A,B
2byr,A,E
2byr,B,C
2byr,C,D
2byr,D,E
2byr,F,G
2byr,F,J
2byr,G,H
2byr,H,I
2byr,I,J
2bys,A,B
2bys,A,E
2bys,B,C
2bys,C,D
2bys,D,E
2bys,F,G
2bys,F,J
2bys,G,H
2bys,H,I
2bys,I,J
2byx,A,B
2byy,A,B
2byz,C,D
2bz0,A,B
2bz3,A,B
2bzn,A,B
2bzn,A,C
2bzn,B,D
2bzn,C,D
2bzn,E,F
2bzn,E,G
2bzn,F,H
2bzn,G,H
2bzr,A,B
2bzr,A,C
2bzr,A,D
2bzr,B,C
2bzr,B,E
2bzr,C,F
2bzr,D,E
2bzr,D,F
2bzr,E,F
2bzs,A,B
2bzy,A,B
2c0d,A,B
2c10,A,B
2c10,C,D
2c12,A,B
2c12,A,C
2c12,B,D
2c12,C,D
2c12,E,F
2c14,A,B
2c18,A,B
2c1d,A,B
2c1d,C,D
2c1l,A,B
2c1t,A,C
2c1u,A,B
2c1u,C,D
2c1v,A,B
2c21,C,D
2c2b,A,B
2c2b,C,D
2c2w,A,B
2c2w,A,C
2c2w,B,C
2c2x,A,B
2c35,A,B
2c35,C,D
2c38,G,H
2c38,G,L
2c38,H,I
2c38,I,J
2c38,J,K
2c38,K,L
2c38,M,N
2c38,M,P
2c38,N,Q
2c38,O,P
2c38,O,R
2c38,Q,R
2c39,G,H
2c39,G,L
2c39,H,I
2c39,I,J
2c39,J,K
2c39,K,L
2c3d,A,B
2c3n,A,B
2c3o,A,B
2c3t,C,D
2c42,A,B
2c45,A,B
2c45,A,C
2c45,B,D
2c45,C,D
2c4j,C,D
2c50,A,B
2c50,A,C
2c51,A,B
2c51,A,C
2c59,A,B
2c61,A,B
2c62,A,B
2c64,A,B
2c6q,A,B
2c6q,A,C
2c6q,B,D
2c6q,C,D
2c6q,E,F
2c6q,E,G
2c6q,F,H
2c6q,G,H
2c73,A,B
2c75,A,B
2c76,A,B
2c7b,A,B
2c7y,A,B
2c80,A,B
2c92,A,B
2c92,A,E
2c92,B,C
2c92,C,D
2c92,D,E
2c94,A,B
2c94,A,E
2c94,B,C
2c94,C,D
2c94,D,E
2c9b,F,G
2c9b,F,J
2c9b,G,H
2c9b,H,I
2c9b,I,J
2c9n,Y,Z
2ca9,A,B
2cad,A,B
2cai,A,B
2caj,A,B
2cax,A,B
2cax,A,C
2cax,C,D
2cc0,A,B
2cc3,A,B
2ccj,A,B
2ccy,A,B
2cd9,A,B
2cda,A,B
2cdq,A,B
2ce8,C,D
2ce9,A,B
2ce9,C,D
2cfa,A,B
2cfc,A,B
2cfc,A,C
2cfc,A,D
2cfc,B,C
2cfc,B,D
2cfc,C,D
2cfx,A,B
2cfx,A,C
2cfx,A,G
2cfx,A,H
2cfx,B,D
2cfx,B,G
2cfx,B,H
2cfx,C,E
2cfx,C,F
2cfx,C,H
2cfx,D,E
2cfx,D,F
2cfx,D,G
2cfx,E,F
2cfx,E,G
2cfx,F,H
2cfy,A,B
2cfy,C,D
2cfy,E,F
2cg4,A,B
2cg5,A,B
2cge,A,B
2cge,A,D
2cge,B,D
2ch5,C,D
2ch7,A,B
2ck3,A,D
2ck3,A,E
2ck3,A,G
2ck3,B,E
2ck3,B,F
2ck3,C,D
2ck3,C,F
2ck3,D,G
2ck3,E,G
2ck3,F,G
2ck3,G,H
2ck3,G,I
2ck3,H,I
2ckf,A,B
2ckf,A,C
2ckf,A,E
2ckf,A,F
2ckf,B,C
2ckf,B,D
2ckf,B,F
2ckf,C,D
2ckf,C,E
2ckf,D,E
2ckf,D,F
2ckf,E,F
2cki,A,B
2ckl,A,B
2cko,A,B
2ckp,A,B
2ckq,A,B
2cl8,A,B
2clb,A,B
2clb,A,C
2clb,B,C
2clb,B,D
2clb,C,D
2clb,M,N
2clb,M,O
2clb,N,O
2clb,N,P
2clb,O,P
2clp,A,B
2clp,G,H
2clp,I,J
2cly,A,B
2cly,A,C
2cly,B,C
2cly,D,E
2cly,D,F
2cly,E,F
2cm3,A,B
2cme,A,B
2cme,C,D
2cme,E,F
2cme,G,H
2cmg,A,B
2cmh,B,C
2cmo,A,B
2cn4,A,B
2cnb,A,B
2cnb,C,D
2cqz,A,B
2cqz,A,C
2cqz,A,D
2cqz,A,F
2cqz,B,C
2cqz,B,E
2cqz,B,F
2cqz,C,D
2cqz,C,E
2cqz,D,E
2cqz,D,F
2cqz,E,F
2csl,A,B
2csl,A,C
2csl,B,C
2csl,D,E
2csl,D,F
2csl,E,F
2csu,A,B
2ctz,A,B
2cu5,A,B
2cu5,A,C
2cu5,B,C
2cu6,A,B
2cv5,A,B
2cv5,A,E
2cv5,A,G
2cv5,B,D
2cv5,B,G
2cv5,C,D
2cv5,C,E
2cv5,C,F
2cv5,D,F
2cv5,E,F
2cv5,F,H
2cv5,G,H
2cvd,A,D
2cvd,B,C
2cvi,A,B
2cvl,A,B
2cvl,A,C
2cvl,B,C
2cvl,D,E
2cvl,D,F
2cvl,E,F
2cw3,A,B
2cw5,A,B
2cw5,A,C
2cw5,B,C
2cw6,A,B
2cw6,E,F
2cwg,A,B
2cwk,A,B
2cwm,A,D
2cwv,A,B
2cwz,A,B
2cwz,C,D
2cxo,A,B
2cxp,A,B
2cxq,A,B
2d00,A,B
2d00,A,D
2d00,A,F
2d00,B,C
2d00,B,D
2d00,B,E
2d00,C,E
2d00,D,E
2d00,D,F
2d04,A,B
2d04,C,D
2d04,E,F
2d04,G,H
2d0i,A,B
2d0j,A,B
2d0j,C,D
2d0o,A,B
2d0o,A,C
2d0o,A,D
2d0o,B,C
2d0o,B,D
2d0o,C,D
2d0p,A,B
2d0p,A,C
2d0p,C,D
2d0q,A,B
2d13,A,C
2d13,B,D
2d16,A,B
2d16,B,C
2d16,C,D
2d1g,A,B
2d1p,A,B
2d1p,A,C
2d1p,B,C
2d1p,D,E
2d1p,D,F
2d1p,D,G
2d1p,D,H
2d1p,E,F
2d1p,E,G
2d1p,E,I
2d1p,F,H
2d1p,G,H
2d1p,G,I
2d1p,H,I
2d2a,A,B
2d2i,A,B
2d2m,A,C
2d2m,A,D
2d2m,B,C
2d2m,B,D
2d2o,A,B
2d30,A,B
2d32,A,B
2d32,A,C
2d32,A,D
2d32,B,C
2d32,C,D
2d33,A,B
2d33,A,C
2d33,A,D
2d33,B,C
2d33,C,D
2d3a,A,B
2d3a,A,D
2d3a,B,C
2d3a,C,E
2d3a,D,E
2d3a,F,G
2d3a,F,I
2d3a,G,H
2d3a,H,J
2d3a,I,J
2d3e,A,B
2d3e,A,C
2d3e,A,D
2d3e,B,C
2d3e,B,D
2d3e,C,D
2d3s,A,B
2d3s,C,D
2d4g,A,B
2d4v,C,D
2d5c,A,B
2d5f,A,B
2d5h,A,B
2d5h,A,C
2d5h,B,C
2d5h,D,E
2d5h,D,F
2d5h,E,F
2d5k,A,B
2d5k,A,C
2d5k,A,D
2d5k,C,D
2d69,A,B
2d69,A,D
2d69,A,E
2d69,D,E
2d6f,A,B
2d6f,A,C
2d6f,A,D
2d6f,B,C
2d6f,B,D
2d6k,A,B
2d6n,A,B
2d6p,A,B
2d8d,A,B
2d9q,A,B
2dbb,A,B
2dbs,A,B
2dc1,A,B
2dc4,A,B
2dd4,A,B
2dd4,A,C
2dd4,A,E
2dd4,A,K
2dd4,B,C
2dd4,B,D
2dd4,B,E
2dd4,B,H
2dd4,B,J
2dd4,B,K
2dd4,B,L
2dd4,C,F
2dd4,C,K
2dd4,D,E
2dd4,D,F
2dd4,D,H
2dd4,E,F
2dd4,E,G
2dd4,E,H
2dd4,E,I
2dd4,E,K
2dd4,F,H
2dd4,G,H
2dd4,G,I
2dd4,G,K
2dd4,H,I
2dd4,H,J
2dd4,H,K
2dd4,I,L
2dd4,J,K
2dd4,J,L
2dd4,K,L
2dd5,A,B
2dd5,A,C
2dd5,A,E
2dd5,A,K
2dd5,B,C
2dd5,B,D
2dd5,B,E
2dd5,B,H
2dd5,B,J
2dd5,B,K
2dd5,B,L
2dd5,C,F
2dd5,C,K
2dd5,D,E
2dd5,D,F
2dd5,D,H
2dd5,E,F
2dd5,E,G
2dd5,E,H
2dd5,E,I
2dd5,E,K
2dd5,F,H
2dd5,G,H
2dd5,G,I
2dd5,G,K
2dd5,H,I
2dd5,H,J
2dd5,H,K
2dd5,I,L
2dd5,J,K
2dd5,J,L
2dd5,K,L
2ddc,A,B
2ddz,A,B
2ddz,A,C
2ddz,A,D
2ddz,A,E
2ddz,B,D
2ddz,B,E
2ddz,B,F
2ddz,C,D
2ddz,C,E
2ddz,C,F
2ddz,D,F
2ddz,E,F
2deo,A,B
2deq,A,B
2dev,A,B
2dev,A,C
2dev,A,F
2dev,B,C
2dev,B,E
2dev,D,E
2dev,D,F
2dev,E,F
2df4,A,B
2df4,A,C
2df4,B,C
2df7,A,F
2df7,A,T
2df7,B,D
2df7,C,E
2df7,C,L
2df7,C,N
2df7,C,R
2df7,D,E
2df7,D,L
2df7,E,L
2df7,E,O
2df7,F,T
2df7,G,K
2df7,G,M
2df7,H,I
2df7,I,J
2df7,I,N
2df7,I,Q
2df7,J,K
2df7,J,P
2df7,J,Q
2df7,K,M
2df7,K,Q
2df7,L,R
2df7,L,T
2df7,M,Q
2df7,M,R
2df7,M,S
2df7,N,O
2df7,N,Q
2df7,R,S
2df7,R,T
2df7,S,T
2df8,A,B
2dfd,A,B
2dfd,A,D
2dfd,B,C
2dfd,C,D
2dfi,A,B
2dfj,A,B
2dfu,A,B
2dfu,C,D
2dfx,E,I
2dg2,A,B
2dg2,C,D
2dg2,E,F
2dgd,A,B
2dgd,A,C
2dgd,B,D
2dgd,C,D
2dgk,D,E
2dgk,E,F
2dhh,A,B
2dhh,A,C
2dhh,B,C
2di3,A,B
2di4,A,B
2dj5,A,B
2dj6,A,B
2dj6,A,C
2dj6,B,C
2djw,A,B
2djw,A,E
2djw,A,F
2djw,A,G
2djw,B,C
2djw,B,G
2djw,B,H
2djw,C,D
2djw,C,H
2djw,C,I
2djw,D,E
2djw,D,I
2djw,D,J
2djw,E,F
2djw,E,J
2djw,F,G
2djw,F,J
2djw,G,H
2djw,H,I
2djw,I,J
2djz,A,B
2dkn,A,B
2dla,A,B
2dlb,A,B
2dor,A,B
2dou,A,B
2dq4,A,B
2dqa,A,B
2dr1,A,B
2dr6,A,B
2dr6,A,C
2dr6,B,C
2drc,A,B
2drv,A,B
2dte,A,B
2dth,A,B
2dti,A,B
2dtj,A,B
2dtw,C,D
2dty,A,B
2dty,C,D
2dtz,A,B
2du1,C,D
2du3,A,B
2du4,A,B
2dub,A,B
2dub,A,C
2dub,A,D
2dub,A,F
2dub,B,C
2dub,B,E
2dub,B,F
2dub,C,D
2dub,C,E
2dub,D,E
2dub,D,F
2dub,E,F
2dud,A,B
2duu,O,P
2duu,Q,R
2dv4,A,B
2dv5,A,B
2dvb,A,B
2dvb,A,D
2dvb,B,C
2dvb,C,D
2dve,A,B
2dvf,A,B
2dvf,A,D
2dvf,B,C
2dvf,C,D
2dvl,A,B
2dvn,A,B
2dvq,A,B
2dvr,A,B
2dvt,A,B
2dvt,A,C
2dvt,B,D
2dvt,C,D
2dvu,A,B
2dvu,A,C
2dvu,B,D
2dvu,C,D
2dvw,A,B
2dvy,A,B
2dvy,A,C
2dvy,A,D
2dvy,C,D
2dvy,E,F
2dw6,A,B
2dw6,C,D
2dw7,E,F
2dw7,O,P
2dwn,A,B
2dwz,A,B
2dwz,C,D
2dx7,A,B
2dxb,A,B
2dxb,A,C
2dxb,A,E
2dxb,A,K
2dxb,B,C
2dxb,B,D
2dxb,B,E
2dxb,B,H
2dxb,B,J
2dxb,B,K
2dxb,B,L
2dxb,C,F
2dxb,C,K
2dxb,D,E
2dxb,D,F
2dxb,D,H
2dxb,E,F
2dxb,E,G
2dxb,E,H
2dxb,E,I
2dxb,E,K
2dxb,F,H
2dxb,G,H
2dxb,G,I
2dxb,G,K
2dxb,H,I
2dxb,H,J
2dxb,H,K
2dxb,I,L
2dxb,J,K
2dxb,J,L
2dxb,K,L
2dxb,M,N
2dxb,M,O
2dxb,M,Q
2dxb,M,W
2dxb,N,O
2dxb,N,P
2dxb,N,Q
2dxb,N,T
2dxb,N,V
2dxb,N,W
2dxb,N,X
2dxb,O,R
2dxb,O,W
2dxb,P,Q
2dxb,P,R
2dxb,P,T
2dxb,Q,R
2dxb,Q,S
2dxb,Q,T
2dxb,Q,U
2dxb,Q,W
2dxb,R,T
2dxb,S,T
2dxb,S,U
2dxb,S,W
2dxb,T,U
2dxb,T,V
2dxb,T,W
2dxb,U,X
2dxb,V,W
2dxb,V,X
2dxb,W,X
2dxc,A,B
2dxc,A,C
2dxc,A,E
2dxc,A,K
2dxc,B,C
2dxc,B,D
2dxc,B,E
2dxc,B,H
2dxc,B,J
2dxc,B,K
2dxc,B,L
2dxc,C,F
2dxc,C,K
2dxc,D,E
2dxc,D,F
2dxc,D,H
2dxc,E,F
2dxc,E,G
2dxc,E,H
2dxc,E,I
2dxc,E,K
2dxc,F,H
2dxc,G,H
2dxc,G,I
2dxc,G,K
2dxc,H,I
2dxc,H,J
2dxc,H,K
2dxc,I,L
2dxc,J,K
2dxc,J,L
2dxc,K,L
2dxe,A,B
2dy0,A,B
2dya,A,B
2dyn,A,B
2dyu,A,B
2dyv,A,B
2dyy,A,B
2dyy,A,C
2dyy,B,C
2dyy,G,H
2dyy,G,I
2dyy,H,I
2dyy,J,K
2dyy,J,L
2dyy,K,L
2dz9,A,B
2dzb,A,B
2dzd,A,B
2dzo,A,B
2dzo,C,D
2e07,A,B
2e0a,A,B
2e0c,A,B
2e0x,A,B
2e0x,C,D
2e0y,A,B
2e0y,C,D
2e10,A,B
2e11,A,C
2e11,B,D
2e12,A,B
2e15,A,B
2e1q,A,B
2e37,E,F
2e37,E,H
2e37,F,G
2e37,G,H
2e41,A,B
2e42,A,B
2e48,A,B
2e48,A,C
2e48,B,D
2e48,C,D
2e4a,A,B
2e4a,A,D
2e4a,B,C
2e4a,C,D
2e50,P,Q
2e51,A,B
2e51,C,D
2e5b,A,B
2e5w,A,B
2e5w,C,D
2e5y,A,B
2e7j,A,B
2e7q,A,B
2e7q,C,D
2e7s,C,D
2e7s,Q,R
2e7t,A,B
2e7t,C,D
2e82,A,B
2e83,A,B
2e85,A,B
2e89,A,B
2e89,C,D
2e8r,A,B
2e8s,A,B
2e8v,A,B
2e8w,A,B
2e8x,A,B
2e92,A,B
2e98,A,B
2e9f,A,B
2e9f,A,C
2e9f,A,D
2e9f,B,C
2e9f,B,D
2e9f,C,D
2e9w,A,C
2e9w,B,D
2e9w,C,D
2ea7,A,B
2ea7,A,C
2ea7,B,C
2eaa,A,B
2eaa,A,C
2eaa,B,C
2eaw,A,B
2eax,A,C
2eax,B,C
2eb1,A,C
2eb6,A,B
2eb6,A,E
2eb6,B,C
2eb6,C,D
2eb6,D,E
2ebg,A,B
2ec2,A,C
2ecs,A,B
2ed3,A,B
2ed5,A,B
2ed6,D,E
2ed6,D,F
2ed6,E,F
2ed6,J,K
2ed6,J,L
2ed6,K,L
2een,A,B
2eeq,A,B
2ef5,A,F
2ef5,B,E
2ef5,E,G
2ef6,A,B
2ef6,A,C
2ef6,B,D
2ef6,C,D
2ef7,A,B
2eft,A,B
2eg4,A,B
2eg6,A,B
2eg7,A,B
2egy,A,B
2egy,C,D
2eh2,A,B
2eh4,A,B
2ehc,A,B
2ehd,A,B
2ehj,A,D
2ehj,B,C
2eho,I,J
2eho,I,K
2eho,J,L
2eho,K,L
2ehq,A,B
2eig,A,B
2eig,A,D
2eig,B,C
2eig,C,D
2eih,A,B
2eit,A,B
2eiu,A,F
2eiu,C,E
2eiu,D,G
2eiv,D,J
2eiv,E,F
2eiy,A,B
2eiy,A,C
2eiy,B,C
2ej0,A,B
2ej0,A,C
2ej0,A,D
2ej0,A,E
2ej0,B,C
2ej0,B,D
2ej0,B,F
2ej0,C,E
2ej0,C,F
2ej0,D,E
2ej0,D,F
2ej0,E,F
2ej2,A,B
2ej2,A,C
2ej2,A,D
2ej2,A,E
2ej2,B,C
2ej2,B,D
2ej2,B,F
2ej2,C,E
2ej2,C,F
2ej2,D,E
2ej2,D,F
2ej2,E,F
2ej3,A,B
2ej3,A,C
2ej3,B,C
2ejd,A,B
2ejf,A,C
2ejg,A,C
2ejg,B,D
2ejk,A,B
2ejv,A,B
2ek0,A,B
2ek1,G,H
2ek2,A,B
2eka,A,B
2ekd,A,B
2ekd,A,F
2ekd,B,C
2ekd,C,D
2ekd,D,E
2ekd,E,F
2ekm,A,B
2ekm,A,C
2ekm,B,C
2ekn,A,B
2ekn,A,C
2ekq,A,B
2ekq,A,C
2ekq,A,D
2ekq,B,C
2ekq,B,D
2ekq,C,D
2eky,A,B
2eky,A,C
2eky,A,D
2eky,B,C
2eky,B,D
2eky,C,D
2eky,E,F
2eky,E,G
2eky,E,H
2eky,F,G
2eky,F,H
2eky,G,H
2el2,A,B
2el3,A,B
2ele,A,B
2emq,A,B
2emu,A,B
2en5,A,B
2eni,A,B
2eo0,A,B
2epn,A,B
2eq5,A,B
2eq5,C,D
2eq6,A,B
2eq8,D,E
2erj,E,H
2erj,F,G
2erj,F,H
2erj,G,H
2erp,A,B
2es4,B,E
2esd,A,B
2esd,A,C
2esd,A,D
2esd,B,C
2esd,B,D
2esd,C,D
2esf,A,B
2esr,A,B
2eth,A,B
2etr,A,B
2eu1,H,I
2eu1,H,N
2eu1,I,J
2eu1,J,K
2eu1,K,L
2eu1,L,M
2eu1,M,N
2euh,A,B
2euh,A,C
2euh,A,D
2euh,B,C
2euh,B,D
2euh,C,D
2ev0,A,B
2ev1,A,B
2ev2,A,B
2ev3,A,B
2ev4,A,B
2ew8,A,B
2ew8,A,C
2ew8,A,D
2ew8,B,C
2ew8,B,D
2ew8,C,D
2ewc,A,B
2ewc,A,C
2ewc,A,K
2ewc,B,C
2ewc,B,G
2ewc,C,L
2ewc,D,E
2ewc,D,F
2ewc,D,I
2ewc,E,F
2ewc,E,H
2ewc,F,J
2ewc,G,K
2ewc,G,L
2ewc,H,I
2ewc,H,J
2ewc,I,J
2ewc,K,L
2ewg,A,B
2ewo,A,B
2ewo,A,F
2ewo,A,G
2ewo,B,F
2ewo,B,G
2ewo,C,D
2ewo,C,I
2ewo,C,J
2ewo,D,I
2ewo,D,J
2ewo,E,H
2ewo,E,K
2ewo,E,L
2ewo,F,G
2ewo,H,K
2ewo,H,L
2ewo,I,J
2ewo,K,L
2exh,A,C
2exh,A,D
2exh,B,C
2exh,B,D
2exx,A,B
2ez9,A,B
2f02,A,B
2f03,A,C
2f07,A,B
2f0y,A,B
2f1d,I,J
2f1d,I,L
2f1d,J,K
2f1d,J,O
2f1d,K,N
2f1d,L,O
2f1d,M,P
2f1d,N,O
2f1d,N,P
2f1d,O,P
2f1f,A,B
2f1k,C,D
2f1r,A,B
2f1v,A,B
2f1v,A,F
2f1v,B,F
2f1v,C,D
2f1v,C,E
2f1v,D,E
2f2a,A,B
2f2a,A,C
2f2a,B,C
2f2f,A,B
2f2f,A,C
2f2f,B,C
2f2f,D,E
2f2f,D,F
2f2f,E,F
2f2l,A,X
2f2s,A,B
2f2s,A,C
2f2s,A,D
2f2s,B,C
2f3m,A,B
2f3m,C,D
2f3x,A,B
2f41,C,D
2f43,A,B
2f4l,C,D
2f4m,A,B
2f4o,A,B
2f4p,A,B
2f4p,C,D
2f66,D,E
2f66,D,F
2f6g,A,B
2f6m,C,D
2f6n,A,B
2f7a,A,B
2f7k,A,B
2f7w,A,B
2f7w,A,C
2f7w,B,C
2f80,A,B
2f8a,A,B
2f8f,A,B
2f8j,A,B
2f8j,C,D
2f8m,A,B
2f8n,A,B
2f8n,A,E
2f8n,A,G
2f8n,B,D
2f8n,B,G
2f8n,D,K
2f8n,E,F
2f8n,E,K
2f8n,F,H
2f8n,F,K
2f8n,G,H
2f8v,C,Y
2f8v,D,Y
2f8x,C,K
2f8x,C,M
2f8x,K,M
2f90,A,B
2f93,A,B
2f99,A,B
2f99,A,C
2f99,B,D
2f99,C,D
2f9c,A,B
2f9i,A,B
2f9i,A,C
2f9i,A,D
2f9i,B,C
2f9i,C,D
2f9q,A,B
2f9q,A,C
2f9q,A,D
2f9q,B,C
2f9q,B,D
2f9q,C,D
2f9r,A,B
2f9r,C,D
2f9t,A,B
2f9w,A,B
2f9z,A,C
2f9z,B,D
2fac,A,B
2fae,A,B
2fak,1,2
2fak,1,H
2fak,1,N
2fak,1,S
2fak,1,T
2fak,1,Z
2fak,2,M
2fak,2,N
2fak,2,T
2fak,2,U
2fak,2,V
2fak,A,B
2fak,A,G
2fak,A,H
2fak,A,I
2fak,B,C
2fak,B,I
2fak,B,J
2fak,C,D
2fak,C,J
2fak,C,K
2fak,D,E
2fak,D,K
2fak,D,L
2fak,E,F
2fak,E,L
2fak,E,M
2fak,F,G
2fak,F,M
2fak,F,N
2fak,G,H
2fak,G,N
2fak,H,I
2fak,H,N
2fak,H,Z
2fak,I,J
2fak,I,Y
2fak,I,Z
2fak,J,K
2fak,J,X
2fak,J,Y
2fak,K,L
2fak,K,W
2fak,K,X
2fak,L,M
2fak,L,V
2fak,L,W
2fak,M,N
2fak,M,V
2fak,O,P
2fak,O,U
2fak,O,V
2fak,O,W
2fak,P,Q
2fak,P,W
2fak,P,X
2fak,Q,R
2fak,Q,X
2fak,Q,Y
2fak,R,S
2fak,R,Y
2fak,R,Z
2fak,S,T
2fak,S,Z
2fak,T,U
2fak,U,V
2fak,V,W
2fak,W,X
2fak,X,Y
2fak,Y,Z
2fb2,A,B
2fb5,A,B
2fb5,A,C
2fb5,B,C
2fbw,A,B
2fbw,B,C
2fbw,B,D
2fbw,C,D
2fdd,A,B
2fde,A,B
2fdy,A,B
2fg0,A,B
2fg6,C,D
2fg6,C,E
2fg6,D,E
2fg6,D,Z
2fg6,E,Y
2fg6,X,Y
2fg6,X,Z
2fg6,Y,Z
2fg7,C,D
2fg7,C,E
2fg7,D,E
2fg8,A,C
2fg8,A,D
2fg8,A,E
2fg8,B,D
2fg8,B,G
2fg8,B,H
2fg8,C,D
2fg8,C,G
2fg8,D,E
2fg8,D,H
2fg8,E,F
2fg8,E,H
2fg8,F,H
2fh5,A,B
2fhd,A,B
2fhd,A,C
2fhl,A,B
2fhs,A,B
2fhx,A,B
2fip,A,B
2fip,C,D
2fip,E,F
2fiu,A,B
2fix,A,D
2fix,A,H
2fix,A,L
2fix,D,H
2fix,D,L
2fix,H,L
2fj7,A,B
2fj7,A,E
2fj7,A,G
2fj7,B,D
2fj7,B,G
2fj7,B,H
2fj7,C,D
2fj7,C,E
2fj7,C,F
2fj7,D,F
2fj7,E,F
2fj7,F,H
2fj7,G,H
2fjd,A,B
2fjd,A,C
2fjd,A,D
2fjd,B,C
2fjd,C,D
2fje,A,B
2fje,A,C
2fje,A,D
2fje,B,C
2fje,C,D
2fjk,A,B
2fjk,A,D
2fjk,B,C
2fjk,C,D
2fjr,A,B
2fld,A,B
2fm0,A,B
2fm0,A,C
2fm0,B,D
2fm0,C,D
2fm1,A,B
2fm1,A,C
2fm1,A,D
2fm1,B,C
2fm1,B,D
2fm1,C,D
2fm5,A,B
2fm5,A,C
2fm5,B,D
2fm5,C,D
2fm7,A,B
2fm7,C,D
2fml,A,B
2fn7,A,B
2foi,A,C
2foi,A,D
2foi,B,C
2foi,B,D
2foi,C,D
2fom,A,B
2fon,A,B
2for,A,B
2fp1,A,B
2fp2,A,B
2fpd,A,B
2fpd,A,C
2fpd,B,D
2fpd,C,D
2fpe,A,B
2fpe,A,F
2fpe,B,E
2fpe,E,F
2fpf,A,B
2fpf,A,D
2fpf,B,C
2fpf,C,D
2fpi,A,B
2fpp,A,B
2fpr,A,B
2fps,A,B
2fpu,A,B
2fpw,A,B
2fqm,C,D
2fqm,E,F
2fsg,A,B
2fsh,A,B
2fss,B,C
2ft0,A,B
2ft3,C,D
2ft3,E,F
2ftx,A,B
2fu4,A,B
2fur,A,B
2fv2,A,B
2fv2,C,D
2fvh,A,B
2fvh,A,C
2fvh,B,C
2fvk,A,B
2fvk,A,C
2fvk,B,D
2fvk,C,D
2fw1,A,B
2fw2,A,B
2fw2,A,C
2fw2,A,F
2fw2,B,C
2fw2,B,E
2fw2,C,D
2fw2,D,E
2fw2,D,F
2fw2,E,F
2fwi,A,B
2fxa,A,B
2fxa,A,D
2fxa,B,C
2fxa,C,D
2fxd,A,B
2fxe,A,B
2fxm,A,B
2fyi,A,B
2fym,A,C
2fyn,M,N
2fyn,M,O
2fyn,M,P
2fyn,M,R
2fyn,N,O
2fyn,O,P
2fyn,P,Q
2fyn,P,R
2fyn,Q,R
2fyx,A,B
2fz2,A,B
2fz2,B,C
2fzc,A,B
2fzc,B,D
2fzc,C,D
2fzg,A,B
2fzg,B,D
2fzg,C,D
2g0i,A,B
2g0j,A,B
2g0j,C,D
2g25,A,B
2g28,A,B
2g37,A,B
2g3d,A,B
2g3n,A,B
2g3n,A,C
2g3n,A,E
2g3n,B,C
2g3n,B,D
2g3n,C,F
2g3n,D,E
2g3n,D,F
2g3n,E,F
2g3o,A,B
2g3o,C,E
2g3o,D,F
2g45,A,D
2g50,E,F
2g50,E,G
2g50,F,H
2g50,G,H
2g59,A,B
2g5c,A,C
2g5c,B,D
2g5i,A,B
2g5i,A,C
2g5i,B,C
2g67,A,B
2g6h,A,B
2g6k,A,B
2g6o,A,B
2g70,A,B
2g72,A,B
2g76,A,B
2g7u,A,B
2g7u,A,D
2g7u,B,C
2g7u,C,D
2g82,A,B
2g82,A,C
2g82,A,D
2g82,B,C
2g82,B,D
2g82,C,D
2g82,O,P
2g82,O,Q
2g82,O,R
2g82,P,Q
2g82,P,R
2g82,Q,R
2g84,A,B
2g9i,A,B
2g9w,A,B
2g9z,A,B
2ga0,A,B
2ga1,A,B
2ga4,A,B
2ga4,A,C
2ga4,A,D
2ga4,A,E
2ga4,A,F
2ga4,B,C
2ga4,B,F
2ga4,C,D
2ga4,D,E
2ga4,E,F
2gac,A,B
2gac,A,D
2gac,B,C
2gac,B,D
2gac,C,D
2gam,A,B
2gam,C,D
2gb3,A,B
2gb3,C,D
2gb3,E,F
2gb5,A,B
2gbf,A,B
2gbi,A,B
2gbl,A,B
2gbl,A,F
2gbl,B,C
2gbl,C,D
2gbl,D,E
2gbl,E,F
2gbw,A,B
2gbw,A,C
2gbw,A,E
2gbw,B,D
2gbw,B,F
2gbw,C,D
2gbw,C,E
2gbw,D,F
2gbw,E,F
2gc0,A,B
2gc1,A,B
2gce,A,B
2gce,C,D
2gcg,A,B
2gci,A,B
2gci,C,D
2gd0,A,B
2gd0,C,D
2gd1,O,P
2gd1,O,Q
2gd1,O,R
2gd1,P,Q
2gd1,P,R
2gd1,Q,R
2gd6,A,B
2gdf,A,B
2gdf,A,D
2gdf,B,C
2gdf,C,D
2gdq,A,B
2gdr,A,B
2gdr,C,D
2gdr,E,F
2gdu,A,B
2gdv,A,B
2ge7,A,B
2ge8,A,B
2ge8,C,D
2ge8,F,G
2ge8,I,J
2gec,A,B
2ged,A,B
2gef,A,B
2gff,A,B
2gfp,A,B
2gfq,A,B
2gfq,B,C
2ggh,A,C
2ggh,B,D
2ggu,A,B
2ggu,A,C
2ggu,B,C
2gh1,A,B
2ghp,A,B
2ghp,A,C
2ghp,A,D
2ghp,B,C
2ghp,B,D
2ghp,C,D
2gi7,A,B
2gie,C,D
2gif,A,B
2gif,A,C
2gif,B,C
2gih,A,B
2gii,A,B
2gij,A,B
2gix,A,B
2gix,A,D
2gix,B,C
2gix,C,D
2gk9,A,D
2gks,A,B
2gl0,A,B
2gl0,A,C
2gl0,A,F
2gl0,B,C
2gl0,B,E
2gl0,C,D
2gl0,D,E
2gl0,D,F
2gl0,E,F
2gll,A,B
2gll,A,D
2gll,B,F
2gll,C,D
2gll,C,E
2gll,E,F
2glm,A,B
2glm,A,D
2glm,B,F
2glm,C,D
2glm,C,E
2glm,E,F
2glp,A,B
2glp,A,D
2glp,B,F
2glp,C,D
2glp,C,E
2glp,E,F
2glr,A,B
2gls,A,B
2gls,A,F
2gls,A,G
2gls,B,C
2gls,B,H
2gls,C,D
2gls,C,I
2gls,D,E
2gls,D,J
2gls,E,F
2gls,E,K
2gls,F,L
2gls,G,H
2gls,G,L
2gls,H,I
2gls,I,J
2gls,J,K
2gls,K,L
2glv,A,B
2glv,A,F
2glv,B,C
2glv,C,D
2glv,D,E
2glv,E,F
2glv,G,H
2glv,G,L
2glv,H,I
2glv,I,J
2glv,J,K
2glv,K,L
2glz,A,B
2gm3,A,B
2gm3,C,E
2gm3,E,F
2gmm,A,B
2gmq,A,B
2gmr,H,L
2gmr,H,M
2gmr,L,M
2gms,A,B
2gmu,A,B
2gmy,A,B
2gmy,A,E
2gmy,B,C
2gmy,C,D
2gmy,D,F
2gmy,E,F
2gn4,A,B
2gn9,A,B
2gnm,A,B
2gnt,A,B
2gnu,H,L
2gnu,H,M
2gnu,L,M
2go7,C,D
2goj,A,B
2gp6,A,B
2gpc,A,B
2gqd,A,B
2gqq,A,B
2gqq,A,C
2gqq,A,D
2gqq,B,D
2gqq,C,D
2gr7,A,B
2gr7,A,C
2gr7,B,C
2gr8,A,C
2gr8,A,D
2gr8,C,D
2gre,M,N
2gre,M,P
2gre,O,P
2grh,A,B
2grl,A,B
2grl,C,D
2grz,A,B
2gsa,A,B
2gsc,A,B
2gsc,A,E
2gsc,B,C
2gsc,C,D
2gsc,D,E
2gsk,A,B
2gsl,A,B
2gsl,C,D
2gsl,E,F
2gsv,A,B
2gsw,A,C
2gsw,B,D
2gt4,A,B
2gtd,A,B
2gtd,A,D
2gtd,A,F
2gtd,B,C
2gtd,B,E
2gtd,C,D
2gtd,C,E
2gtd,D,F
2gtd,E,F
2gtl,A,B
2gtl,A,D
2gtl,A,G
2gtl,A,M
2gtl,B,C
2gtl,B,M
2gtl,C,D
2gtl,C,I
2gtl,D,H
2gtl,D,L
2gtl,E,F
2gtl,E,H
2gtl,E,K
2gtl,E,N
2gtl,F,G
2gtl,F,N
2gtl,G,H
2gtl,G,M
2gtl,H,L
2gtl,I,J
2gtl,I,L
2gtl,I,O
2gtl,J,K
2gtl,J,O
2gtl,K,L
2gtl,K,N
2gtl,M,N
2gtl,M,O
2gtl,N,O
2gtu,A,B
2gu2,A,B
2gu9,A,B
2guz,I,J
2gv5,D,E
2gv5,D,F
2gv5,E,F
2gv8,A,B
2gvc,A,B
2gvj,A,B
2gwc,C,D
2gwc,E,F
2gwc,G,H
2gwf,C,D
2gwg,A,B
2gx5,A,B
2gx5,C,D
2gxf,A,B
2gxf,C,D
2gxs,A,B
2gyo,A,B
2gz4,A,C
2gza,A,B
2gza,B,C
2h1e,A,B
2h39,A,B
2h43,A,B
2h43,A,C
2h43,B,C
2h48,A,B
2h4c,A,B
2h4c,C,D
2h4c,E,F
2h4c,G,H
2h4x,A,B
2h4z,A,B
2h51,A,B
2h54,A,B
2h5l,A,B
2h5l,A,C
2h5l,A,D
2h5l,B,C
2h5l,B,D
2h5l,C,D
2h5l,E,F
2h5l,E,G
2h5l,E,H
2h5l,F,G
2h5l,F,H
2h5l,G,H
2h5n,A,B
2h5n,A,C
2h5n,C,D
2h5x,A,B
2h5x,A,D
2h5x,B,C
2h5x,C,D
2h5y,A,B
2h7y,A,B
2h84,A,B
2h88,N,O
2h88,O,P
2h88,O,Q
2h88,P,Q
2h98,A,B
2h9b,A,B
2h9c,A,B
2h9d,A,B
2h9d,A,C
2h9d,A,D
2h9d,B,C
2h9d,B,D
2h9d,C,D
2ha9,A,B
2hae,A,B
2hae,A,C
2hae,A,D
2hae,B,C
2hae,B,D
2hae,C,D
2han,A,B
2haw,A,B
2hax,A,B
2hay,A,B
2hay,C,D
2hb6,A,B
2hbq,A,B
2hbr,A,B
2hbv,A,B
2hby,A,B
2hbz,A,B
2hc0,A,B
2hd0,A,B
2hd0,C,D
2hd0,E,F
2hd0,G,H
2hd0,I,J
2hdi,A,B
2hek,A,B
2hev,F,R
2hez,A,B
2hfo,A,B
2hfo,A,C
2hfo,A,I
2hfo,B,D
2hfo,B,J
2hfo,C,D
2hfo,C,E
2hfo,D,F
2hfo,E,F
2hfo,E,G
2hfo,F,H
2hfo,G,H
2hfo,G,I
2hfo,H,J
2hfo,I,J
2hg3,H,L
2hg3,H,M
2hg3,L,M
2hg9,H,L
2hg9,H,M
2hg9,L,M
2hgw,A,B
2hh9,A,B
2hhf,A,B
2hhm,A,B
2hi1,A,B
2him,A,B
2him,A,C
2him,B,D
2him,C,D
2hiq,A,B
2hit,H,L
2hit,H,M
2hit,L,M
2hj0,A,B
2hj1,A,B
2hj6,H,L
2hj6,H,M
2hj6,L,M
2hjm,A,B
2hjm,A,C
2hjm,C,D
2hjr,A,B
2hjr,A,C
2hjr,A,D
2hjr,B,C
2hjr,B,D
2hjr,C,D
2hjr,E,F
2hjr,G,H
2hjr,I,J
2hjr,I,K
2hjr,I,L
2hjr,J,K
2hjr,J,L
2hjr,K,L
2hk2,A,B
2hk3,A,B
2hl1,A,B
2hln,A,B
2hln,A,E
2hln,A,F
2hln,B,E
2hln,B,F
2hln,E,F
2hmf,A,B
2hmf,A,C
2hmf,B,D
2hmf,C,D
2hmj,A,B
2hmn,A,B
2hmo,A,B
2hmz,C,D
2hne,A,B
2hne,C,D
2hnu,C,D
2hnv,A,B
2hnv,C,D
2hox,A,B
2hox,A,C
2hox,C,D
2hoy,A,B
2hp1,A,B
2hp2,A,B
2hpa,C,D
2hpb,A,B
2hpc,A,B
2hpc,A,C
2hpc,B,C
2hpc,D,E
2hpc,D,F
2hpc,E,F
2hpc,G,H
2hpc,G,I
2hpc,H,I
2hpc,J,K
2hpc,J,L
2hpc,K,L
2hpe,A,B
2hpf,A,B
2hq5,A,B
2hq5,D,E
2hq9,A,B
2hqm,A,B
2hqu,A,B
2hqu,A,C
2hqu,B,C
2hqx,A,B
2hr3,A,B
2hr3,C,D
2hr5,A,B
2hrd,A,E
2hrd,A,F
2hrd,B,D
2hrd,B,F
2hrd,C,D
2hrd,C,E
2hre,A,B
2hre,C,D
2hs2,A,B
2hsd,A,B
2hsd,A,C
2hsd,A,D
2hsd,B,C
2hsd,B,D
2hsd,C,D
2hsw,A,B
2ht0,A,B
2hte,B,C
2htm,A,B
2htm,A,D
2htm,A,E
2htm,B,C
2htm,B,F
2htm,C,D
2htm,C,G
2htm,D,H
2hwc,1,2
2hwc,1,3
2hwc,2,3
2hwc,3,4
2hwg,A,B
2hwj,A,B
2hwj,A,C
2hwj,A,D
2hwj,B,C
2hwj,B,D
2hwj,C,D
2hwj,E,F
2hx3,A,B
2hxi,A,B
2hyd,A,B
2hyf,C,D
2hyi,A,B
2hyi,A,C
2hyi,A,D
2hyi,C,D
2hyi,G,H
2hyi,G,I
2hyi,G,J
2hyi,I,J
2hyq,A,B
2hyx,A,B
2hzb,A,B
2hzk,A,B
2hzk,C,D
2hzt,A,B
2hzt,C,D
2hzy,A,B
2i02,A,B
2i04,A,B
2i0u,A,E
2i10,A,B
2i1a,A,B
2i1a,C,D
2i1w,A,B
2i1w,A,C
2i1w,B,D
2i1w,C,D
2i2o,A,B
2i2x,A,B
2i2x,A,C
2i2x,A,D
2i2x,B,C
2i2x,C,D
2i2x,E,F
2i2x,E,G
2i2x,E,H
2i2x,F,G
2i2x,G,H
2i2x,I,J
2i2x,I,K
2i2x,I,L
2i2x,J,K
2i2x,K,L
2i2x,M,N
2i2x,M,O
2i2x,M,P
2i2x,N,O
2i2x,O,P
2i33,A,B
2i39,A,B
2i39,C,D
2i3a,A,C
2i3a,A,D
2i3a,B,C
2i3d,A,B
2i3g,A,B
2i3o,A,B
2i3o,C,D
2i3p,A,B
2i3t,A,B
2i3t,C,D
2i3t,E,F
2i3t,G,H
2i3w,A,B
2i3z,A,B
2i4d,A,B
2i4n,A,B
2i4o,A,B
2i4r,A,B
2i4t,A,B
2i4t,A,C
2i4v,A,B
2i4w,A,B
2i4x,A,B
2i51,A,B
2i52,A,C
2i57,A,B
2i57,A,C
2i57,A,D
2i57,B,C
2i57,B,D
2i57,C,D
2i5g,A,B
2i5i,A,B
2i5n,C,H
2i5n,C,L
2i5n,C,M
2i5n,H,L
2i5n,H,M
2i5n,L,M
2i5q,A,B
2i6r,A,B
2i6u,A,B
2i6u,A,C
2i6u,B,C
2i8a,A,D
2i8a,A,E
2i8a,B,C
2i8a,B,E
2i8a,C,F
2i8a,D,F
2i8u,A,B
2ia0,A,B
2ia2,A,C
2ia2,A,D
2ia2,B,C
2ia2,B,D
2iaz,A,C
2iaz,A,D
2iaz,B,C
2iaz,B,D
2iaz,C,D
2ib6,A,B
2ib6,A,D
2ib6,B,C
2ib6,B,E
2ib6,C,D
2ib6,E,F
2ib6,E,H
2ib6,F,G
2ib6,G,H
2ib7,A,B
2ib7,A,C
2ib7,A,D
2ib7,B,C
2ib7,B,D
2ib7,C,D
2ib9,A,B
2ib9,A,C
2ib9,A,D
2ib9,B,C
2ib9,B,D
2ib9,C,D
2ibm,A,B
2ibp,A,B
2ibw,A,B
2ibw,A,C
2ibw,A,D
2ibw,B,C
2ibw,B,D
2ibw,C,D
2icr,A,D
2icr,B,C
2id5,A,B
2id5,A,D
2id5,B,C
2id5,C,D
2idb,A,B
2idb,B,C
2idg,B,C
2idw,A,B
2ie4,A,C
2iec,A,B
2iec,A,C
2iec,A,D
2iec,B,C
2iec,B,D
2iec,C,D
2ief,A,B
2ief,B,C
2ieg,A,B
2iel,A,B
2ien,A,B
2iep,A,B
2iex,A,B
2iex,A,C
2iex,B,C
2ifc,A,C
2ig3,A,B
2ig6,A,B
2ig7,A,B
2ig9,A,B
2ig9,A,C
2ig9,A,D
2ig9,B,C
2ig9,B,D
2ig9,C,D
2igi,A,B
2igm,E,F
2igm,E,G
2igm,E,H
2igm,F,G
2igm,F,H
2igm,G,H
2ihc,C,D
2iht,A,B
2iht,A,C
2iht,B,D
2iht,C,D
2ihu,A,B
2ihu,A,C
2ihu,B,D
2ihu,C,D
2ihv,A,B
2ihv,A,C
2ihv,B,D
2ihv,C,D
2ii3,A,B
2ii3,A,C
2ii3,A,F
2ii3,B,C
2ii3,D,E
2ii3,D,F
2ii3,E,F
2ii8,A,B
2ii8,A,F
2ii8,B,H
2ii8,C,E
2ii8,C,G
2ii8,D,E
2ii8,D,G
2ii8,F,H
2iir,E,F
2ijz,A,D
2ijz,A,E
2ijz,A,I
2ijz,B,C
2ijz,B,D
2ijz,B,K
2ijz,C,D
2ijz,C,F
2ijz,E,H
2ijz,E,I
2ijz,F,G
2ijz,F,H
2ijz,G,H
2ijz,G,J
2ijz,I,L
2ijz,J,K
2ijz,J,L
2ijz,K,L
2ik9,A,B
2ikc,A,B
2ikk,A,B
2iks,A,B
2il3,A,B
2imj,A,B
2imj,C,D
2iml,A,C
2iml,B,D
2imo,A,B
2io0,A,B
2io1,A,B
2io1,C,D
2io1,E,F
2io2,A,B
2io2,A,C
2io7,A,B
2io8,A,B
2io9,A,B
2iq5,A,B
2iqf,A,B
2iqq,A,B
2irw,A,B
2irw,G,H
2is5,A,B
2is5,A,D
2is5,B,C
2is5,C,D
2isj,E,F
2isj,G,H
2isk,A,B
2isk,C,D
2isk,E,F
2isk,G,H
2isl,A,B
2iss,A,B
2iss,A,D
2iss,B,C
2iss,B,E
2iss,C,F
2isv,A,B
2itf,C,D
2itj,A,B
2iu0,A,B
2iu3,A,B
2iu7,A,B
2iu7,A,D
2iu7,A,F
2iu7,A,I
2iu7,A,J
2iu7,B,D
2iu7,B,E
2iu7,B,F
2iu7,B,G
2iu7,C,E
2iu7,C,G
2iu7,C,H
2iu7,C,I
2iu7,C,J
2iu7,D,F
2iu7,D,I
2iu7,D,J
2iu7,E,F
2iu7,E,G
2iu7,E,H
2iu7,F,G
2iu7,G,H
2iu7,H,I
2iu7,H,J
2iu7,I,J
2iu8,A,B
2iu8,A,C
2iu8,B,C
2iub,A,B
2iub,A,D
2iub,B,C
2iub,C,E
2iub,D,E
2iub,F,G
2iub,F,I
2iub,G,H
2iub,H,J
2iub,I,J
2iuf,A,E
2iun,A,B
2iun,A,C
2iun,B,C
2iun,D,E
2iun,D,F
2iun,E,F
2iuo,A,B
2iuo,A,D
2iuo,A,F
2iuo,A,I
2iuo,A,J
2iuo,B,D
2iuo,B,E
2iuo,B,F
2iuo,B,G
2iuo,C,E
2iuo,C,G
2iuo,C,H
2iuo,C,I
2iuo,C,J
2iuo,D,F
2iuo,D,I
2iuo,D,J
2iuo,E,F
2iuo,E,G
2iuo,E,H
2iuo,F,G
2iuo,G,H
2iuo,H,I
2iuo,H,J
2iuo,I,J
2iv0,A,B
2ivf,A,B
2ivf,B,C
2ivg,A,B
2ivg,A,D
2ivg,A,F
2ivg,A,I
2ivg,A,J
2ivg,B,D
2ivg,B,E
2ivg,B,F
2ivg,B,G
2ivg,C,E
2ivg,C,G
2ivg,C,H
2ivg,C,I
2ivg,C,J
2ivg,D,F
2ivg,D,I
2ivg,D,J
2ivg,E,F
2ivg,E,G
2ivg,E,H
2ivg,F,G
2ivg,G,H
2ivg,H,I
2ivg,H,J
2ivg,I,J
2ivm,A,B
2ivo,A,B
2iw2,A,B
2iw3,A,B
2iwh,A,B
2iwp,A,B
2iwt,A,B
2iwz,A,B
2ix3,A,B
2ixc,A,B
2ixe,A,D
2iy0,A,B
2iy0,A,C
2iy4,A,C
2iy4,A,E
2iy4,A,H
2iy4,A,I
2iy4,A,K
2iy4,B,D
2iy4,B,F
2iy4,B,G
2iy4,B,J
2iy4,B,L
2iy4,C,E
2iy4,C,H
2iy4,C,J
2iy4,C,L
2iy4,D,F
2iy4,D,G
2iy4,D,I
2iy4,D,K
2iy4,E,G
2iy4,E,I
2iy4,E,L
2iy4,F,H
2iy4,F,J
2iy4,F,K
2iy4,G,I
2iy4,G,L
2iy4,H,J
2iy4,H,K
2iy4,I,K
2iy4,J,L
2iy4,M,O
2iy4,M,Q
2iy4,M,T
2iy4,M,U
2iy4,M,X
2iy4,N,P
2iy4,N,R
2iy4,N,S
2iy4,N,V
2iy4,N,Y
2iy4,O,Q
2iy4,O,T
2iy4,O,V
2iy4,O,Y
2iy4,P,R
2iy4,P,S
2iy4,P,U
2iy4,P,X
2iy4,Q,S
2iy4,Q,U
2iy4,Q,Y
2iy4,R,T
2iy4,R,V
2iy4,R,X
2iy4,S,U
2iy4,S,Y
2iy4,T,V
2iy4,T,X
2iy4,U,X
2iy4,V,Y
2iyb,B,F
2iyb,C,G
2iyc,A,B
2iz0,A,B
2iz5,A,B
2iz5,A,D
2iz5,B,C
2iz5,C,D
2iz6,A,B
2iz7,A,B
2izn,A,B
2izn,A,C
2izo,A,C
2izo,B,C
2izv,A,C
2izv,B,C
2j04,A,B
2j04,C,D
2j05,A,B
2j0f,B,D
2j0g,D,E
2j0g,D,F
2j0g,E,F
2j0h,A,B
2j0h,A,C
2j0h,B,C
2j0h,D,E
2j0h,D,F
2j0h,E,F
2j0q,A,C
2j0q,A,T
2j0q,B,F
2j0q,B,I
2j0q,C,D
2j0q,C,T
2j0q,F,G
2j0q,F,I
2j0y,A,B
2j0y,A,C
2j0y,B,C
2j1p,A,B
2j27,A,B
2j2f,A,F
2j2j,A,B
2j2j,A,D
2j2j,B,D
2j2j,C,E
2j2j,C,F
2j2j,E,F
2j2p,A,B
2j2p,A,C
2j2p,B,C
2j3f,A,B
2j3f,A,C
2j3f,B,C
2j3g,D,E
2j3g,D,F
2j3g,E,F
2j3i,A,B
2j3j,A,B
2j3l,A,B
2j3n,A,B
2j3n,C,D
2j3n,E,F
2j3o,A,B
2j3o,A,C
2j3o,B,C
2j3o,D,E
2j3o,D,F
2j3o,E,F
2j40,A,B
2j4e,A,B
2j4e,F,G
2j4j,A,B
2j4j,A,C
2j4j,A,E
2j4j,A,F
2j4j,B,C
2j4j,B,F
2j4j,C,D
2j4j,D,E
2j4j,E,F
2j4l,A,B
2j4l,A,C
2j4l,A,E
2j4l,B,C
2j4l,B,D
2j4l,B,E
2j4l,C,D
2j4l,D,E
2j4l,D,F
2j4l,E,F
2j4l,G,H
2j4l,G,I
2j4l,G,K
2j4l,G,L
2j4l,H,I
2j4l,H,J
2j4l,H,K
2j4l,I,J
2j4l,I,L
2j4l,J,K
2j4l,J,L
2j4l,K,L
2j4u,P,Q
2j4u,P,R
2j4u,Q,R
2j4u,U,V
2j4u,U,W
2j4u,V,W
2j5b,A,B
2j5i,A,B
2j5i,A,C
2j5i,A,E
2j5i,A,F
2j5i,B,C
2j5i,B,D
2j5i,B,E
2j5i,C,D
2j5i,C,F
2j5i,D,E
2j5i,D,F
2j5i,E,F
2j5i,G,H
2j5i,G,I
2j5i,G,K
2j5i,G,L
2j5i,H,I
2j5i,H,J
2j5i,H,K
2j5i,I,J
2j5i,I,L
2j5i,J,K
2j5i,J,L
2j5i,K,L
2j5q,A,B
2j5q,A,D
2j5q,B,C
2j5q,C,D
2j5r,A,B
2j5r,A,D
2j5r,B,C
2j5r,C,D
2j5s,A,B
2j64,A,B
2j64,A,C
2j64,B,C
2j6h,A,B
2j6i,A,D
2j6l,E,F
2j6l,E,G
2j6l,E,H
2j6l,F,G
2j6l,F,H
2j6l,G,H
2j6r,A,B
2j6x,E,F
2j6x,E,G
2j6x,F,H
2j6x,G,H
2j6y,C,D
2j73,A,B
2j7a,A,B
2j7a,A,C
2j7a,A,D
2j7a,A,F
2j7a,B,C
2j7a,C,D
2j7a,C,F
2j7a,D,E
2j7a,D,F
2j7a,E,F
2j7n,A,B
2j83,A,B
2j8c,H,L
2j8c,H,M
2j8c,L,M
2j8n,A,B
2j8q,A,B
2j91,A,B
2j91,A,C
2j91,A,D
2j91,B,C
2j91,B,D
2j91,C,D
2j9d,A,B
2j9d,A,C
2j9d,B,C
2j9f,A,B
2j9f,A,C
2j9f,A,D
2j9f,B,C
2j9f,B,D
2j9f,C,D
2jb3,A,B
2jb7,A,B
2jb7,A,C
2jb7,B,C
2jbm,A,B
2jbm,A,C
2jbm,A,D
2jbm,A,F
2jbm,B,C
2jbm,B,E
2jbm,B,F
2jbm,C,D
2jbm,C,E
2jbm,D,E
2jbm,D,F
2jbm,E,F
2jbm,G,H
2jbm,G,I
2jbm,G,J
2jbm,G,L
2jbm,H,I
2jbm,H,K
2jbm,H,L
2jbm,I,J
2jbm,I,K
2jbm,J,K
2jbm,J,L
2jbm,K,L
2jbs,A,B
2jbs,A,D
2jbs,B,C
2jbs,C,D
2jd1,A,B
2jd3,A,B
2jd7,A,C
2jd7,A,D
2jd7,A,S
2jd7,A,U
2jd7,A,W
2jd7,B,E
2jd7,B,T
2jd7,B,U
2jd7,B,W
2jd7,C,D
2jd7,C,U
2jd7,C,V
2jd7,D,S
2jd7,D,V
2jd7,E,W
2jd7,E,X
2jd7,F,S
2jd7,F,X
2jd7,S,W
2jd7,S,X
2jd7,T,U
2jd7,W,X
2jdh,A,B
2jdh,A,D
2jdh,B,C
2jdh,C,D
2jdm,A,B
2jdm,A,D
2jdm,B,C
2jdm,C,D
2jdp,A,B
2jdp,A,D
2jdp,B,C
2jdp,C,D
2jdy,A,B
2jdy,A,D
2jdy,B,C
2jdy,C,D
2jea,A,B
2jea,A,I
2jeb,A,B
2jeb,A,I
2jee,A,B
2jer,A,B
2jer,A,E
2jer,A,F
2jer,B,F
2jer,C,D
2jer,C,G
2jer,C,H
2jer,D,G
2jer,D,H
2jer,E,F
2jer,G,H
2jes,A,W
2jes,A,Y
2jes,C,G
2jes,E,G
2jes,G,I
2jes,I,K
2jes,K,M
2jfc,A,D
2jfc,A,E
2jfc,B,C
2jfc,B,F
2jfc,C,F
2jfc,D,E
2jfp,A,B
2jfq,A,B
2jg1,A,D
2jg9,A,B
2jg9,A,C
2jg9,B,C
2jg9,D,E
2jg9,D,F
2jg9,E,F
2jgq,A,B
2jgs,A,B
2jgs,A,D
2jgs,B,C
2jgs,C,D
2jgv,A,D
2jgv,B,C
2jgy,A,B
2jhe,A,B
2ji1,A,B
2ji1,C,D
2ji2,A,B
2ji2,C,D
2ji3,A,B
2jif,A,B
2jif,A,C
2jif,B,D
2jif,C,D
2jj2,A,D
2jj2,A,E
2jj2,A,G
2jj2,B,E
2jj2,B,F
2jj2,C,D
2jj2,C,F
2jj2,D,G
2jj2,F,G
2jj4,A,C
2jj4,A,F
2jj4,B,E
2jj4,C,D
2jj4,D,E
2jj7,A,B
2jjm,A,B
2jjm,A,C
2jjm,C,D
2jjm,E,F
2jjm,E,H
2jjm,F,G
2jjm,G,H
2jjm,I,J
2jjm,J,L
2jjm,K,L
2jjt,A,C
2jjy,A,C
2jjy,B,D
2jjy,C,D
2jk0,A,B
2jk0,A,C
2jk0,A,D
2jk0,B,C
2jk0,B,D
2jk0,C,D
2jk0,E,F
2jk0,E,G
2jk0,E,H
2jk0,F,G
2jk0,F,H
2jk0,G,H
2jk2,A,B
2jk6,A,B
2jka,A,B
2jkt,A,B
2jkt,A,M
2jkt,A,S
2jkt,B,M
2jkt,M,S
2jkv,A,B
2jkv,C,D
2jkv,E,F
2jld,A,B
2kmb,1,2
2kmb,1,3
2kmb,2,3
2ldb,A,B
2ldb,A,C
2ldb,A,D
2ldb,B,C
2ldb,B,D
2ldb,C,D
2ldx,A,B
2ldx,A,C
2ldx,A,D
2ldx,B,C
2ldx,B,D
2ldx,C,D
2lig,A,B
2ljr,A,B
2lyn,A,B
2lyn,A,C
2lyn,A,D
2lyn,C,D
2mjp,A,B
2mll,A,B
2nck,L,R
2nli,A,B
2nll,A,B
2nlx,A,B
2nnf,A,B
2nnh,A,B
2nnw,A,B
2nnw,C,D
2np5,B,D
2np9,A,B
2np9,A,C
2np9,B,C
2npp,D,E
2npp,D,F
2npp,E,F
2nps,A,B
2nps,A,C
2nps,A,D
2nps,B,C
2nps,B,D
2nps,C,D
2npt,B,C
2nq2,A,B
2nq2,A,C
2nq2,B,D
2nq2,C,D
2nqa,A,B
2nql,A,B
2nqm,A,B
2nqo,A,B
2nqp,A,B
2nqp,C,D
2nqq,A,B
2nqr,A,B
2nqu,A,B
2nqv,A,B
2ns1,A,B
2ns7,A,B
2ns7,C,D
2nu6,A,B
2nu6,D,E
2nu7,A,B
2nu7,D,E
2nu8,A,B
2nu8,D,E
2nu9,D,E
2nu9,D,I
2nu9,E,H
2nu9,H,I
2nua,A,B
2nua,D,E
2nue,A,B
2nuf,A,B
2nuj,A,B
2nuo,A,B
2nut,A,B
2nut,A,C
2nut,B,C
2nuu,A,B
2nuu,A,C
2nuu,A,E
2nuu,A,G
2nuu,A,I
2nuu,B,C
2nuu,B,D
2nuu,B,G
2nuu,B,H
2nuu,C,F
2nuu,C,H
2nuu,C,I
2nuu,D,E
2nuu,D,F
2nuu,D,J
2nuu,D,L
2nuu,E,F
2nuu,E,J
2nuu,E,K
2nuu,F,K
2nuu,F,L
2nuu,G,H
2nuu,G,I
2nuu,H,I
2nuu,J,K
2nuu,J,L
2nuu,K,L
2nv4,A,B
2nv7,A,B
2nv9,A,B
2nv9,E,F
2nva,A,B
2nva,C,D
2nva,E,F
2nva,G,H
2nvl,A,B
2nvl,A,C
2nvl,A,I
2nvl,A,J
2nvl,B,C
2nvl,B,D
2nvl,B,J
2nvl,C,D
2nvl,C,E
2nvl,D,E
2nvl,D,F
2nvl,E,F
2nvl,E,G
2nvl,F,G
2nvl,F,H
2nvl,G,H
2nvl,G,I
2nvl,H,I
2nvl,H,J
2nvl,I,J
2nvq,A,B
2nvq,A,C
2nvq,A,E
2nvq,A,F
2nvq,A,H
2nvq,A,I
2nvq,A,K
2nvq,B,C
2nvq,B,I
2nvq,B,J
2nvq,B,K
2nvq,B,L
2nvq,C,J
2nvq,C,K
2nvq,C,L
2nvv,A,B
2nvv,C,D
2nvv,E,F
2nvw,A,B
2nvy,A,B
2nvy,A,C
2nvy,A,E
2nvy,A,F
2nvy,A,H
2nvy,A,I
2nvy,A,K
2nvy,B,C
2nvy,B,I
2nvy,B,J
2nvy,B,K
2nvy,B,L
2nvy,C,J
2nvy,C,K
2nvy,C,L
2nw9,A,B
2nwa,A,B
2nwa,A,C
2nwa,B,D
2nwa,C,D
2nwa,E,F
2nwa,E,G
2nwa,F,H
2nwa,G,H
2nwb,A,B
2nwi,A,B
2nwi,C,D
2nwr,A,B
2nws,A,B
2nye,A,B
2nyg,C,D
2nys,A,B
2nyx,C,D
2nzc,A,B
2nzc,A,C
2nzc,B,D
2nzc,C,D
2nzt,A,B
2nzx,A,B
2o05,A,B
2o0t,A,B
2o0t,C,D
2o0y,A,B
2o0y,B,D
2o0y,C,D
2o16,A,B
2o18,A,C
2o18,B,C
2o18,B,D
2o1x,A,B
2o1z,A,B
2o26,A,B
2o26,A,X
2o26,B,Y
2o26,E,F
2o26,E,U
2o26,F,W
2o2a,A,B
2o2c,B,C
2o2r,A,B
2o2r,A,C
2o2r,A,D
2o2r,B,C
2o2r,B,D
2o2r,C,D
2o2s,A,B
2o2v,A,B
2o2y,A,B
2o2y,A,C
2o2y,A,D
2o2y,B,C
2o2y,B,D
2o2y,C,D
2o38,A,B
2o3a,A,B
2o3i,A,B
2o3z,A,B
2o4c,A,B
2o4g,A,C
2o4g,B,D
2o4m,A,B
2o4m,C,P
2o4n,A,B
2o4p,A,B
2o4q,A,B
2o4q,K,P
2o50,A,B
2o53,A,B
2o5a,A,B
2o5u,A,B
2o6c,A,B
2o6d,A,B
2o6m,A,B
2o73,A,B
2o73,C,D
2o73,E,F
2o78,E,F
2o78,E,H
2o78,F,G
2o78,G,H
2o7d,A,B
2o7d,A,D
2o7d,B,C
2o7d,C,D
2o7d,E,F
2o7d,E,H
2o7d,F,G
2o7d,G,H
2o7e,E,F
2o7e,E,H
2o7e,F,G
2o7e,G,H
2o7f,E,F
2o7f,E,H
2o7f,F,G
2o7f,G,H
2o8a,B,J
2o8b,A,B
2o8x,A,B
2o8x,A,C
2o8x,B,C
2o93,L,M
2o94,A,B
2o94,A,C
2o94,A,D
2o94,B,C
2o94,B,D
2o94,C,D
2o96,A,B
2o97,A,B
2o99,A,D
2o99,B,C
2o9a,A,D
2o9a,B,C
2oa5,A,B
2oa6,A,B
2oa6,A,C
2oa6,A,D
2oa6,B,C
2oa6,B,D
2oa6,C,D
2oa7,A,B
2oac,A,B
2oaf,A,B
2oap,1,2
2oaq,1,2
2oba,A,B
2oba,A,C
2oba,A,D
2oba,B,C
2oba,B,F
2oba,C,E
2oba,D,E
2oba,D,F
2oba,E,F
2obe,A,B
2obe,A,C
2obe,B,C
2obf,A,B
2obk,A,B
2obk,A,D
2obk,B,C
2obk,C,D
2obk,E,F
2obk,E,H
2obk,F,G
2obk,G,H
2oc0,A,C
2oc1,A,C
2ocf,A,D
2ocp,A,B
2ocp,C,D
2ocp,E,F
2ocp,G,H
2od6,A,B
2od6,C,D
2odf,E,G
2odo,A,B
2odo,C,D
2oe1,A,B
2oej,A,B
2oer,A,B
2of9,A,B
2ofc,A,B
2ofd,A,B
2ofe,A,B
2ofx,A,B
2oga,A,B
2oga,A,C
2oga,B,C
2oga,C,D
2ogd,A,B
2oge,A,B
2oge,C,D
2ogf,A,B
2ogf,A,C
2ogf,A,D
2ogf,B,C
2ogf,B,D
2ogf,C,D
2ogk,A,D
2ogk,B,D
2ogk,C,D
2ohd,A,B
2ohd,A,C
2ohd,A,D
2ohd,B,C
2ohd,B,F
2ohd,C,E
2ohd,D,E
2ohd,D,F
2ohd,E,F
2ohi,A,B
2ohi,A,D
2ohi,B,E
2ohi,D,E
2ohi,G,H
2ohi,G,I
2ohi,H,J
2ohi,I,J
2oie,A,B
2oie,A,C
2oie,A,D
2oie,B,C
2oie,B,D
2oie,C,D
2oif,A,F
2oj5,A,B
2oj5,A,C
2oj5,B,C
2oj5,D,E
2oj5,D,F
2oj5,E,F
2oj6,D,E
2oj6,D,F
2oj6,E,F
2ojl,A,B
2ojp,A,B
2ojw,A,B
2ojw,A,E
2ojw,B,C
2ojw,C,D
2ojw,D,E
2oka,A,B
2oka,A,D
2oka,B,C
2oka,C,D
2okb,A,B
2okb,A,C
2okb,B,C
2okd,A,B
2okd,A,C
2okd,B,C
2oke,A,B
2oke,A,C
2oke,B,C
2oki,A,B
2okj,A,B
2oku,A,B
2ol1,A,B
2ol1,A,C
2ol1,B,C
2olk,A,B
2olk,A,D
2olk,B,C
2olk,C,D
2olp,A,B
2om6,A,B
2ome,A,B
2ome,C,D
2ome,E,F
2ome,G,H
2omo,A,H
2omo,B,C
2omo,D,G
2omo,E,F
2omv,A,B
2omw,A,B
2omz,A,B
2op1,A,B
2op9,A,B
2opb,A,B
2oph,A,B
2opk,A,B
2opk,C,D
2opo,C,D
2oqe,C,D
2oqe,E,F
2oqg,A,B
2oqg,A,C
2oqg,B,D
2oqg,C,D
2oqh,B,D
2oqy,A,B
2oqy,A,D
2oqy,A,F
2oqy,A,G
2oqy,B,C
2oqy,B,F
2oqy,B,G
2oqy,C,E
2oqy,C,G
2oqy,C,H
2oqy,D,E
2oqy,D,F
2oqy,D,H
2oqy,E,F
2oqy,E,H
2oqy,G,H
2or0,A,B
2or1,L,R
2or2,A,B
2or3,A,B
2ori,A,B
2ork,A,B
2ork,A,C
2ork,B,C
2orw,A,B
2ost,A,B
2ost,A,C
2ost,A,D
2ost,B,C
2ost,B,D
2ost,C,D
2oto,A,B
2oto,C,D
2otx,A,B
2ou4,A,D
2ou4,B,C
2ouk,A,B
2ouw,A,B
2oux,A,B
2ovl,A,B
2ovl,C,D
2owg,A,B
2owk,A,B
2owp,A,B
2owu,A,B
2ox1,A,B
2ox4,A,B
2ox4,A,C
2ox4,A,F
2ox4,A,H
2ox4,B,C
2ox4,B,G
2ox4,B,H
2ox4,C,D
2ox4,C,G
2ox4,D,E
2ox4,D,F
2ox4,D,G
2ox4,E,F
2ox4,E,G
2ox4,E,H
2ox4,F,H
2ox5,E,F
2oxh,A,B
2oxh,C,D
2oxh,E,F
2oxh,Y,Z
2oy9,A,B
2oyi,A,B
2oyi,A,C
2oyi,B,C
2oyi,D,E
2oyi,D,F
2oyi,E,F
2oyo,A,B
2oyy,A,B
2oz1,A,B
2oz1,C,D
2oz1,E,F
2oz1,G,H
2oz8,A,B
2ozl,A,B
2ozl,A,C
2ozl,A,D
2ozl,B,C
2ozl,B,D
2ozl,C,D
2p04,A,B
2p06,A,B
2p0a,A,B
2p0g,A,B
2p0g,A,D
2p0g,B,C
2p0g,C,D
2p0u,A,B
2p0v,A,B
2p11,A,B
2p1m,A,B
2p1o,A,B
2p1p,A,B
2p1q,A,B
2p1z,A,B
2p2o,D,E
2p2o,D,F
2p2o,E,F
2p2s,A,B
2p4b,A,B
2p4e,A,P
2p4p,A,B
2p4s,A,B
2p4s,A,C
2p4s,B,C
2p4z,A,B
2p50,A,B
2p5f,A,B
2p5l,C,D
2p5m,A,B
2p5m,A,C
2p5m,B,C
2p5t,A,B
2p5t,A,C
2p5t,C,D
2p5u,A,D
2p5v,A,B
2p5v,A,C
2p5v,A,D
2p5v,A,G
2p5v,B,D
2p5v,B,G
2p5v,B,H
2p5v,C,D
2p5v,C,E
2p5v,C,F
2p5v,D,F
2p5v,E,F
2p5v,E,G
2p5v,E,H
2p5v,F,H
2p5v,G,H
2p63,A,B
2p63,B,D
2p63,C,D
2p6k,A,B
2p7h,A,B
2p7h,A,C
2p7h,A,D
2p7h,B,C
2p7h,B,D
2p7h,C,D
2p7k,A,B
2p7l,A,B
2p7l,C,D
2p7p,A,B
2p7q,A,B
2p7q,C,D
2p7q,E,F
2p7v,A,B
2p88,A,B
2p88,A,E
2p88,A,F
2p88,A,G
2p88,B,F
2p88,B,G
2p88,B,H
2p88,C,D
2p88,C,E
2p88,C,G
2p88,C,H
2p88,D,E
2p88,D,F
2p88,D,H
2p88,E,F
2p88,G,H
2p8i,A,B
2p8i,C,D
2p8s,A,B
2p8u,A,B
2p9m,A,B
2p9x,A,B
2p9x,A,C
2p9x,A,D
2p9x,B,C
2p9x,B,D
2p9x,C,D
2pa6,A,B
2pa8,D,L
2paf,A,B
2pah,A,B
2paq,A,B
2pb0,A,B
2pb6,A,B
2pbj,A,B
2pbj,C,D
2pbz,A,B
2pbz,A,C
2pbz,B,C
2pd1,A,C
2pd1,B,D
2pd6,A,B
2pd6,A,D
2pd6,B,C
2pd6,C,D
2pda,A,B
2peb,A,B
2pek,A,B
2pek,C,D
2pek,E,F
2pel,A,B
2pel,A,D
2pel,B,C
2pel,C,D
2pey,A,B
2pez,A,B
2pfk,C,D
2pfm,A,B
2pg0,A,B
2pg1,C,D
2pg1,E,H
2pga,A,E
2pga,A,F
2pga,B,D
2pga,B,F
2pga,C,D
2pga,C,E
2pgn,A,B
2pgo,A,B
2pgw,A,B
2pgw,A,E
2pgw,A,F
2pgw,A,G
2pgw,B,C
2pgw,B,F
2pgw,B,G
2pgw,C,D
2pgw,C,F
2pgw,C,H
2pgw,D,E
2pgw,D,G
2pgw,D,H
2pgw,E,G
2pgw,E,H
2pgw,F,H
2ph3,A,B
2ph9,A,B
2ph9,A,E
2ph9,B,C
2ph9,C,D
2ph9,D,E
2phd,A,C
2phd,A,D
2phd,B,C
2phd,B,D
2phx,A,B
2pi2,C,G
2pi2,D,H
2pij,A,B
2pin,A,B
2pjs,A,B
2pju,A,B
2pjw,H,V
2pk2,A,B
2pk2,A,D
2pk2,B,C
2pk2,C,D
2pk3,A,B
2pk5,A,B
2pk6,A,B
2pkg,A,C
2pkg,B,D
2pkh,A,B
2pkh,B,D
2pkh,C,D
2pkh,E,F
2pkh,F,H
2pkh,G,H
2pkr,H,I
2pkr,H,L
2pkr,H,M
2pkr,I,L
2pkr,I,M
2pkr,L,M
2pkr,O,P
2pkr,O,Q
2pkr,O,R
2pkr,P,Q
2pkr,P,R
2pkr,Q,R
2pkx,A,B
2pl7,A,B
2plr,A,B
2plv,1,2
2plv,1,3
2plv,2,4
2plv,3,4
2pm7,A,B
2pm7,A,C
2pm7,C,D
2pmt,A,B
2pmt,C,D
2pmy,A,B
2pn0,A,D
2pn0,B,C
2pnc,A,B
2pnz,A,B
2po2,A,B
2poz,A,B
2poz,A,D
2poz,A,E
2poz,A,F
2poz,B,C
2poz,B,F
2poz,B,H
2poz,C,D
2poz,C,G
2poz,C,H
2poz,D,E
2poz,D,G
2poz,E,F
2poz,E,G
2poz,F,H
2poz,G,H
2pp0,B,C
2pp1,A,B
2pp1,C,E
2pp1,D,F
2pp7,A,B
2pp7,A,C
2pp7,B,C
2ppa,A,B
2ppa,A,C
2ppa,B,C
2ppf,A,B
2ppf,A,C
2ppf,B,C
2ppg,A,B
2ppg,A,C
2ppg,A,D
2ppg,B,C
2ppg,C,D
2ppt,A,B
2pqa,A,B
2pqq,A,B
2pqq,A,C
2pqq,A,D
2pqq,B,C
2pqq,B,D
2pqr,A,C
2pqz,A,B
2pr5,A,B
2prr,A,B
2prr,A,D
2prr,B,I
2prr,C,G
2prr,C,K
2prr,D,E
2prr,E,H
2prr,F,J
2prr,F,L
2prr,G,J
2prr,H,I
2prr,K,L
2ps2,A,C
2ps2,B,C
2ps2,B,D
2psm,A,F
2psm,B,C
2psn,A,B
2psn,C,D
2psz,A,B
2pt6,B,C
2pt9,B,C
2ptr,A,B
2ptt,A,B
2pu5,A,B
2pu9,A,B
2pu9,A,C
2puo,A,B
2puz,A,B
2pva,A,B
2pva,A,C
2pva,A,D
2pva,B,C
2pva,B,D
2pva,C,D
2pvd,A,B
2pvy,A,C
2pvy,A,D
2pvy,B,C
2pvy,B,D
2pw0,A,B
2pw3,A,B
2pwc,A,B
2pwj,B,F
2pwr,A,B
2pwz,A,C
2px0,A,E
2px0,B,F
2px0,D,H
2pyt,A,B
2pyy,A,B
2pyy,B,C
2pz0,A,B
2pz8,A,B
2pzk,A,B
2pzm,A,B
2pzp,A,B
2pzv,C,D
2q0b,A,B
2q0q,A,B
2q0q,G,H
2q16,A,B
2q1l,A,B
2q1l,A,C
2q1l,A,D
2q1l,B,C
2q1l,B,D
2q1l,C,D
2q1w,B,C
2q27,A,B
2q29,A,B
2q2g,A,B
2q2h,A,B
2q30,A,B
2q30,C,D
2q30,G,H
2q39,A,B
2q3e,A,B
2q3e,A,C
2q3e,A,E
2q3e,B,D
2q3e,B,F
2q3e,C,D
2q3e,C,E
2q3e,D,F
2q3e,E,F
2q3e,G,H
2q3e,G,I
2q3e,G,K
2q3e,H,J
2q3e,H,L
2q3e,I,J
2q3e,I,K
2q3e,J,L
2q3e,K,L
2q3v,A,B
2q3x,A,B
2q49,A,B
2q49,A,C
2q49,A,D
2q49,B,C
2q49,B,D
2q49,C,D
2q4k,A,B
2q4p,A,B
2q4z,A,B
2q51,A,B
2q5l,A,B
2q5o,A,B
2q5q,A,B
2q5r,A,B
2q5z,A,B
2q73,A,B
2q73,A,C
2q73,B,D
2q73,C,D
2q74,A,C
2q7d,A,B
2q8i,A,B
2q8u,A,B
2q9l,A,B
2q9l,A,C
2q9l,B,D
2q9l,C,D
2q9o,A,B
2q9y,A,B
2qa5,A,B
2qaf,A,B
2qby,A,B
2qc2,A,B
2qcg,A,B
2qci,A,B
2qcs,A,B
2qcx,A,B
2qd0,A,B
2qd2,A,B
2qd4,A,B
2qdh,A,B
2qdh,A,C
2qdh,A,D
2qdh,B,C
2qdh,B,D
2qdh,C,D
2qdq,A,B
2qfa,A,B
2qfc,A,B
2qfj,A,B
2qfr,A,B
2qg9,A,B
2qg9,B,D
2qg9,C,D
2qga,B,C
2qgi,A,B
2qgs,A,B
2qgv,C,D
2qhd,A,B
2qhx,A,B
2qhx,A,C
2qhx,A,D
2qhx,B,C
2qhx,B,D
2qhx,C,D
2qi0,A,B
2qi4,A,B
2qi5,A,B
2qi6,A,B
2qi7,A,B
2qib,A,B
2qie,A,B
2qie,A,E
2qie,D,E
2qin,A,B
2qin,A,C
2qin,A,D
2qin,B,C
2qin,B,D
2qin,C,D
2qio,A,B
2qio,A,C
2qio,A,D
2qio,B,C
2qio,B,D
2qio,C,D
2qj4,A,B
2qj8,A,B
2qjf,A,B
2qjg,A,D
2qjg,A,E
2qjg,A,N
2qjg,B,C
2qjg,B,E
2qjg,B,L
2qjg,C,D
2qjg,C,O
2qjg,D,K
2qjg,E,M
2qjg,F,I
2qjg,F,J
2qjg,F,P
2qjg,G,H
2qjg,G,J
2qjg,G,R
2qjg,H,I
2qjg,H,Q
2qjg,I,T
2qjg,J,S
2qjg,K,N
2qjg,K,O
2qjg,L,M
2qjg,L,O
2qjg,M,N
2qjg,P,S
2qjg,P,T
2qjg,Q,R
2qjg,Q,T
2qjg,R,S
2qjj,A,B
2qjj,C,D
2qjm,A,B
2qjm,A,C
2qjm,A,D
2qjm,B,D
2qjm,C,D
2qjn,A,B
2qjn,A,C
2qjn,A,D
2qjn,B,D
2qjn,C,D
2qjo,A,B
2qjo,A,C
2qjt,A,B
2qjw,A,B
2ql2,A,B
2ql2,B,D
2ql2,C,D
2ql3,A,B
2ql3,C,D
2ql3,E,F
2ql3,G,H
2ql3,I,J
2ql3,K,L
2ql8,A,B
2qlr,A,B
2qlr,C,D
2qlv,A,B
2qlv,A,C
2qlv,B,C
2qm0,A,B
2qm2,A,B
2qm4,A,B
2qm4,C,D
2qm6,A,B
2qm6,B,D
2qm6,C,D
2qma,A,B
2qmi,A,B
2qmi,A,D
2qmi,A,E
2qmi,A,F
2qmi,B,C
2qmi,B,E
2qmi,B,H
2qmi,C,D
2qmi,C,G
2qmi,D,F
2qmi,D,G
2qmi,E,F
2qmi,E,H
2qmi,F,G
2qmi,G,H
2qmm,A,B
2qms,C,D
2qmu,A,B
2qmu,A,C
2qmz,A,B
2qnn,A,B
2qnz,A,B
2qoe,A,B
2qpd,A,B
2qpp,A,B
2qq2,A,B
2qq2,A,E
2qq2,B,C
2qq2,C,K
2qq2,D,E
2qq2,D,K
2qq2,F,G
2qq2,F,I
2qq2,G,J
2qq2,H,I
2qq2,H,L
2qq2,J,L
2qqc,A,B
2qqc,A,C
2qqc,A,E
2qqc,A,F
2qqc,B,C
2qqc,B,E
2qqc,C,D
2qqc,C,E
2qqc,D,E
2qqc,E,F
2qqc,G,H
2qqc,G,J
2qqc,H,K
2qqc,I,J
2qqc,I,L
2qqc,K,L
2qqe,A,B
2qqz,A,B
2qr1,A,B
2qr1,A,E
2qr1,A,G
2qr1,B,E
2qr1,B,G
2qr1,C,D
2qr1,C,E
2qr1,C,G
2qr1,D,E
2qr1,D,G
2qrc,C,D
2qrc,C,E
2qrc,D,E
2qrd,A,B
2qrd,A,E
2qrd,A,G
2qrd,B,E
2qrd,B,G
2qrd,C,D
2qrd,C,E
2qrd,C,G
2qrd,D,E
2qrd,D,G
2qro,A,B
2qro,C,D
2qrv,A,B
2qrv,A,D
2qrv,C,D
2qrv,E,F
2qrv,E,H
2qrv,G,H
2qrw,B,E
2qrw,B,H
2qrw,B,J
2qrw,C,F
2qrw,C,I
2qrw,C,K
2qrw,D,L
2qrw,E,H
2qrw,E,J
2qrw,F,I
2qrw,F,K
2qs8,A,B
2qsd,A,B
2qsd,D,E
2qsf,A,X
2qsu,A,B
2qsx,A,B
2qt3,A,B
2qtb,A,B
2qtc,A,B
2qtq,A,B
2qtq,C,D
2qtr,B,C
2qtt,A,B
2quf,A,B
2qul,A,B
2qul,C,D
2quv,A,B
2quv,A,D
2quv,B,C
2quv,C,D
2qux,D,E
2quy,A,B
2quy,A,C
2quy,A,D
2quy,B,C
2quy,B,D
2quy,C,D
2quy,E,F
2quy,E,G
2quy,E,H
2quy,F,G
2quy,F,H
2quy,G,H
2qva,A,D
2qva,B,C
2qvh,A,B
2qvj,A,B
2qvj,A,C
2qvj,A,E
2qvj,B,C
2qvj,B,D
2qvj,B,E
2qvj,C,D
2qvv,A,B
2qw6,A,B
2qw6,A,D
2qw6,B,C
2qw6,C,D
2qwv,A,B
2qwx,A,B
2qx1,A,B
2qxl,A,B
2qyf,A,B
2qyf,C,D
2qyg,C,D
2qyn,A,B
2qyv,A,B
2qz8,A,C
2qz8,A,D
2qz8,B,D
2qz9,A,C
2qzc,A,B
2r07,1,2
2r07,1,3
2r07,1,4
2r0h,A,B
2r0h,A,C
2r0h,B,D
2r0h,C,D
2r11,A,B
2r11,C,D
2r1a,A,B
2r1a,B,C
2r1a,C,D
2r1r,A,B
2r1v,A,B
2r28,A,B
2r2f,A,B
2r2n,A,B
2r2n,C,D
2r2o,A,B
2r41,A,B
2r41,A,C
2r41,B,C
2r41,B,D
2r4f,A,B
2r4f,A,C
2r4f,A,D
2r4f,B,C
2r4f,B,D
2r4f,C,D
2r4w,A,B
2r4y,A,B
2r5i,A,B
2r5i,A,E
2r5i,B,C
2r5i,C,D
2r5i,D,E
2r5i,F,G
2r5i,F,J
2r5i,G,H
2r5i,H,I
2r5i,I,J
2r5i,K,L
2r5i,K,O
2r5i,L,M
2r5i,M,N
2r5i,N,O
2r5j,F,G
2r5j,F,J
2r5j,G,H
2r5j,H,I
2r5j,I,J
2r5k,A,B
2r5k,A,E
2r5k,B,C
2r5k,C,D
2r5k,D,E
2r5n,A,B
2r5o,A,B
2r5p,A,B
2r5p,C,D
2r5q,C,D
2r5w,A,B
2r5z,A,B
2r6g,A,B
2r6g,A,G
2r6g,B,F
2r6g,E,F
2r6g,E,G
2r6g,F,G
2r6u,B,D
2r6w,A,B
2r76,A,B
2r7g,A,C
2r83,A,B
2r87,A,B
2r87,A,C
2r87,B,C
2r87,D,E
2r87,D,F
2r87,E,F
2r8e,A,B
2r8e,A,C
2r8e,B,D
2r8e,C,D
2r8e,E,G
2r8e,E,H
2r8e,F,G
2r8e,F,H
2r8q,A,B
2r8y,A,B
2r8y,A,D
2r8y,B,C
2r8y,C,D
2r8y,E,F
2r8y,E,H
2r8y,F,G
2r8y,G,H
2r8y,I,J
2r8y,I,L
2r8y,J,K
2r8y,K,L
2r91,A,C
2r91,A,D
2r91,B,C
2r91,B,D
2r97,A,C
2r9e,C,D
2r9k,A,B
2r9q,A,C
2r9q,B,D
2raf,A,B
2rag,A,B
2rag,C,D
2ras,A,B
2raw,A,B
2rax,A,B
2rax,E,F
2rax,X,Y
2rb3,A,D
2rb3,B,C
2rba,A,B
2rbb,A,B
2rbe,A,B
2rbh,A,B
2rbl,A,B
2rce,D,E
2rce,D,F
2rce,E,F
2rce,G,H
2rce,G,I
2rce,H,I
2rcf,A,B
2rcf,A,E
2rcf,B,C
2rcf,C,D
2rcf,D,E
2rcz,A,B
2rd3,A,D
2rd9,A,B
2rd9,A,C
2rd9,A,D
2rd9,B,C
2rd9,B,D
2rd9,C,D
2rdc,A,B
2rdh,A,C
2rdh,B,D
2rdy,A,B
2re1,A,B
2reh,A,B
2reh,A,C
2reh,B,D
2reh,C,D
2rf4,A,B
2rf4,C,D
2rf4,E,F
2rf7,C,D
2rf9,A,C
2rf9,B,D
2rfq,A,B
2rfq,A,D
2rfq,B,C
2rfq,C,D
2rg9,A,B
2rgi,A,B
2rgk,A,B
2rgk,A,C
2rgk,A,D
2rgk,B,C
2rgk,B,F
2rgk,C,E
2rgk,D,E
2rgk,D,F
2rgk,E,F
2rgm,A,B
2rgq,A,B
2rgq,A,C
2rgq,B,C
2rgu,A,B
2rgw,A,B
2rgw,A,C
2rgw,B,C
2rgz,A,B
2rh0,A,B
2rh0,C,D
2rh4,A,B
2rh7,A,B
2rhc,A,B
2rhs,A,B
2rhs,A,D
2rhs,B,C
2rhs,B,D
2rhs,C,D
2rjg,A,B
2rjg,C,D
2rk0,A,B
2rkb,A,B
2rkb,C,D
2rl3,A,B
2rl7,A,B
2rl7,C,D
2rl8,A,B
2rlb,A,B
2rld,A,B
2rld,A,C
2rld,B,E
2rld,C,D
2rld,D,E
2rs3,1,3
2rs3,2,4
2rs3,3,4
2rus,A,B
2tmd,A,B
2tmg,A,B
2tmg,A,C
2tmg,A,E
2tmg,A,F
2tmg,B,C
2tmg,B,D
2tmg,B,E
2tmg,C,D
2tmg,C,F
2tmg,D,E
2tmg,D,F
2tmg,E,F
2tnf,A,B
2tnf,A,C
2tnf,B,C
2tod,A,B
2tod,C,D
2tsc,A,B
2tsr,C,D
2ubp,A,C
2ubp,B,C
2uul,M,N
2uul,M,P
2uul,M,S
2uul,M,W
2uul,N,Q
2uul,O,P
2uul,O,R
2uul,O,U
2uul,O,W
2uul,Q,R
2uul,Q,S
2uul,Q,U
2uul,S,T
2uul,S,V
2uul,T,W
2uul,U,V
2uul,U,X
2uul,W,X
2uuz,A,B
2uv0,F,H
2uv1,A,B
2uvo,E,F
2uvp,A,B
2uvp,A,D
2uvp,B,C
2uvp,C,D
2uw1,A,B
2uww,H,L
2uww,H,M
2uww,L,M
2ux0,A,B
2ux0,A,F
2ux0,B,C
2ux0,C,D
2ux0,D,E
2ux0,E,F
2ux5,H,L
2ux5,H,M
2ux5,L,M
2uxc,B,H
2uxc,C,J
2uxc,C,N
2uxc,E,H
2uxc,F,R
2uxc,J,N
2uxc,K,R
2uxc,M,S
2uxd,B,H
2uxd,C,J
2uxd,C,N
2uxd,D,E
2uxd,E,H
2uxd,F,R
2uxd,J,N
2uxd,K,R
2uxd,M,S
2uxh,A,B
2uxk,H,L
2uxk,H,M
2uxk,L,M
2uxm,H,L
2uxm,H,M
2uxm,L,M
2uxq,A,B
2uxq,C,D
2uxr,A,B
2uxu,A,B
2uxx,A,B
2uxz,A,B
2uy6,A,B
2uy6,B,C
2uye,A,B
2uyf,A,B
2uyj,A,B
2uyj,A,C
2uyj,B,C
2uyn,A,B
2uyn,A,C
2uyn,B,C
2uyp,A,B
2uyp,A,C
2uyp,B,C
2uz1,A,B
2uz1,A,C
2uz1,A,D
2uz1,B,C
2uz1,B,D
2uz1,C,D
2uz3,A,B
2uz3,A,C
2uz3,B,D
2uz3,C,D
2uzf,A,B
2uzq,A,B
2uzq,C,D
2uzq,E,F
2uzx,A,B
2uzx,C,D
2v08,A,B
2v0o,A,B
2v0p,A,B
2v0t,D,F
2v27,A,B
2v2g,A,B
2v2g,C,D
2v30,A,B
2v32,A,B
2v32,C,D
2v36,C,D
2v3w,A,B
2v3w,A,C
2v3w,A,D
2v3w,B,C
2v3w,B,D
2v3w,C,D
2v41,A,B
2v41,E,F
2v43,A,B
2v4o,C,D
2v4y,A,D
2v4y,A,F
2v4y,B,C
2v4y,B,D
2v4y,C,E
2v4y,E,F
2v50,A,B
2v50,A,C
2v50,B,C
2v50,D,E
2v50,D,F
2v50,E,F
2v54,A,B
2v57,A,B
2v57,C,D
2v5h,A,B
2v5h,A,C
2v5h,A,L
2v5h,B,E
2v5h,B,H
2v5h,C,F
2v5h,C,G
2v5h,D,E
2v5h,D,F
2v5h,D,I
2v5h,E,K
2v5h,F,J
2v5h,G,H
2v5h,G,I
2v5h,H,I
2v5h,J,K
2v5h,J,L
2v5h,K,L
2v5j,A,B
2v5r,A,B
2v61,A,B
2v66,B,C
2v66,B,D
2v66,B,E
2v66,C,D
2v66,C,E
2v66,D,E
2v6a,A,B
2v6a,A,C
2v6a,A,D
2v6a,A,G
2v6a,A,I
2v6a,A,L
2v6a,A,O
2v6a,B,D
2v6a,B,G
2v6a,B,H
2v6a,B,J
2v6a,B,L
2v6a,B,O
2v6a,C,D
2v6a,C,E
2v6a,C,F
2v6a,C,I
2v6a,C,K
2v6a,C,N
2v6a,D,F
2v6a,D,I
2v6a,D,L
2v6a,D,N
2v6a,E,F
2v6a,E,G
2v6a,E,H
2v6a,E,K
2v6a,E,M
2v6a,E,P
2v6a,F,H
2v6a,F,K
2v6a,F,N
2v6a,F,P
2v6a,G,H
2v6a,G,J
2v6a,G,M
2v6a,G,O
2v6a,H,J
2v6a,H,M
2v6a,H,P
2v6a,I,K
2v6a,I,O
2v6a,J,L
2v6a,J,P
2v6a,K,M
2v6a,L,N
2v6a,M,O
2v6a,N,P
2v6u,A,B
2v6x,A,B
2v74,F,H
2v78,A,B
2v78,A,C
2v7g,A,C
2v7p,A,B
2v7p,A,D
2v7p,B,C
2v7p,C,D
2v7t,A,B
2v7t,A,C
2v7t,B,C
2v7v,A,B
2v7v,A,C
2v7v,B,C
2v7w,A,B
2v7w,A,C
2v7w,B,C
2vb7,A,B
2vb8,A,B
2vb8,C,D
2vba,C,D
2vbf,A,B
2vbj,A,B
2vbl,A,B
2vbo,A,B
2vc1,A,B
2vc5,C,D
2vcq,A,B
2vcq,C,D
2vct,A,B
2vcv,A,B
2vcv,E,F
2vcx,A,B
2vcx,C,D
2vcz,A,B
2vcz,C,D
2vd0,A,B
2vd0,C,D
2vd1,A,B
2vd6,A,B
2vd6,A,C
2vd6,A,D
2vd6,B,C
2vd6,B,D
2vd6,C,D
2vde,A,B
2vde,A,C
2vde,B,C
2vdi,A,B
2vdi,A,C
2vdi,A,D
2vdi,A,G
2vdi,A,I
2vdi,A,L
2vdi,A,O
2vdi,B,D
2vdi,B,G
2vdi,B,H
2vdi,B,J
2vdi,B,L
2vdi,B,O
2vdi,C,D
2vdi,C,E
2vdi,C,F
2vdi,C,I
2vdi,C,K
2vdi,C,N
2vdi,D,F
2vdi,D,I
2vdi,D,L
2vdi,D,N
2vdi,E,F
2vdi,E,G
2vdi,E,H
2vdi,E,K
2vdi,E,M
2vdi,E,P
2vdi,F,H
2vdi,F,K
2vdi,F,N
2vdi,F,P
2vdi,G,H
2vdi,G,J
2vdi,G,M
2vdi,G,O
2vdi,H,J
2vdi,H,M
2vdi,H,P
2vdi,I,K
2vdi,I,O
2vdi,J,L
2vdi,J,P
2vdi,K,M
2vdi,L,N
2vdi,M,O
2vdi,N,P
2vdw,A,B
2vdw,C,D
2vdw,E,F
2vdw,G,H
2vf0,A,B
2vf8,A,B
2vf9,A,B
2vfe,A,B
2vff,A,B
2vfh,A,B
2vfi,A,B
2vg1,A,B
2vg2,A,C
2vgf,A,B
2vgf,A,C
2vgf,B,D
2vgf,C,D
2vgz,A,B
2vhj,A,B
2vhj,B,C
2vhu,A,B
2vhu,B,C
2vhw,A,B
2vhw,A,C
2vhw,A,D
2vhw,A,E
2vhw,B,C
2vhw,B,D
2vhw,B,F
2vhw,C,E
2vhw,C,F
2vhw,D,E
2vhw,D,F
2vhw,E,F
2vhx,A,B
2vhx,A,C
2vhx,A,D
2vhx,A,E
2vhx,B,C
2vhx,B,D
2vhx,B,F
2vhx,C,E
2vhx,C,F
2vhx,D,E
2vhx,D,F
2vhx,E,F
2vhy,A,B
2vhz,A,B
2vih,A,B
2vje,A,B
2vje,C,D
2vjf,A,B
2vjf,C,D
2vjq,C,D
2vjv,A,B
2vjy,C,D
2vk1,A,B
2vk8,C,D
2vkj,A,B
2vko,B,D
2vkw,A,B
2vl0,F,G
2vl0,F,J
2vl0,G,H
2vl0,H,I
2vl0,I,J
2vl2,B,C
2vl3,B,C
2vld,A,B
2vle,A,B
2vle,A,C
2vle,A,D
2vle,B,C
2vle,B,D
2vle,C,D
2vle,E,F
2vle,E,G
2vle,E,H
2vle,F,G
2vle,F,H
2vle,G,H
2vlf,A,B
2vme,A,B
2vme,A,C
2vme,B,C
2vme,D,E
2vme,D,F
2vme,E,F
2vmk,A,B
2vmk,A,D
2vmk,B,C
2vmk,C,D
2vml,A,B
2vml,A,F
2vml,A,I
2vml,A,K
2vml,A,L
2vml,B,C
2vml,B,K
2vml,C,D
2vml,C,G
2vml,C,H
2vml,C,K
2vml,D,E
2vml,D,G
2vml,E,F
2vml,E,G
2vml,E,I
2vml,E,J
2vml,F,I
2vml,G,H
2vml,G,J
2vml,H,K
2vml,I,J
2vml,I,L
2vml,K,L
2vmy,A,B
2vn2,A,C
2vn5,A,B
2vn5,C,D
2vnc,A,B
2vo1,A,B
2vou,B,C
2voz,A,B
2vp0,A,B
2vp4,A,B
2vp4,A,C
2vp4,B,D
2vp4,C,D
2vp5,A,B
2vp6,A,B
2vp9,A,B
2vph,A,B
2vpp,A,B
2vpq,A,B
2vpy,A,B
2vpy,B,C
2vpy,B,F
2vpy,C,G
2vpy,E,F
2vpy,F,G
2vpz,A,B
2vpz,B,C
2vpz,B,F
2vpz,C,G
2vpz,E,F
2vpz,F,G
2vq5,A,B
2vqb,A,D
2vqe,B,H
2vqe,C,J
2vqe,C,N
2vqe,D,E
2vqe,E,H
2vqe,F,R
2vqe,J,N
2vqe,K,R
2vqe,M,S
2vqs,C,D
2vrl,A,B
2vrz,A,B
2vs3,A,B
2vso,A,E
2vso,B,F
2vsx,B,F
2vsz,A,B
2vt2,A,B
2vt3,A,B
2vt4,C,D
2vu0,A,B
2vu0,A,C
2vu0,A,D
2vu0,B,C
2vu0,B,D
2vu0,C,D
2vug,A,B
2vum,A,B
2vum,A,C
2vum,A,E
2vum,A,F
2vum,A,G
2vum,A,H
2vum,A,I
2vum,A,K
2vum,B,C
2vum,B,I
2vum,B,J
2vum,B,K
2vum,B,L
2vum,C,J
2vum,C,K
2vum,C,L
2vum,D,G
2vum,F,G
2vum,H,K
2vun,A,B
2vun,A,C
2vun,B,D
2vun,C,D
2vv5,A,B
2vv5,A,G
2vv5,B,C
2vv5,C,D
2vv5,D,E
2vv5,E,F
2vv5,F,G
2vv6,A,B
2vv6,C,D
2vvf,D,E
2vvf,D,F
2vvf,E,F
2vvh,A,B
2vvh,A,C
2vvh,B,D
2vvh,C,D
2vvm,A,B
2vvp,C,D
2vvr,C,D
2vvr,E,F
2vvw,A,B
2vvx,A,B
2vws,A,B
2vws,A,C
2vws,B,C
2vwt,A,B
2vwt,A,C
2vwt,B,C
2vx2,D,E
2vx2,D,F
2vx2,E,F
2vxb,A,B
2vxi,A,B
2vxi,A,D
2vxi,A,I
2vxi,A,J
2vxi,B,D
2vxi,B,E
2vxi,B,F
2vxi,C,D
2vxi,C,F
2vxi,C,K
2vxi,D,F
2vxi,D,K
2vxi,E,F
2vxi,G,H
2vxi,G,L
2vxi,H,I
2vxi,H,J
2vxi,H,L
2vxi,I,J
2vxi,J,K
2vxi,J,L
2vxi,K,L
2vxo,A,B
2vxx,A,B
2vxx,A,C
2vxx,A,D
2vxx,C,D
2vyv,A,B
2vyv,A,C
2vyv,A,D
2vyv,B,C
2vyv,B,D
2vyv,C,D
2vyx,A,B
2vyx,A,C
2vyx,A,H
2vyx,A,L
2vyx,B,C
2vyx,B,F
2vyx,B,G
2vyx,C,E
2vyx,C,J
2vyx,D,E
2vyx,D,F
2vyx,D,I
2vyx,D,K
2vyx,E,F
2vyx,E,J
2vyx,F,G
2vyx,G,H
2vyx,G,I
2vyx,H,I
2vyx,H,L
2vyx,I,K
2vyx,J,K
2vyx,J,L
2vyx,K,L
2vzk,E,F
2vzx,A,B
2vzx,E,F
2vzx,G,H
2w01,E,F
2w07,A,B
2w0p,A,B
2w24,A,B
2w2a,A,B
2w2b,A,B
2w2k,A,B
2w2p,A,E
2w2p,A,P
2w2q,A,E
2w2q,A,P
2w3d,A,B
2w3g,A,B
2w3h,A,B
2w3p,A,B
2w4d,C,D
2w4e,A,B
2w4l,A,B
2w4l,A,F
2w4l,B,C
2w4l,C,D
2w4l,D,E
2w4l,E,F
2w4s,C,D
2w5e,A,B
2w5e,C,D
2w5e,E,F
2w5p,A,B
2w5p,A,C
2w5p,B,C
2w5v,A,B
2w6a,A,B
2w7n,A,B
2w7z,A,B
2w81,A,D
2w81,B,C
2w81,E,F
2w82,A,B
2w82,C,D
2w8f,A,B
2w8f,A,E
2w8f,B,C
2w8f,C,D
2w8f,D,E
2w8f,F,G
2w8f,F,J
2w8f,G,H
2w8f,H,I
2w8f,I,J
2w8g,A,B
2w8g,A,E
2w8g,B,C
2w8g,C,D
2w8g,D,E
2w8h,A,C
2w8h,A,D
2w8h,A,G
2w8h,A,H
2w8h,B,D
2w8h,B,E
2w8h,B,F
2w8h,B,H
2w8h,C,D
2w8h,C,E
2w8h,C,G
2w8h,D,E
2w8h,E,F
2w8h,F,G
2w8h,F,H
2w8h,G,H
2w8m,A,B
2w8x,A,B
2w8z,A,B
2w93,A,B
2w93,C,D
2w94,A,B
2w94,A,C
2w94,B,C
2w9x,A,B
2wb4,A,B
2wbb,A,B
2wbb,A,C
2wbb,A,D
2wbb,B,C
2wbb,B,D
2wbb,C,D
2wbb,E,F
2wbb,E,G
2wbb,E,H
2wbb,F,G
2wbb,F,H
2wbb,G,H
2wbt,A,B
2wce,A,B
2wcf,A,B
2wcf,C,D
2wcu,A,B
2wd5,A,B
2wd6,A,B
2wd8,A,B
2wd8,A,C
2wd8,A,D
2wd8,B,C
2wd8,B,D
2wd8,C,D
2wdq,E,F
2wdq,F,G
2wdq,F,H
2wdq,G,H
2wdr,A,B
2wdr,B,C
2wdr,B,D
2wdr,C,D
2wdr,E,F
2wdr,F,G
2wdr,F,H
2wdr,G,H
2wdr,I,J
2wdr,J,K
2wdr,J,L
2wdr,K,L
2wdz,C,D
2wes,A,D
2wes,B,C
2weu,A,B
2weu,C,D
2wfc,B,C
2wfh,A,B
2wfk,A,B
2wfk,A,C
2wfk,A,D
2wfk,B,C
2wfk,B,D
2wfk,B,E
2wfk,D,E
2wfw,A,B
2wfw,A,C
2wg6,A,B
2wg6,A,F
2wg6,B,C
2wg6,C,D
2wg6,D,E
2wg6,E,F
2wg6,G,H
2wg6,G,L
2wg6,H,I
2wg6,I,J
2wg6,J,K
2wg6,K,L
2wgf,C,D
2wgf,E,F
2wgg,A,B
2wgg,C,D
2wgq,A,B
2wgs,G,H
2wgs,G,L
2wgs,H,I
2wgs,I,J
2wgs,J,K
2wgs,K,L
2wgv,A,B
2whi,A,B
2whi,A,F
2whi,B,C
2whi,C,D
2whi,D,E
2whi,E,F
2wie,A,B
2wie,B,C
2wie,C,D
2wie,D,E
2wis,A,B
2wit,A,B
2wit,A,C
2wit,B,C
2wiu,A,B
2wiu,A,D
2wiu,B,C
2wiu,B,D
2wiu,C,D
2wiw,A,B
2wiz,A,B
2wj1,A,B
2wjm,C,H
2wjm,C,L
2wjm,C,M
2wjm,H,L
2wjm,H,M
2wjm,L,M
2wju,A,B
2wju,C,D
2wk4,A,B
2wk7,A,B
2wk8,A,B
2wkb,A,B
2wkb,A,C
2wkb,B,C
2wkb,D,E
2wkb,D,F
2wkb,E,F
2wkc,A,B
2wkc,A,C
2wkc,A,D
2wkc,B,C
2wkc,B,D
2wkc,C,D
2wkh,A,B
2wki,A,B
2wkj,A,C
2wkj,A,D
2wkj,B,C
2wkj,B,D
2wkk,A,B
2wkk,A,C
2wkk,B,D
2wkk,C,D
2wkn,A,B
2wkn,A,D
2wkn,B,C
2wkn,C,D
2wkt,A,B
2wkt,A,C
2wkt,A,D
2wkt,B,C
2wkt,B,D
2wkt,C,D
2wkw,A,B
2wkz,A,B
2wl0,A,B
2wl3,A,B
2wl3,C,D
2wl5,A,B
2wl5,A,C
2wl5,A,D
2wl5,B,C
2wl5,B,D
2wl5,C,D
2wl9,A,B
2wl9,C,D
2wld,A,B
2wld,A,C
2wld,B,C
2wln,A,B
2wln,A,D
2wln,B,C
2wln,C,D
2wmz,A,B
2wmz,A,C
2wmz,B,C
2wn3,A,B
2wn3,A,C
2wn3,B,C
2wn9,A,B
2wn9,A,E
2wn9,B,C
2wn9,C,D
2wn9,D,E
2wnh,A,B
2wnz,A,C
2wnz,A,D
2wnz,B,C
2wnz,B,D
2wo5,A,C
2wo5,A,D
2wo5,B,C
2wo5,B,D
2wof,A,B
2woj,C,D
2wov,A,B
2wov,C,D
2wp4,A,B
2wp5,A,B
2wp5,C,D
2wp6,A,B
2wp6,C,D
2wp8,A,B
2wp8,A,J
2wp8,B,J
2wpb,A,C
2wpb,A,D
2wpb,B,C
2wpb,B,D
2ws2,A,B
2ws9,1,2
2ws9,1,3
2ws9,1,4
2wsh,A,B
2wsh,A,C
2wsh,A,D
2wsh,B,C
2wsh,B,D
2wsh,C,D
2wsx,A,B
2wsx,A,C
2wsx,B,C
2wth,A,B
2wtl,A,B
2wtl,B,C
2wtl,B,D
2wtl,C,D
2wtl,C,E
2wtl,C,F
2wtl,E,F
2wtm,C,D
2wtn,A,B
2wto,A,B
2wtt,A,B
2wtt,A,C
2wtt,A,D
2wtt,B,D
2wtt,C,D
2wtt,M,N
2wtt,M,O
2wtt,M,P
2wtt,N,P
2wtt,O,P
2wtu,A,B
2wtx,A,D
2wua,A,B
2wuq,A,B
2wus,A,R
2wus,B,S
2wv0,E,F
2wv0,H,I
2wv1,A,B
2wva,A,B
2wva,A,E
2wva,A,F
2wva,B,E
2wva,B,F
2wva,E,F
2wva,V,X
2wva,V,Y
2wva,V,Z
2wva,X,Y
2wva,X,Z
2wva,Y,Z
2wvd,A,B
2wvd,C,D
2wvk,A,B
2wvm,A,B
2wvo,A,B
2wvr,A,B
2wvr,A,C
2wvr,B,C
2wvy,A,B
2wvy,A,C
2wvy,B,C
2ww2,A,B
2ww2,A,C
2ww2,B,C
2wwg,B,C
2wwh,B,C
2wwo,A,B
2wx3,A,B
2wx3,A,C
2wx3,B,C
2wx5,H,L
2wx5,H,M
2wx5,L,M
2wy3,A,B
2wy3,C,D
2wya,A,D
2wyb,A,B
2wyc,A,B
2wye,A,B
2wyf,E,F
2wyf,E,H
2wyf,F,G
2wyf,G,H
2wz7,A,B
2wz7,A,F
2wz7,B,F
2wzj,A,F
2x00,A,B
2x00,A,E
2x00,B,C
2x00,C,D
2x00,D,E
2x01,A,B
2x0d,A,B
2x0g,A,B
2x0l,A,B
2x0n,O,P
2x0n,O,Q
2x0n,O,R
2x0n,P,Q
2x0n,P,R
2x0n,Q,R
2x17,0,7
2x17,0,G
2x17,0,H
2x17,0,I
2x17,0,Z
2x17,1,5
2x17,1,6
2x17,1,I
2x17,1,J
2x17,1,O
2x17,2,3
2x17,2,G
2x17,2,H
2x17,2,K
2x17,2,Y
2x17,3,K
2x17,3,L
2x17,3,Q
2x17,3,Y
2x17,4,8
2x17,4,9
2x17,4,M
2x17,4,P
2x17,4,R
2x17,5,6
2x17,5,J
2x17,5,L
2x17,5,N
2x17,6,M
2x17,6,N
2x17,6,O
2x17,7,I
2x17,7,O
2x17,7,P
2x17,7,Z
2x17,8,9
2x17,8,M
2x17,8,N
2x17,8,Q
2x17,9,K
2x17,9,Q
2x17,9,R
2x17,G,I
2x17,G,J
2x17,G,Y
2x17,H,K
2x17,H,R
2x17,H,Z
2x17,I,J
2x17,J,Y
2x17,K,R
2x17,L,N
2x17,L,Q
2x17,L,Y
2x17,M,O
2x17,M,P
2x17,N,Q
2x17,O,P
2x17,P,Z
2x17,R,Z
2x1g,A,B
2x1g,A,F
2x1g,B,F
2x1g,C,D
2x1g,C,G
2x1g,D,G
2x22,A,B
2x24,A,B
2x2m,A,B
2x2n,A,C
2x2n,B,D
2x2s,A,B
2x36,A,B
2x36,A,E
2x36,C,D
2x36,C,F
2x3e,A,B
2x3f,A,B
2x3h,A,B
2x3h,A,C
2x3h,B,C
2x3j,A,B
2x3k,A,B
2x3w,A,B
2x4k,A,B
2x64,A,B
2x6h,A,B
2x6i,A,B
2x6j,A,B
2x78,A,B
2x7a,A,B
2x7a,C,D
2x7a,E,F
2x7a,G,H
2x7a,I,J
2x7j,A,B
2x7j,A,C
2x7j,A,D
2x7j,B,C
2x7j,B,D
2x7j,C,D
2x7x,A,B
2x9m,A,C
2x9q,A,B
2xa7,A,B
2xa7,A,S
2xa7,B,M
2xa7,B,S
2xaa,A,B
2xaa,A,C
2xaa,A,D
2xaa,B,C
2xaa,B,D
2xaa,C,D
2xah,A,B
2xas,A,B
2xaz,A,B
2xbm,A,C
2xbm,B,D
2xbq,A,B
2xc1,A,B
2xc1,A,C
2xc1,B,C
2xc8,A,B
2xc8,B,C
2xcf,A,B
2xcg,A,B
2xcn,A,B
2xcu,A,C
2xcu,B,D
2xd5,A,B
2xd9,A,B
2xd9,A,C
2xd9,B,C
2xdg,A,B
2xdj,A,B
2xdj,A,F
2xdj,B,F
2xdj,C,D
2xdj,C,E
2xdj,D,E
2xdn,A,B
2xdn,C,D
2xdq,A,B
2xem,A,B
2xem,A,C
2xem,A,D
2xem,B,C
2xem,B,D
2xem,C,D
2xf2,A,E
2xf7,A,C
2xf7,A,F
2xf7,B,E
2xf7,B,F
2xf7,C,D
2xf7,D,E
2xf8,E,F
2xf8,E,G
2xf8,E,H
2xf8,F,G
2xf8,F,H
2xf8,G,H
2xf8,M,N
2xf8,M,O
2xf8,M,P
2xf8,N,O
2xf8,N,P
2xf8,O,P
2xfl,A,B
2xfl,A,C
2xfl,A,D
2xfl,B,C
2xfl,B,D
2xfl,C,D
2xfl,E,F
2xfl,E,G
2xfl,E,H
2xfl,F,G
2xfl,F,H
2xfl,G,H
2xfp,A,B
2xfw,A,C
2xfw,A,D
2xfw,B,C
2xfw,B,D
2xg6,A,B
2xg6,A,C
2xg6,B,C
2xg6,D,E
2xg6,D,F
2xg6,E,F
2xg8,A,B
2xg8,A,C
2xg8,A,E
2xg8,A,F
2xg8,B,C
2xg8,B,D
2xg8,B,E
2xg8,C,D
2xg8,C,F
2xga,A,B
2xgf,A,B
2xgf,A,C
2xgf,B,C
2xgg,A,B
2xgu,A,B
2xh0,A,B
2xh0,C,D
2xh2,A,B
2xh4,A,B
2xh4,C,D
2xhk,A,B
2xin,A,B
2xin,A,C
2xin,A,D
2xin,B,C
2xin,B,D
2xin,C,D
2xiw,A,B
2xj7,A,B
2xjm,A,C
2xjm,A,E
2xjm,A,H
2xjm,A,I
2xjm,A,K
2xjm,B,D
2xjm,B,F
2xjm,B,G
2xjm,B,J
2xjm,B,L
2xjm,C,E
2xjm,C,H
2xjm,C,J
2xjm,C,L
2xjm,D,F
2xjm,D,G
2xjm,D,I
2xjm,D,K
2xjm,E,G
2xjm,E,I
2xjm,E,L
2xjm,F,H
2xjm,F,J
2xjm,F,K
2xjm,G,I
2xjm,G,L
2xjm,H,J
2xjm,H,K
2xjm,I,K
2xjm,J,L
2xjn,A,C
2xjn,A,E
2xjn,A,H
2xjn,A,I
2xjn,A,K
2xjn,B,D
2xjn,B,F
2xjn,B,G
2xjn,B,J
2xjn,B,L
2xjn,C,E
2xjn,C,H
2xjn,C,J
2xjn,C,L
2xjn,D,F
2xjn,D,G
2xjn,D,I
2xjn,D,K
2xjn,E,G
2xjn,E,I
2xjn,E,L
2xjn,F,H
2xjn,F,J
2xjn,F,K
2xjn,G,I
2xjn,G,L
2xjn,H,J
2xjn,H,K
2xjn,I,K
2xjn,J,L
2xjo,A,C
2xjo,A,E
2xjo,A,H
2xjo,A,I
2xjo,A,K
2xjo,B,D
2xjo,B,F
2xjo,B,G
2xjo,B,J
2xjo,B,L
2xjo,C,E
2xjo,C,H
2xjo,C,J
2xjo,C,L
2xjo,D,F
2xjo,D,G
2xjo,D,I
2xjo,D,K
2xjo,E,G
2xjo,E,I
2xjo,E,L
2xjo,F,H
2xjo,F,J
2xjo,F,K
2xjo,G,I
2xjo,G,L
2xjo,H,J
2xjo,H,K
2xjo,I,K
2xjo,J,L
2xkk,A,C
2xko,A,B
2xko,A,C
2xko,A,D
2xko,B,C
2xko,B,D
2xkp,A,B
2xkp,C,F
2xkp,D,E
2xla,A,B
2xla,C,D
2xlc,A,B
2xlc,A,C
2xlc,A,D
2xlc,A,E
2xlc,B,D
2xlc,B,E
2xlc,B,F
2xlc,C,D
2xlc,C,E
2xlc,C,F
2xlc,D,F
2xlc,E,F
2xlf,A,B
2xlf,C,D
2xlp,A,D
2xlp,B,C
2xls,A,D
2xls,B,C
2xlt,A,D
2xlt,B,C
2xme,C,D
2xmm,A,B
2xmn,A,B
2xmn,A,C
2xmn,B,C
2xo5,A,B
2xo6,A,D
2xot,A,B
2xox,A,B
2xq1,A,B
2xq1,A,C
2xq1,A,D
2xq1,B,C
2xq1,B,D
2xq1,C,D
2xq1,I,J
2xq1,I,K
2xq1,I,L
2xq1,J,K
2xq1,J,L
2xq1,K,L
2xqc,A,D
2xqq,A,C
2xqr,A,B
2xqr,C,D
2xqr,E,F
2xqr,G,H
2xqr,I,J
2xqr,K,L
2xqu,A,B
2xqu,B,C
2xqu,C,D
2xqu,D,E
2xr8,A,B
2xr8,A,C
2xr8,A,E
2xr8,A,F
2xr8,B,C
2xr8,B,D
2xr8,B,F
2xr8,C,D
2xr8,C,E
2xr8,D,E
2xr8,D,F
2xr8,E,F
2xr8,G,H
2xr8,G,I
2xr8,G,K
2xr8,G,L
2xr8,H,I
2xr8,H,J
2xr8,H,L
2xr8,I,J
2xr8,I,K
2xr8,J,K
2xr8,J,L
2xr8,K,L
2xr8,M,N
2xr8,M,O
2xr8,M,Q
2xr8,M,R
2xr8,N,O
2xr8,N,P
2xr8,N,R
2xr8,O,P
2xr8,O,Q
2xr8,P,Q
2xr8,P,R
2xr8,Q,R
2xr8,S,T
2xr8,S,U
2xr8,S,W
2xr8,S,X
2xr8,T,U
2xr8,T,V
2xr8,T,X
2xr8,U,V
2xr8,U,W
2xr8,V,W
2xr8,V,X
2xr8,W,X
2xrf,B,C
2xrn,A,B
2xro,A,B
2xro,A,F
2xro,B,E
2xro,E,F
2xsh,A,B
2xsh,A,C
2xsh,A,E
2xsh,A,F
2xsh,B,C
2xsh,B,D
2xsh,B,F
2xsh,C,D
2xsh,C,E
2xsh,D,E
2xsh,D,F
2xsh,E,F
2xsh,G,H
2xsh,G,I
2xsh,G,K
2xsh,G,L
2xsh,H,I
2xsh,H,J
2xsh,H,L
2xsh,I,J
2xsh,I,K
2xsh,J,K
2xsh,J,L
2xsh,K,L
2xsj,A,B
2xsj,A,C
2xsj,A,D
2xsj,A,E
2xsj,B,C
2xsj,B,D
2xsj,B,E
2xsj,D,E
2xsj,D,F
2xsj,E,F
2xt2,A,B
2xtc,A,B
2xtd,A,B
2xts,A,B
2xts,A,C
2xts,A,D
2xts,B,C
2xts,C,D
2xty,A,B
2xu6,A,B
2xul,A,B
2xul,A,C
2xul,B,C
2xul,D,E
2xul,D,F
2xul,E,F
2xuv,A,B
2xuv,C,D
2xve,A,B
2xvi,A,B
2xvo,A,B
2xw6,A,C
2xwm,A,B
2xwn,A,B
2xwq,C,D
2xwz,A,D
2xwz,A,E
2xwz,B,C
2xwz,B,F
2xwz,C,F
2xwz,D,E
2xxb,A,B
2xxh,A,C
2xxj,A,B
2xxj,A,C
2xxj,A,D
2xxj,B,C
2xxj,C,D
2xyf,A,B
2xyq,A,B
2xzw,D,E
2xzw,D,F
2xzw,E,F
2y02,A,B
2y0c,A,B
2y0c,C,D
2y0d,A,B
2y0d,A,C
2y0d,B,D
2y0d,C,D
2y0f,C,D
2y0n,A,C
2y0n,A,E
2y0n,A,H
2y0n,B,D
2y0n,B,F
2y0n,B,G
2y0n,C,F
2y0n,C,G
2y0n,D,E
2y0n,D,H
2y0n,E,F
2y0n,E,G
2y0n,E,H
2y0n,F,G
2y0n,F,H
2y0q,A,B
2y1c,A,B
2y1d,A,B
2y1t,A,B
2y1t,A,C
2y1t,B,C
2y1x,B,D
2y25,A,B
2y25,C,D
2y2h,A,B
2y2l,A,B
2y2q,A,B
2y30,A,B
2y3e,A,B
2y3g,A,D
2y3g,B,C
2y3n,C,D
2y3p,A,B
2y3q,A,B
2y3q,A,D
2y3q,A,I
2y3q,A,J
2y3q,B,D
2y3q,B,E
2y3q,B,F
2y3q,C,D
2y3q,C,F
2y3q,C,K
2y3q,D,F
2y3q,D,K
2y3q,E,F
2y3q,G,H
2y3q,G,L
2y3q,H,I
2y3q,H,J
2y3q,H,L
2y3q,I,J
2y3q,J,K
2y3q,J,L
2y3q,K,L
2y40,A,B
2y41,A,B
2y42,C,D
2y43,A,B
2y4f,A,B
2y4i,B,C
2y4o,A,B
2y5d,A,B
2y5i,C,D
2y5i,E,F
2y5l,A,B
2y5l,A,C
2y5l,A,D
2y5l,B,C
2y5l,B,D
2y5l,C,D
2y5p,A,B
2y5p,B,C
2y5p,C,D
2y5s,A,B
2y5w,A,B
2y73,A,B
2y74,A,B
2y75,A,C
2y75,A,E
2y75,C,E
2y7d,A,B
2y7d,A,D
2y7d,B,C
2y7d,C,D
2y7e,A,B
2y7f,A,B
2y7f,A,D
2y7f,B,C
2y7f,C,D
2y7k,A,B
2y7k,C,D
2y84,F,G
2y8q,A,B
2y8q,A,E
2y8q,B,E
2y9w,A,C
2y9w,B,D
2y9x,A,E
2y9x,C,G
2y9x,D,H
2yad,A,B
2yad,A,E
2yad,B,E
2yad,C,D
2yad,C,F
2yad,D,F
2yav,A,B
2yav,B,C
2yav,B,E
2yav,C,E
2yav,D,E
2yav,D,F
2yav,E,F
2ybv,A,B
2ybv,A,C
2ybv,A,G
2ybv,A,H
2ybv,A,I
2ybv,A,J
2ybv,A,K
2ybv,B,C
2ybv,B,K
2ybv,C,D
2ybv,C,E
2ybv,C,K
2ybv,C,L
2ybv,C,M
2ybv,D,E
2ybv,D,M
2ybv,E,F
2ybv,E,G
2ybv,E,M
2ybv,E,N
2ybv,E,O
2ybv,F,G
2ybv,F,O
2ybv,G,H
2ybv,G,I
2ybv,G,O
2ybv,G,P
2ybv,H,I
2ybv,I,J
2ybv,I,K
2ybv,I,O
2ybv,I,P
2ybv,J,K
2ybv,K,L
2ybv,K,M
2ybv,L,M
2ybv,M,N
2ybv,M,O
2ybv,N,O
2ybv,O,P
2yc2,A,D
2yc2,B,C
2ycl,A,B
2ydw,A,C
2ydx,A,C
2yf2,A,B
2yf2,A,G
2yf2,B,C
2yf2,C,D
2yf2,D,E
2yf2,E,F
2yf2,F,G
2yfa,A,B
2yfh,A,B
2yfh,A,C
2yfh,A,D
2yfh,A,E
2yfh,B,C
2yfh,B,D
2yfh,B,F
2yfh,C,E
2yfh,C,F
2yfh,D,E
2yfh,D,F
2yfh,E,F
2yfi,A,B
2yfi,A,C
2yfi,A,D
2yfi,A,E
2yfi,B,D
2yfi,B,E
2yfi,B,F
2yfi,C,D
2yfi,C,E
2yfi,C,F
2yfi,D,F
2yfi,E,F
2yfi,G,H
2yfi,G,I
2yfi,G,K
2yfi,G,L
2yfi,H,I
2yfi,H,J
2yfi,H,L
2yfi,I,J
2yfi,I,K
2yfi,J,K
2yfi,J,L
2yfi,K,L
2yfj,G,H
2yfj,G,I
2yfj,G,J
2yfj,G,K
2yfj,H,J
2yfj,H,K
2yfj,H,L
2yfj,I,J
2yfj,I,K
2yfj,I,L
2yfj,J,L
2yfj,K,L
2yfl,A,B
2yfl,A,C
2yfl,A,D
2yfl,A,E
2yfl,B,D
2yfl,B,E
2yfl,B,F
2yfl,C,D
2yfl,C,E
2yfl,C,F
2yfl,D,F
2yfl,E,F
2yfw,C,D
2yfw,E,F
2yg3,A,B
2ygc,A,B
2ygc,A,C
2ygc,B,C
2ygy,A,C
2ygy,A,D
2ygy,B,C
2ygy,B,D
2yh6,C,D
2yhe,B,F
2yhk,A,B
2yhn,A,B
2yht,A,B
2yht,A,F
2yht,B,C
2yht,C,D
2yht,D,E
2yht,E,F
2yht,G,H
2yht,G,L
2yht,H,I
2yht,I,J
2yht,J,K
2yht,K,L
2yhu,A,B
2yhu,A,C
2yhu,A,D
2yhu,B,C
2yhu,B,D
2yhu,C,D
2yil,A,B
2yil,C,D
2yil,E,F
2yim,A,B
2yim,C,D
2yks,A,B
2yks,A,E
2yks,B,C
2yks,C,D
2yks,D,E
2yku,A,B
2ykv,A,B
2yky,A,B
2ym9,A,C
2ym9,A,D
2ym9,B,C
2ym9,B,D
2ym9,C,D
2yme,A,B
2yme,A,E
2yme,B,C
2yme,C,D
2yme,D,E
2yme,F,G
2yme,F,J
2yme,G,H
2yme,H,I
2yme,I,J
2yml,A,B
2ymp,A,B
2ymw,A,B
2ynb,A,B
2yny,A,B
2yny,A,C
2yny,B,C
2ynz,A,B
2ynz,A,C
2ynz,B,C
2yor,A,B
2yp1,A,C
2yp1,B,D
2ypi,A,B
2ypo,A,B
2ypr,A,B
2yq5,A,B
2yq5,A,D
2yq5,B,C
2yq5,C,D
2yq8,A,B
2yr1,A,B
2yrf,A,B
2ytz,A,B
2yv3,A,B
2yv9,A,B
2yva,A,B
2yvh,A,B
2yvh,C,D
2yvx,A,B
2yvx,C,D
2yw3,A,B
2yw3,A,C
2yw3,B,C
2yw3,D,E
2yw3,D,F
2yw3,E,F
2yw6,A,B
2yw6,A,C
2yw6,B,C
2yw9,E,F
2yw9,E,G
2yw9,E,H
2yw9,F,G
2yw9,F,H
2yw9,G,H
2ywm,A,B
2ywm,A,C
2ywm,B,D
2ywm,C,D
2yww,A,B
2yx9,A,B
2yxd,A,B
2yxg,A,B
2yxg,A,D
2yxg,B,C
2yxg,C,D
2yxt,A,B
2yxu,A,B
2yy2,A,B
2yy5,A,B
2yy7,A,B
2yy9,A,B
2yyb,A,B
2yye,A,B
2yyr,A,B
2yyu,A,B
2yyv,A,B
2yz5,A,B
2yz7,A,B
2yz7,A,D
2yz7,B,C
2yz7,C,D
2yzb,A,B
2yzb,A,C
2yzb,A,D
2yzb,B,C
2yzb,B,D
2yzb,C,D
2yzb,E,F
2yzb,E,G
2yzb,E,H
2yzb,F,G
2yzb,F,H
2yzb,G,H
2yzg,A,B
2yzj,A,B
2yzj,A,C
2yzj,B,C
2yzs,A,B
2z06,A,B
2z06,A,C
2z06,A,D
2z06,B,C
2z06,B,D
2z06,C,D
2z0b,A,F
2z0f,A,B
2z0i,A,B
2z0j,A,B
2z0l,A,B
2z0l,G,H
2z0p,A,B
2z0r,G,H
2z0v,A,B
2z1b,B,C
2z1m,A,B
2z1m,A,D
2z1m,B,C
2z1m,C,D
2z1n,A,B
2z1y,A,B
2z1z,A,B
2z3b,A,B
2z3b,A,F
2z3b,B,C
2z3b,C,D
2z3b,D,E
2z3b,E,F
2z3b,G,H
2z3b,G,J
2z3b,H,I
2z3b,H,J
2z3b,H,L
2z3b,I,K
2z3b,I,L
2z3b,J,L
2z3b,K,L
2z3g,A,B
2z3g,A,C
2z3g,A,D
2z3g,B,C
2z3g,B,D
2z3g,C,D
2z3l,A,B
2z3o,A,B
2z3q,C,D
2z3r,I,J
2z4e,A,B
2z4e,A,C
2z4e,B,C
2z4e,C,F
2z4e,D,E
2z4e,D,F
2z4e,E,F
2z4o,A,B
2z50,A,B
2z52,A,B
2z54,A,B
2z5b,A,B
2z5c,D,E
2z5c,D,F
2z5c,E,F
2z5e,A,B
2z5h,A,B
2z5h,A,T
2z5h,C,D
2z5h,E,F
2z5h,G,H
2z5i,A,B
2z5i,C,D
2z5i,E,F
2z5i,G,H
2z67,A,B
2z67,A,C
2z67,A,D
2z67,B,C
2z67,B,D
2z67,C,D
2z69,A,B
2z6c,A,B
2z6d,A,B
2z6e,A,B
2z6e,C,D
2z6j,A,B
2z6x,A,B
2z6x,A,C
2z6x,B,D
2z6x,C,D
2z71,A,C
2z76,A,B
2z78,A,B
2z7a,A,B
2z7h,A,B
2z86,A,B
2z87,A,B
2z8j,A,B
2z8j,C,D
2z8r,A,B
2z8u,A,B
2z8y,A,B
2z8y,A,M
2z8y,A,N
2z8y,B,M
2z8y,B,N
2z8y,C,D
2z8y,C,O
2z8y,C,P
2z8y,D,O
2z8y,D,P
2z9d,A,B
2z9i,A,B
2z9i,A,C
2z9i,B,C
2z9k,A,B
2z9l,A,B
2z9s,A,B
2z9s,A,C
2z9s,B,F
2z9s,C,D
2z9s,D,G
2z9s,E,F
2z9s,E,J
2z9s,G,H
2z9s,H,I
2z9s,I,J
2z9w,A,B
2za1,A,B
2zaf,A,B
2zaf,A,C
2zaf,B,D
2zaf,C,D
2zag,A,B
2zag,C,D
2zal,A,B
2zal,A,D
2zal,B,C
2zal,B,D
2zal,C,D
2zat,A,B
2zb2,A,B
2zbc,A,C
2zbc,A,D
2zbc,B,C
2zbc,B,D
2zbc,E,G
2zbc,E,H
2zbc,F,G
2zbc,F,H
2zbv,A,B
2zbv,A,C
2zbv,B,C
2zc0,A,B
2zc0,A,C
2zc0,A,D
2zc0,B,C
2zc0,B,D
2zc0,C,D
2zc3,A,B
2zc3,B,C
2zc3,D,E
2zc3,E,F
2zc4,A,B
2zc4,B,C
2zcf,A,B
2zci,A,C
2zci,B,D
2zcm,A,B
2zcn,A,B
2zcn,C,D
2zcy,0,1
2zcy,0,H
2zcy,0,N
2zcy,0,S
2zcy,0,T
2zcy,0,Z
2zcy,1,M
2zcy,1,N
2zcy,1,T
2zcy,1,U
2zcy,1,V
2zcy,A,B
2zcy,A,G
2zcy,A,H
2zcy,A,I
2zcy,B,C
2zcy,B,I
2zcy,B,J
2zcy,C,D
2zcy,C,J
2zcy,C,K
2zcy,D,E
2zcy,D,K
2zcy,D,L
2zcy,E,F
2zcy,E,L
2zcy,E,M
2zcy,F,G
2zcy,F,M
2zcy,F,N
2zcy,G,H
2zcy,G,N
2zcy,H,I
2zcy,H,N
2zcy,H,Z
2zcy,I,J
2zcy,I,Y
2zcy,I,Z
2zcy,J,K
2zcy,J,X
2zcy,J,Y
2zcy,K,L
2zcy,K,W
2zcy,K,X
2zcy,L,M
2zcy,L,V
2zcy,L,W
2zcy,M,N
2zcy,M,V
2zcy,O,P
2zcy,O,U
2zcy,O,V
2zcy,O,W
2zcy,P,Q
2zcy,P,W
2zcy,P,X
2zcy,Q,R
2zcy,Q,X
2zcy,Q,Y
2zcy,R,S
2zcy,R,Y
2zcy,R,Z
2zcy,S,T
2zcy,S,Z
2zcy,T,U
2zcy,U,V
2zcy,V,W
2zcy,W,X
2zcy,X,Y
2zcy,Y,Z
2zeg,A,B
2zej,A,B
2zem,A,B
2zen,A,B
2zep,A,B
2zeu,A,B
2zho,C,D
2zho,E,F
2zhz,A,B
2zhz,A,C
2zhz,B,C
2zi3,A,B
2zi5,A,B
2zi7,A,B
2zi9,A,B
2zie,A,B
2zir,A,B
2ziu,A,B
2ziv,A,B
2ziw,A,B
2zj0,A,B
2zj0,A,C
2zj0,A,D
2zj0,B,C
2zj0,B,D
2zj0,C,D
2zjb,A,B
2zju,A,B
2zju,A,E
2zju,B,C
2zju,C,D
2zju,D,E
2zjv,A,B
2zjv,A,E
2zjv,B,C
2zjv,C,D
2zjv,D,E
2zk7,A,B
2zl2,A,B
2zl2,A,G
2zl2,A,H
2zl2,B,C
2zl2,B,I
2zl2,C,D
2zl2,C,J
2zl2,D,E
2zl2,D,K
2zl2,E,F
2zl2,E,L
2zl2,F,G
2zl2,F,M
2zl2,G,N
2zl2,H,I
2zl2,H,N
2zl2,I,J
2zl2,J,K
2zl2,K,L
2zl2,L,M
2zl2,M,N
2zl3,A,B
2zl3,A,G
2zl3,A,H
2zl3,B,C
2zl3,B,I
2zl3,C,D
2zl3,C,J
2zl3,D,E
2zl3,D,K
2zl3,E,F
2zl3,E,L
2zl3,F,G
2zl3,F,M
2zl3,G,N
2zl3,H,I
2zl3,H,N
2zl3,I,J
2zl3,J,K
2zl3,K,L
2zl3,L,M
2zl3,M,N
2zl5,A,B
2zl7,A,B
2zl8,A,B
2zm6,B,H
2zm6,C,J
2zm6,C,N
2zm6,D,E
2zm6,E,H
2zm6,F,R
2zm6,G,I
2zm6,J,N
2zm6,K,R
2zm6,M,S
2zn9,A,B
2znl,A,B
2zny,A,B
2zny,B,C
2zny,C,D
2zny,D,E
2zny,E,F
2zny,F,G
2zny,G,H
2znz,E,F
2zop,A,C
2zop,B,C
2zop,D,F
2zop,E,F
2zp7,B,D
2zpb,A,B
2zpe,A,B
2zpf,A,B
2zqk,A,N
2zqk,B,D
2zqk,C,D
2zqk,M,N
2zqr,A,B
2zqr,A,C
2zqr,A,D
2zqr,B,C
2zqr,B,F
2zqr,C,E
2zqr,D,E
2zqr,D,F
2zqr,E,F
2zqz,A,B
2zr2,A,B
2zrs,C,D
2zrt,C,D
2zrt,E,F
2zrt,G,H
2zru,A,B
2zru,A,D
2zru,B,C
2zru,C,D
2zrv,A,B
2zrv,A,D
2zrv,B,C
2zrv,C,D
2zrw,A,B
2zrw,A,D
2zrw,B,C
2zrw,C,D
2zry,A,B
2zry,A,D
2zry,B,C
2zry,C,D
2zs0,A,C
2zs0,A,D
2zs0,B,C
2zs0,B,D
2zsh,A,B
2zw3,A,B
2zw3,A,F
2zw3,B,C
2zw3,C,D
2zw3,D,E
2zw3,E,F
2zwe,A,B
2zwk,A,B
2zwk,C,D
2zwk,E,F
2zx3,A,B
2zx9,A,B
2zxb,A,B
2zxd,A,B
2zxl,A,B
2zxu,A,B
2zxw,A,B
2zxw,A,C
2zxw,A,D
2zxw,A,F
2zxw,A,G
2zxw,A,J
2zxw,A,K
2zxw,B,D
2zxw,B,E
2zxw,B,H
2zxw,B,I
2zxw,C,F
2zxw,C,G
2zxw,C,J
2zxw,D,E
2zxw,D,I
2zxw,D,K
2zxw,E,I
2zxw,N,O
2zxw,N,P
2zxw,N,Q
2zxw,N,S
2zxw,N,T
2zxw,N,W
2zxw,N,X
2zxw,O,Q
2zxw,O,R
2zxw,O,U
2zxw,O,V
2zxw,P,S
2zxw,P,T
2zxw,P,W
2zxw,Q,R
2zxw,Q,V
2zxw,Q,X
2zxw,R,V
2zxx,A,B
2zxx,A,C
2zxx,B,C
2zyj,A,B
2zz3,A,B
2zz6,A,B
2zz8,A,B
2zzc,C,D
2zzx,A,D
2zzx,B,C
3a06,A,B
3a0c,C,D
3a11,A,B
3a11,A,C
3a11,A,E
3a11,B,D
3a11,B,F
3a11,C,D
3a11,C,E
3a11,D,F
3a11,E,F
3a12,B,C
3a13,I,J
3a15,C,D
3a16,A,B
3a16,C,D
3a17,A,B
3a1c,A,B
3a1d,A,B
3a1n,A,B
3a20,A,B
3a29,A,C
3a2f,A,B
3a2v,A,B
3a2v,A,C
3a2v,A,I
3a2v,A,J
3a2v,B,C
3a2v,B,D
3a2v,B,J
3a2v,C,D
3a2v,C,E
3a2v,D,E
3a2v,D,F
3a2v,E,F
3a2v,E,G
3a2v,F,G
3a2v,F,H
3a2v,G,H
3a2v,G,I
3a2v,H,I
3a2v,H,J
3a2v,I,J
3a36,A,B
3a3d,A,B
3a3e,A,B
3a3f,A,B
3a43,A,B
3a4l,A,B
3a4u,A,B
3a5w,A,B
3a5w,A,C
3a5w,A,I
3a5w,A,J
3a5w,B,C
3a5w,B,D
3a5w,B,J
3a5w,C,D
3a5w,C,E
3a5w,D,E
3a5w,D,F
3a5w,E,F
3a5w,E,G
3a5w,F,G
3a5w,F,H
3a5w,G,H
3a5w,G,I
3a5w,H,I
3a5w,H,J
3a5w,I,J
3a5y,A,B
3a5y,C,D
3a5z,A,B
3a5z,A,C
3a5z,C,D
3a60,A,B
3a6g,A,B
3a6g,A,F
3a6g,B,C
3a6g,C,D
3a6g,D,E
3a6g,E,F
3a6h,A,B
3a6h,A,F
3a6h,B,C
3a6h,C,D
3a6h,D,E
3a6h,E,F
3a6l,A,B
3a6l,A,F
3a6l,B,C
3a6l,C,D
3a6l,D,E
3a6l,E,F
3a6n,A,B
3a6n,A,E
3a6n,A,G
3a6n,B,D
3a6n,B,G
3a6n,B,H
3a6n,C,D
3a6n,C,E
3a6n,C,F
3a6n,E,F
3a6n,F,H
3a6n,G,H
3a6r,A,B
3a6r,C,D
3a6s,A,B
3a6z,A,C
3a74,A,B
3a74,C,D
3a7o,A,B
3a7o,C,D
3a7o,E,F
3a7p,A,B
3a8g,A,B
3a8i,A,E
3a8i,B,F
3a8k,B,F
3a8x,A,B
3a98,A,B
3a98,C,D
3a9l,A,B
3a9s,A,B
3a9s,A,C
3a9s,B,C
3a9t,A,B
3a9t,A,C
3a9t,B,C
3a9w,A,B
3aa8,A,B
3aa8,A,C
3aa8,B,C
3aa9,A,B
3aa9,A,C
3aa9,B,C
3aac,A,B
3ab2,E,F
3ab2,E,G
3ab2,G,H
3ab4,A,B
3ab4,A,C
3ab4,C,D
3ab7,A,B
3ab8,A,B
3abf,A,B
3abf,A,C
3abf,A,E
3abf,B,D
3abf,B,F
3abf,C,D
3abf,C,E
3abf,D,F
3abf,E,F
3abh,A,B
3abi,A,B
3abm,A,B
3abm,A,C
3abm,A,D
3abm,A,F
3abm,A,G
3abm,A,J
3abm,A,K
3abm,B,D
3abm,B,E
3abm,B,H
3abm,B,I
3abm,C,F
3abm,C,G
3abm,C,J
3abm,D,E
3abm,D,I
3abm,D,K
3abm,E,I
3abq,A,B
3abq,A,C
3abq,A,D
3abq,B,C
3abq,C,D
3abr,A,B
3abr,A,C
3abr,A,D
3abr,B,C
3abr,C,D
3abs,A,B
3abs,A,C
3abs,A,D
3abs,B,C
3abs,C,D
3abv,A,B
3abv,B,C
3abv,B,D
3abv,C,D
3ac9,A,B
3act,A,B
3acz,A,B
3acz,A,C
3acz,A,D
3acz,B,C
3acz,B,D
3acz,C,D
3ad8,A,B
3ad8,A,C
3ad8,A,D
3ad8,B,D
3ad8,C,D
3adb,A,B
3add,A,B
3afa,A,B
3afa,A,E
3afa,A,G
3afa,B,D
3afa,B,G
3afa,B,H
3afa,C,D
3afa,C,E
3afa,C,F
3afa,E,F
3afa,F,H
3afa,G,H
3afc,A,B
3afe,A,B
3afe,A,D
3afe,B,C
3afe,C,D
3aff,A,B
3afi,A,E
3afi,B,F
3afj,A,B
3afk,A,B
3afm,A,B
3afn,A,B
3afn,A,C
3afn,B,D
3afn,C,D
3ag6,A,B
3aga,A,B
3agb,A,B
3agc,A,B
3agf,A,B
3agz,A,B
3ah3,A,C
3ah3,B,D
3ah4,A,B
3ah6,D,E
3ah6,D,F
3ah6,E,F
3ahp,A,B
3ahp,A,C
3ahp,B,C
3ahp,D,E
3ahp,D,F
3ahp,E,F
3ai7,A,B
3aik,A,B
3aik,A,D
3aik,B,C
3aik,C,D
3ail,B,C
3aim,A,D
3aim,B,C
3ajm,A,B
3ajv,A,B
3ajv,A,D
3ajv,B,C
3ajv,B,D
3ajv,C,D
3ak0,A,B
3ak1,A,B
3ak1,A,C
3ak1,B,D
3ak1,C,D
3akl,A,B
3akl,C,D
3ako,C,D
3ako,E,F
3ako,G,H
3al0,A,B
3al0,A,C
3al0,B,C
3al6,A,B
3al6,C,D
3ala,A,B
3ale,A,B
3ale,C,D
3am3,A,B
3am6,A,B
3am6,A,C
3am6,B,D
3am6,C,D
3am9,A,B
3amj,A,B
3amj,A,C
3amj,C,D
3an1,A,B
3anm,A,B
3ano,A,B
3ans,A,B
3anw,A,B
3anz,A,B
3anz,A,G
3anz,B,C
3anz,C,D
3anz,D,E
3anz,E,F
3anz,F,G
3anz,O,P
3anz,O,U
3anz,P,Q
3anz,Q,R
3anz,R,S
3anz,S,T
3anz,T,U
3anz,V,W
3anz,V,b
3anz,W,X
3anz,X,Y
3anz,Y,Z
3anz,Z,a
3anz,a,b
3aoa,A,B
3aoa,A,C
3aoa,B,C
3aoc,A,B
3aoc,A,C
3aoc,B,C
3aog,G,H
3aog,G,I
3aog,G,J
3aog,H,I
3aog,H,L
3aog,I,K
3aog,J,K
3aog,J,L
3aog,K,L
3aou,A,B
3aou,A,J
3aou,B,C
3aou,C,D
3aou,D,E
3aou,E,F
3aou,F,G
3aou,G,H
3aou,H,I
3aou,I,J
3aow,A,C
3aqb,A,B
3aqc,A,B
3aqi,A,B
3aqn,A,B
3aqq,A,B
3aqq,B,C
3aqq,B,D
3aqq,C,D
3aqt,A,B
3asj,A,B
3asj,A,D
3asj,B,C
3asj,C,D
3asn,N,O
3asn,N,P
3asn,N,Q
3asn,N,S
3asn,N,T
3asn,N,W
3asn,N,X
3asn,O,Q
3asn,O,R
3asn,O,U
3asn,O,V
3asn,P,S
3asn,P,T
3asn,P,W
3asn,Q,R
3asn,Q,V
3asn,Q,X
3asn,R,V
3asr,A,B
3asu,A,B
3asv,A,B
3asv,C,D
3asv,C,E
3asv,C,F
3asv,D,E
3asv,D,F
3asv,E,F
3asz,A,B
3at1,A,B
3at1,B,D
3at1,C,D
3atp,A,B
3au8,A,B
3au9,A,B
3aus,A,B
3aut,A,B
3av7,A,C
3aw1,A,B
3awd,A,B
3awd,A,C
3awd,A,D
3awd,B,C
3awd,B,D
3awd,C,D
3awh,A,B
3awt,A,B
3awu,A,B
3awv,A,B
3aww,A,B
3awx,A,B
3awy,A,B
3ax0,A,B
3ax7,A,B
3axg,A,B
3axg,A,D
3axg,B,C
3axg,C,D
3axg,E,F
3axg,E,G
3axg,F,H
3axg,G,H
3axg,I,J
3axg,I,K
3axg,J,L
3axg,K,L
3axj,A,B
3axk,A,B
3axk,A,S
3axk,B,T
3axm,A,B
3axm,A,C
3axm,A,D
3axm,A,G
3axm,A,S
3axm,A,V
3axm,A,Y
3axm,B,D
3axm,B,G
3axm,B,H
3axm,B,T
3axm,B,V
3axm,B,Y
3axm,C,D
3axm,C,E
3axm,C,F
3axm,C,S
3axm,C,U
3axm,C,X
3axm,D,F
3axm,D,S
3axm,D,V
3axm,D,X
3axm,E,F
3axm,E,G
3axm,E,H
3axm,E,U
3axm,E,W
3axm,E,Z
3axm,F,H
3axm,F,U
3axm,F,X
3axm,F,Z
3axm,G,H
3axm,G,T
3axm,G,W
3axm,G,Y
3axm,H,T
3axm,H,W
3axm,H,Z
3axm,S,U
3axm,S,Y
3axm,T,V
3axm,T,Z
3axm,U,W
3axm,V,X
3axm,W,Y
3axm,X,Z
3ay3,C,D
3ayi,A,B
3ayt,A,C
3ayt,B,D
3ayv,B,C
3ayx,A,B
3ayx,A,C
3ayx,A,D
3ayx,B,C
3ayx,B,D
3ayx,C,D
3ayz,A,B
3ayz,A,C
3ayz,A,D
3ayz,B,C
3ayz,B,D
3ayz,C,D
3azf,A,B
3azf,A,E
3azf,A,G
3azf,B,D
3azf,B,G
3azf,C,D
3azf,C,E
3azf,C,F
3azf,E,F
3azf,F,H
3azf,G,H
3azi,A,B
3azi,A,E
3azi,A,G
3azi,B,D
3azi,B,G
3azi,C,D
3azi,C,E
3azi,C,F
3azi,E,F
3azi,F,H
3azi,G,H
3azk,A,B
3azk,A,E
3azk,A,G
3azk,B,D
3azk,B,G
3azk,C,D
3azk,C,E
3azk,C,F
3azk,E,F
3azk,F,H
3azk,G,H
3azl,A,B
3azl,A,E
3azl,A,G
3azl,B,D
3azl,B,G
3azl,C,D
3azl,C,E
3azl,C,F
3azl,E,F
3azl,F,H
3azl,G,H
3azu,A,B
3azu,A,C
3azu,A,D
3azu,B,C
3azu,B,D
3azu,C,D
3b1e,A,B
3b1e,C,D
3b1o,A,B
3b2d,A,B
3b2d,A,C
3b2d,A,D
3b2d,B,C
3b2d,B,D
3b2e,A,B
3b2e,A,E
3b2e,A,F
3b2e,B,E
3b2e,B,F
3b2e,C,D
3b2e,C,G
3b2e,C,H
3b2e,D,G
3b2e,D,H
3b2t,A,B
3b3f,A,B
3b3f,C,D
3b3g,A,B
3b3l,C,D
3b3n,A,B
3b3o,A,B
3b4m,A,B
3b4t,A,B
3b4t,A,C
3b4t,B,F
3b4t,C,D
3b4t,D,E
3b4t,E,F
3b4u,A,B
3b59,A,B
3b59,A,C
3b59,B,E
3b59,C,D
3b59,D,F
3b59,E,F
3b5k,A,B
3b5m,A,B
3b5m,C,D
3b6g,A,B
3b6g,A,E
3b6g,A,G
3b6g,B,D
3b6g,B,G
3b6g,B,H
3b6g,C,D
3b6g,C,E
3b6g,C,F
3b6g,D,F
3b6g,E,F
3b6g,F,H
3b6g,G,H
3b6i,A,B
3b6p,A,C
3b6r,A,B
3b6w,A,C
3b77,A,B
3b77,B,C
3b77,D,E
3b77,E,F
3b7d,A,B
3b7d,E,F
3b7j,A,B
3b7j,A,D
3b7j,B,F
3b7j,C,D
3b7j,C,E
3b7j,E,F
3b7p,B,C
3b7v,A,B
3b83,C,F
3b8d,A,B
3b8d,A,D
3b8d,B,C
3b8d,C,D
3b8i,A,B
3b8i,A,C
3b8i,A,D
3b8i,B,C
3b8i,B,D
3b8i,C,D
3b8m,A,B
3b8m,B,C
3b8w,A,B
3b8x,A,B
3b94,A,B
3b94,A,C
3b94,B,C
3b97,A,B
3b97,C,D
3b9g,A,B
3b9n,A,B
3b9s,A,B
3b9s,A,C
3b9s,B,C
3b9x,A,B
3b9x,A,C
3b9x,B,D
3b9x,C,D
3ba3,A,B
3bal,A,B
3bal,A,C
3bal,A,D
3bal,B,C
3bal,B,D
3bal,C,D
3ban,A,B
3bas,A,B
3bcw,A,B
3bdb,A,B
3bdb,E,F
3bdg,A,B
3bdh,A,B
3bdj,A,B
3bdk,A,B
3bdm,0,1
3bdm,0,H
3bdm,0,N
3bdm,0,S
3bdm,0,T
3bdm,0,Z
3bdm,1,M
3bdm,1,N
3bdm,1,T
3bdm,1,U
3bdm,1,V
3bdm,A,B
3bdm,A,G
3bdm,A,H
3bdm,A,I
3bdm,B,C
3bdm,B,I
3bdm,B,J
3bdm,C,D
3bdm,C,J
3bdm,C,K
3bdm,D,E
3bdm,D,K
3bdm,D,L
3bdm,E,F
3bdm,E,L
3bdm,E,M
3bdm,F,G
3bdm,F,M
3bdm,F,N
3bdm,G,H
3bdm,G,N
3bdm,H,I
3bdm,H,N
3bdm,H,Z
3bdm,I,J
3bdm,I,Y
3bdm,I,Z
3bdm,J,K
3bdm,J,X
3bdm,J,Y
3bdm,K,L
3bdm,K,W
3bdm,K,X
3bdm,L,M
3bdm,L,V
3bdm,L,W
3bdm,M,N
3bdm,M,V
3bdm,O,P
3bdm,O,U
3bdm,O,V
3bdm,O,W
3bdm,P,Q
3bdm,P,W
3bdm,P,X
3bdm,Q,R
3bdm,Q,X
3bdm,Q,Y
3bdm,R,S
3bdm,R,Y
3bdm,R,Z
3bdm,S,T
3bdm,S,Z
3bdm,T,U
3bdm,U,V
3bdm,V,W
3bdm,W,X
3bdm,X,Y
3bdm,Y,Z
3bdw,A,B
3bdw,C,D
3be6,A,B
3be6,C,D
3bed,A,B
3bep,A,B
3bex,A,B
3bex,C,D
3bex,E,F
3bh2,A,B
3bh2,A,C
3bh2,A,D
3bh2,B,C
3bh2,B,D
3bhe,A,B
3bi4,A,B
3bil,A,B
3bim,A,B
3bim,C,D
3bim,E,F
3bim,G,H
3bio,A,B
3bj8,C,D
3bjb,A,B
3bjb,C,D
3bjd,A,B
3bje,A,B
3bjm,A,B
3bjq,A,C
3bjq,A,D
3bjq,A,J
3bjq,B,C
3bjq,B,E
3bjq,B,G
3bjq,C,F
3bjq,D,E
3bjq,D,H
3bjq,E,I
3bjq,F,G
3bjq,F,J
3bjq,G,I
3bjq,H,I
3bjq,H,J
3bjw,A,F
3bjw,A,G
3bjw,B,C
3bjw,C,D
3bjw,D,E
3bjw,E,H
3bjw,G,H
3bk6,A,B
3bk6,A,C
3bk6,B,C
3bk9,A,B
3bk9,A,C
3bk9,A,D
3bk9,B,C
3bk9,B,D
3bk9,C,D
3bk9,E,F
3bk9,E,G
3bk9,E,H
3bk9,F,G
3bk9,F,H
3bk9,G,H
3bkn,A,B
3bkn,A,C
3bkn,A,D
3bkn,A,G
3bkn,A,K
3bkn,B,G
3bkn,B,K
3bkn,C,D
3bkn,C,F
3bkn,C,I
3bkn,C,J
3bkn,D,F
3bkn,D,K
3bkn,E,F
3bkn,E,J
3bkn,F,J
3bkn,G,H
3bkn,G,I
3bkn,H,I
3bkn,H,L
3bkn,I,J
3bkn,I,L
3bkn,J,L
3bku,A,B
3bku,A,C
3bku,B,D
3bku,C,D
3bkw,A,B
3bl4,A,B
3blv,A,B
3blv,A,D
3blv,A,E
3blv,B,C
3blv,C,D
3blv,C,G
3blv,E,F
3blv,E,H
3blv,F,G
3blv,G,H
3blx,A,B
3blx,A,D
3blx,A,E
3blx,B,C
3blx,C,D
3blx,C,G
3blx,E,F
3blx,E,H
3blx,F,G
3blx,G,H
3blx,I,J
3blx,I,L
3blx,I,M
3blx,J,K
3blx,K,L
3blx,K,O
3blx,M,N
3blx,M,P
3blx,N,O
3blx,O,P
3blz,A,B
3blz,A,D
3blz,B,C
3blz,C,D
3bm2,A,B
3bmc,A,B
3bmc,A,C
3bmc,A,D
3bmc,B,C
3bmc,B,D
3bmc,C,D
3bn1,A,B
3bn1,C,D
3bn4,A,B
3bn4,A,F
3bn4,B,C
3bn4,C,D
3bn4,D,E
3bn4,E,F
3bnk,A,B
3bnm,A,B
3bny,A,D
3bny,B,C
3bo9,A,B
3bol,A,B
3boy,A,B
3boy,A,C
3boy,B,C
3bp6,A,B
3bp9,A,B
3bp9,A,F
3bp9,B,C
3bp9,C,D
3bp9,D,E
3bp9,E,F
3bps,A,E
3bps,A,P
3bq9,A,B
3bqb,A,X
3bqb,A,Z
3bqb,X,Y
3bqb,Y,Z
3bqz,A,B
3br0,A,B
3br1,A,B
3br1,D,E
3br3,A,B
3br6,A,B
3brc,A,B
3bre,A,B
3brj,A,B
3brj,C,D
3brq,A,B
3bru,A,B
3brv,B,D
3bsf,A,B
3btl,D,E
3btp,A,B
3bts,A,B
3btu,A,B
3btu,C,D
3btu,E,F
3btv,A,B
3bu7,A,B
3bue,A,B
3bue,A,C
3bue,A,F
3bue,B,C
3bue,B,E
3bue,C,D
3bue,D,E
3bue,D,F
3bue,E,F
3bve,A,C
3bve,A,D
3bve,A,F
3bve,B,D
3bve,B,E
3bve,C,D
3bve,D,E
3bvf,A,C
3bvf,A,D
3bvf,A,F
3bvf,B,D
3bvf,B,E
3bvf,C,D
3bvf,D,E
3bvp,A,B
3bvq,A,B
3bwe,A,B
3bwg,A,B
3bwn,A,B
3bwn,C,D
3bwn,E,F
3bwv,A,B
3bxo,A,B
3bxp,A,B
3bxr,A,B
3bxs,A,B
3bxw,A,B
3by7,A,B
3by7,A,C
3by7,B,D
3by7,C,E
3by7,D,E
3byi,A,B
3byi,A,C
3byi,A,D
3byi,B,C
3byi,B,D
3byi,C,D
3byp,A,B
3byq,A,B
3byq,A,C
3byq,B,C
3byz,C,D
3bzl,A,C
3bzl,B,D
3bzl,C,D
3bzo,A,B
3bzx,A,B
3c0o,A,B
3c18,A,B
3c1l,G,H
3c1l,G,I
3c1l,H,L
3c1l,I,J
3c1l,J,K
3c1l,K,L
3c1m,C,D
3c1z,A,B
3c23,A,B
3c24,A,B
3c29,A,B
3c29,A,H
3c29,B,G
3c29,G,H
3c2b,A,B
3c2r,A,B
3c2w,A,B
3c2w,E,F
3c2w,G,H
3c3d,A,B
3c3d,C,D
3c3j,A,B
3c3k,A,B
3c3s,A,B
3c3t,A,B
3c41,J,K
3c48,A,B
3c4n,A,B
3c4r,A,B
3c4r,A,C
3c4r,A,D
3c4r,B,D
3c4r,C,D
3c4v,A,B
3c50,A,B
3c52,A,B
3c5p,B,C
3c5y,A,B
3c5y,A,C
3c5y,A,D
3c5y,B,C
3c5y,B,D
3c5y,C,D
3c62,A,B
3c62,A,D
3c62,B,C
3c62,C,D
3c6m,C,D
3c79,A,B
3c79,A,E
3c79,B,C
3c79,C,D
3c79,D,E
3c84,A,B
3c84,A,E
3c84,B,C
3c84,C,D
3c84,D,E
3c85,A,C
3c8c,A,B
3c8d,C,D
3c8e,A,B
3c8i,A,B
3c8v,C,D
3c90,A,X
3c98,A,B
3c9i,D,E
3c9i,D,F
3c9i,E,F
3cai,A,B
3cc0,A,B
3cc0,A,C
3cc0,B,C
3cc1,A,B
3cc2,2,S
3cc2,A,Z
3cc2,B,K
3cc2,E,J
3cc2,F,M
3cc2,K,U
3cc2,N,Q
3cc2,S,V
3cc7,2,S
3cc7,A,Z
3cc7,B,K
3cc7,E,J
3cc7,F,M
3cc7,K,U
3cc7,N,Q
3cc7,S,V
3cc9,A,B
3ccb,A,B
3ccb,C,D
3ccl,2,S
3ccl,A,Z
3ccl,B,K
3ccl,E,J
3ccl,F,M
3ccl,K,U
3ccl,N,Q
3ccl,S,V
3ccm,2,S
3ccm,A,Z
3ccm,B,K
3ccm,E,J
3ccm,F,M
3ccm,K,U
3ccm,N,Q
3ccm,S,V
3ccu,2,S
3ccu,A,Z
3ccu,B,K
3ccu,E,J
3ccu,F,M
3ccu,K,U
3ccu,N,Q
3ccu,S,V
3ccv,2,S
3ccv,A,Z
3ccv,B,K
3ccv,E,J
3ccv,F,M
3ccv,K,U
3ccv,N,Q
3ccv,S,V
3ccw,A,B
3ccw,A,C
3ccw,A,D
3ccw,B,C
3ccw,B,D
3ccw,C,D
3cd0,A,B
3cd0,A,C
3cd0,A,D
3cd0,B,C
3cd0,B,D
3cd0,C,D
3cd5,A,B
3cd5,A,C
3cd5,A,D
3cd5,B,C
3cd5,B,D
3cd5,C,D
3cd7,A,B
3cd7,A,C
3cd7,A,D
3cd7,B,C
3cd7,B,D
3cd7,C,D
3cda,A,B
3cda,A,C
3cda,A,D
3cda,B,C
3cda,B,D
3cda,C,D
3cdb,A,B
3cdb,A,C
3cdb,A,D
3cdb,B,C
3cdb,B,D
3cdb,C,D
3cdd,A,B
3cdd,A,C
3cdd,B,C
3cdd,D,E
3cdd,D,F
3cdd,E,F
3cdk,A,B
3cdk,A,C
3cdk,A,D
3cdk,B,C
3cdk,C,D
3cdl,A,B
3ce4,A,B
3ce4,A,C
3ce4,B,C
3ces,A,B
3cf0,A,B
3cf0,A,N
3cf0,B,C
3cf0,C,G
3cf0,D,E
3cf0,D,L
3cf0,E,F
3cf0,F,I
3cf0,G,H
3cf0,H,M
3cf0,I,J
3cf0,J,K
3cf0,K,L
3cf0,M,N
3cf4,A,G
3cfa,A,B
3cfa,A,G
3cfa,A,L
3cfa,B,H
3cfa,B,M
3cfa,G,H
3cfa,G,R
3cfa,H,S
3cff,A,B
3cff,A,G
3cff,A,L
3cff,B,H
3cff,B,M
3cff,G,H
3cff,G,R
3cff,H,S
3cfh,A,B
3cfh,A,G
3cfh,A,L
3cfh,B,H
3cfh,B,M
3cfh,G,H
3cfh,G,R
3cfh,H,S
3cgc,A,B
3cgd,A,B
3cge,A,B
3cgi,C,D
3ch6,A,B
3ch6,D,E
3cht,A,B
3chu,A,B
3ck5,A,B
3ck5,C,D
3cka,A,B
3cke,A,B
3cke,A,C
3cke,A,D
3cke,B,C
3cke,B,D
3cke,C,D
3ckt,A,B
3cky,A,B
3cky,A,C
3cky,A,D
3cky,B,C
3cky,B,D
3cky,C,D
3cl3,A,D
3cl3,A,E
3cl3,B,D
3cl3,B,E
3cl3,D,E
3cld,A,B
3clh,A,B
3clp,A,C
3clq,A,B
3clq,C,D
3cm5,A,B
3cmc,O,P
3cmc,O,Q
3cmc,O,R
3cmc,P,Q
3cmc,P,R
3cmc,Q,R
3cme,2,S
3cme,A,Z
3cme,B,K
3cme,E,J
3cme,F,M
3cme,K,U
3cme,N,Q
3cme,S,V
3cmr,A,B
3cne,A,D
3cne,B,C
3cnm,A,B
3cnw,A,B
3cp7,A,B
3cp8,A,B
3cp8,C,D
3cpw,1,R
3cpw,A,Y
3cpw,B,J
3cpw,E,I
3cpw,F,L
3cpw,J,T
3cpw,M,P
3cpw,R,U
3cq3,D,E
3cq4,A,B
3cq9,A,B
3cqj,A,B
3cqr,A,B
3cqy,A,B
3cqz,A,B
3cqz,A,C
3cqz,A,E
3cqz,A,F
3cqz,A,H
3cqz,A,I
3cqz,A,K
3cqz,B,C
3cqz,B,I
3cqz,B,J
3cqz,B,K
3cqz,B,L
3cqz,C,J
3cqz,C,L
3cr3,A,C
3cr3,A,D
3cr3,B,C
3cr3,B,D
3cr3,C,D
3cr7,A,B
3cr7,C,D
3cra,A,B
3crl,A,B
3crl,A,C
3crl,A,D
3crl,B,C
3crl,B,D
3cry,A,B
3cs5,A,B
3cs5,C,D
3csj,A,B
3ct7,A,C
3ct7,A,E
3ct7,A,F
3ct7,B,D
3ct7,B,E
3ct7,B,F
3ct7,C,D
3ct7,C,E
3ct7,D,F
3ct9,A,B
3ctb,A,B
3ctd,A,B
3cu0,A,B
3cu2,A,B
3cu7,A,B
3cuq,A,B
3cuq,A,C
3cuq,B,D
3cur,A,H
3cus,A,Q
3cus,B,R
3cus,C,S
3cve,C,D
3cvf,A,B
3cvf,A,C
3cvf,A,D
3cvf,B,C
3cvf,B,D
3cvf,C,D
3cvj,C,D
3cw7,A,D
3cw7,B,C
3cw9,A,B
3cwq,A,B
3cxa,C,D
3cxi,A,B
3cxk,A,B
3d01,A,I
3d01,A,K
3d01,B,D
3d01,B,H
3d01,C,F
3d01,C,J
3d01,D,H
3d01,E,G
3d01,E,L
3d01,F,J
3d01,G,L
3d01,I,K
3d03,A,B
3d03,A,D
3d03,A,F
3d03,B,C
3d03,B,D
3d03,B,F
3d03,C,D
3d03,C,E
3d03,C,F
3d03,D,E
3d03,E,F
3d0a,A,B
3d0a,C,D
3d0s,A,B
3d1d,B,C
3d1d,E,F
3d1f,A,B
3d1g,A,B
3d1l,A,B
3d1o,A,B
3d1y,A,B
3d2c,A,B
3d2c,A,D
3d2c,A,E
3d2c,A,K
3d2c,B,H
3d2c,B,I
3d2c,C,D
3d2c,C,E
3d2c,C,F
3d2c,C,L
3d2c,D,G
3d2c,D,K
3d2c,E,F
3d2c,E,H
3d2c,F,J
3d2c,G,L
3d2c,I,K
3d2c,J,L
3d2p,A,B
3d31,A,B
3d31,A,C
3d31,B,D
3d31,C,D
3d34,A,B
3d36,A,B
3d37,A,B
3d38,C,H
3d38,C,L
3d38,C,M
3d38,H,L
3d38,H,M
3d38,L,M
3d3e,A,B
3d3e,C,D
3d3f,A,B
3d3n,A,B
3d3r,A,B
3d3s,A,B
3d3w,A,B
3d46,A,B
3d46,A,E
3d46,A,F
3d46,A,G
3d46,B,E
3d46,B,G
3d46,B,H
3d46,C,D
3d46,C,F
3d46,C,G
3d46,C,H
3d46,D,E
3d46,D,F
3d46,D,H
3d46,E,F
3d46,G,H
3d4n,A,B
3d4n,C,D
3d4o,A,B
3d4o,A,C
3d4o,B,D
3d4o,C,D
3d4r,A,B
3d4r,C,D
3d4r,E,F
3d4v,A,D
3d4v,B,C
3d53,A,B
3d53,A,C
3d53,A,E
3d53,B,D
3d53,B,F
3d53,C,E
3d53,C,F
3d53,D,E
3d53,D,F
3d54,E,G
3d54,E,H
3d54,F,G
3d54,F,H
3d54,G,H
3d55,A,B
3d55,A,C
3d55,A,D
3d55,B,C
3d55,B,D
3d55,C,D
3d5p,A,B
3d6a,A,C
3d6a,A,D
3d6a,B,C
3d6a,B,D
3d6r,A,B
3d6x,A,B
3d6x,A,F
3d6x,B,C
3d6x,C,D
3d6x,D,E
3d6x,E,F
3d82,B,C
3d82,D,E
3d8k,A,B
3d8k,A,D
3d8k,B,C
3d8k,C,D
3d9r,A,B
3d9r,C,D
3d9w,C,D
3da5,A,B
3daa,A,B
3dah,A,B
3dah,A,C
3dah,B,C
3daq,C,D
3db0,A,B
3db1,A,C
3db2,A,B
3dbj,G,H
3dbo,A,B
3dby,S,T
3dbz,A,B
3dbz,A,C
3dbz,B,C
3dc5,A,C
3dc7,A,B
3dc7,A,C
3dc7,B,C
3dd9,A,B
3dde,A,B
3ddn,A,B
3ddv,A,B
3ddv,C,D
3ded,A,B
3ded,C,D
3ded,E,F
3des,A,B
3det,A,B
3dev,A,B
3df6,A,C
3df6,B,D
3df9,A,B
3dfo,A,B
3dfo,A,D
3dfo,B,C
3dfo,C,D
3dfp,A,B
3dfp,A,D
3dfp,B,C
3dfp,C,D
3dfy,A,B
3dfy,A,D
3dfy,A,G
3dfy,A,H
3dfy,B,C
3dfy,B,D
3dfy,B,G
3dfy,C,D
3dfy,C,E
3dfy,C,F
3dfy,D,E
3dfy,E,F
3dfy,E,H
3dfy,F,G
3dfy,F,H
3dfy,G,H
3dfy,I,J
3dfy,I,N
3dfy,I,O
3dfy,I,P
3dfy,J,M
3dfy,J,N
3dfy,J,O
3dfy,K,L
3dfy,K,M
3dfy,K,N
3dfy,K,P
3dfy,L,M
3dfy,L,O
3dfy,L,P
3dfy,M,N
3dfy,O,P
3dfz,A,B
3dg7,A,B
3dg7,C,D
3dgh,A,B
3dgq,A,B
3dgr,A,B
3dh1,A,D
3dh9,A,B
3dhh,A,B
3dhh,A,C
3dhh,A,E
3dhi,A,B
3dhi,A,C
3dhi,A,E
3dhx,A,B
3dhy,A,B
3dhy,A,C
3dhy,A,D
3dhy,B,C
3dhy,B,D
3dhy,C,D
3di3,A,B
3dja,A,B
3dji,D,E
3dji,D,F
3dji,E,F
3djw,A,B
3dkh,A,B
3dki,A,B
3dkj,A,B
3dkx,A,B
3dkx,B,C
3dl2,A,B
3dl5,A,B
3dla,A,B
3dla,A,D
3dla,B,C
3dla,B,D
3dla,C,D
3dlx,C,D
3dm7,A,B
3dme,A,B
3dmp,A,B
3dmp,A,C
3dmp,B,C
3dmp,B,D
3dmp,C,D
3dmt,A,D
3dnh,A,B
3dnm,B,C
3dns,A,B
3doc,B,D
3dor,A,B
3doy,A,B
3doy,A,D
3doy,B,F
3doy,C,D
3doy,C,E
3doy,E,F
3dqg,C,D
3dqr,A,B
3dr4,A,B
3dr6,A,B
3dr7,C,D
3drb,A,B
3dt3,A,B
3dta,H,L
3dta,H,M
3dta,L,M
3dtd,B,J
3dtd,C,E
3dtd,H,I
3dtd,K,L
3dto,A,B
3dto,C,D
3dtr,H,L
3dtr,H,M
3dtr,L,M
3dty,A,B
3dty,A,D
3dty,A,E
3dty,B,D
3dty,B,E
3dty,D,E
3dui,A,B
3dul,A,B
3dv2,C,D
3dvp,A,B
3dvt,E,F
3dw8,A,B
3dw8,A,C
3dw8,D,E
3dw8,D,F
3dw9,A,B
3dwc,C,D
3dwf,A,B
3dwf,A,D
3dwf,C,D
3dwg,A,B
3dwg,A,C
3dwi,A,B
3dwq,A,C
3dwq,A,E
3dwq,B,D
3dwq,B,E
3dwq,C,D
3dxi,A,B
3dxo,A,B
3dxr,A,B
3dyc,A,B
3dyd,A,B
3dyf,A,B
3dyg,A,B
3dyh,A,B
3dym,A,B
3dym,A,D
3dym,B,C
3dym,C,D
3dyp,A,B
3dyp,A,D
3dyp,B,C
3dyp,C,D
3dz4,A,B
3dz6,A,B
3dz7,A,B
3dzb,A,B
3dzc,A,B
3dzd,A,B
3dzm,A,B
3dzm,A,C
3dzz,A,B
3e05,A,D
3e05,A,E
3e05,A,G
3e05,B,C
3e05,B,F
3e05,B,H
3e05,C,F
3e05,C,H
3e05,D,E
3e05,D,G
3e05,E,G
3e05,F,H
3e08,A,B
3e08,A,C
3e08,A,D
3e08,B,C
3e08,B,D
3e08,C,D
3e0i,A,B
3e0l,A,B
3e0q,A,B
3e0q,A,C
3e0q,B,C
3e15,A,B
3e17,A,B
3e19,A,B
3e19,A,D
3e19,B,C
3e1h,A,B
3e1i,A,B
3e1i,A,C
3e1i,B,C
3e1i,D,E
3e1i,D,F
3e1i,E,F
3e1j,A,B
3e1j,A,C
3e1j,A,J
3e1j,B,C
3e1j,B,G
3e1j,B,H
3e1j,B,J
3e1j,C,D
3e1j,C,H
3e1j,D,H
3e1j,E,F
3e1j,E,I
3e1j,F,I
3e1j,F,K
3e1j,F,L
3e1j,G,H
3e1j,G,K
3e1j,G,L
3e1j,I,J
3e1j,I,K
3e1j,J,K
3e1j,K,L
3e1k,E,G
3e1l,A,B
3e1l,A,C
3e1l,A,J
3e1l,B,C
3e1l,B,G
3e1l,B,H
3e1l,B,J
3e1l,C,D
3e1l,C,H
3e1l,D,H
3e1l,E,F
3e1l,E,I
3e1l,F,I
3e1l,F,K
3e1l,F,L
3e1l,G,H
3e1l,G,K
3e1l,G,L
3e1l,I,J
3e1l,I,K
3e1l,J,K
3e1l,K,L
3e1n,A,B
3e1n,A,C
3e1n,A,J
3e1n,B,C
3e1n,B,G
3e1n,B,H
3e1n,B,J
3e1n,C,D
3e1n,C,H
3e1n,D,H
3e1n,E,F
3e1n,E,I
3e1n,F,I
3e1n,F,K
3e1n,F,L
3e1n,G,H
3e1n,G,K
3e1n,G,L
3e1n,I,J
3e1n,I,K
3e1n,J,K
3e1n,K,L
3e1o,A,B
3e1o,A,C
3e1o,A,J
3e1o,B,C
3e1o,B,G
3e1o,B,H
3e1o,B,J
3e1o,C,D
3e1o,C,H
3e1o,D,H
3e1o,E,F
3e1o,E,I
3e1o,F,I
3e1o,F,K
3e1o,F,L
3e1o,G,H
3e1o,G,K
3e1o,G,L
3e1o,I,J
3e1o,I,K
3e1o,J,K
3e1o,K,L
3e1q,A,B
3e1q,A,C
3e1q,A,J
3e1q,B,C
3e1q,B,G
3e1q,B,H
3e1q,B,J
3e1q,C,D
3e1q,C,H
3e1q,D,H
3e1q,E,F
3e1q,E,I
3e1q,F,I
3e1q,F,K
3e1q,F,L
3e1q,G,H
3e1q,G,K
3e1q,G,L
3e1q,I,J
3e1q,I,K
3e1q,J,K
3e1q,K,L
3e1w,A,B
3e31,A,B
3e33,A,B
3e37,A,B
3e38,A,B
3e3a,A,B
3e3n,A,B
3e3n,A,C
3e3n,A,D
3e3n,B,C
3e3n,C,D
3e3n,E,F
3e3n,G,H
3e3y,A,B
3e42,A,B
3e47,1,2
3e47,1,H
3e47,1,N
3e47,1,S
3e47,1,T
3e47,1,Z
3e47,2,M
3e47,2,N
3e47,2,T
3e47,2,U
3e47,2,V
3e47,A,B
3e47,A,G
3e47,A,H
3e47,A,I
3e47,B,C
3e47,B,I
3e47,B,J
3e47,C,D
3e47,C,J
3e47,C,K
3e47,D,E
3e47,D,K
3e47,D,L
3e47,E,F
3e47,E,L
3e47,E,M
3e47,F,G
3e47,F,M
3e47,F,N
3e47,G,H
3e47,G,N
3e47,H,I
3e47,H,N
3e47,H,Z
3e47,I,J
3e47,I,Y
3e47,I,Z
3e47,J,K
3e47,J,X
3e47,J,Y
3e47,K,L
3e47,K,W
3e47,K,X
3e47,L,M
3e47,L,V
3e47,L,W
3e47,M,N
3e47,M,V
3e47,O,P
3e47,O,U
3e47,O,V
3e47,O,W
3e47,P,Q
3e47,P,W
3e47,P,X
3e47,Q,R
3e47,Q,X
3e47,Q,Y
3e47,R,S
3e47,R,Y
3e47,R,Z
3e47,S,T
3e47,S,Z
3e47,T,U
3e47,U,V
3e47,V,W
3e47,W,X
3e47,X,Y
3e47,Y,Z
3e4d,A,B
3e4d,C,D
3e4d,E,F
3e4f,A,B
3e4u,A,B
3e4u,C,D
3e4u,E,F
3e58,A,B
3e5p,A,C
3e5q,A,B
3e5q,E,F
3e5w,A,D
3e5w,B,C
3e7d,A,B
3e7d,C,D
3e82,D,E
3e84,A,B
3e84,A,C
3e84,B,D
3e84,C,D
3e8q,A,B
3e8q,A,C
3e8q,B,C
3e8z,A,B
3e8z,A,C
3e8z,B,C
3e90,C,D
3e96,A,B
3e98,A,B
3e9b,A,B
3e9b,A,C
3e9b,B,C
3e9h,A,B
3e9i,A,B
3eab,A,G
3eab,B,H
3eab,C,I
3eab,D,J
3eab,E,K
3eab,F,L
3eag,A,B
3eam,A,B
3eam,A,E
3eam,B,C
3eam,C,D
3eam,D,E
3eaq,A,B
3ear,A,B
3eb2,A,B
3eb2,A,C
3eb2,B,D
3eb2,C,D
3eb7,A,C
3ebb,A,B
3ebb,C,D
3ebc,A,B
3ebl,A,B
3ebn,A,C
3ebn,B,D
3ec9,A,B
3ecd,A,D
3ecd,B,C
3ecg,A,B
3ech,A,B
3ede,A,B
3edj,A,B
3edm,A,C
3edm,A,D
3edm,B,C
3edm,B,D
3edp,A,B
3edt,B,D
3ee3,A,C
3ee3,A,E
3ee3,C,E
3ee6,A,B
3eef,A,B
3eeg,A,B
3eei,A,B
3eeq,A,B
3ees,A,B
3eeu,A,B
3eex,A,B
3ef5,A,B
3ef7,A,B
3efh,A,B
3efj,A,B
3efk,A,B
3efv,A,B
3efv,A,C
3efv,B,D
3efv,C,D
3efy,A,B
3egc,A,B
3egc,C,D
3egc,E,F
3egg,A,C
3egg,B,D
3egh,A,C
3egh,B,D
3egm,A,C
3egm,A,D
3egm,A,F
3egm,B,D
3egm,B,E
3egm,C,D
3egm,D,E
3egr,A,B
3egt,A,B
3egv,A,B
3egw,A,B
3egw,A,C
3egw,B,C
3egx,A,B
3egx,A,C
3egx,B,C
3eh5,A,B
3ehf,A,B
3ehh,A,B
3ehk,A,B
3ehk,A,C
3ehk,A,D
3ehk,A,F
3ehk,B,C
3ehk,B,E
3ehk,B,F
3ehk,C,D
3ehk,C,E
3ehk,D,E
3ehk,D,F
3ehk,E,F
3ehw,A,B
3ehw,A,C
3ehw,B,C
3ehw,X,Y
3ehw,X,Z
3ehw,Y,Z
3ei2,A,B
3ei3,A,B
3ei7,A,B
3ei8,A,B
3ei9,A,B
3eia,A,B
3eib,A,B
3eik,A,B
3eio,A,B
3eiu,A,B
3ej6,A,B
3ej6,A,C
3ej6,A,D
3ej6,B,C
3ej6,B,D
3ej6,C,D
3ej7,G,I
3ej7,G,J
3ej7,G,K
3ej7,H,J
3ej7,H,K
3ej7,H,L
3ej7,I,K
3ej7,I,L
3ej7,J,L
3ejb,C,D
3ejb,E,F
3ejb,G,H
3ejd,A,B
3ejd,C,D
3ejd,E,F
3ejd,G,H
3ejj,A,B
3ejj,A,X
3ejl,A,B
3ejl,C,D
3ejy,A,B
3ek1,A,B
3ek1,A,C
3ek1,A,D
3ek1,B,C
3ek1,B,D
3ek1,C,D
3ek1,E,F
3ek1,E,G
3ek1,E,H
3ek1,F,G
3ek1,F,H
3ek1,G,H
3ek2,A,B
3ek2,A,C
3ek2,A,D
3ek2,B,C
3ek2,B,D
3ek2,C,D
3ek5,A,B
3ek5,A,C
3ek5,B,E
3ek5,C,D
3ek5,D,F
3ek5,E,F
3ekg,A,B
3ekw,A,B
3eky,A,B
3el4,A,B
3el5,A,B
3el9,A,B
3ele,A,B
3ele,C,D
3elh,A,C
3elh,A,E
3elh,B,D
3elh,B,F
3elh,C,E
3elh,D,F
3elk,A,B
3em3,A,B
3em4,U,V
3emo,A,B
3emo,A,C
3emo,B,C
3emt,A,B
3enn,A,B
3enn,A,C
3enn,B,D
3enn,C,D
3eno,A,C
3eno,B,F
3eno,C,D
3eno,E,F
3enp,A,B
3ent,A,B
3eo4,C,D
3eo8,A,B
3eoe,A,B
3eoe,A,C
3eoe,B,D
3eoe,C,D
3eof,A,B
3eol,A,B
3eoy,A,B
3eoy,A,C
3eoy,A,G
3eoy,B,C
3eoy,B,H
3eoy,C,I
3eoy,D,E
3eoy,D,F
3eoy,D,J
3eoy,E,F
3eoy,E,K
3eoy,F,L
3eoz,A,B
3ep4,A,B
3ep5,A,B
3ep6,A,B
3epe,A,B
3epn,A,B
3epo,A,B
3epu,A,B
3epv,A,B
3epv,C,D
3epw,A,B
3epx,A,B
3epy,A,B
3eqx,A,B
3erg,A,B
3erm,A,B
3ern,A,B
3ern,A,C
3ern,B,C
3err,A,B
3erz,G,I
3erz,G,J
3erz,G,K
3erz,G,L
3erz,H,J
3erz,H,L
3erz,I,K
3erz,J,L
3erz,K,L
3es2,A,B
3es7,A,B
3es8,C,D
3esf,A,B
3esf,C,D
3etc,A,B
3etd,A,B
3etd,A,D
3etd,A,E
3etd,A,F
3etd,B,C
3etd,B,E
3etd,B,F
3etd,C,D
3etd,C,E
3etd,C,F
3etd,D,E
3etd,D,F
3etj,A,B
3etn,A,B
3etn,A,C
3etn,A,D
3etn,B,C
3etn,B,D
3etn,C,D
3etq,A,B
3ets,A,B
3eua,C,D
3euh,A,B
3euh,A,C
3euh,A,D
3euh,A,E
3euh,B,C
3euh,B,E
3euh,B,F
3euh,C,D
3euh,E,F
3eus,A,B
3evi,A,B
3evj,I,L
3evk,A,B
3evk,A,C
3evk,A,D
3evk,B,C
3evk,B,D
3evk,C,D
3evm,A,B
3evo,A,B
3evw,A,C
3evw,A,E
3evw,B,D
3evw,B,F
3evw,C,E
3evw,D,F
3ew2,A,B
3ew2,C,D
3ew2,F,G
3ewe,A,B
3ewe,C,D
3ewm,A,B
3ewo,A,B
3ewp,A,B
3ewu,A,B
3ex2,A,B
3ex6,A,B
3exi,A,B
3exr,A,C
3ey4,A,B
3ey8,A,B
3eyt,A,B
3eyt,A,D
3eyt,B,C
3eyt,C,D
3eyw,A,B
3eyy,A,B
3ez2,A,B
3ez3,A,B
3ez3,C,D
3ez4,A,B
3ez4,A,E
3ez4,A,F
3ez4,B,C
3ez4,B,G
3ez4,C,D
3ez4,C,H
3ez4,D,E
3ez4,D,I
3ez4,E,J
3ez4,F,G
3ez4,F,J
3ez4,G,H
3ez4,H,I
3ez4,I,J
3ezh,A,B
3ezn,A,B
3ezq,A,B
3ezq,A,C
3ezq,C,D
3ezq,E,F
3ezq,E,G
3ezq,G,H
3ezq,I,J
3ezq,I,K
3ezq,K,L
3ezq,M,N
3ezq,M,O
3ezq,O,P
3ezs,A,B
3ezy,A,B
3ezy,A,C
3ezy,A,D
3ezy,B,C
3ezy,B,D
3ezy,C,D
3ezz,B,C
3ezz,B,D
3f0d,A,B
3f0d,A,C
3f0d,B,C
3f0d,D,E
3f0d,D,F
3f0d,E,F
3f0t,A,B
3f13,A,B
3f1y,A,C
3f29,A,B
3f31,A,B
3f3f,A,C
3f3f,A,D
3f3f,B,C
3f3f,B,D
3f3f,B,E
3f3f,C,D
3f3f,E,G
3f3f,E,H
3f3f,F,G
3f3f,F,H
3f3f,G,H
3f3p,E,G
3f3p,E,H
3f3p,F,G
3f3p,F,H
3f3p,G,H
3f3s,A,B
3f3y,A,B
3f4a,A,B
3f4f,A,B
3f4f,A,C
3f4f,B,C
3f4l,A,F
3f4l,D,E
3f6d,A,B
3f6g,A,B
3f6n,A,C
3f6n,A,D
3f6n,B,C
3f6n,B,D
3f6n,C,D
3f6o,A,B
3f70,A,B
3f72,A,B
3f72,C,D
3f72,E,F
3f7p,A,C
3f7p,B,D
3f89,A,B
3f8h,A,B
3f8l,B,D
3f8x,C,D
3f9h,A,B
3fau,B,C
3fbb,A,C
3fbb,A,E
3fbb,C,E
3fbg,A,B
3fbn,A,B
3fbn,B,D
3fbn,C,D
3fbz,A,B
3fbz,A,C
3fbz,A,D
3fbz,B,C
3fbz,B,D
3fbz,C,D
3fc0,A,B
3fc3,A,B
3fca,A,B
3fcs,A,B
3fcs,C,D
3fcu,C,D
3fcu,E,F
3fcw,A,C
3fcw,A,E
3fcw,B,D
3fcw,B,F
3fcw,C,E
3fcw,D,F
3fd4,A,B
3fd5,A,B
3fdc,A,B
3fds,A,C
3fds,C,D
3ffe,A,B
3ffh,A,B
3ffs,A,B
3ffs,A,D
3ffs,B,C
3ffs,C,D
3fg1,A,B
3fg1,A,C
3fg1,A,D
3fg1,B,C
3fg1,B,D
3fg1,C,D
3fg3,A,B
3fg3,A,C
3fg3,A,D
3fg3,B,C
3fg3,B,D
3fg3,C,D
3fgc,A,B
3fgc,C,D
3fgv,A,B
3fgy,A,B
3fha,A,D
3fha,B,C
3fhi,A,B
3fhj,A,B
3fhj,C,D
3fhk,A,D
3fhk,D,E
3fhk,D,F
3fhl,B,D
3fhq,A,B
3fhu,A,B
3fhv,A,B
3fhw,A,B
3fhy,A,B
3fhz,A,B
3fhz,A,C
3fhz,A,D
3fhz,A,F
3fhz,B,C
3fhz,B,E
3fhz,B,F
3fhz,C,D
3fhz,C,E
3fhz,D,E
3fhz,D,F
3fhz,E,F
3fi0,A,D
3fi0,B,E
3fi0,G,J
3fi0,H,K
3fi0,I,L
3fi0,M,P
3fi0,N,Q
3fi9,A,B
3fig,A,B
3fis,A,B
3fiu,C,D
3fj1,A,B
3fjg,C,D
3fjm,A,B
3fjs,A,B
3flk,A,B
3flp,A,B
3flp,A,C
3flp,A,M
3flp,A,N
3flp,B,C
3flp,B,D
3flp,B,N
3flp,C,D
3flp,C,E
3flp,D,E
3flp,D,F
3flp,E,F
3flp,E,G
3flp,F,G
3flp,F,H
3flp,G,H
3flp,G,I
3flp,H,I
3flp,H,J
3flp,I,J
3flp,I,K
3flp,J,K
3flp,J,L
3flp,K,L
3flp,K,M
3flp,L,M
3flp,L,N
3flp,M,N
3fm2,A,B
3fm5,A,B
3fm5,A,C
3fm5,B,C
3fm5,B,D
3fmi,A,B
3fmi,C,D
3fmo,A,B
3fmp,A,B
3fn9,A,B
3fn9,A,D
3fnc,A,B
3fnj,A,B
3fnj,A,C
3fnj,B,C
3fnj,D,E
3fnj,D,F
3fnj,E,F
3fns,A,B
3foc,A,B
3fpc,A,B
3fpc,A,C
3fpc,A,D
3fpc,B,C
3fpc,B,D
3fpc,C,D
3fpd,A,B
3fpj,A,B
3fq3,A,B
3fq3,A,C
3fq3,A,E
3fq3,B,D
3fq3,B,F
3fq3,C,E
3fq3,C,F
3fq3,D,E
3fq3,D,F
3fq3,G,H
3fq3,G,I
3fq3,G,K
3fq3,H,J
3fq3,H,L
3fq3,I,K
3fq3,I,L
3fq3,J,K
3fq3,J,L
3fqm,A,B
3fs2,A,B
3fsx,A,B
3fsx,A,C
3fsx,B,C
3ft7,A,B
3ftb,A,B
3ftb,D,E
3ftn,A,B
3ftn,A,C
3ftn,A,D
3ftn,B,C
3ftn,B,D
3ftn,C,D
3ftp,A,B
3ftp,A,D
3ftp,B,C
3ftp,C,D
3fu7,A,B
3fu8,A,B
3fu9,A,B
3fuc,A,B
3fuc,A,C
3fuc,B,C
3fv6,A,B
3fvb,A,B
3fvd,A,B
3fvv,A,B
3fvx,A,B
3fws,A,B
3fwz,A,B
3fx7,A,B
3fyf,A,B
3fyp,A,B
3fyp,A,C
3fyp,B,D
3fyp,C,D
3fyu,A,B
3fyu,A,C
3fyu,A,E
3fyu,A,F
3fyu,B,C
3fyu,B,D
3fyu,B,F
3fyu,C,D
3fyu,C,E
3fyu,D,E
3fyu,D,F
3fyu,E,F
3fz3,A,B
3fz3,A,C
3fz3,A,E
3fz3,A,F
3fz3,B,C
3fz3,B,D
3fz3,B,E
3fz3,C,D
3fz3,C,F
3fz3,D,E
3fz3,D,F
3fz3,E,F
3fz5,A,B
3fz5,C,D
3fz8,A,B
3fz8,A,F
3fz8,B,C
3fz8,C,D
3fz8,D,E
3fz8,E,F
3fzv,A,B
3fzv,A,C
3fzv,A,D
3fzv,B,C
3fzv,B,D
3fzv,C,D
3fzw,A,B
3g0b,A,B
3g0b,C,D
3g0f,A,B
3g0g,A,B
3g0i,A,B
3g12,A,B
3g14,A,B
3g15,A,B
3g17,A,E
3g17,B,F
3g1f,A,B
3g1f,C,D
3g1f,G,H
3g1h,G,H
3g1p,A,B
3g1w,A,B
3g1x,A,B
3g2g,A,B
3g2g,A,C
3g2g,B,D
3g2g,C,D
3g2m,A,B
3g2o,A,B
3g3d,A,B
3g3e,A,B
3g3e,C,D
3g48,A,B
3g4c,A,B
3g4c,A,D
3g4c,B,C
3g4c,C,D
3g4o,A,B
3g4q,A,B
3g4y,A,B
3g50,A,B
3g50,A,C
3g50,B,C
3g5g,K,L
3g5g,M,N
3g5l,A,B
3g64,A,B
3g64,A,C
3g64,B,C
3g67,A,B
3g6p,A,B
3g6r,A,B
3g7i,A,B
3g7v,C,D
3g81,A,B
3g81,A,C
3g81,B,C
3g83,A,B
3g83,A,C
3g83,B,C
3g84,A,B
3g84,A,C
3g84,B,C
3g8o,A,B
3g8q,A,D
3g8q,B,C
3g8x,A,B
3g97,A,B
3g9i,A,B
3g9k,D,F
3g9m,A,B
3g9p,A,B
3gaa,A,B
3gaa,A,E
3gaa,B,C
3gaa,C,D
3gaa,D,E
3gab,B,C
3gac,A,B
3gac,A,C
3gac,B,C
3gac,D,E
3gac,D,F
3gac,E,F
3gad,A,B
3gad,A,C
3gad,B,C
3gad,D,E
3gad,D,F
3gad,E,F
3gae,A,B
3gak,A,B
3gam,A,B
3gaz,A,B
3gb3,A,B
3gb4,A,B
3gb4,A,C
3gb4,B,C
3gbu,A,D
3gbu,B,C
3gbx,A,B
3gby,A,B
3gcm,A,B
3gcm,A,C
3gcm,B,C
3gcw,A,E
3gcw,A,P
3gd4,A,B
3gd5,A,B
3gd5,A,C
3gd5,A,F
3gd5,B,C
3gd5,B,E
3gd5,C,D
3gd5,D,E
3gd5,D,F
3gd5,E,F
3gdg,A,B
3gdg,A,C
3gdg,A,D
3gdg,B,C
3gdg,B,D
3gdg,C,D
3gdo,A,B
3gdt,A,D
3gdv,A,B
3gdv,A,C
3gdv,B,C
3gdw,A,B
3ge4,A,B
3ge4,A,C
3ge4,A,D
3ge4,A,E
3ge4,A,F
3ge4,B,C
3ge4,B,D
3ge4,B,K
3ge4,B,L
3ge4,C,E
3ge4,C,I
3ge4,C,K
3ge4,D,F
3ge4,D,J
3ge4,D,L
3ge4,E,F
3ge4,E,H
3ge4,E,I
3ge4,F,H
3ge4,F,J
3ge4,G,H
3ge4,G,I
3ge4,G,J
3ge4,G,K
3ge4,G,L
3ge4,H,I
3ge4,H,J
3ge4,I,K
3ge4,J,L
3ge4,K,L
3gek,B,C
3gem,A,B
3gem,A,D
3gem,B,C
3gem,C,D
3gep,A,B
3get,A,B
3geu,C,D
3gfa,A,B
3gfb,A,B
3gfb,A,C
3gfb,A,D
3gfb,B,C
3gfb,B,D
3gfb,C,D
3gfg,E,F
3gfq,A,B
3gfq,C,D
3gfr,A,C
3gfr,B,D
3gfz,A,B
3gg0,A,B
3ggc,A,B
3gge,A,B
3gge,A,C
3gge,B,C
3gh1,A,C
3gh1,A,D
3gh1,B,C
3gh1,B,D
3gh8,A,B
3gh8,C,D
3gh8,E,F
3gh8,G,H
3ghg,A,B
3ghg,A,C
3ghg,A,E
3ghg,B,C
3ghg,B,D
3ghg,C,F
3ghg,D,E
3ghg,D,F
3ghg,E,F
3ghy,A,B
3ghz,A,B
3ghz,A,C
3ghz,B,C
3gi5,A,B
3gi6,A,B
3gif,A,B
3gk0,D,F
3gkb,A,B
3gkb,A,C
3gkb,B,C
3gkq,A,B
3gkq,A,C
3gkq,B,C
3gkq,D,E
3gkq,D,F
3gkq,E,F
3gl0,A,B
3gl0,A,C
3gl0,B,C
3glb,C,D
3glf,A,B
3glf,A,E
3glf,B,C
3glf,C,D
3glf,D,E
3glf,F,G
3glf,F,J
3glf,G,H
3glf,H,I
3glf,I,J
3glg,F,G
3glg,F,J
3glg,G,H
3glg,H,I
3glg,I,J
3gli,A,B
3gli,A,E
3gli,B,C
3gli,C,D
3gli,D,E
3gli,F,G
3gli,F,J
3gli,G,H
3gli,H,I
3gli,I,J
3gmj,A,B
3gmj,A,C
3gmj,B,C
3gn4,E,F
3gn4,E,H
3gnc,A,B
3gnc,A,C
3gnc,B,D
3gnc,C,D
3gnq,A,B
3gnq,A,C
3gnq,A,D
3gnq,B,C
3gnq,B,D
3gnq,C,D
3gnq,E,F
3gnq,E,G
3gnq,E,H
3gnq,F,G
3gnq,F,H
3gnq,G,H
3go6,A,B
3go7,A,B
3god,A,C
3god,B,D
3gos,A,B
3gos,A,C
3gos,B,C
3gpw,1,2
3gpw,1,H
3gpw,1,N
3gpw,1,S
3gpw,1,T
3gpw,1,Z
3gpw,2,M
3gpw,2,N
3gpw,2,T
3gpw,2,U
3gpw,2,V
3gpw,A,B
3gpw,A,G
3gpw,A,H
3gpw,A,I
3gpw,B,C
3gpw,B,I
3gpw,B,J
3gpw,C,D
3gpw,C,J
3gpw,C,K
3gpw,D,E
3gpw,D,K
3gpw,D,L
3gpw,E,F
3gpw,E,L
3gpw,E,M
3gpw,F,G
3gpw,F,M
3gpw,F,N
3gpw,G,H
3gpw,G,N
3gpw,H,I
3gpw,H,N
3gpw,H,Z
3gpw,I,J
3gpw,I,Y
3gpw,I,Z
3gpw,J,K
3gpw,J,X
3gpw,J,Y
3gpw,K,L
3gpw,K,W
3gpw,K,X
3gpw,L,M
3gpw,L,V
3gpw,L,W
3gpw,M,N
3gpw,M,V
3gpw,O,P
3gpw,O,U
3gpw,O,V
3gpw,O,W
3gpw,P,Q
3gpw,P,W
3gpw,P,X
3gpw,Q,R
3gpw,Q,X
3gpw,Q,Y
3gpw,R,S
3gpw,R,Y
3gpw,R,Z
3gpw,S,T
3gpw,S,Z
3gpw,T,U
3gpw,U,V
3gpw,V,W
3gpw,W,X
3gpw,X,Y
3gpw,Y,Z
3gqb,A,B
3gqb,C,D
3gqh,A,B
3gqh,A,C
3gqh,B,C
3gql,A,B
3gr6,A,D
3gr6,A,G
3gr6,A,J
3gr6,D,G
3gr6,D,J
3gr6,G,J
3gra,A,B
3gro,A,B
3grp,A,B
3grp,A,D
3grp,B,C
3grp,C,D
3gs2,A,C
3gsd,D,E
3gsd,D,F
3gsd,E,F
3gsd,G,H
3gsd,G,I
3gsd,H,I
3gt6,A,B
3gte,A,B
3gte,A,C
3gte,B,C
3gtj,A,B
3gtj,A,C
3gtj,A,E
3gtj,A,F
3gtj,A,H
3gtj,A,I
3gtj,A,K
3gtj,B,C
3gtj,B,I
3gtj,B,J
3gtj,B,K
3gtj,B,L
3gtj,C,J
3gtj,C,K
3gtj,C,L
3gtu,A,B
3gtz,A,B
3gtz,A,C
3gtz,B,C
3gu3,A,B
3guc,A,B
3guy,E,F
3guy,E,G
3guy,F,H
3guy,G,H
3gvd,A,B
3gvd,A,C
3gvd,A,D
3gvd,A,E
3gvd,B,C
3gvd,B,D
3gvd,B,F
3gvd,C,E
3gvd,C,F
3gvd,D,E
3gvd,D,F
3gvd,E,F
3gvd,G,H
3gvd,G,I
3gvd,G,J
3gvd,G,L
3gvd,H,I
3gvd,H,K
3gvd,H,L
3gvd,I,J
3gvd,I,K
3gvd,J,K
3gvd,J,L
3gvd,K,L
3gve,A,B
3gvh,A,B
3gvh,A,C
3gvh,A,D
3gvh,B,C
3gvh,B,D
3gvh,C,D
3gvk,A,B
3gvk,A,C
3gvk,B,C
3gvp,A,B
3gvp,A,C
3gvp,A,D
3gvp,B,C
3gvp,B,D
3gvp,C,D
3gvy,A,B
3gvy,A,C
3gvy,B,C
3gw4,A,B
3gw6,A,B
3gw6,A,F
3gw6,B,F
3gwe,A,B
3gwh,A,B
3gwo,A,B
3gwp,A,B
3gwp,A,C
3gwp,B,D
3gwp,C,D
3gwq,A,B
3gwz,A,B
3gwz,A,D
3gwz,C,D
3gx1,A,B
3gxg,A,B
3gxh,A,B
3gxm,A,B
3gxm,A,D
3gxm,B,C
3gxm,C,D
3gxo,A,B
3gxo,A,D
3gxo,C,D
3gxq,A,B
3gxt,A,B
3gxy,A,B
3gy1,A,B
3gyd,A,B
3gye,A,B
3gyg,A,B
3gyr,A,B
3gyr,A,F
3gyr,B,C
3gyr,C,D
3gyr,D,E
3gyr,D,L
3gyr,E,F
3gyr,F,J
3gyr,G,H
3gyr,G,L
3gyr,H,I
3gyr,I,J
3gyr,J,K
3gyr,K,L
3gyx,I,J
3gyz,A,B
3gz1,A,B
3gz6,A,B
3gzb,E,F
3gzf,B,D
3gzr,A,B
3h1h,A,B
3h1h,A,C
3h1h,A,E
3h1h,A,G
3h1h,B,O
3h1h,B,S
3h1h,C,D
3h1h,C,E
3h1h,C,F
3h1h,C,G
3h1h,C,P
3h1h,C,R
3h1h,D,E
3h1h,D,F
3h1h,D,G
3h1h,D,H
3h1h,D,J
3h1h,D,Q
3h1h,E,G
3h1h,E,J
3h1h,E,P
3h1h,F,G
3h1h,F,O
3h1h,G,H
3h1h,N,O
3h1h,N,P
3h1h,N,R
3h1h,N,T
3h1h,P,Q
3h1h,P,R
3h1h,P,S
3h1h,P,T
3h1h,Q,R
3h1h,Q,S
3h1h,Q,T
3h1h,Q,U
3h1h,Q,W
3h1h,R,T
3h1h,R,W
3h1h,S,T
3h1h,T,U
3h1j,A,B
3h1j,A,C
3h1j,A,E
3h1j,A,G
3h1j,B,O
3h1j,B,S
3h1j,C,D
3h1j,C,E
3h1j,C,F
3h1j,C,G
3h1j,C,P
3h1j,C,R
3h1j,D,E
3h1j,D,F
3h1j,D,G
3h1j,D,H
3h1j,D,J
3h1j,D,Q
3h1j,E,G
3h1j,E,J
3h1j,E,P
3h1j,F,G
3h1j,F,O
3h1j,G,H
3h1j,N,O
3h1j,N,P
3h1j,N,R
3h1j,N,T
3h1j,P,Q
3h1j,P,R
3h1j,P,S
3h1j,P,T
3h1j,Q,R
3h1j,Q,S
3h1j,Q,T
3h1j,Q,U
3h1j,Q,W
3h1j,R,T
3h1j,R,W
3h1j,S,T
3h1j,T,U
3h1k,A,B
3h1k,A,C
3h1k,A,E
3h1k,A,G
3h1k,B,O
3h1k,B,S
3h1k,C,D
3h1k,C,E
3h1k,C,F
3h1k,C,G
3h1k,C,P
3h1k,C,R
3h1k,D,E
3h1k,D,F
3h1k,D,G
3h1k,D,H
3h1k,D,J
3h1k,D,Q
3h1k,E,G
3h1k,E,J
3h1k,E,P
3h1k,F,G
3h1k,F,O
3h1k,G,H
3h1k,N,O
3h1k,N,P
3h1k,N,R
3h1k,N,T
3h1k,P,Q
3h1k,P,R
3h1k,P,S
3h1k,P,T
3h1k,Q,R
3h1k,Q,S
3h1k,Q,T
3h1k,Q,U
3h1k,Q,W
3h1k,R,T
3h1k,R,W
3h1k,S,T
3h1k,T,U
3h1s,A,B
3h39,A,B
3h3f,A,B
3h3f,A,C
3h3f,A,D
3h3f,B,C
3h3f,B,D
3h3f,C,D
3h3f,E,F
3h3f,E,G
3h3f,E,H
3h3f,F,G
3h3f,F,H
3h3f,G,H
3h3l,B,C
3h3u,A,B
3h3x,A,Q
3h3x,B,R
3h3x,C,S
3h4f,A,B
3h4f,A,C
3h4f,B,C
3h4h,A,B
3h4h,A,C
3h4h,B,C
3h4l,A,B
3h54,A,B
3h55,A,B
3h5n,A,B
3h5n,B,C
3h5n,C,D
3h5o,A,B
3h76,A,B
3h7a,A,B
3h7a,A,D
3h7a,B,C
3h7a,C,D
3h7h,A,B
3h7l,B,C
3h7x,D,E
3h7x,D,F
3h7x,E,F
3h84,A,B
3h8a,C,D
3h8d,C,D
3h8f,A,C
3h8f,A,D
3h8f,A,E
3h8f,A,F
3h8f,B,C
3h8f,B,D
3h8f,B,E
3h8f,B,F
3h8f,C,E
3h8f,C,F
3h8f,D,E
3h8f,D,F
3h8v,A,B
3h9e,O,P
3h9k,D,E
3h9p,A,B
3h9u,A,B
3h9u,C,D
3ha2,A,B
3ha4,A,E
3ha4,B,D
3ha4,F,H
3hab,A,B
3hac,A,B
3hax,A,C
3hax,C,D
3haz,A,B
3hb9,A,B
3hb9,A,C
3hb9,A,D
3hb9,B,C
3hb9,B,D
3hb9,C,D
3hba,A,B
3hbb,B,C
3hbl,A,B
3hbl,A,C
3hbl,A,D
3hbl,B,C
3hbl,B,D
3hbl,C,D
3hbr,A,B
3hbr,C,D
3hca,A,B
3hcd,A,B
3hce,A,B
3hcg,A,B
3hcg,A,C
3hcg,B,D
3hcg,C,D
3hcp,A,B
3hcu,A,B
3hcu,C,D
3hd7,A,B
3hd7,A,C
3hd7,A,D
3hd7,B,C
3hd7,B,D
3hd7,C,D
3hd7,E,F
3hd7,E,G
3hd7,E,H
3hd7,F,G
3hd7,F,H
3hd7,G,H
3hdg,A,B
3hdg,A,D
3hdg,D,E
3hdi,A,B
3hdj,A,B
3hdq,A,I
3hds,A,D
3hds,B,C
3hdt,A,B
3hdv,A,C
3he1,E,F
3he8,A,B
3heb,A,B
3hf2,A,B
3hf5,A,D
3hf9,1,2
3hf9,1,S
3hf9,1,T
3hf9,1,U
3hf9,2,G
3hf9,2,T
3hf9,2,U
3hf9,2,V
3hf9,2,X
3hf9,3,4
3hf9,3,s
3hf9,3,t
3hf9,3,u
3hf9,4,g
3hf9,4,t
3hf9,4,u
3hf9,4,v
3hf9,4,x
3hf9,A,B
3hf9,A,H
3hf9,A,O
3hf9,A,P
3hf9,B,C
3hf9,B,H
3hf9,B,I
3hf9,C,E
3hf9,C,H
3hf9,C,I
3hf9,C,J
3hf9,C,R
3hf9,D,E
3hf9,D,K
3hf9,D,Q
3hf9,D,R
3hf9,E,H
3hf9,E,K
3hf9,E,L
3hf9,E,R
3hf9,F,G
3hf9,F,M
3hf9,F,N
3hf9,F,W
3hf9,G,N
3hf9,G,V
3hf9,G,W
3hf9,G,X
3hf9,H,L
3hf9,H,P
3hf9,I,J
3hf9,I,S
3hf9,J,R
3hf9,J,S
3hf9,J,T
3hf9,J,Z
3hf9,K,L
3hf9,K,M
3hf9,L,M
3hf9,L,N
3hf9,L,P
3hf9,M,N
3hf9,N,P
3hf9,N,V
3hf9,O,P
3hf9,O,U
3hf9,O,V
3hf9,P,V
3hf9,Q,R
3hf9,Q,Y
3hf9,Q,Z
3hf9,R,Z
3hf9,S,T
3hf9,T,X
3hf9,T,Z
3hf9,U,V
3hf9,W,X
3hf9,W,Y
3hf9,X,Y
3hf9,X,Z
3hf9,Y,Z
3hf9,a,b
3hf9,a,h
3hf9,a,o
3hf9,a,p
3hf9,b,c
3hf9,b,h
3hf9,b,i
3hf9,c,e
3hf9,c,h
3hf9,c,i
3hf9,c,j
3hf9,c,r
3hf9,d,e
3hf9,d,k
3hf9,d,q
3hf9,d,r
3hf9,e,h
3hf9,e,k
3hf9,e,l
3hf9,e,r
3hf9,f,g
3hf9,f,m
3hf9,f,n
3hf9,f,w
3hf9,g,n
3hf9,g,v
3hf9,g,w
3hf9,g,x
3hf9,h,l
3hf9,h,p
3hf9,i,j
3hf9,i,s
3hf9,j,r
3hf9,j,s
3hf9,j,t
3hf9,j,z
3hf9,k,l
3hf9,k,m
3hf9,l,m
3hf9,l,n
3hf9,l,p
3hf9,m,n
3hf9,n,p
3hf9,n,v
3hf9,o,p
3hf9,o,u
3hf9,o,v
3hf9,p,v
3hf9,q,r
3hf9,q,y
3hf9,q,z
3hf9,r,z
3hf9,s,t
3hf9,t,x
3hf9,t,z
3hf9,u,v
3hf9,w,x
3hf9,w,y
3hf9,x,y
3hf9,x,z
3hf9,y,z
3hfr,A,B
3hg2,A,B
3hg5,A,B
3hgq,A,B
3hgq,C,D
3hgt,A,B
3hhc,A,C
3hhc,B,D
3hhd,A,D
3hhd,B,C
3hhe,A,B
3hhf,A,B
3hhh,A,B
3hhp,A,B
3hhp,C,D
3hhq,A,B
3hhq,A,C
3hhq,B,C
3hhq,D,E
3hhq,D,F
3hhq,E,F
3hhq,G,H
3hhq,G,I
3hhq,H,I
3hhq,J,K
3hhq,J,L
3hhq,K,L
3hhq,M,N
3hhq,M,O
3hhq,N,O
3hhq,P,Q
3hhq,P,R
3hhq,Q,R
3hhq,S,T
3hhq,S,U
3hhq,T,U
3hhq,V,W
3hhq,V,X
3hhq,W,X
3hhs,A,B
3hhw,A,E
3hhw,A,K
3hhw,A,L
3hhw,B,C
3hhw,B,L
3hhw,B,M
3hhw,C,M
3hhw,C,N
3hhw,D,N
3hhw,E,K
3hhw,E,O
3hhw,K,L
3hhw,K,M
3hhw,K,O
3hhw,L,M
3hhw,L,N
3hhw,L,O
3hhw,M,N
3hhz,A,B
3hhz,A,K
3hhz,A,L
3hhz,B,L
3hhz,B,M
3hhz,C,M
3hhz,D,E
3hhz,D,N
3hhz,D,O
3hhz,E,K
3hhz,E,O
3hhz,K,L
3hhz,K,M
3hhz,K,N
3hhz,K,O
3hhz,L,M
3hhz,L,O
3hhz,N,O
3hi2,A,B
3hi2,C,D
3hi4,A,B
3hi4,A,C
3hi4,B,C
3hia,A,B
3hia,A,C
3hia,B,C
3hie,A,B
3hie,C,D
3hii,A,B
3hij,A,B
3hij,A,D
3hij,B,C
3hij,C,D
3hj3,C,D
3hj9,A,B
3hjb,A,B
3hjb,C,D
3hjg,A,B
3hji,A,B
3hjj,A,B
3hjj,A,C
3hjj,B,C
3hjm,A,B
3hjm,C,D
3hjo,A,B
3hju,A,B
3hk4,A,B
3hk4,C,D
3hk7,A,B
3hk7,A,C
3hk7,A,K
3hk7,B,C
3hk7,C,L
3hk7,D,E
3hk7,D,F
3hk7,D,H
3hk7,E,F
3hk7,F,I
3hk7,G,H
3hk7,G,I
3hk7,H,I
3hk7,J,K
3hk7,J,L
3hk7,K,L
3hkl,A,B
3hkv,A,B
3hlx,A,D
3hm2,A,C
3hm2,A,D
3hm2,B,C
3hm2,B,D
3hm2,E,G
3hm2,E,H
3hm2,F,G
3hm2,F,H
3hm2,G,H
3hm7,A,B
3hm7,E,F
3hml,A,B
3hmt,A,B
3hmu,A,B
3hnc,A,B
3hne,A,B
3hnf,A,B
3hni,A,B
3hni,A,D
3hni,B,C
3hni,C,D
3hnj,A,B
3hnj,A,D
3hnj,B,C
3hnj,C,D
3hnk,A,B
3hnw,A,B
3hoa,A,B
3hos,A,B
3hou,A,B
3hou,A,C
3hou,A,D
3hou,A,E
3hou,A,F
3hou,A,G
3hou,A,H
3hou,A,I
3hou,A,K
3hou,B,C
3hou,B,D
3hou,B,I
3hou,B,J
3hou,B,K
3hou,B,L
3hou,C,J
3hou,C,K
3hou,C,L
3hou,D,G
3hou,F,G
3hov,A,B
3hov,A,C
3hov,A,D
3hov,A,E
3hov,A,F
3hov,A,G
3hov,A,H
3hov,A,I
3hov,A,K
3hov,B,C
3hov,B,D
3hov,B,I
3hov,B,J
3hov,B,K
3hov,B,L
3hov,C,J
3hov,C,K
3hov,C,L
3hov,D,G
3hov,F,G
3hoy,A,B
3hoy,A,C
3hoy,A,E
3hoy,A,F
3hoy,A,G
3hoy,A,H
3hoy,A,I
3hoy,A,K
3hoy,B,C
3hoy,B,I
3hoy,B,J
3hoy,B,K
3hoy,B,L
3hoy,C,J
3hoy,C,K
3hoy,C,L
3hoy,D,G
3hoy,F,G
3hpf,A,B
3hpk,A,B
3hpv,A,B
3hpv,A,C
3hpv,A,D
3hpv,B,C
3hpv,B,D
3hpv,C,D
3hpx,A,B
3hq1,A,B
3hq2,A,B
3hq5,A,B
3hq6,A,B
3hq8,A,B
3hqn,A,D
3hr0,A,B
3hr4,A,B
3hr4,C,D
3hr4,E,F
3hrd,A,B
3hrd,A,D
3hrd,A,E
3hrd,A,F
3hrd,B,C
3hrd,B,D
3hrd,B,E
3hrd,B,F
3hrd,C,D
3hrd,E,F
3hrd,E,H
3hrd,F,G
3hrd,F,H
3hrd,G,H
3hri,E,F
3hrq,A,B
3hrr,A,B
3hru,A,B
3hs0,A,B
3hs0,A,C
3hs0,A,D
3hs0,B,C
3hs0,B,D
3hs0,C,D
3hs0,F,G
3hs0,F,H
3hs0,F,I
3hs0,G,H
3hs0,G,I
3hs0,H,I
3hs3,A,B
3hs7,A,B
3hsa,A,D
3hsa,A,E
3hsa,B,C
3hsa,B,E
3hsa,C,D
3hsh,A,B
3hsh,A,C
3hsh,B,C
3hsh,C,D
3hsh,D,E
3hsh,D,F
3hsh,E,F
3hso,A,B
3hsy,A,B
3ht4,A,B
3ht4,A,F
3ht4,B,C
3ht4,C,F
3ht4,D,H
3hth,A,B
3htj,A,B
3htn,A,B
3htn,A,C
3htn,B,C
3htr,A,B
3hw2,A,B
3hw9,A,B
3hwb,A,B
3hwp,A,B
3hws,A,B
3hws,A,F
3hws,B,C
3hws,C,D
3hws,D,E
3hws,E,F
3hww,A,D
3hx8,A,B
3hxb,A,B
3hxc,A,B
3hxf,A,B
3hxk,A,B
3hxk,A,D
3hxk,B,C
3hxk,C,D
3hy2,A,B
3hy2,A,X
3hy2,A,Y
3hy2,B,X
3hy2,B,Y
3hye,1,2
3hye,1,H
3hye,1,N
3hye,1,S
3hye,1,T
3hye,1,Z
3hye,2,M
3hye,2,N
3hye,2,T
3hye,2,U
3hye,2,V
3hye,A,B
3hye,A,G
3hye,A,H
3hye,A,I
3hye,B,C
3hye,B,I
3hye,B,J
3hye,C,D
3hye,C,J
3hye,C,K
3hye,D,E
3hye,D,K
3hye,D,L
3hye,E,F
3hye,E,L
3hye,E,M
3hye,F,G
3hye,F,M
3hye,F,N
3hye,G,H
3hye,G,N
3hye,H,I
3hye,H,N
3hye,H,Z
3hye,I,J
3hye,I,Y
3hye,I,Z
3hye,J,K
3hye,J,X
3hye,J,Y
3hye,K,L
3hye,K,W
3hye,K,X
3hye,L,M
3hye,L,V
3hye,L,W
3hye,M,N
3hye,M,V
3hye,O,P
3hye,O,U
3hye,O,V
3hye,O,W
3hye,P,Q
3hye,P,W
3hye,P,X
3hye,Q,R
3hye,Q,X
3hye,Q,Y
3hye,R,S
3hye,R,Y
3hye,R,Z
3hye,S,T
3hye,S,Z
3hye,T,U
3hye,U,V
3hye,V,W
3hye,W,X
3hye,X,Y
3hye,Y,Z
3hym,B,F
3hym,H,J
3hys,A,B
3hyv,A,C
3hyv,A,E
3hyv,C,E
3hyv,E,F
3hyx,B,D
3hyx,B,F
3hyx,D,F
3hz4,A,B
3hzb,A,B
3hzb,C,D
3hzb,E,F
3hzh,A,B
3hzo,A,B
3hzr,C,D
3hzr,E,F
3i04,A,B
3i04,A,M
3i04,A,N
3i04,B,M
3i04,B,N
3i04,C,D
3i04,C,O
3i04,C,P
3i04,D,O
3i04,D,P
3i0t,A,B
3i0y,A,B
3i0y,C,D
3i12,C,D
3i1j,A,B
3i1l,B,C
3i26,A,B
3i26,C,D
3i27,A,B
3i27,C,D
3i2b,G,H
3i2b,G,I
3i2b,H,I
3i2l,A,B
3i2w,A,B
3i2z,A,B
3i3b,A,B
3i3b,A,D
3i3b,B,C
3i3b,C,D
3i3d,A,B
3i3d,A,D
3i3d,B,C
3i3d,C,D
3i3r,A,B
3i3u,D,E
3i3u,D,F
3i3u,E,F
3i4f,A,C
3i4f,A,D
3i4f,B,C
3i4f,B,D
3i4k,A,B
3i4k,C,D
3i4k,E,F
3i4k,G,H
3i4s,A,B
3i4x,A,B
3i54,A,B
3i5f,A,B
3i5f,A,C
3i5j,A,B
3i5j,A,C
3i5j,A,E
3i64,A,B
3i69,A,B
3i69,C,D
3i69,G,H
3i6a,C,D
3i6a,E,F
3i6a,G,H
3i6u,A,B
3i6w,A,B
3i6w,C,D
3i6w,G,H
3i83,A,B
3i84,A,B
3ia1,A,B
3ia8,A,B
3iab,A,B
3iae,A,B
3ias,1,2
3ias,1,3
3ias,2,3
3ias,2,7
3ias,3,4
3ias,3,5
3ias,3,7
3ias,3,9
3ias,4,5
3ias,4,6
3ias,4,7
3ias,4,9
3ias,5,6
3ias,5,9
3ias,6,9
3ias,7,9
3ias,A,B
3ias,A,C
3ias,B,C
3ias,B,H
3ias,C,D
3ias,C,E
3ias,C,G
3ias,C,H
3ias,D,E
3ias,D,F
3ias,D,G
3ias,D,H
3ias,E,F
3ias,E,G
3ias,F,G
3ias,G,H
3ias,S,T
3ias,S,U
3ias,T,U
3ias,T,Z
3ias,U,V
3ias,U,W
3ias,U,Y
3ias,U,Z
3ias,V,W
3ias,V,X
3ias,V,Y
3ias,V,Z
3ias,W,X
3ias,W,Y
3ias,X,Y
3ias,Y,Z
3iav,A,B
3ib6,A,B
3ib6,A,C
3ib6,B,D
3ib6,C,D
3ib9,A,B
3ibb,A,B
3ibb,A,D
3ibb,A,F
3ibb,B,D
3ibb,B,E
3ibb,C,D
3ibb,C,E
3ibb,C,F
3ibb,E,F
3ibj,A,B
3ibr,A,B
3ic1,A,B
3ic8,A,B
3ic8,A,C
3ic8,C,D
3ic9,A,B
3ic9,C,D
3ica,A,B
3icc,A,B
3icf,A,B
3icr,A,B
3ics,A,B
3ict,A,B
3idc,A,B
3ieb,A,B
3iec,A,E
3iec,B,F
3iec,C,G
3iec,D,H
3ieq,A,B
3ieq,A,C
3ieq,B,C
3iew,A,B
3iew,A,C
3iew,B,C
3iey,A,B
3if4,B,D
3if6,B,C
3ifa,A,B
3ifa,C,D
3ifq,B,D
3ifs,A,B
3ifs,A,D
3ifs,B,C
3ifs,C,D
3ifs,E,F
3ig2,A,B
3ig2,A,D
3ig4,A,B
3ig4,A,C
3ig4,A,E
3ig4,B,D
3ig4,B,F
3ig4,C,D
3ig4,C,E
3ig4,D,F
3ig4,E,F
3igm,A,B
3ih0,A,B
3ih5,A,C
3ih5,B,D
3ih5,C,D
3ihi,A,B
3ihk,B,C
3ihm,A,B
3ii4,A,B
3ii5,A,B
3ii6,A,B
3ii6,A,X
3ii6,B,X
3ii9,A,B
3ii9,A,C
3ii9,B,D
3ii9,C,D
3iie,A,B
3ij6,A,B
3ij6,C,D
3ijd,A,B
3ije,A,B
3iji,A,B
3ijm,A,B
3ijq,A,B
3ik4,A,B
3ik9,A,B
3ik9,C,D
3ik9,E,F
3ik9,G,H
3ika,A,B
3ikf,A,B
3ikf,A,C
3ikf,B,C
3ikk,A,B
3ikl,A,B
3ikm,A,C
3ikm,B,C
3ikm,D,F
3ikm,E,F
3ikn,A,B
3ikn,A,C
3ikn,B,C
3iko,A,B
3iko,B,C
3iko,D,E
3iko,E,F
3iko,G,H
3iko,H,I
3ikq,A,B
3ikq,A,C
3ikq,B,C
3il7,A,B
3imc,A,B
3img,A,B
3imi,A,B
3imi,C,D
3imo,B,D
3imp,D,E
3ioj,A,B
3ioy,A,B
3iq0,A,B
3iq3,A,B
3iqe,A,B
3iqe,A,C
3iqe,A,D
3iqe,A,E
3iqe,B,C
3iqe,B,D
3iqe,B,F
3iqe,C,E
3iqe,C,F
3iqe,D,E
3iqe,D,F
3iqe,E,F
3iqf,A,B
3iqf,A,C
3iqf,A,D
3iqf,A,E
3iqf,B,C
3iqf,B,D
3iqf,B,F
3iqf,C,E
3iqf,C,F
3iqf,D,E
3iqf,D,F
3iqf,E,F
3iqf,G,H
3iqf,G,I
3iqf,G,J
3iqf,G,K
3iqf,H,I
3iqf,H,J
3iqf,H,L
3iqf,I,K
3iqf,I,L
3iqf,J,K
3iqf,J,L
3iqf,K,L
3iqw,A,B
3ir5,A,B
3ir5,A,C
3ir5,B,C
3ir7,A,B
3ir7,A,C
3ir7,B,C
3ir9,A,B
3irm,C,D
3iro,A,B
3irs,A,B
3irs,A,C
3irs,B,C
3is6,A,B
3is7,A,B
3is7,A,H
3is7,A,L
3is7,A,W
3is7,A,X
3is7,B,C
3is7,B,D
3is7,B,H
3is7,B,L
3is7,C,D
3is7,C,K
3is7,C,L
3is7,C,U
3is7,D,E
3is7,D,F
3is7,D,U
3is7,E,F
3is7,E,J
3is7,E,U
3is7,E,V
3is7,F,G
3is7,F,H
3is7,F,J
3is7,G,H
3is7,G,I
3is7,G,J
3is7,G,W
3is7,H,W
3is7,I,J
3is7,I,O
3is7,I,P
3is7,I,Q
3is7,J,Q
3is7,K,L
3is7,K,M
3is7,K,S
3is7,K,T
3is7,L,M
3is7,M,N
3is7,M,T
3is7,M,X
3is7,N,O
3is7,N,P
3is7,N,T
3is7,N,X
3is7,O,P
3is7,O,W
3is7,O,X
3is7,P,Q
3is7,P,R
3is7,Q,R
3is7,Q,V
3is7,R,S
3is7,R,T
3is7,R,V
3is7,S,T
3is7,S,U
3is7,S,V
3is7,U,V
3is7,W,X
3is8,A,B
3is8,A,H
3is8,A,L
3is8,A,W
3is8,A,X
3is8,B,C
3is8,B,D
3is8,B,H
3is8,B,L
3is8,C,D
3is8,C,K
3is8,C,L
3is8,C,U
3is8,D,E
3is8,D,F
3is8,D,U
3is8,E,F
3is8,E,J
3is8,E,U
3is8,E,V
3is8,F,G
3is8,F,H
3is8,F,J
3is8,G,H
3is8,G,I
3is8,G,J
3is8,G,W
3is8,H,W
3is8,I,J
3is8,I,O
3is8,I,P
3is8,I,Q
3is8,J,Q
3is8,K,L
3is8,K,M
3is8,K,S
3is8,K,T
3is8,L,M
3is8,M,N
3is8,M,T
3is8,M,X
3is8,N,O
3is8,N,P
3is8,N,T
3is8,N,X
3is8,O,P
3is8,O,W
3is8,O,X
3is8,P,Q
3is8,P,R
3is8,Q,R
3is8,Q,V
3is8,R,S
3is8,R,T
3is8,R,V
3is8,S,T
3is8,S,U
3is8,S,V
3is8,U,V
3is8,W,X
3isa,A,C
3isa,A,D
3isa,A,F
3isa,B,C
3isa,B,D
3isa,B,E
3isa,C,E
3isa,D,F
3isa,E,F
3isf,A,B
3isf,A,D
3isf,A,F
3isf,B,D
3isf,B,E
3isf,B,F
3isf,C,D
3ism,A,B
3ism,A,C
3ism,B,C
3isr,A,B
3isr,A,D
3isr,B,C
3isr,C,D
3isv,A,B
3isw,A,B
3itk,A,B
3itk,A,C
3itk,A,E
3itk,B,D
3itk,B,F
3itk,C,D
3itk,C,E
3itk,D,F
3itk,E,F
3itm,A,B
3itm,C,D
3itq,A,B
3itt,A,B
3itt,A,C
3itt,A,D
3itt,B,C
3itt,B,D
3itt,C,D
3itv,A,B
3itv,A,C
3itv,A,D
3itv,B,C
3itv,B,D
3itv,C,D
3ity,A,B
3ity,A,C
3ity,A,D
3ity,B,C
3ity,B,D
3ity,C,D
3iuo,A,B
3iuw,A,B
3iv5,A,B
3ivc,A,B
3ivp,A,B
3ivp,C,D
3ivr,A,B
3ivs,A,B
3ivu,A,B
3ivx,A,B
3ivz,A,B
3iwc,A,B
3iwc,A,C
3iwc,A,D
3iwc,B,C
3iwc,B,D
3iwc,C,D
3iwj,A,B
3iwk,A,B
3iwk,C,D
3iwk,E,F
3iwk,G,H
3iwk,I,J
3iwk,K,L
3iwo,A,B
3iwp,A,B
3iwp,A,C
3iwp,B,D
3iwp,C,D
3iwp,E,F
3iwp,E,G
3iwp,F,H
3iwp,G,H
3iwp,I,J
3iwp,I,K
3iwp,J,L
3iwp,K,L
3iwq,A,B
3iwz,A,D
3iwz,B,C
3ix0,A,B
3ix3,A,B
3ix9,A,B
3ixe,A,B
3ixg,A,B
3ixo,A,B
3ixq,A,B
3ixq,A,C
3ixq,A,D
3ixq,B,C
3ixq,B,D
3ixq,C,D
3j7a,1,E
3j7a,1,F
3j7a,2,I
3j7a,3,B
3j7a,3,P
3j7a,4,K
3j7a,4,U
3j7a,5,I
3j7a,6,E
3j7a,6,Q
3j7a,B,P
3j7a,C,G
3j7a,C,W
3j7a,C,Z
3j7a,D,N
3j7a,D,O
3j7a,D,T
3j7a,D,W
3j7a,E,F
3j7a,E,G
3j7a,F,H
3j7a,G,K
3j7a,G,Z
3j7a,I,M
3j7a,J,K
3j7a,L,V
3j7a,M,Y
3j7a,N,T
3j7a,Q,V
3j7a,S,X
3j7a,S,Y
3jpu,B,C
3jq8,A,B
3jq8,A,C
3jq8,A,D
3jq8,B,C
3jq8,B,D
3jq8,C,D
3jqf,A,B
3jqf,A,C
3jqf,A,D
3jqf,B,C
3jqf,B,D
3jqf,C,D
3jqj,A,D
3jqj,A,E
3jqj,A,F
3jqj,B,C
3jqj,B,E
3jqj,B,F
3jqj,C,D
3jqj,C,F
3jqj,D,E
3jqm,A,E
3jqm,B,E
3jqm,C,D
3jqm,C,G
3jqm,C,H
3jqm,D,F
3jqm,D,H
3jqm,F,G
3jqm,F,I
3jqm,G,I
3jqm,H,I
3jqo,A,B
3jqo,A,D
3jqo,A,E
3jqo,A,F
3jqo,A,G
3jqo,A,k
3jqo,A,n
3jqo,B,C
3jqo,B,E
3jqo,B,n
3jqo,B,o
3jqo,C,n
3jqo,D,E
3jqo,D,G
3jqo,D,H
3jqo,D,I
3jqo,D,J
3jqo,D,n
3jqo,E,F
3jqo,E,H
3jqo,G,H
3jqo,G,J
3jqo,G,K
3jqo,G,L
3jqo,G,M
3jqo,H,I
3jqo,H,K
3jqo,J,K
3jqo,J,M
3jqo,J,N
3jqo,J,P
3jqo,K,L
3jqo,K,N
3jqo,M,N
3jqo,M,P
3jqo,M,Q
3jqo,M,S
3jqo,N,O
3jqo,N,Q
3jqo,P,Q
3jqo,P,S
3jqo,P,T
3jqo,P,V
3jqo,Q,T
3jqo,S,T
3jqo,S,V
3jqo,S,W
3jqo,S,Y
3jqo,T,W
3jqo,V,W
3jqo,V,Y
3jqo,V,Z
3jqo,V,b
3jqo,W,Z
3jqo,Y,Z
3jqo,Y,b
3jqo,Y,c
3jqo,Y,e
3jqo,Z,a
3jqo,Z,c
3jqo,b,c
3jqo,b,e
3jqo,b,f
3jqo,b,g
3jqo,b,h
3jqo,c,d
3jqo,c,f
3jqo,e,f
3jqo,e,h
3jqo,e,i
3jqo,e,j
3jqo,e,k
3jqo,f,g
3jqo,f,i
3jqo,h,i
3jqo,h,k
3jqo,h,l
3jqo,h,m
3jqo,h,n
3jqo,i,j
3jqo,i,l
3jqo,k,l
3jqo,k,n
3jqo,k,o
3jqo,l,m
3jqo,l,o
3jqo,n,o
3jqo,o,p
3jqy,A,B
3jqy,A,C
3jqy,B,C
3jr9,A,B
3jra,A,B
3jri,A,B
3jrm,A,B
3jrm,A,G
3jrm,A,H
3jrm,A,N
3jrm,A,Q
3jrm,A,R
3jrm,B,C
3jrm,B,H
3jrm,B,I
3jrm,B,R
3jrm,B,S
3jrm,C,D
3jrm,C,I
3jrm,C,J
3jrm,C,S
3jrm,C,T
3jrm,D,E
3jrm,D,J
3jrm,D,K
3jrm,D,T
3jrm,D,U
3jrm,E,F
3jrm,E,K
3jrm,E,L
3jrm,E,O
3jrm,E,U
3jrm,F,G
3jrm,F,L
3jrm,F,M
3jrm,F,O
3jrm,F,P
3jrm,G,M
3jrm,G,N
3jrm,G,P
3jrm,G,Q
3jrm,H,I
3jrm,H,N
3jrm,I,J
3jrm,J,K
3jrm,K,L
3jrm,L,M
3jrm,M,N
3jrm,O,P
3jrm,O,U
3jrm,P,Q
3jrm,Q,R
3jrm,R,S
3jrm,S,T
3jrm,T,U
3jru,A,B
3js2,A,B
3js9,A,B
3js9,A,C
3js9,B,C
3jsj,A,B
3jsl,A,B
3jt3,A,B
3jt6,A,B
3jt8,A,B
3jta,A,B
3jtf,A,B
3jth,A,B
3jtl,A,B
3jtl,A,G
3jtl,A,H
3jtl,A,N
3jtl,A,Q
3jtl,A,R
3jtl,B,C
3jtl,B,H
3jtl,B,I
3jtl,B,R
3jtl,B,S
3jtl,C,D
3jtl,C,I
3jtl,C,J
3jtl,C,S
3jtl,C,T
3jtl,D,E
3jtl,D,J
3jtl,D,K
3jtl,D,T
3jtl,D,U
3jtl,E,F
3jtl,E,K
3jtl,E,L
3jtl,E,O
3jtl,E,U
3jtl,F,G
3jtl,F,L
3jtl,F,M
3jtl,F,O
3jtl,F,P
3jtl,G,M
3jtl,G,N
3jtl,G,P
3jtl,G,Q
3jtl,H,I
3jtl,H,N
3jtl,I,J
3jtl,J,K
3jtl,K,L
3jtl,L,M
3jtl,M,N
3jtl,O,P
3jtl,O,U
3jtl,P,Q
3jtl,Q,R
3jtl,R,S
3jtl,S,T
3jtl,T,U
3jtr,A,B
3ju5,A,B
3ju5,C,D
3juj,A,B
3juj,A,D
3juj,B,C
3juj,C,D
3juo,A,B
3juw,A,B
3jv5,A,B
3jv5,C,D
3jv7,A,B
3jv7,A,C
3jv7,A,D
3jv7,B,C
3jv7,B,D
3jv7,C,D
3jvd,A,B
3jvu,A,B
3jvu,B,C
3jvv,A,B
3jvv,B,C
3jw4,A,B
3jwf,A,B
3jwk,A,B
3jwm,A,B
3jws,A,B
3jwt,A,B
3jwy,A,B
3jx1,A,B
3jy6,A,B
3jy6,C,D
3jyg,A,B
3jyg,A,E
3jyg,B,E
3jyg,C,D
3jyg,C,F
3jyg,D,F
3jyy,A,B
3jz0,A,B
3jz3,A,B
3jz4,A,B
3jz4,A,C
3jz4,A,D
3jz4,B,C
3jz4,B,D
3jz4,C,D
3jz6,A,B
3jzi,A,B
3jzl,A,B
3k09,A,B
3k09,A,F
3k09,B,C
3k09,C,D
3k09,D,E
3k09,E,F
3k0a,A,B
3k0a,A,F
3k0a,B,C
3k0a,C,D
3k0a,D,E
3k0a,E,F
3k0c,A,B
3k0c,A,F
3k0c,B,C
3k0c,C,D
3k0c,D,E
3k0c,E,F
3k0e,A,B
3k0e,A,F
3k0e,B,C
3k0e,C,D
3k0e,D,E
3k0e,E,F
3k0j,A,C
3k0l,A,B
3k0t,A,B
3k0t,A,C
3k0t,B,C
3k0z,A,B
3k12,A,C
3k12,A,D
3k12,C,D
3k1e,A,B
3k1g,E,F
3k1i,A,D
3k1i,B,C
3k1s,A,B
3k1s,A,C
3k1s,B,C
3k1s,D,E
3k1s,D,F
3k1s,E,F
3k1s,G,H
3k1s,G,I
3k1s,H,I
3k1y,D,E
3k28,C,D
3k2g,A,B
3k2g,A,D
3k2g,B,C
3k2g,C,D
3k2j,A,B
3k2o,A,B
3k2v,A,B
3k2w,A,B
3k2w,A,C
3k2w,A,D
3k2w,B,C
3k2w,B,D
3k2w,C,D
3k2w,E,F
3k2w,E,G
3k2w,E,H
3k2w,F,G
3k2w,F,H
3k2w,G,H
3k2x,A,B
3k2x,A,C
3k2x,B,C
3k2y,A,C
3k2y,B,D
3k2z,A,B
3k30,A,B
3k33,A,B
3k33,A,C
3k33,C,D
3k3c,A,B
3k3c,A,C
3k3c,A,D
3k3c,B,C
3k3c,B,D
3k3c,C,D
3k3h,A,B
3k3s,B,E
3k3s,F,G
3k3w,A,B
3k43,A,B
3k4a,A,B
3k4i,A,B
3k4i,A,C
3k4i,B,C
3k4u,A,B
3k4u,A,E
3k4u,B,E
3k4u,C,D
3k4u,C,F
3k4u,D,F
3k4v,A,B
3k4v,C,D
3k4w,D,E
3k4w,D,F
3k4w,E,F
3k4w,G,H
3k4w,G,I
3k4w,H,I
3k4w,J,K
3k4w,J,L
3k4w,K,L
3k51,A,B
3k53,A,B
3k53,C,D
3k55,A,B
3k55,C,D
3k55,G,H
3k55,I,J
3k55,K,L
3k55,O,P
3k56,A,B
3k5e,A,B
3k5k,A,B
3k6c,A,B
3k6c,A,C
3k6c,A,I
3k6c,A,J
3k6c,B,C
3k6c,B,D
3k6c,B,J
3k6c,C,D
3k6c,C,E
3k6c,D,E
3k6c,D,F
3k6c,E,F
3k6c,E,H
3k6c,F,G
3k6c,F,H
3k6c,G,H
3k6c,G,I
3k6c,G,J
3k6c,H,I
3k6c,I,J
3k6m,A,B
3k6q,A,B
3k6q,C,D
3k84,A,B
3k85,A,B
3k86,A,B
3k87,A,B
3k8a,A,B
3k8c,A,B
3k8d,A,D
3k8d,B,C
3k8e,A,B
3k8e,C,D
3k8o,S,T
3k8o,S,U
3k8o,T,U
3k8z,A,B
3k8z,A,C
3k8z,A,E
3k8z,A,F
3k8z,B,C
3k8z,B,D
3k8z,B,E
3k8z,C,D
3k8z,C,F
3k8z,D,E
3k8z,D,F
3k8z,E,F
3k92,A,B
3k92,A,D
3k92,A,E
3k92,A,F
3k92,B,C
3k92,B,D
3k92,B,F
3k92,C,D
3k92,C,E
3k92,C,F
3k92,D,E
3k92,E,F
3k96,A,B
3k9c,A,B
3k9d,B,D
3k9e,A,B
3k9f,A,B
3k9f,A,C
3k9f,A,D
3k9f,B,C
3k9f,B,D
3k9h,A,B
3k9j,A,B
3k9m,A,C
3k9m,B,D
3k9r,C,D
3k9s,C,D
3kae,A,C
3kae,B,D
3kaj,A,B
3kak,A,B
3kay,A,B
3kaz,A,B
3kb1,A,B
3kbp,A,D
3kbp,B,C
3kbq,A,B
3kbt,B,C
3kby,A,B
3kbz,A,B
3kbz,A,C
3kbz,A,D
3kbz,B,C
3kbz,B,D
3kbz,C,D
3kd2,A,B
3kd2,C,D
3kdb,A,B
3kdd,A,B
3kdf,A,B
3kdf,C,D
3kdg,A,B
3kdp,A,B
3kdp,C,D
3kdq,A,C
3kdq,A,D
3kdq,B,C
3kdq,B,D
3kdq,C,D
3kdr,A,B
3kdr,A,C
3kds,F,G
3ke0,A,B
3ke2,A,B
3kea,A,B
3kem,A,B
3kex,A,B
3kf2,A,B
3kf3,A,B
3kfb,A,B
3kfb,A,H
3kfb,B,C
3kfb,C,D
3kfb,D,E
3kfb,E,F
3kfb,F,G
3kfb,G,H
3kfn,A,B
3kfu,A,B
3kfu,C,D
3kfu,E,G
3kfu,H,J
3kg7,A,C
3kg7,B,D
3kg9,A,B
3kgk,A,B
3kgl,D,E
3kgl,D,F
3kgl,E,F
3kgz,A,B
3kh1,A,B
3kh2,A,E
3kh2,B,F
3kh2,C,G
3kh2,D,H
3kh2,E,F
3khc,A,B
3khf,A,B
3khp,A,C
3khp,B,D
3khs,A,B
3khs,A,C
3khs,B,C
3khy,A,B
3kjk,D,E
3kjk,D,F
3kjk,E,F
3kjk,J,K
3kjk,J,L
3kjk,K,L
3kjs,B,C
3kjx,C,D
3kl1,A,B
3klx,A,B
3kly,A,B
3kly,A,E
3kly,B,C
3kly,C,D
3kly,D,E
3klz,A,B
3klz,A,E
3klz,B,C
3klz,C,D
3klz,D,E
3km3,A,B
3km6,A,B
3kmd,A,B
3kmd,A,D
3kmd,B,C
3kmd,C,D
3kmh,A,B
3kmi,A,B
3kml,A,B
3kml,A,E
3kml,B,F
3kml,C,D
3kml,C,G
3kml,D,Q
3kml,E,I
3kml,F,Q
3kml,G,L
3kml,H,I
3kml,H,O
3kml,J,K
3kml,J,N
3kml,K,P
3kml,L,N
3kml,M,O
3kml,M,P
3kmo,A,B
3kmu,A,B
3knb,A,B
3kng,A,B
3knp,A,B
3knp,E,F
3knu,C,D
3knz,A,B
3knz,C,D
3knz,E,F
3koj,A,B
3koq,A,B
3koq,C,D
3kp0,A,C
3kp0,A,E
3kp0,B,D
3kp0,B,F
3kp0,C,G
3kp0,D,H
3kp2,A,B
3kp3,A,B
3kp6,A,B
3kp7,A,B
3kq4,A,B
3kq4,C,D
3kq4,E,F
3kqf,A,B
3kqf,A,C
3kqf,B,C
3kqf,D,E
3kqf,D,F
3kqf,E,F
3kqs,A,B
3kqx,A,B
3kqx,A,C
3kqx,A,D
3kqx,A,F
3kqx,B,C
3kqx,B,E
3kqx,B,F
3kqx,C,D
3kqx,C,E
3kqx,D,E
3kqx,D,F
3kqx,E,F
3kqy,A,B
3kr1,A,B
3kr2,A,B
3kra,A,B
3krf,A,B
3krf,A,C
3krf,B,D
3krf,C,D
3krs,A,B
3kru,A,B
3kru,A,C
3kru,B,D
3kru,C,D
3ks2,A,B
3ks2,C,D
3ks2,E,F
3ks2,G,H
3ks2,I,J
3ks2,K,L
3ks2,M,N
3ks2,O,P
3ks2,Q,R
3ks7,A,B
3ks7,C,D
3ks9,A,B
3ksa,A,B
3ksa,A,C
3ksa,A,D
3ksa,B,C
3ksa,B,D
3ksb,A,B
3ksb,A,C
3ksb,A,D
3ksb,B,C
3ksb,B,D
3ksd,O,P
3ksd,O,Q
3ksd,O,R
3ksd,P,Q
3ksd,P,R
3ksd,Q,R
3ksl,A,B
3kt3,A,B
3kt3,C,D
3kt6,A,B
3kt6,C,D
3ktb,A,B
3ktb,C,D
3kto,A,B
3kto,A,C
3kto,B,C
3ku4,A,B
3ku4,C,D
3ku7,A,B
3kup,A,B
3kup,C,D
3kuu,A,B
3kuu,C,D
3kuv,A,B
3kw1,C,D
3kwo,A,B
3kwo,A,C
3kwo,B,C
3kwo,B,D
3kwo,C,D
3kx7,A,B
3kx8,A,B
3kx8,C,D
3kx8,E,F
3kx8,G,H
3kxd,A,B
3kxp,A,L
3kxp,B,C
3kxp,D,E
3kxp,F,G
3kxp,H,J
3kxp,I,K
3kxx,A,D
3kxx,B,C
3kxy,A,B
3kxy,A,T
3kxy,B,T
3kxy,C,D
3kxy,C,U
3kxy,D,U
3kxy,G,H
3kxy,G,W
3kxy,H,W
3ky8,A,B
3kyc,A,B
3kyc,B,D
3kye,A,B
3kye,C,D
3kyh,A,B
3kyh,A,C
3kyh,A,D
3kyh,B,C
3kyh,B,D
3kyi,A,B
3kys,A,B
3kz9,A,B
3kz9,C,D
3kze,A,B
3kze,A,C
3kzf,A,B
3kzg,A,C
3kzg,B,D
3kzg,C,D
3kzh,A,B
3kzq,A,E
3kzt,A,B
3l07,A,B
3l09,A,B
3l09,A,C
3l09,B,D
3l09,C,D
3l0n,A,B
3l12,A,B
3l1r,A,B
3l1t,A,B
3l1w,E,F
3l24,A,B
3l24,A,C
3l24,B,C
3l26,A,B
3l27,A,B
3l27,B,C
3l27,B,D
3l28,A,B
3l28,A,D
3l28,B,C
3l28,B,E
3l28,C,D
3l28,E,F
3l2b,A,B
3l2d,B,C
3l2k,A,B
3l2v,A,B
3l2w,A,B
3l2y,A,B
3l2y,A,E
3l2y,B,C
3l2y,C,D
3l2y,D,E
3l2y,F,G
3l2y,F,J
3l2y,G,H
3l2y,H,I
3l2y,I,J
3l2y,K,L
3l2y,K,O
3l2y,L,M
3l2y,M,N
3l2y,N,O
3l2y,P,Q
3l2y,P,T
3l2y,Q,R
3l2y,R,S
3l2y,S,T
3l3b,A,B
3l3s,A,B
3l3s,A,C
3l3s,B,C
3l3s,D,E
3l3s,D,F
3l3s,E,F
3l3s,G,H
3l3s,G,I
3l3s,H,I
3l3s,J,K
3l3s,J,L
3l3s,K,L
3l5r,A,B
3l5r,A,C
3l5r,B,C
3l5s,A,B
3l5s,A,C
3l5s,B,C
3l5t,A,B
3l5t,A,C
3l5t,B,C
3l6c,A,B
3l6e,A,B
3l6o,O,P
3l6o,O,Q
3l6o,O,R
3l6o,P,Q
3l6o,P,R
3l6o,Q,R
3l75,A,B
3l75,A,C
3l75,A,E
3l75,A,G
3l75,B,O
3l75,B,S
3l75,C,D
3l75,C,E
3l75,C,F
3l75,C,G
3l75,C,P
3l75,C,R
3l75,D,E
3l75,D,F
3l75,D,G
3l75,D,H
3l75,D,J
3l75,D,Q
3l75,E,G
3l75,E,J
3l75,E,P
3l75,F,G
3l75,F,O
3l75,G,H
3l75,N,O
3l75,N,P
3l75,N,R
3l75,N,T
3l75,P,Q
3l75,P,R
3l75,P,S
3l75,P,T
3l75,Q,R
3l75,Q,S
3l75,Q,T
3l75,Q,U
3l75,Q,W
3l75,R,T
3l75,R,W
3l75,S,T
3l75,T,U
3l7j,A,B
3l7j,C,D
3l7m,C,D
3l82,A,B
3l8k,A,B
3l8u,A,B
3l91,A,B
3l94,A,B
3l9j,C,T
3l9q,A,B
3la0,A,C
3la0,B,D
3la6,A,B
3la6,A,H
3la6,B,C
3la6,C,D
3la6,D,E
3la6,E,F
3la6,F,G
3la6,G,H
3la7,A,B
3lac,A,B
3lag,A,B
3lao,A,B
3lao,A,C
3lao,B,C
3lay,A,B
3lay,A,J
3lay,B,C
3lay,C,D
3lay,D,E
3lay,E,F
3lay,F,G
3lay,G,H
3lay,H,I
3lay,I,J
3lb4,A,B
3lb5,C,D
3lbb,A,B
3lbe,A,B
3lbe,C,D
3lc6,A,B
3lc7,O,P
3lc7,O,Q
3lc7,O,R
3lc7,P,Q
3lc7,P,R
3lc7,Q,R
3lcb,A,B
3lcb,B,C
3lcb,B,D
3lcb,C,D
3lch,A,C
3lch,A,D
3lch,B,C
3lch,B,D
3lcp,B,D
3lcr,A,B
3lcz,A,B
3lcz,A,C
3lcz,A,D
3lcz,B,C
3ld0,1,7
3ld0,1,Y
3ld0,1,Z
3ld0,2,3
3ld0,2,4
3ld0,2,Z
3ld0,3,4
3ld0,3,a
3ld0,4,5
3ld0,5,6
3ld0,5,7
3ld0,6,7
3ld0,6,9
3ld0,8,9
3ld0,8,Y
3ld0,8,a
3ld0,9,a
3ld0,M,N
3ld0,M,O
3ld0,M,V
3ld0,N,O
3ld0,N,P
3ld0,O,U
3ld0,P,Q
3ld0,P,R
3ld0,Q,R
3ld0,Q,X
3ld0,R,S
3ld0,S,T
3ld0,S,U
3ld0,T,U
3ld0,T,W
3ld0,V,W
3ld0,V,X
3ld0,W,X
3ld0,Y,Z
3ld3,A,B
3ldw,A,B
3ldw,C,D
3lf1,A,B
3lf6,A,B
3lfl,B,C
3lfr,A,B
3li0,A,B
3lis,A,B
3ljs,A,B
3lkb,A,B
3lki,A,B
3lkk,A,B
3lkt,A,M
3lkt,B,N
3lkt,C,O
3lkt,D,P
3lkt,E,Q
3lkt,F,R
3lkt,M,N
3lkt,M,O
3lkt,N,O
3lkt,N,R
3lkt,O,Q
3lkt,O,R
3lkt,P,Q
3lkt,P,R
3lkt,Q,R
3lku,E,F
3ll3,A,B
3ll8,A,B
3ll8,A,C
3ll8,C,D
3lle,A,B
3lll,A,B
3lls,A,B
3llw,A,B
3llw,C,D
3lm1,A,M
3lm1,E,I
3lm6,A,B
3lm7,A,B
3lma,B,C
3lmb,A,B
3lmn,A,B
3lmv,C,D
3lpe,A,B
3lpe,C,D
3lpe,G,H
3lpg,A,B
3lpn,A,B
3lpx,A,B
3lq1,A,B
3lq6,A,B
3lqu,A,B
3lr8,A,B
3lrm,A,B
3lrm,A,D
3lrm,B,C
3lrm,C,D
3lrx,A,B
3lrx,A,C
3lrx,B,F
3lrx,C,D
3lrx,D,E
3lrx,E,F
3ls6,A,B
3lsb,A,B
3lsf,B,E
3lsg,A,B
3lsg,C,D
3lsh,A,B
3lsh,A,C
3lsh,A,D
3lsh,B,C
3lsh,B,D
3lsh,C,D
3lsv,A,B
3lsv,A,E
3lsv,B,C
3lsv,C,D
3lsv,D,E
3lt2,A,B
3lt4,A,B
3lt5,A,B
3lt7,A,B
3lt7,A,C
3lt7,B,C
3lt7,D,E
3lt7,D,F
3lt7,E,F
3lte,Q,R
3ltf,A,B
3ltf,A,C
3ltf,C,D
3lto,A,B
3ltp,A,B
3lty,A,B
3lub,A,B
3lub,A,F
3lub,B,C
3lub,C,D
3lub,D,E
3lub,E,F
3lub,G,H
3lub,G,L
3lub,H,I
3lub,I,J
3lub,J,K
3lub,K,L
3lw5,A,B
3lw5,A,C
3lw5,A,D
3lw5,A,E
3lw5,A,F
3lw5,A,L
3lw5,B,C
3lw5,B,D
3lw5,B,F
3lw5,B,G
3lw5,B,L
3lw5,C,D
3lw5,C,E
3lw5,D,L
3lw5,H,L
3lwo,A,B
3lwo,B,C
3lx2,A,B
3lx2,A,C
3lx2,B,C
3lxa,A,B
3lxv,A,M
3lxv,B,N
3lxv,C,O
3lxv,M,N
3lxv,M,O
3lxv,N,O
3lxz,C,D
3lyf,C,D
3lyh,A,B
3lyk,A,B
3lyl,A,B
3lyl,A,C
3lyl,B,D
3lyl,C,D
3lyu,A,B
3lyu,A,F
3lyu,B,C
3lyu,C,D
3lyu,D,E
3lyu,E,F
3lyv,D,E
3lz0,A,B
3lz0,A,E
3lz0,A,G
3lz0,B,D
3lz0,B,G
3lz0,B,H
3lz0,C,D
3lz0,C,E
3lz0,C,F
3lz0,D,F
3lz0,E,F
3lz0,F,H
3lz0,G,H
3lz7,A,B
3lz7,A,D
3lz7,B,C
3lz7,C,D
3lza,A,B
3lzl,A,B
3lzn,A,B
3lzp,A,B
3lzs,A,B
3m06,A,B
3m06,A,C
3m06,B,C
3m06,D,E
3m06,D,F
3m06,E,F
3m0f,A,B
3m0g,A,B
3m0m,A,B
3m0m,A,C
3m0m,A,D
3m0m,B,C
3m0m,B,D
3m0m,C,D
3m0v,A,B
3m0v,A,C
3m0v,A,D
3m0v,B,C
3m0v,B,D
3m0v,C,D
3m0w,C,D
3m1c,A,B
3m1r,A,B
3m1r,A,C
3m1r,B,C
3m1r,D,E
3m1r,D,F
3m1r,E,F
3m1s,A,B
3m1v,A,B
3m1v,A,C
3m1v,A,D
3m1v,A,E
3m1v,A,F
3m1v,B,C
3m1v,B,D
3m1v,B,E
3m1v,C,D
3m1v,D,E
3m1v,D,F
3m1v,E,F
3m1y,A,B
3m1y,C,D
3m1z,A,B
3m3c,A,B
3m3i,A,H
3m3i,B,E
3m3i,C,F
3m3i,D,G
3m3q,A,B
3m3w,A,B
3m44,A,B
3m46,A,B
3m47,A,B
3m4b,B,D
3m4b,C,D
3m4g,A,B
3m4g,A,F
3m4g,B,C
3m4g,C,D
3m4g,D,E
3m4g,E,F
3m4s,A,B
3m4s,A,C
3m4s,B,C
3m4w,A,C
3m4w,A,E
3m4w,A,G
3m4w,C,E
3m4w,C,G
3m5r,D,E
3m5r,F,G
3m5z,A,B
3m6j,C,D
3m79,A,B
3m79,A,C
3m79,A,D
3m79,B,C
3m79,B,D
3m79,C,D
3m79,E,F
3m79,E,G
3m79,E,H
3m79,F,G
3m79,F,H
3m79,G,H
3m7f,A,B
3m7w,B,C
3m82,A,B
3m82,A,C
3m82,A,D
3m82,A,E
3m82,B,C
3m82,B,D
3m82,B,F
3m82,C,E
3m82,C,F
3m82,D,E
3m82,D,F
3m82,E,F
3m83,A,B
3m83,A,C
3m83,A,D
3m83,A,E
3m83,B,C
3m83,B,D
3m83,B,F
3m83,C,E
3m83,C,F
3m83,D,E
3m83,D,F
3m83,E,F
3m88,A,B
3m8c,A,B
3m8c,C,D
3m8f,A,B
3m8n,A,B
3m8n,C,D
3m9y,A,B
3mad,A,B
3maf,A,B
3mar,A,B
3mb8,A,B
3mbi,A,C
3mbi,B,D
3mbm,A,B
3mbm,A,C
3mbm,B,C
3mbo,A,B
3mbo,C,D
3mbo,E,F
3mbo,G,H
3mbw,A,B
3mc9,A,B
3mca,A,B
3mcb,A,B
3mci,A,B
3mci,A,C
3mci,B,C
3mcu,A,B
3mcu,A,C
3mcu,A,F
3mcu,B,D
3mcu,B,E
3mcu,C,D
3mcu,C,F
3mcu,D,E
3mcu,E,F
3mcw,A,B
3mdb,B,D
3mdd,A,B
3mde,A,B
3mdi,A,B
3mdk,A,B
3mdl,A,B
3mdo,A,B
3mdw,A,B
3mdw,C,D
3me3,A,B
3me3,A,C
3me3,B,D
3me3,C,D
3meb,A,B
3men,C,D
3mep,B,C
3mey,A,B
3mez,A,B
3mez,B,D
3mez,C,D
3mf2,A,B
3mf3,A,B
3mf3,C,D
3mf3,C,E
3mf3,D,F
3mf3,E,F
3mf4,A,B
3mfk,A,B
3mfm,A,B
3mfm,A,C
3mfm,A,D
3mfm,B,E
3mfm,B,F
3mfm,C,D
3mfm,C,F
3mfm,D,E
3mfm,E,F
3mg1,A,B
3mg2,A,B
3mg5,A,B
3mg5,A,D
3mg5,B,C
3mg5,C,D
3mg6,1,2
3mg6,1,H
3mg6,1,N
3mg6,1,S
3mg6,1,T
3mg6,1,Z
3mg6,2,M
3mg6,2,N
3mg6,2,T
3mg6,2,U
3mg6,2,V
3mg6,A,B
3mg6,A,G
3mg6,A,H
3mg6,A,I
3mg6,B,C
3mg6,B,I
3mg6,B,J
3mg6,C,D
3mg6,C,J
3mg6,C,K
3mg6,D,E
3mg6,D,K
3mg6,D,L
3mg6,E,F
3mg6,E,L
3mg6,E,M
3mg6,F,G
3mg6,F,M
3mg6,F,N
3mg6,G,H
3mg6,G,N
3mg6,H,I
3mg6,H,N
3mg6,H,Z
3mg6,I,J
3mg6,I,Y
3mg6,I,Z
3mg6,J,K
3mg6,J,X
3mg6,J,Y
3mg6,K,L
3mg6,K,W
3mg6,K,X
3mg6,L,M
3mg6,L,V
3mg6,L,W
3mg6,M,N
3mg6,M,V
3mg6,O,P
3mg6,O,U
3mg6,O,V
3mg6,O,W
3mg6,P,Q
3mg6,P,W
3mg6,P,X
3mg6,Q,R
3mg6,Q,X
3mg6,Q,Y
3mg6,R,S
3mg6,R,Y
3mg6,R,Z
3mg6,S,T
3mg6,S,Z
3mg6,T,U
3mg6,U,V
3mg6,V,W
3mg6,W,X
3mg6,X,Y
3mg6,Y,Z
3mg7,1,2
3mg7,1,H
3mg7,1,N
3mg7,1,S
3mg7,1,T
3mg7,1,Z
3mg7,2,M
3mg7,2,N
3mg7,2,T
3mg7,2,U
3mg7,2,V
3mg7,A,B
3mg7,A,G
3mg7,A,H
3mg7,A,I
3mg7,B,C
3mg7,B,I
3mg7,B,J
3mg7,C,D
3mg7,C,J
3mg7,C,K
3mg7,D,E
3mg7,D,K
3mg7,D,L
3mg7,E,F
3mg7,E,L
3mg7,E,M
3mg7,F,G
3mg7,F,M
3mg7,F,N
3mg7,G,H
3mg7,G,N
3mg7,H,I
3mg7,H,N
3mg7,H,Z
3mg7,I,J
3mg7,I,Y
3mg7,I,Z
3mg7,J,K
3mg7,J,X
3mg7,J,Y
3mg7,K,L
3mg7,K,W
3mg7,K,X
3mg7,L,M
3mg7,L,V
3mg7,L,W
3mg7,M,N
3mg7,M,V
3mg7,O,P
3mg7,O,U
3mg7,O,V
3mg7,O,W
3mg7,P,Q
3mg7,P,W
3mg7,P,X
3mg7,Q,R
3mg7,Q,X
3mg7,Q,Y
3mg7,R,S
3mg7,R,Y
3mg7,R,Z
3mg7,S,T
3mg7,S,Z
3mg7,T,U
3mg7,U,V
3mg7,V,W
3mg7,W,X
3mg7,X,Y
3mg7,Y,Z
3mg8,1,2
3mg8,1,H
3mg8,1,N
3mg8,1,S
3mg8,1,T
3mg8,1,Z
3mg8,2,M
3mg8,2,N
3mg8,2,T
3mg8,2,U
3mg8,2,V
3mg8,A,B
3mg8,A,G
3mg8,A,H
3mg8,A,I
3mg8,B,C
3mg8,B,I
3mg8,B,J
3mg8,C,D
3mg8,C,J
3mg8,C,K
3mg8,D,E
3mg8,D,K
3mg8,D,L
3mg8,E,F
3mg8,E,L
3mg8,E,M
3mg8,F,G
3mg8,F,M
3mg8,F,N
3mg8,G,H
3mg8,G,N
3mg8,H,I
3mg8,H,N
3mg8,H,Z
3mg8,I,J
3mg8,I,Y
3mg8,I,Z
3mg8,J,K
3mg8,J,X
3mg8,J,Y
3mg8,K,L
3mg8,K,W
3mg8,K,X
3mg8,L,M
3mg8,L,V
3mg8,L,W
3mg8,M,N
3mg8,M,V
3mg8,O,P
3mg8,O,U
3mg8,O,V
3mg8,O,W
3mg8,P,Q
3mg8,P,W
3mg8,P,X
3mg8,Q,R
3mg8,Q,X
3mg8,Q,Y
3mg8,R,S
3mg8,R,Y
3mg8,R,Z
3mg8,S,T
3mg8,S,Z
3mg8,T,U
3mg8,U,V
3mg8,V,W
3mg8,W,X
3mg8,X,Y
3mg8,Y,Z
3mgj,A,B
3mgp,A,B
3mgp,A,E
3mgp,A,G
3mgp,B,D
3mgp,B,G
3mgp,B,H
3mgp,C,D
3mgp,C,E
3mgp,C,F
3mgp,D,F
3mgp,E,F
3mgp,F,H
3mgp,G,H
3mgr,A,B
3mgr,A,E
3mgr,A,G
3mgr,B,D
3mgr,B,G
3mgr,B,H
3mgr,C,D
3mgr,C,E
3mgr,C,F
3mgr,D,F
3mgr,E,F
3mgr,F,H
3mgr,G,H
3mhe,A,B
3mhf,A,B
3mhf,C,D
3mhy,A,B
3mhy,A,C
3mhy,B,C
3mi0,1,2
3mi0,1,S
3mi0,1,T
3mi0,1,U
3mi0,2,G
3mi0,2,T
3mi0,2,U
3mi0,2,V
3mi0,2,X
3mi0,A,B
3mi0,A,H
3mi0,A,O
3mi0,A,P
3mi0,B,C
3mi0,B,H
3mi0,B,I
3mi0,C,E
3mi0,C,H
3mi0,C,I
3mi0,C,J
3mi0,C,R
3mi0,D,E
3mi0,D,K
3mi0,D,Q
3mi0,D,R
3mi0,E,H
3mi0,E,K
3mi0,E,L
3mi0,E,R
3mi0,F,G
3mi0,F,M
3mi0,F,N
3mi0,F,W
3mi0,G,N
3mi0,G,V
3mi0,G,W
3mi0,G,X
3mi0,H,L
3mi0,H,P
3mi0,I,J
3mi0,I,S
3mi0,J,R
3mi0,J,S
3mi0,J,T
3mi0,J,Z
3mi0,K,L
3mi0,K,M
3mi0,L,M
3mi0,L,N
3mi0,L,P
3mi0,M,N
3mi0,N,P
3mi0,N,V
3mi0,O,P
3mi0,O,U
3mi0,O,V
3mi0,P,V
3mi0,Q,R
3mi0,Q,Y
3mi0,Q,Z
3mi0,R,Z
3mi0,S,T
3mi0,T,X
3mi0,T,Z
3mi0,U,V
3mi0,W,X
3mi0,W,Y
3mi0,X,Y
3mi0,X,Z
3mi0,Y,Z
3mii,A,B
3mil,A,B
3miu,A,B
3mjd,A,B
3mjd,C,D
3mjg,A,B
3mjg,A,X
3mjg,A,Y
3mjg,B,X
3mjg,B,Y
3mjz,A,B
3mjz,A,C
3mjz,B,C
3mjz,D,E
3mjz,D,F
3mjz,E,F
3mjz,G,H
3mjz,G,I
3mjz,H,I
3mjz,J,K
3mjz,J,L
3mjz,K,L
3mk6,B,D
3mk7,A,B
3mk7,A,C
3mk7,B,C
3mk7,D,E
3mk7,D,F
3mk7,E,F
3mk7,K,L
3mk7,K,M
3mk7,L,M
3mkh,A,B
3mkh,A,D
3mkh,B,C
3mkh,C,D
3mki,A,B
3mki,B,D
3mki,C,D
3mkm,A,B
3mkm,A,C
3mkm,B,D
3mkm,C,D
3mkp,A,B
3mkp,C,D
3mkq,E,F
3mkw,B,P
3mla,A,B
3mln,A,B
3mlo,A,B
3mlp,E,F
3mlq,A,E
3mm0,A,C
3mm0,A,D
3mm0,B,C
3mm0,B,D
3mm0,I,K
3mm5,A,B
3mm5,A,E
3mm5,B,D
3mm5,B,E
3mm5,D,E
3mm6,A,B
3mm6,A,E
3mm6,B,D
3mm6,B,E
3mm6,D,E
3mma,A,B
3mma,A,E
3mma,B,D
3mma,B,E
3mma,D,E
3mmc,A,B
3mmc,A,E
3mmc,B,D
3mmc,B,E
3mmc,D,E
3mmh,A,B
3mml,A,B
3mmp,A,G
3mmp,C,F
3mmp,F,G
3mmu,A,B
3mmu,C,D
3mmu,E,F
3mmu,G,H
3mmx,D,G
3mmy,C,D
3mmy,E,F
3mmy,G,H
3mnn,A,B
3mnn,A,E
3mnn,A,G
3mnn,B,D
3mnn,B,G
3mnn,B,H
3mnn,C,D
3mnn,C,E
3mnn,C,F
3mnn,E,F
3mnn,F,H
3mnn,G,H
3mo0,A,B
3mou,A,B
3moz,A,B
3mp3,A,B
3mp3,C,D
3mp3,E,F
3mp5,A,B
3mp5,C,D
3mp5,E,F
3mpd,A,B
3mph,A,B
3mpi,C,D
3mps,A,B
3mps,A,G
3mps,A,H
3mps,B,G
3mps,B,H
3mps,D,F
3mps,D,I
3mps,D,K
3mps,F,I
3mps,F,K
3mps,G,H
3mps,I,K
3mpu,A,B
3mpu,C,D
3mq0,A,B
3mq1,E,F
3mq7,A,B
3mq7,A,C
3mq7,A,D
3mq7,B,C
3mq7,B,D
3mq7,B,L
3mq7,C,D
3mq7,E,F
3mq7,E,G
3mq7,E,H
3mq7,E,I
3mq7,E,K
3mq7,F,G
3mq7,F,H
3mq7,G,H
3mq7,G,K
3mq7,H,L
3mq7,I,J
3mq7,I,K
3mq7,I,L
3mq7,J,K
3mq7,J,L
3mq7,K,L
3mq9,A,B
3mq9,A,C
3mq9,A,D
3mq9,B,C
3mq9,B,D
3mq9,C,D
3mqe,C,D
3mqk,A,B
3mqk,A,C
3mqt,A,B
3mqt,A,C
3mqt,A,D
3mqt,A,F
3mqt,B,D
3mqt,B,E
3mqt,B,G
3mqt,C,D
3mqt,C,F
3mqt,C,H
3mqt,D,G
3mqt,E,F
3mqt,E,G
3mqt,E,H
3mqt,F,H
3mqt,G,H
3mqt,I,J
3mqt,I,K
3mqt,I,L
3mqt,I,N
3mqt,J,L
3mqt,J,M
3mqt,J,W
3mqt,K,L
3mqt,K,N
3mqt,K,V
3mqt,L,W
3mqt,M,N
3mqt,M,V
3mqt,M,W
3mqt,N,V
3mqt,O,P
3mqt,O,Q
3mqt,O,S
3mqt,O,U
3mqt,P,S
3mqt,P,T
3mqt,P,X
3mqt,Q,R
3mqt,Q,S
3mqt,Q,U
3mqt,R,T
3mqt,R,U
3mqt,R,X
3mqt,S,X
3mqt,T,U
3mqt,T,X
3mqt,V,W
3mqy,A,B
3msq,A,D
3msq,B,C
3msv,A,B
3mtk,A,B
3mtu,A,B
3mtu,A,C
3mtu,B,D
3mtu,C,D
3mtu,E,F
3muc,A,B
3muq,A,B
3muu,A,B
3muu,A,C
3muu,B,C
3muu,D,E
3muu,D,F
3muu,E,F
3muz,1,2
3muz,1,4
3muz,2,3
3muz,3,4
3mv3,A,B
3mv3,C,D
3mv6,A,M
3mv6,B,N
3mv6,C,O
3mv6,M,N
3mv6,M,O
3mv6,N,O
3mvg,A,B
3mvk,B,G
3mvp,A,B
3mw7,A,B
3mwa,A,B
3mwe,A,B
3mwh,A,B
3mws,A,B
3mxd,A,B
3mxg,A,G
3mxg,A,J
3mxg,B,C
3mxg,B,F
3mxg,C,D
3mxg,D,E
3mxg,E,F
3mxg,G,H
3mxg,H,I
3mxg,I,J
3mxi,A,B
3mxj,A,B
3mxl,A,B
3mxl,A,C
3mxl,B,D
3mxl,C,D
3mxn,A,B
3mxq,A,B
3mxq,A,D
3mxq,B,C
3mxq,C,D
3myf,A,B
3myf,A,C
3myf,C,D
3mz1,A,B
3mz1,C,D
3mzg,A,B
3mzh,A,B
3mzi,A,B
3mzk,A,B
3mzk,B,C
3mzk,C,D
3mzn,A,B
3mzo,A,B
3mzo,A,C
3mzo,B,C
3mzv,A,B
3n01,A,B
3n0b,A,B
3n0b,A,D
3n0b,B,C
3n0b,C,D
3n0c,A,B
3n0c,A,D
3n0c,B,C
3n0c,C,D
3n0m,A,B
3n0s,C,D
3n0t,A,B
3n0t,C,D
3n0y,A,B
3n1t,A,B
3n1t,E,F
3n1z,A,B
3n1z,A,C
3n24,C,D
3n24,E,F
3n24,G,H
3n25,A,B
3n25,A,C
3n25,B,D
3n25,C,D
3n25,E,F
3n25,E,G
3n25,F,H
3n25,G,H
3n27,A,B
3n27,A,C
3n27,B,C
3n29,A,B
3n2i,A,B
3n2l,A,B
3n2l,A,C
3n2l,C,D
3n2l,E,F
3n2l,E,G
3n2l,G,H
3n2o,A,B
3n2o,C,D
3n2r,A,B
3n2s,A,B
3n34,A,B
3n3b,A,B
3n3b,A,D
3n3b,B,C
3n3m,A,B
3n3t,A,B
3n3w,A,B
3n3z,A,B
3n40,F,P
3n4d,A,B
3n4d,A,C
3n4d,B,C
3n4d,D,E
3n4d,D,F
3n4d,E,F
3n4d,G,H
3n4d,G,I
3n4d,H,I
3n4g,A,B
3n4g,A,C
3n4g,B,C
3n4m,A,B
3n4p,A,B
3n4r,C,D
3n4s,A,B
3n4s,C,D
3n52,A,B
3n52,A,C
3n52,B,D
3n52,C,D
3n57,A,B
3n58,A,B
3n58,A,C
3n58,A,D
3n58,B,C
3n58,B,D
3n58,C,D
3n5b,A,B
3n5e,A,B
3n5f,A,B
3n5i,A,B
3n5i,A,C
3n5i,A,D
3n5i,B,C
3n5i,B,D
3n5i,C,D
3n5q,A,B
3n5u,A,B
3n5v,A,B
3n5w,A,B
3n63,A,B
3n64,A,B
3n67,A,B
3n6c,A,B
3n6d,A,B
3n6e,A,B
3n6r,A,B
3n6r,B,D
3n6r,B,F
3n6r,B,J
3n6r,C,D
3n6r,D,F
3n6r,D,L
3n6r,E,F
3n6r,F,H
3n6r,G,H
3n6r,H,J
3n6r,H,L
3n6r,I,J
3n6r,J,L
3n6r,K,L
3n6v,A,B
3n6v,C,D
3n75,A,C
3n75,A,D
3n75,B,D
3n75,B,E
3n75,C,E
3n78,A,B
3n7a,M,S
3n7a,M,W
3n7a,M,X
3n7a,N,O
3n7a,N,Q
3n7a,N,R
3n7a,O,Q
3n7a,O,T
3n7a,P,R
3n7a,P,S
3n7a,P,U
3n7a,Q,W
3n7a,R,S
3n7a,T,U
3n7a,T,V
3n7a,U,V
3n7a,V,X
3n7a,W,X
3n7h,A,B
3n7p,A,R
3n7p,B,D
3n7p,E,J
3n7r,B,C
3n80,E,F
3n80,E,G
3n80,E,H
3n80,F,G
3n80,F,H
3n80,G,H
3n81,E,F
3n81,E,G
3n81,E,H
3n81,F,G
3n81,F,H
3n81,G,H
3n82,A,B
3n82,A,C
3n82,A,D
3n82,B,C
3n82,B,D
3n82,C,D
3n82,E,F
3n82,E,G
3n82,E,H
3n82,F,G
3n82,F,H
3n82,G,H
3n86,A,G
3n86,A,K
3n86,A,L
3n86,B,C
3n86,B,E
3n86,B,F
3n86,C,E
3n86,C,H
3n86,D,F
3n86,D,G
3n86,D,I
3n86,E,K
3n86,F,G
3n86,H,I
3n86,H,J
3n86,I,J
3n86,J,L
3n86,K,L
3n8e,A,B
3n8n,A,G
3n8n,A,K
3n8n,A,L
3n8n,B,C
3n8n,B,E
3n8n,B,F
3n8n,C,E
3n8n,C,H
3n8n,D,F
3n8n,D,G
3n8n,D,I
3n8n,E,K
3n8n,F,G
3n8n,H,I
3n8n,H,J
3n8n,I,J
3n8n,J,L
3n8n,K,L
3n8n,M,S
3n8n,M,W
3n8n,M,X
3n8n,N,O
3n8n,N,Q
3n8n,N,R
3n8n,O,Q
3n8n,O,T
3n8n,P,R
3n8n,P,S
3n8n,P,U
3n8n,Q,W
3n8n,R,S
3n8n,T,U
3n8n,T,V
3n8n,U,V
3n8n,V,X
3n8n,W,X
3n8v,A,B
3n8w,A,B
3n8x,A,B
3n99,A,B
3n99,A,D
3n99,A,J
3n99,B,C
3n99,B,K
3n99,C,E
3n99,C,I
3n99,D,E
3n99,D,G
3n99,E,H
3n99,G,H
3n99,G,J
3n99,H,I
3n99,I,K
3n99,J,K
3n9i,A,B
3n9j,A,B
3n9u,A,B
3n9u,A,C
3n9u,A,I
3n9u,B,C
3n9u,B,I
3na2,A,B
3na5,A,B
3nad,A,B
3nag,A,B
3nai,B,C
3nat,A,B
3nb0,A,B
3nb0,A,C
3nb0,A,D
3nb0,B,C
3nb0,B,D
3nb0,C,D
3nba,A,C
3nbb,E,F
3nbe,A,B
3nbj,C,D
3nbj,E,F
3nbu,A,B
3nbu,C,D
3ncf,A,B
3nch,A,C
3nch,A,D
3nch,B,C
3nch,B,D
3ncr,A,B
3ncr,A,C
3ncr,B,C
3ncz,A,B
3ncz,C,D
3nd0,A,B
3nd6,A,B
3nd6,A,C
3nd6,A,E
3nd6,B,D
3nd6,B,F
3nd6,C,D
3nd6,C,E
3nd6,D,F
3nd6,E,F
3ndc,A,B
3ndh,A,B
3ndu,A,B
3ndv,A,B
3ndv,A,C
3ndv,A,D
3ndv,B,C
3ndv,B,D
3ndv,C,D
3ndy,A,C
3ndy,A,D
3ndy,A,E
3ndy,A,G
3ndy,B,C
3ndy,B,D
3ndy,B,F
3ndy,B,H
3ndy,C,E
3ndy,C,G
3ndy,D,F
3ndy,D,H
3ndy,E,F
3ndy,G,H
3ndz,A,C
3ndz,A,D
3ndz,A,E
3ndz,A,G
3ndz,B,C
3ndz,B,D
3ndz,B,F
3ndz,B,H
3ndz,C,E
3ndz,C,G
3ndz,D,F
3ndz,D,H
3ndz,E,F
3ndz,G,H
3ne2,A,B
3ne2,A,C
3ne2,B,D
3ne2,C,D
3nei,A,B
3nek,A,B
3nem,A,B
3nev,A,B
3nev,A,C
3nev,B,D
3nev,C,D
3nf4,A,B
3nfb,A,B
3nfb,A,C
3nfb,A,D
3nfb,B,C
3nfb,B,D
3nfb,C,D
3nfc,B,C
3nfg,E,F
3nfg,E,G
3nfg,E,H
3nfg,F,G
3nfg,G,H
3nfg,K,L
3nfg,K,M
3nfg,K,N
3nfg,L,M
3nfg,M,N
3nfu,A,B
3nfw,A,B
3nfw,C,D
3nfy,A,B
3ng9,A,B
3ng9,A,D
3ng9,A,E
3ng9,A,H
3ng9,A,I
3ng9,B,E
3ng9,C,F
3ng9,C,I
3ng9,D,F
3ng9,D,H
3ng9,D,I
3ng9,E,G
3ng9,E,H
3ng9,F,I
3ngs,A,B
3ngs,B,C
3ngt,C,F
3ngy,A,B
3ngy,C,D
3nhj,A,B
3nhl,A,B
3nhp,A,B
3nhq,A,B
3nhq,C,D
3nhq,E,F
3nhq,G,H
3nhs,A,B
3nhy,A,B
3nip,A,B
3nip,A,D
3nip,A,E
3nip,A,F
3nip,B,C
3nip,B,E
3nip,B,F
3nip,C,D
3nip,C,E
3nip,C,F
3nip,D,E
3nip,D,F
3niq,A,B
3nj4,A,B
3nj4,A,C
3nj4,A,D
3nj4,B,C
3nj4,B,D
3nj4,C,D
3nja,A,B
3nja,C,D
3njb,A,B
3njd,A,B
3njf,A,C
3njh,C,D
3njo,A,B
3njq,A,B
3nkd,A,B
3nke,A,B
3nke,A,C
3nke,B,C
3nkl,A,B
3nkz,A,B
3nkz,A,C
3nkz,C,D
3nlf,A,B
3nli,A,B
3nln,A,B
3nlv,A,B
3nlz,A,B
3nn3,A,C
3nn3,A,E
3nn3,B,C
3nn3,B,D
3nn3,D,E
3nnj,A,B
3nnt,A,B
3nny,A,B
3nnz,A,B
3np5,A,B
3np5,A,C
3np5,B,C
3np5,B,D
3np5,C,D
3npg,A,B
3npg,A,C
3npg,B,D
3npg,C,D
3npi,A,B
3npk,A,B
3nq7,A,B
3nqj,A,B
3nqn,A,B
3nqu,A,B
3ns1,A,B
3ns1,A,C
3ns1,B,C
3ns1,C,L
3ns1,J,K
3ns1,J,L
3ns1,K,L
3ns2,A,B
3ns7,A,B
3nse,A,B
3nsg,A,B
3nsg,A,C
3nsg,B,C
3nu3,A,B
3nu5,A,B
3nu7,A,B
3nuf,A,B
3nuh,A,B
3nuj,A,B
3nut,A,D
3nut,B,C
3nuv,A,B
3nuz,E,F
3nv9,A,B
3nvm,A,B
3nvu,A,B
3nvv,A,B
3nvv,A,C
3nvv,B,C
3nvv,C,L
3nvv,J,K
3nvv,J,L
3nvv,K,L
3nvy,A,B
3nvy,A,C
3nvy,B,C
3nvy,C,L
3nvy,J,K
3nvy,J,L
3nvy,K,L
3nwk,A,C
3nwk,B,D
3nwl,A,B
3nwl,A,C
3nwl,A,D
3nwl,B,C
3nwl,B,D
3nwl,C,D
3nwq,A,B
3nwu,A,B
3nwu,A,C
3nwu,B,C
3nwx,A,B
3nwy,A,B
3nwy,A,E
3nwy,B,F
3nwy,C,D
3nwy,C,F
3nwy,D,E
3ny5,A,B
3nyd,A,B
3nyn,A,B
3nyu,A,B
3nyu,C,D
3nyw,A,B
3nyw,A,C
3nyw,B,D
3nyw,C,D
3nz2,A,B
3nz2,A,C
3nz2,B,C
3nz2,D,E
3nz2,D,F
3nz2,E,F
3nz2,G,H
3nz2,G,I
3nz2,G,K
3nz2,H,I
3nz2,H,L
3nz2,J,K
3nz2,J,L
3nz2,K,L
3nz4,A,B
3nzj,1,2
3nzj,1,H
3nzj,1,N
3nzj,1,S
3nzj,1,T
3nzj,1,Z
3nzj,2,M
3nzj,2,N
3nzj,2,T
3nzj,2,U
3nzj,2,V
3nzj,A,B
3nzj,A,G
3nzj,A,H
3nzj,A,I
3nzj,B,C
3nzj,B,I
3nzj,B,J
3nzj,C,D
3nzj,C,J
3nzj,C,K
3nzj,D,E
3nzj,D,K
3nzj,D,L
3nzj,E,F
3nzj,E,L
3nzj,E,M
3nzj,F,G
3nzj,F,M
3nzj,F,N
3nzj,G,H
3nzj,G,N
3nzj,H,I
3nzj,H,N
3nzj,H,Z
3nzj,I,J
3nzj,I,Y
3nzj,I,Z
3nzj,J,K
3nzj,J,X
3nzj,J,Y
3nzj,K,L
3nzj,K,W
3nzj,K,X
3nzj,L,M
3nzj,L,V
3nzj,L,W
3nzj,M,N
3nzj,M,V
3nzj,O,P
3nzj,O,U
3nzj,O,V
3nzj,O,W
3nzj,P,Q
3nzj,P,W
3nzj,P,X
3nzj,Q,R
3nzj,Q,X
3nzj,Q,Y
3nzj,R,S
3nzj,R,Y
3nzj,R,Z
3nzj,S,T
3nzj,S,Z
3nzj,T,U
3nzj,U,V
3nzj,V,W
3nzj,W,X
3nzj,X,Y
3nzj,Y,Z
3nzp,A,B
3o08,A,B
3o0l,A,B
3o0n,A,B
3o0o,A,B
3o0q,A,B
3o0t,A,B
3o0y,A,B
3o0y,A,C
3o0y,B,C
3o10,A,B
3o1k,A,C
3o1k,A,D
3o1k,B,C
3o1k,B,D
3o1n,A,B
3o1q,B,C
3o27,A,B
3o2j,A,B
3o2q,A,B
3o2s,A,B
3o3n,C,D
3o3o,A,B
3o4f,A,B
3o4f,C,D
3o4f,E,F
3o4f,G,H
3o4g,A,B
3o4g,C,D
3o4j,A,B
3o4j,C,D
3o4z,A,C
3o4z,B,D
3o52,A,B
3o52,C,D
3o5b,A,B
3o5u,A,B
3o5v,A,B
3o5w,A,B
3o60,A,B
3o61,A,B
3o61,C,D
3o65,A,C
3o65,A,E
3o65,C,E
3o65,C,G
3o65,E,G
3o6j,A,B
3o6z,A,B
3o72,C,D
3o73,A,B
3o74,A,B
3o7x,B,C
3o8j,A,B
3o8j,E,F
3o8j,G,H
3o8j,I,J
3o90,A,B
3o90,A,C
3o90,A,D
3o90,B,C
3o90,B,D
3o90,C,D
3o91,A,B
3o91,A,C
3o91,A,D
3o91,B,C
3o91,B,D
3o91,C,D
3o94,A,B
3o94,A,C
3o94,A,D
3o94,B,C
3o94,B,D
3o94,C,D
3o95,A,B
3o99,A,B
3o9c,A,B
3o9d,A,B
3o9f,A,B
3o9g,A,B
3o9t,A,B
3o9u,F,H
3o9v,A,B
3o9v,C,D
3o9x,A,B
3oa2,A,B
3oa2,A,C
3oa2,B,D
3oa2,C,D
3oaa,Y,b
3oaa,Y,c
3oaa,Y,e
3oaa,Z,c
3oaa,Z,d
3oaa,a,b
3oaa,a,d
3oaa,a,f
3oaa,b,f
3oaa,c,e
3oaa,d,e
3oaa,d,f
3oaa,e,f
3oac,A,B
3oac,A,C
3oac,B,D
3oac,C,D
3oax,A,B
3ob7,A,B
3ob7,D,E
3ob8,A,B
3ob8,A,C
3ob8,A,D
3ob8,B,C
3ob8,B,D
3obh,A,B
3obv,A,B
3obv,A,F
3obv,B,E
3obv,E,F
3oc3,B,D
3oc4,A,B
3oca,A,B
3ocd,A,B
3ocd,C,D
3oci,A,B
3oco,A,B
3od0,A,B
3od9,A,B
3odh,E,F
3odm,A,C
3odm,A,E
3odm,B,G
3odm,B,H
3odm,C,D
3odm,D,E
3odm,F,G
3odm,F,H
3oe3,A,C
3oe3,B,D
3oe3,E,F
3oec,A,B
3oec,A,D
3oec,B,C
3oec,C,D
3oeh,1,Y
3oeh,S,V
3oeh,S,W
3oeh,S,Y
3oeh,T,W
3oeh,T,X
3oeh,U,V
3oeh,U,X
3oeh,V,Y
3oeh,W,Y
3oeh,X,Y
3of3,A,C
3of3,A,E
3of3,B,D
3of3,B,E
3of3,C,L
3of3,D,L
3of3,F,I
3of3,F,J
3of3,G,I
3of3,G,K
3of3,H,J
3of3,H,K
3ofn,J,M
3ofn,J,N
3ofn,J,P
3ofn,K,N
3ofn,K,O
3ofn,L,M
3ofn,L,O
3ofn,M,P
3ofn,N,P
3ofn,O,P
3ofn,P,Q
3ofn,P,R
3ofn,Q,R
3ofv,A,B
3ofv,A,C
3ofv,B,C
3og4,A,B
3og6,A,B
3ogi,A,B
3ogi,C,D
3ogl,C,D
3ogl,I,J
3ogl,K,L
3ogl,O,P
3ogm,E,F
3ogm,G,H
3ogm,I,J
3ogm,K,L
3ogm,M,N
3ohe,A,B
3ohi,A,B
3ohu,A,B
3ohu,C,F
3ohv,C,D
3ohv,E,F
3oid,A,B
3oid,A,C
3oid,A,D
3oid,B,C
3oid,B,D
3oid,C,D
3oii,A,B
3oit,A,B
3oix,A,B
3oix,C,D
3oj8,A,B
3ojc,A,C
3oji,A,B
3ojj,A,B
3ojj,A,C
3ojj,A,D
3ojj,B,C
3ojj,B,D
3ojj,C,D
3ojk,A,B
3ojk,A,C
3ojk,A,D
3ojk,B,C
3ojk,B,D
3ojk,C,D
3ojn,A,B
3ojn,A,C
3ojn,A,D
3ojn,B,C
3ojn,B,D
3ojn,C,D
3ojt,A,B
3ojt,A,C
3ojt,A,D
3ojt,B,C
3ojt,B,D
3ojt,C,D
3okg,A,B
3okj,1,2
3okj,1,H
3okj,1,N
3okj,1,S
3okj,1,T
3okj,1,Z
3okj,2,M
3okj,2,N
3okj,2,T
3okj,2,U
3okj,2,V
3okj,A,B
3okj,A,G
3okj,A,H
3okj,A,I
3okj,B,C
3okj,B,I
3okj,B,J
3okj,C,D
3okj,C,J
3okj,C,K
3okj,D,E
3okj,D,K
3okj,D,L
3okj,E,F
3okj,E,L
3okj,E,M
3okj,F,G
3okj,F,M
3okj,F,N
3okj,G,H
3okj,G,N
3okj,H,I
3okj,H,N
3okj,H,Z
3okj,I,J
3okj,I,Y
3okj,I,Z
3okj,J,K
3okj,J,X
3okj,J,Y
3okj,K,L
3okj,K,W
3okj,K,X
3okj,L,M
3okj,L,V
3okj,L,W
3okj,M,N
3okj,M,V
3okj,O,P
3okj,O,U
3okj,O,V
3okj,O,W
3okj,P,Q
3okj,P,W
3okj,P,X
3okj,Q,R
3okj,Q,X
3okj,Q,Y
3okj,R,S
3okj,R,Y
3okj,R,Z
3okj,S,T
3okj,S,Z
3okj,T,U
3okj,U,V
3okj,V,W
3okj,W,X
3okj,X,Y
3okj,Y,Z
3okr,A,B
3okr,C,D
3oks,A,B
3oks,C,D
3okx,A,B
3oky,A,B
3ol2,A,B
3ol4,A,B
3olt,A,B
3ome,A,B
3ome,A,C
3ome,A,D
3ome,A,F
3ome,B,C
3ome,B,E
3ome,B,F
3ome,C,D
3ome,C,E
3ome,D,E
3ome,D,F
3ome,E,F
3op2,A,B
3opc,A,B
3opm,A,B
3opm,C,D
3opv,A,D
3opv,A,F
3opv,B,D
3opv,B,E
3opv,C,E
3opv,C,F
3oqb,A,C
3oqb,A,G
3oqb,B,F
3oqb,B,H
3oqb,C,F
3oqb,D,E
3oqb,D,H
3oqb,E,G
3oql,A,B
3oql,A,C
3oql,B,D
3oql,C,D
3oqu,A,B
3or2,A,B
3or2,A,C
3or2,A,D
3or2,A,E
3or2,B,C
3or2,B,D
3or2,B,E
3or2,D,E
3or2,D,F
3or2,E,F
3or3,A,B
3orf,A,B
3orf,C,D
3org,A,D
3org,B,C
3orw,A,B
3os0,A,B
3os6,A,B
3oss,C,D
3ot2,A,B
3ot4,A,B
3ot4,A,F
3ot4,A,H
3ot4,B,F
3ot4,B,H
3ot4,C,D
3ot4,C,E
3ot4,C,G
3ot4,D,E
3ot4,D,G
3ot4,E,G
3ot4,F,H
3otb,A,B
3otl,A,B
3otn,A,B
3ou1,A,B
3ou3,A,B
3ou7,A,C
3ou7,A,D
3ou7,B,C
3ou7,B,D
3oud,A,B
3oug,F,H
3oug,F,I
3oug,G,H
3oug,G,I
3ouu,A,B
3ouw,A,B
3ov2,A,B
3ov2,C,D
3ov4,A,B
3ov4,C,D
3ovb,A,B
3ovg,A,F
3ovg,B,C
3ovg,C,D
3ovg,C,F
3ovg,D,E
3ovg,D,F
3ovk,A,B
3ovk,A,C
3ovk,C,D
3ovp,A,B
3ow1,A,B
3ow1,A,C
3ow1,A,D
3ow1,A,G
3ow1,B,C
3ow1,B,G
3ow1,B,H
3ow1,C,D
3ow1,C,E
3ow1,D,E
3ow1,D,F
3ow1,E,F
3ow1,E,H
3ow1,F,G
3ow1,F,H
3ow1,G,H
3ow2,A,Y
3ow2,B,J
3ow2,E,I
3ow2,F,L
3ow2,J,T
3ow2,M,P
3ow2,R,U
3owh,A,B
3ows,A,C
3ows,B,D
3owx,A,B
3owy,A,D
3owy,B,C
3owy,E,H
3ox1,A,B
3ox2,A,B
3ox4,A,B
3ox4,C,D
3ox9,A,B
3oxa,A,C
3oxa,B,D
3oxn,B,C
3oxo,A,B
3oxo,C,D
3oxo,E,F
3oxo,G,H
3oxp,A,B
3oxv,A,B
3oxw,C,D
3oy7,A,B
3oyb,A,B
3oye,A,B
3oyf,A,B
3oyi,A,B
3oyj,A,B
3oyl,A,B
3oym,A,B
3oz7,A,B
3oze,A,B
3oze,A,C
3oze,B,C
3oze,D,E
3oze,D,F
3oze,E,F
3ozf,A,B
3ozf,A,D
3ozf,B,C
3ozf,C,D
3ozm,A,F
3ozm,B,E
3ozm,D,H
3p01,B,C
3p03,A,B
3p03,A,C
3p03,B,C
3p08,A,B
3p0e,A,B
3p0e,C,D
3p0e,E,F
3p0u,A,B
3p10,A,B
3p10,A,C
3p10,B,C
3p12,B,C
3p14,B,D
3p1t,A,B
3p1t,C,D
3p1y,C,D
3p23,A,B
3p2l,A,C
3p2l,A,D
3p2l,A,G
3p2l,B,C
3p2l,B,G
3p2l,C,E
3p2l,D,E
3p2l,D,F
3p2p,A,B
3p4p,A,B
3p4p,B,C
3p4p,B,D
3p4p,C,D
3p4p,M,N
3p4p,N,O
3p4p,N,P
3p4p,O,P
3p4q,M,N
3p4q,N,O
3p4q,N,P
3p4q,O,P
3p4t,A,B
3p4w,A,B
3p4w,A,E
3p4w,B,C
3p4w,C,D
3p4w,D,E
3p5m,A,B
3p5m,A,C
3p5m,A,D
3p5m,B,C
3p5m,B,F
3p5m,C,E
3p5m,D,E
3p5m,D,F
3p5m,E,F
3p6k,A,B
3p6y,M,N
3p6y,M,O
3p6y,M,P
3p6y,N,O
3p6y,N,P
3p7j,A,B
3p7x,A,B
3p7x,A,C
3p7x,B,D
3p83,A,B
3p83,A,C
3p83,A,D
3p83,B,C
3p83,B,E
3p83,B,F
3p83,C,E
3p83,D,E
3p83,E,F
3p8c,A,B
3p8c,A,D
3p8c,A,E
3p8c,A,F
3p8c,B,F
3p8c,D,E
3p8c,D,F
3p8c,E,F
3p8l,A,B
3p8s,A,B
3p8t,A,B
3p8v,A,B
3p93,A,B
3p93,A,D
3p93,A,E
3p93,A,H
3p93,B,C
3p93,B,D
3p93,B,G
3p93,C,D
3p93,C,F
3p93,C,G
3p93,D,H
3p93,E,F
3p93,E,G
3p93,E,H
3p93,F,G
3p93,F,H
3p9a,A,B
3p9a,A,I
3p9a,B,C
3p9a,C,D
3p9a,D,E
3p9a,E,F
3p9a,F,G
3p9a,G,H
3p9a,H,I
3p9i,A,B
3p9i,C,D
3p9k,A,B
3p9k,C,D
3p9r,A,B
3p9r,A,C
3p9r,A,D
3p9r,B,C
3p9r,B,D
3p9r,C,D
3pa8,A,B
3pas,A,B
3pas,C,D
3pay,A,B
3pay,A,C
3pay,B,D
3pay,C,D
3pb2,D,F
3pb3,A,B
3pbv,A,B
3pd2,A,B
3pd6,C,D
3pd8,A,B
3pdb,C,D
3pdk,A,B
3pea,D,E
3pea,D,F
3pea,E,F
3pef,A,C
3pef,A,D
3pef,B,C
3pef,B,D
3pef,E,G
3pef,E,H
3pef,F,G
3pef,F,H
3pf6,A,D
3pf8,A,B
3pfd,A,B
3pfd,A,D
3pfd,B,C
3pfd,C,D
3pfh,A,D
3pfi,A,B
3pfp,A,B
3pft,A,B
3pg5,B,D
3pg6,B,C
3pg9,A,B
3pg9,A,F
3pg9,A,G
3pg9,B,F
3pg9,B,G
3pg9,C,D
3pg9,C,E
3pg9,C,H
3pg9,D,E
3pg9,D,H
3pg9,E,H
3pg9,F,G
3pga,1,2
3pga,1,3
3pga,1,4
3pga,2,3
3pga,2,4
3pga,3,4
3pge,A,B
3pgm,A,B
3ph4,A,B
3pha,A,B
3pha,C,D
3phc,A,B
3phc,A,F
3phc,B,C
3phc,C,D
3phc,D,E
3phc,E,F
3pht,A,B
3phz,A,B
3pi3,A,B
3pim,A,B
3pio,3,I
3pio,B,M
3pio,C,I
3pio,G,N
3pio,H,M
3pio,J,S
3pio,K,Z
3pio,N,O
3pio,P,Z
3pio,Q,V
3pip,3,I
3pip,B,M
3pip,C,I
3pip,G,N
3pip,H,M
3pip,J,S
3pip,K,Z
3pip,N,O
3pip,P,Z
3pip,Q,V
3pj5,A,B
3pja,A,B
3pja,A,C
3pja,A,E
3pja,B,D
3pja,B,K
3pja,C,K
3pja,C,L
3pja,D,E
3pja,D,F
3pja,E,L
3pja,F,K
3pja,F,L
3pja,G,H
3pja,G,I
3pja,H,J
3pja,I,J
3pja,K,L
3pjf,A,B
3pjn,A,B
3pjt,A,B
3pki,A,B
3pki,A,C
3pki,B,C
3pko,A,B
3pkp,A,B
3pkp,A,C
3pkp,B,D
3pkp,C,D
3pkp,I,J
3pkp,I,K
3pkp,J,L
3pkp,K,L
3pkq,A,B
3pkq,A,D
3pkq,B,C
3pkq,C,D
3pkz,A,B
3pkz,A,C
3pkz,A,D
3pkz,B,D
3pkz,C,D
3pkz,E,F
3pkz,E,G
3pkz,E,H
3pkz,F,H
3pkz,G,H
3pkz,I,J
3pkz,I,K
3pkz,J,K
3pkz,J,L
3pkz,K,L
3pl2,A,B
3pl2,C,D
3pm1,A,B
3pm5,C,D
3pm8,A,B
3pmr,A,B
3pn6,A,B
3pn7,A,B
3pn7,A,C
3pn7,D,E
3pn7,D,F
3pn8,A,B
3pn9,A,B
3pn9,A,C
3pn9,B,D
3pne,A,B
3png,A,B
3pnh,A,B
3pnm,A,B
3pnm,C,D
3pns,A,B
3pns,C,D
3pns,C,I
3pns,D,F
3pns,E,F
3pns,E,J
3pns,G,H
3pns,I,J
3pns,K,L
3pnt,C,D
3pnu,A,B
3pnx,D,E
3pnx,D,F
3pnx,E,F
3pny,A,B
3pop,B,C
3pox,A,B
3pox,A,C
3pox,B,C
3pp9,B,C
3ppe,A,B
3ppi,A,C
3ppi,A,D
3ppi,B,C
3ppi,B,D
3ppm,A,B
3ppu,A,B
3ppz,A,B
3pq2,A,B
3pq2,A,C
3pq2,A,D
3pq2,B,C
3pq2,B,D
3pq2,C,D
3pq4,A,B
3pq4,A,C
3pq4,A,D
3pq4,B,C
3pq4,B,D
3pq4,C,D
3pq7,A,B
3pq7,A,C
3pq7,A,D
3pq7,B,C
3pq7,B,D
3pq7,C,D
3pq8,A,B
3pq8,A,C
3pq8,A,D
3pq8,B,C
3pq8,B,D
3pq8,C,D
3pqf,A,B
3pqf,A,C
3pqf,A,D
3pqf,B,C
3pqf,C,D
3pqj,A,B
3pqk,A,B
3pr0,A,B
3pr8,C,D
3prb,A,B
3prc,C,H
3prc,C,L
3prc,C,M
3prc,H,L
3prc,H,M
3prc,L,M
3prh,A,B
3prv,A,B
3prv,A,E
3prv,A,F
3prv,B,C
3prv,B,D
3prv,C,D
3prv,C,F
3prv,D,E
3prv,E,F
3pse,A,B
3pso,A,B
3psr,A,B
3psz,A,B
3pto,A,B
3pto,A,C
3pto,A,E
3pto,B,C
3pto,B,D
3pto,B,E
3pto,C,D
3pu0,A,B
3pu0,A,C
3pu0,A,E
3pu0,B,C
3pu0,B,D
3pu0,B,E
3pu0,C,D
3pu1,A,B
3pu1,A,C
3pu1,A,E
3pu1,B,C
3pu1,B,D
3pu1,B,E
3pu1,C,D
3pub,A,B
3pul,A,B
3puo,A,B
3pup,A,B
3put,A,B
3puw,A,B
3puw,A,G
3puw,B,F
3puw,E,F
3puw,E,G
3puw,F,G
3pux,A,B
3pux,A,G
3pux,B,F
3pux,B,G
3pux,E,F
3pux,E,G
3pux,F,G
3pv0,A,B
3pv0,A,G
3pv0,B,F
3pv0,B,G
3pv0,E,F
3pv0,E,G
3pv0,F,G
3pv3,A,B
3pv3,A,C
3pv3,B,C
3pv3,C,D
3pv5,A,C
3pv5,A,D
3pv5,B,C
3pv5,B,D
3pv5,C,D
3pv6,A,B
3pva,E,F
3pva,E,G
3pva,E,H
3pva,F,G
3pva,F,H
3pva,G,H
3pvb,A,B
3pvd,A,B
3pvl,A,B
3pvo,P,Q
3pvo,P,T
3pvo,Q,R
3pvo,R,S
3pvo,S,T
3pvr,A,C
3pvs,A,C
3pvs,A,D
3pvs,B,C
3pvs,B,D
3pvt,A,C
3pvy,A,C
3pwf,A,B
3pwm,A,B
3pwq,A,B
3pwq,A,C
3pwq,A,D
3pwq,B,C
3pwq,B,D
3pwq,E,F
3pwq,E,G
3pwq,E,H
3pwq,F,G
3pwq,G,H
3pwr,A,B
3pxp,A,B
3pxv,C,D
3pyl,A,B
3pyl,C,D
3pym,A,B
3pyx,A,B
3pza,A,B
3pzj,A,B
3pzk,A,B
3pzk,A,C
3pzk,B,C
3pzl,A,B
3pzl,A,C
3pzl,B,C
3pzs,A,B
3q06,A,B
3q06,A,C
3q06,B,D
3q06,C,D
3q08,A,D
3q08,A,E
3q08,B,C
3q08,B,D
3q08,C,E
3q08,F,G
3q08,F,J
3q08,G,H
3q08,H,I
3q08,I,J
3q08,K,L
3q08,K,O
3q08,L,M
3q08,M,N
3q08,N,O
3q08,P,S
3q08,P,T
3q08,Q,R
3q08,Q,T
3q08,R,S
3q09,A,D
3q09,A,E
3q09,B,C
3q09,B,D
3q09,C,E
3q09,K,L
3q09,K,O
3q09,L,M
3q09,M,N
3q09,N,O
3q0e,A,B
3q0f,A,X
3q0g,D,E
3q0g,D,F
3q0g,E,F
3q0k,A,B
3q0k,C,D
3q0t,A,B
3q0v,A,B
3q1g,A,B
3q1l,A,B
3q1l,C,D
3q1t,A,C
3q1t,A,D
3q1t,A,E
3q1t,A,F
3q1t,B,C
3q1t,B,D
3q1t,B,E
3q1t,B,F
3q1t,C,D
3q1t,C,E
3q1t,D,F
3q1t,E,F
3q20,A,B
3q2j,A,B
3q2n,A,B
3q31,A,B
3q33,A,B
3q34,A,C
3q34,B,D
3q37,A,B
3q37,C,D
3q3o,A,B
3q3o,A,C
3q3o,A,E
3q41,A,B
3q4g,A,B
3q4j,A,B
3q4j,C,D
3q4j,E,F
3q5v,A,B
3q5w,A,B
3q75,A,B
3q78,A,B
3q79,A,B
3q7a,A,B
3q7d,A,B
3q7f,A,B
3q7g,A,B
3q7h,A,B
3q7h,A,C
3q7h,A,M
3q7h,B,D
3q7h,B,N
3q7h,C,D
3q7h,C,E
3q7h,D,F
3q7h,E,F
3q7h,E,G
3q7h,F,H
3q7h,G,H
3q7h,G,I
3q7h,H,J
3q7h,I,J
3q7h,I,K
3q7h,J,L
3q7h,K,L
3q7h,K,M
3q7h,L,N
3q7h,M,N
3q7k,A,B
3q7k,A,E
3q7k,B,C
3q7k,C,D
3q7k,D,E
3q7l,A,B
3q7r,A,B
3q80,A,B
3q83,A,B
3q83,A,C
3q83,B,C
3q87,A,B
3q8h,A,B
3q8h,A,C
3q8h,B,C
3q90,A,B
3q96,A,B
3q99,A,B
3q9b,A,I
3q9b,B,F
3q9b,C,K
3q9b,D,J
3q9b,G,L
3q9c,B,F
3q9e,B,F
3q9e,C,K
3q9f,A,I
3q9f,B,F
3q9f,C,K
3q9f,D,J
3q9f,E,H
3q9f,G,L
3qb2,C,D
3qb7,A,D
3qb7,B,C
3qb9,A,B
3qb9,B,C
3qb9,B,D
3qb9,C,D
3qb9,C,E
3qb9,C,F
3qb9,E,F
3qbf,A,B
3qbi,A,B
3qbi,A,D
3qbi,B,D
3qbj,A,B
3qbu,A,B
3qbu,A,C
3qbu,B,D
3qbu,C,D
3qbw,A,B
3qby,A,B
3qby,A,C
3qc8,A,B
3qdl,A,B
3qdl,A,C
3qdl,A,D
3qdl,B,C
3qdl,C,D
3qdu,A,D
3qf3,A,D
3qf3,B,C
3qf3,E,F
3qfg,A,B
3qgk,A,C
3qgk,A,D
3qgk,A,G
3qgk,A,I
3qgk,C,D
3qgk,C,F
3qgk,C,I
3qgk,D,F
3qgk,D,G
3qgk,D,L
3qgk,F,G
3qgk,F,I
3qgk,F,J
3qgk,F,L
3qgk,G,I
3qgk,J,L
3qgk,J,M
3qgk,J,P
3qgk,J,R
3qgk,L,M
3qgk,L,O
3qgk,L,R
3qgk,M,O
3qgk,M,P
3qgk,O,P
3qgk,O,R
3qgk,P,R
3qha,A,B
3qhe,A,B
3qhe,C,D
3qht,A,C
3qht,B,D
3qhx,A,B
3qhx,A,C
3qhx,A,D
3qhx,B,C
3qhx,B,D
3qhx,C,D
3qi6,A,B
3qi6,A,C
3qi6,A,D
3qi6,B,C
3qi6,B,D
3qi6,C,D
3qid,B,C
3qir,B,C
3qiv,A,B
3qj8,A,B
3qjl,A,B
3qjq,A,B
3qjt,A,B
3qju,A,B
3qjv,A,B
3qld,A,B
3qlj,E,F
3qll,A,B
3qll,A,C
3qll,B,C
3qm3,A,B
3qm3,C,D
3qm3,E,F
3qm3,G,H
3qmk,A,B
3qmq,A,D
3qmq,B,C
3qms,A,B
3qn0,A,B
3qn0,A,C
3qn0,A,D
3qn0,B,C
3qn0,B,F
3qn0,C,E
3qn0,D,E
3qn0,D,F
3qn0,E,F
3qn3,A,B
3qn3,C,D
3qn9,A,B
3qnc,A,B
3qnk,A,B
3qnk,C,D
3qo3,A,B
3qo3,A,F
3qo3,B,C
3qo3,C,D
3qo3,D,E
3qo3,E,F
3qo6,A,B
3qo6,A,C
3qo6,B,C
3qoe,A,B
3qop,A,B
3qoq,A,B
3qoq,A,C
3qoq,C,D
3qp8,A,B
3qpm,A,B
3qpm,B,D
3qpm,C,D
3qpm,C,E
3qq6,A,B
3qqp,A,B
3qqp,A,C
3qqp,B,D
3qqp,C,D
3qqw,A,B
3qqw,A,C
3qqw,B,C
3qqw,D,E
3qqw,D,F
3qqw,E,F
3qro,A,B
3qsi,A,B
3qsi,A,D
3qsi,B,C
3qsi,C,D
3qt6,A,B
3qt8,A,B
3qta,A,B
3qtd,B,C
3qtp,A,B
3qu1,A,B
3qu2,A,B
3qu2,A,D
3qu2,B,C
3qu2,C,D
3quv,A,B
3qv6,A,D
3qvd,A,B
3qvd,C,D
3qvd,E,F
3qw2,A,B
3qw2,A,C
3qw2,B,D
3qw2,C,D
3qw4,B,C
3qwa,A,B
3qwd,A,B
3qwd,A,G
3qwd,B,C
3qwd,C,D
3qwd,D,E
3qwd,E,F
3qwd,F,G
3qwd,H,I
3qwd,H,N
3qwd,I,J
3qwd,J,K
3qwd,K,L
3qwd,L,M
3qwd,M,N
3qwf,A,B
3qwf,E,F
3qwf,G,H
3qwn,F,G
3qwn,I,L
3qwz,A,B
3qx3,A,B
3qxb,A,B
3qxb,C,D
3qxe,C,D
3qxe,G,H
3qxg,A,B
3qxz,A,B
3qxz,A,C
3qxz,B,C
3qy1,A,B
3qyg,A,B
3qyg,C,D
3qyg,E,F
3qyg,G,H
3qym,A,D
3qym,C,D
3qym,C,E
3qym,D,F
3qym,E,H
3qyr,B,D
3qyr,B,F
3qyr,D,F
3qyy,A,B
3qzy,A,B
3r07,A,C
3r0g,A,B
3r0h,A,a
3r0h,B,b
3r0h,C,c
3r0h,D,d
3r0h,E,e
3r0h,F,f
3r0h,G,g
3r0h,H,h
3r0o,A,B
3r0o,A,C
3r0o,B,C
3r0p,A,B
3r0p,A,E
3r0p,A,F
3r0p,B,F
3r0p,C,D
3r0p,C,E
3r0p,D,E
3r0q,A,C
3r0q,E,G
3r0u,A,B
3r0w,A,B
3r12,A,B
3r1i,A,B
3r1j,A,B
3r1r,A,B
3r1w,A,B
3r1w,A,C
3r1w,B,C
3r1z,A,B
3r24,A,B
3r2d,B,K
3r2n,A,B
3r2n,A,C
3r2n,A,D
3r2n,B,C
3r2n,B,D
3r2n,C,D
3r40,A,B
3r41,A,B
3r4d,A,B
3r4d,C,D
3r50,A,B
3r50,A,C
3r50,B,D
3r50,C,D
3r52,A,B
3r52,A,C
3r52,B,D
3r52,C,D
3r5a,D,E
3r5a,D,F
3r5a,E,F
3r5b,A,B
3r5b,A,C
3r5b,B,C
3r5b,D,E
3r5b,D,F
3r5b,E,F
3r5c,A,B
3r5c,A,C
3r5c,B,C
3r5v,A,C
3r5v,A,E
3r5v,B,D
3r5v,B,F
3r5v,C,E
3r5v,D,F
3r60,A,B
3r66,A,B
3r66,A,C
3r66,A,D
3r66,B,C
3r66,B,D
3r6a,A,B
3r6m,A,D
3r6m,B,C
3r6w,A,B
3r75,A,B
3r76,A,B
3r77,A,B
3r7f,A,B
3r7f,A,C
3r7f,B,C
3r7k,A,B
3r7k,A,C
3r7k,B,D
3r7k,C,D
3r7l,A,B
3r7l,A,C
3r7l,B,C
3r7x,A,B
3r84,U,V
3r84,U,W
3r84,U,X
3r84,V,W
3r84,V,X
3r84,W,X
3r89,A,B
3r8w,A,B
3r9q,A,B
3r9q,A,C
3r9q,B,C
3r9t,A,B
3r9t,A,C
3r9t,B,C
3rad,A,B
3rad,A,C
3rad,A,D
3rad,B,C
3rad,B,D
3rae,A,B
3rae,A,C
3rae,A,D
3rae,B,C
3rae,B,D
3raf,A,B
3raf,A,C
3raf,A,D
3raf,B,C
3raf,B,D
3rao,A,B
3ras,A,B
3rau,A,B
3rb7,A,G
3rb7,B,E
3rb9,A,B
3rbf,A,B
3rbn,A,B
3rcc,A,B
3rcc,A,F
3rcc,B,C
3rcc,C,D
3rcc,D,E
3rcc,E,F
3rcc,G,H
3rcc,G,L
3rcc,H,I
3rcc,I,J
3rcc,J,K
3rcc,K,L
3rcc,M,N
3rcc,M,R
3rcc,N,O
3rcc,O,P
3rcc,P,Q
3rcc,Q,R
3rcy,A,B
3rcy,A,C
3rcy,A,D
3rcy,A,E
3rcy,B,D
3rcy,B,F
3rcy,B,H
3rcy,C,D
3rcy,C,E
3rcy,C,G
3rcy,D,H
3rcy,E,F
3rcy,E,G
3rcy,F,G
3rcy,F,H
3rcy,G,H
3rd4,A,D
3rd4,B,C
3rd4,B,D
3rde,A,B
3rde,A,C
3rde,A,D
3rde,B,C
3rde,B,D
3rde,C,D
3rdi,A,B
3rdx,A,B
3re3,A,C
3re3,B,C
3re3,B,D
3re3,C,D
3re7,A,G
3re7,A,H
3re7,A,J
3re7,A,O
3re7,A,X
3re7,B,E
3re7,B,F
3re7,B,G
3re7,B,I
3re7,B,V
3re7,C,F
3re7,C,M
3re7,C,O
3re7,C,R
3re7,C,S
3re7,D,H
3re7,D,I
3re7,D,K
3re7,D,W
3re7,D,X
3re7,E,I
3re7,E,L
3re7,E,V
3re7,E,W
3re7,F,G
3re7,F,O
3re7,F,V
3re7,G,H
3re7,G,O
3re7,H,I
3re7,H,X
3re7,I,W
3re7,J,N
3re7,J,Q
3re7,J,R
3re7,J,X
3re7,K,P
3re7,K,Q
3re7,K,U
3re7,K,W
3re7,L,M
3re7,L,P
3re7,L,T
3re7,L,V
3re7,M,S
3re7,M,T
3re7,M,V
3re7,N,Q
3re7,N,R
3re7,N,S
3re7,N,U
3re7,O,R
3re7,P,T
3re7,P,U
3re7,P,W
3re7,Q,U
3re7,Q,X
3re7,R,S
3re7,S,T
3re7,T,U
3re8,A,B
3re8,A,C
3re8,A,D
3re8,B,C
3re8,B,D
3re8,C,D
3reh,A,B
3reh,A,E
3reh,A,G
3reh,B,D
3reh,B,G
3reh,B,H
3reh,C,D
3reh,C,E
3reh,C,F
3reh,D,F
3reh,E,F
3reh,F,H
3reh,G,H
3rei,A,B
3rei,A,E
3rei,A,G
3rei,B,D
3rei,B,G
3rei,B,H
3rei,C,D
3rei,C,E
3rei,C,F
3rei,D,F
3rei,E,F
3rei,F,H
3rei,G,H
3rel,A,B
3rel,A,E
3rel,A,G
3rel,B,D
3rel,B,G
3rel,B,H
3rel,C,D
3rel,C,E
3rel,C,F
3rel,D,F
3rel,E,F
3rel,F,H
3rel,G,H
3req,A,B
3res,A,B
3res,A,F
3res,B,C
3res,C,D
3res,D,E
3res,E,F
3res,G,H
3res,G,L
3res,H,I
3res,I,J
3res,J,K
3res,K,L
3reu,A,B
3rf4,A,B
3rf4,A,C
3rf4,B,C
3rf6,A,B
3rg2,A,B
3rg2,D,E
3rg2,F,I
3rg2,G,J
3rg6,A,B
3rg6,A,D
3rg6,A,E
3rg6,A,F
3rg6,B,C
3rg6,B,D
3rg6,B,F
3rg6,C,D
3rg6,E,F
3rgp,A,B
3rgp,A,C
3rgp,A,D
3rgp,B,C
3rgp,B,D
3rgp,C,D
3rh7,A,B
3rh7,C,D
3rh7,E,F
3rh8,B,D
3rh9,A,B
3rhd,C,D
3rhj,A,B
3rhj,A,C
3rhj,A,D
3rhj,B,C
3rhj,B,D
3rhj,C,D
3rhr,A,B
3rhr,A,C
3rhr,A,D
3rhr,B,C
3rhr,B,D
3rhr,C,D
3rhu,A,B
3rj4,A,B
3rj9,A,B
3rj9,C,D
3rj9,E,F
3rjw,A,B
3rk2,B,C
3rk2,B,D
3rk2,C,D
3rk2,F,G
3rk2,F,H
3rk2,G,H
3rk3,B,C
3rk3,B,D
3rk3,C,D
3rk8,A,B
3rki,A,B
3rki,A,C
3rki,B,C
3rks,A,C
3rks,B,D
3rlv,A,B
3rn9,A,B
3rn9,A,C
3rne,A,B
3rne,A,C
3rnf,A,B
3rnf,A,C
3rng,A,B
3rng,A,C
3rnn,A,C
3rnq,A,B
3rnr,A,B
3rob,A,B
3rou,A,B
3row,A,B
3rpc,B,C
3rpf,A,D
3rpf,B,C
3rpg,B,C
3rpp,B,C
3rpq,A,B
3rq1,A,C
3rqo,A,B
3rqs,A,B
3rqu,A,B
3rqu,A,E
3rqu,B,C
3rqu,C,D
3rqu,D,E
3rqw,A,B
3rqw,A,E
3rqw,B,C
3rqw,C,D
3rqw,D,E
3rqw,F,G
3rqw,F,J
3rqw,G,H
3rqw,H,I
3rqw,I,J
3rrl,A,B
3rrl,A,C
3rrl,A,D
3rrl,B,C
3rrl,C,D
3rrm,A,B
3rrm,A,C
3rro,A,B
3rs1,A,B
3ru6,B,C
3rue,A,S
3ruf,B,S
3rup,A,B
3ruq,A,B
3ruq,B,C
3ruq,C,D
3rur,A,D
3ruw,A,B
3ruw,B,C
3ruw,C,D
3ruy,A,B
3rv1,A,B
3rv2,A,B
3rv3,A,B
3rw0,A,B
3rw9,A,B
3rxy,A,E
3rxy,A,F
3rxy,E,F
3rxz,A,B
3rxz,A,D
3rxz,B,C
3rxz,C,D
3ry1,A,B
3ry1,A,D
3ry1,B,C
3ry1,C,D
3ry2,A,B
3ry8,A,B
3ryh,A,B
3ryh,A,E
3ryh,B,C
3ryh,B,E
3ryh,C,D
3ryh,C,E
3ryh,D,E
3ryl,A,B
3ryw,A,D
3ryw,B,C
3rza,A,B
3rzd,A,B
3rzd,A,C
3rzd,A,E
3rzd,A,F
3rzd,A,H
3rzd,A,I
3rzd,A,K
3rzd,B,C
3rzd,B,I
3rzd,B,J
3rzd,B,K
3rzd,B,L
3rzd,C,J
3rzd,C,K
3rzd,C,L
3rzo,A,B
3rzo,A,C
3rzo,A,E
3rzo,A,F
3rzo,A,H
3rzo,A,I
3rzo,A,K
3rzo,B,C
3rzo,B,I
3rzo,B,J
3rzo,B,K
3rzo,B,L
3rzo,C,J
3rzo,C,K
3rzo,C,L
3rzw,A,D
3rzw,B,C
3s02,A,B
3s03,A,D
3s03,B,C
3s06,A,B
3s0c,A,B
3s0c,A,E
3s0c,B,C
3s0c,C,D
3s0c,D,E
3s0h,A,D
3s17,A,B
3s17,A,C
3s17,A,E
3s17,A,F
3s17,A,H
3s17,A,I
3s17,A,K
3s17,B,C
3s17,B,I
3s17,B,J
3s17,B,K
3s17,B,L
3s17,C,J
3s17,C,K
3s17,C,L
3s19,C,D
3s1a,A,B
3s1a,A,F
3s1a,B,C
3s1a,C,D
3s1a,D,E
3s1a,E,F
3s1q,A,B
3s1q,A,C
3s1q,A,E
3s1q,A,F
3s1q,A,H
3s1q,A,I
3s1q,A,K
3s1q,B,C
3s1q,B,I
3s1q,B,J
3s1q,B,K
3s1q,B,L
3s1q,C,J
3s1q,C,K
3s1q,C,L
3s1t,A,B
3s1w,A,B
3s1w,A,E
3s1w,B,C
3s1w,C,D
3s1w,D,E
3s1x,A,B
3s1x,A,E
3s1x,B,C
3s1x,C,D
3s1x,D,E
3s1z,A,B
3s27,A,B
3s27,A,D
3s27,B,C
3s27,C,D
3s2c,A,B
3s2c,A,D
3s2c,A,F
3s2c,B,C
3s2c,B,E
3s2c,C,D
3s2c,C,E
3s2c,D,F
3s2c,E,F
3s2c,G,H
3s2c,G,I
3s2c,G,K
3s2c,H,J
3s2c,H,L
3s2c,I,J
3s2c,I,K
3s2c,J,L
3s2c,K,L
3s2e,A,D
3s2e,A,F
3s2e,A,G
3s2e,B,C
3s2e,B,E
3s2e,B,H
3s2e,C,E
3s2e,C,H
3s2e,D,F
3s2e,D,G
3s2e,E,H
3s2e,F,G
3s2f,A,D
3s2f,A,F
3s2f,A,G
3s2f,B,C
3s2f,B,E
3s2f,B,H
3s2f,C,E
3s2f,C,H
3s2f,D,F
3s2f,D,G
3s2f,E,H
3s2f,F,G
3s2q,A,B
3s2r,A,B
3s2w,A,B
3s2w,C,D
3s2w,E,F
3s2w,G,H
3s3t,A,C
3s3t,B,D
3s3w,A,B
3s3w,A,C
3s3w,B,C
3s51,C,D
3s53,A,B
3s5j,A,B
3s5r,A,B
3s5u,A,F
3s5u,A,G
3s5u,B,C
3s5u,B,D
3s5u,C,E
3s5u,D,E
3s5u,F,H
3s5u,G,H
3s5z,A,B
3s6j,A,E
3s6j,B,F
3s6j,C,D
3s6l,A,B
3s6l,A,C
3s6l,B,C
3s6y,A,B
3s6y,A,C
3s6y,B,C
3s6z,A,B
3s6z,A,C
3s6z,B,C
3s81,C,D
3s82,A,B
3s85,A,B
3s85,C,D
3s85,E,F
3s85,G,H
3s85,I,J
3s85,K,L
3s8d,A,B
3s8f,A,B
3s8i,A,B
3s97,A,C
3s9y,A,B
3sa6,A,B
3sa9,A,B
3saa,A,B
3sb8,A,B
3sba,A,E
3sba,A,F
3sba,B,C
3sba,B,D
3sba,C,E
3sba,D,F
3sbf,A,B
3sbf,A,C
3sbf,A,D
3sbf,B,C
3sbf,C,D
3sbp,C,D
3sbp,E,F
3sbp,G,H
3sbw,B,C
3sbx,A,B
3sbx,C,D
3sbx,E,F
3sbx,G,H
3sc3,A,B
3sde,A,B
3se7,A,B
3se7,C,D
3se7,E,F
3sef,A,D
3sef,B,C
3sep,A,B
3sep,A,D
3sep,B,C
3sep,C,D
3seq,A,B
3seq,A,D
3seq,B,C
3seq,B,D
3seq,C,D
3ses,A,C
3sev,A,C
3sev,A,E
3sev,C,E
3sex,A,C
3sez,A,B
3sez,A,D
3sez,B,C
3sez,B,D
3sez,C,D
3sfd,A,B
3sfd,B,C
3sfd,B,D
3sfd,C,D
3sfg,B,C
3sfw,A,B
3sfx,A,B
3sfy,A,B
3sgt,A,B
3sh1,F,G
3sh1,F,J
3sh1,G,H
3sh1,H,I
3sh1,I,J
3si7,C,D
3sio,A,B
3sio,A,E
3sio,B,C
3sio,C,D
3sio,D,E
3sio,F,G
3sio,F,J
3sio,G,H
3sio,H,I
3sio,I,J
3siz,A,B
3sj7,A,B
3sja,I,J
3sju,A,B
3sk1,C,D
3sk2,A,B
3slb,A,B
3slb,C,D
3sld,A,C
3sld,B,E
3sld,D,F
3sld,G,J
3slg,A,F
3slg,B,C
3sll,A,B
3sll,A,C
3sll,A,D
3sll,A,E
3sll,B,C
3sll,B,D
3sll,B,F
3sll,C,E
3sll,C,F
3sll,D,E
3sll,D,F
3sll,E,F
3sln,B,J
3slp,A,B
3slp,A,C
3slp,B,C
3sm2,A,B
3sm4,A,B
3sm4,A,C
3sm4,B,C
3smc,A,B
3smc,A,C
3smc,B,C
3smh,A,C
3smh,A,D
3smh,B,E
3smh,B,F
3smh,C,D
3smh,E,F
3sn9,A,M
3sn9,B,D
3sn9,F,H
3sn9,G,L
3sn9,I,O
3sn9,K,P
3so4,A,B
3so4,A,C
3so4,A,D
3so4,B,C
3so4,B,D
3so4,C,D
3so5,A,B
3soh,C,D
3son,A,B
3soo,B,C
3sop,A,B
3sou,A,B
3sq3,A,B
3sq5,A,B
3sq6,A,B
3sq6,A,E
3sq6,B,C
3sq6,C,D
3sq6,D,E
3sq6,F,G
3sq6,F,J
3sq6,G,H
3sq6,H,I
3sq6,I,J
3sq9,A,B
3sq9,A,E
3sq9,B,C
3sq9,C,D
3sq9,D,E
3sq9,F,G
3sq9,F,J
3sq9,G,H
3sq9,H,I
3sq9,I,J
3sqb,A,B
3sqb,C,D
3sqb,E,F
3sqb,G,H
3sqg,G,H
3sqg,G,I
3sqg,H,I
3sqn,A,B
3sqp,A,B
3srb,A,B
3src,A,B
3srf,A,B
3srf,C,D
3srf,C,G
3srf,D,H
3srf,E,F
3srf,G,H
3srk,A,B
3ss3,A,C
3ss3,A,D
3ss3,B,C
3ss3,B,D
3ss4,A,C
3ss4,A,D
3ss4,B,C
3ss4,B,D
3ss6,A,B
3ssa,A,B
3st5,A,B
3sta,A,G
3sta,A,K
3sta,A,V
3sta,B,C
3sta,B,T
3sta,B,V
3sta,C,F
3sta,C,S
3sta,E,F
3sta,E,G
3sta,E,M
3sta,F,N
3sta,G,L
3sta,I,K
3sta,I,T
3sta,I,V
3sta,K,L
3sta,L,M
3sta,M,N
3sta,N,S
3sta,S,T
3stc,A,B
3stc,A,C
3stc,B,D
3stc,C,D
3std,A,B
3std,A,C
3std,B,C
3stf,A,B
3stf,A,C
3stf,B,D
3stf,C,D
3sth,A,B
3sth,A,C
3sth,A,D
3sth,B,C
3sth,B,D
3sth,C,D
3stj,D,E
3stj,D,F
3stj,E,F
3stj,G,H
3stj,G,I
3stj,H,I
3stq,B,F
3stt,A,B
3su4,A,B
3svp,A,B
3svq,A,B
3svt,A,B
3sw5,A,B
3sw5,A,C
3sw5,A,E
3sw5,A,F
3sw5,B,D
3sw5,B,E
3sw5,B,F
3sw5,C,D
3sw5,C,E
3sw5,C,F
3sw5,D,E
3sw5,D,F
3sw9,A,B
3swc,A,B
3swd,A,B
3swd,A,E
3swd,A,H
3swd,B,E
3swd,B,H
3swd,E,H
3swf,A,B
3swf,A,C
3swf,B,C
3sx1,B,C
3sx2,A,B
3sx2,A,D
3sx2,B,C
3sx2,C,D
3sx2,E,F
3sx2,E,H
3sx2,F,G
3sx2,G,H
3sxo,A,B
3sxr,A,B
3sxu,A,B
3sy3,A,B
3sy8,A,B
3sy8,A,C
3sy8,A,D
3sy8,B,C
3sy8,B,D
3sy8,C,D
3syt,A,B
3syt,A,D
3syt,B,C
3syt,B,D
3syt,C,D
3sz9,A,B
3sz9,A,C
3sz9,A,D
3sz9,B,C
3sz9,B,D
3sz9,C,D
3sz9,E,F
3sz9,E,G
3sz9,E,H
3sz9,F,G
3sz9,F,H
3sz9,G,H
3sza,A,B
3szi,C,D
3szi,E,F
3szi,G,H
3szi,I,J
3szi,K,L
3t07,A,B
3t07,A,D
3t07,B,C
3t07,C,D
3t08,A,B
3t08,A,D
3t08,B,C
3t08,C,D
3t09,A,B
3t09,A,D
3t09,B,C
3t09,C,D
3t0a,A,B
3t0a,A,D
3t0a,B,C
3t0a,C,D
3t0r,A,B
3t0r,C,D
3t0y,A,B
3t0y,A,C
3t0y,A,D
3t0y,B,C
3t0y,C,D
3t1e,A,B
3t1e,A,E
3t1e,A,F
3t1e,E,F
3t1i,A,B
3t1i,C,D
3t1q,A,B
3t1q,A,C
3t1q,B,C
3t1r,A,B
3t1r,A,D
3t1r,B,C
3t1r,B,D
3t1r,C,D
3t1y,B,H
3t1y,C,J
3t1y,C,N
3t1y,E,H
3t1y,F,R
3t1y,J,N
3t1y,K,R
3t1y,M,S
3t2p,A,B
3t2p,A,D
3t2p,B,C
3t2p,C,D
3t2q,A,B
3t2q,A,D
3t2q,B,C
3t2q,C,D
3t3c,A,B
3t3z,B,D
3t4a,D,E
3t4a,D,F
3t4a,E,F
3t4a,E,H
3t4c,A,C
3t4c,A,D
3t4c,B,C
3t4c,B,D
3t4j,A,B
3t4m,A,B
3t4m,A,E
3t4m,B,C
3t4m,C,D
3t4m,D,E
3t4m,F,G
3t4m,F,J
3t4m,G,H
3t4m,H,I
3t4m,I,J
3t4q,A,B
3t4t,A,B
3t4w,A,B
3t4w,A,C
3t4w,A,D
3t4w,B,C
3t4w,B,D
3t4x,A,B
3t52,D,E
3t52,D,F
3t52,E,F
3t56,A,B
3t56,A,C
3t56,B,C
3t5m,A,B
3t5y,A,B
3t64,A,B
3t64,A,C
3t64,B,C
3t67,A,M
3t67,B,N
3t67,C,O
3t67,M,N
3t67,M,O
3t67,N,O
3t6c,A,B
3t6d,C,H
3t6d,C,L
3t6d,C,M
3t6d,H,L
3t6d,H,M
3t6d,L,M
3t6e,C,H
3t6e,C,L
3t6e,C,M
3t6e,H,L
3t6e,H,M
3t6e,L,M
3t6v,A,B
3t6v,A,C
3t6v,B,C
3t6x,A,B
3t6x,A,C
3t6x,B,C
3t6z,A,B
3t6z,A,C
3t6z,B,C
3t80,A,B
3t80,A,C
3t80,B,C
3t80,D,E
3t80,D,F
3t80,E,F
3t8e,A,B
3t8k,A,B
3t8q,A,B
3t93,B,D
3t94,D,E
3t94,D,F
3t94,E,F
3t98,A,B
3t98,A,C
3t98,B,C
3t9h,B,D
3t9n,A,B
3t9n,A,D
3t9n,B,G
3t9n,C,F
3t9n,C,G
3t9n,D,E
3t9n,E,F
3t9p,A,B
3t9q,A,B
3t9v,A,B
3t9z,D,E
3t9z,D,F
3t9z,E,F
3ta0,A,B
3ta0,A,C
3ta0,B,C
3ta1,A,C
3ta1,A,D
3ta1,B,E
3ta1,B,F
3ta1,C,D
3ta1,E,F
3tai,A,B
3tal,A,B
3tat,A,B
3tat,C,D
3tat,E,F
3tau,A,B
3taz,A,B
3tb2,A,C
3tb2,B,D
3tbc,A,B
3tbc,A,C
3tbc,B,C
3tc9,A,B
3tcm,A,B
3tcs,A,B
3tcv,A,B
3td4,B,D
3td5,E,F
3tdp,A,B
3tdp,A,D
3tdp,B,E
3tdp,C,D
3tdp,C,E
3tdq,A,B
3tdx,A,B
3tdx,A,D
3tdx,B,E
3tdx,C,D
3tdx,C,E
3tdz,A,C
3tdz,B,D
3teh,A,B
3teo,A,B
3teo,A,D
3teo,A,E
3teo,A,F
3teo,B,C
3teo,B,D
3teo,B,F
3teo,C,D
3teo,C,G
3teo,C,H
3teo,D,G
3teo,E,F
3teo,E,G
3teo,E,H
3teo,F,H
3teo,G,H
3tf5,A,B
3tf5,A,C
3tf5,B,C
3tfj,A,B
3tfq,A,B
3tfq,D,E
3tfu,A,B
3tfz,A,B
3tfz,C,D
3tfz,E,F
3tgn,A,B
3thd,A,D
3thd,B,C
3thf,A,B
3tho,A,B
3thy,A,B
3tif,A,B
3tio,A,B
3tio,A,C
3tio,B,C
3tio,D,E
3tio,D,F
3tio,E,F
3tis,A,B
3tis,A,C
3tis,B,C
3tix,A,B
3tj7,A,B
3tj7,C,D
3tj8,A,B
3tja,A,B
3tja,C,D
3tjb,A,B
3tjb,B,C
3tjb,C,D
3tjb,D,E
3tji,A,B
3tji,A,C
3tji,A,D
3tji,B,D
3tji,C,D
3tjj,A,B
3tjj,B,C
3tjj,C,D
3tjj,D,E
3tjk,A,B
3tjk,B,C
3tjk,C,D
3tjk,D,E
3tl3,A,B
3tla,A,B
3tlb,A,B
3tlc,A,B
3tls,A,B
3tls,A,E
3tls,B,C
3tls,C,D
3tls,D,E
3tlt,A,B
3tlt,A,E
3tlt,B,C
3tlt,C,D
3tlt,D,E
3tlu,A,B
3tlu,A,E
3tlu,B,C
3tlu,C,D
3tlu,D,E
3tmk,A,B
3tmk,C,D
3tmk,G,H
3tml,A,C
3tml,B,D
3tml,C,D
3tn6,A,B
3tnl,A,B
3tnl,C,D
3tnp,B,C
3tnp,B,E
3tnp,B,F
3tnp,C,E
3tnp,E,F
3tnz,A,B
3to3,A,B
3toc,A,B
3tof,A,B
3toh,A,B
3tol,A,B
3tol,C,D
3tom,A,B
3tom,C,D
3tos,A,C
3tos,A,D
3tos,A,H
3tos,B,C
3tos,B,D
3tos,B,G
3tos,C,F
3tos,D,J
3tos,E,F
3tos,E,H
3tos,E,I
3tos,F,G
3tos,G,I
3tos,H,J
3tos,I,J
3tox,A,B
3tox,C,G
3tox,D,E
3tox,D,F
3tox,D,I
3tox,E,F
3tox,E,I
3tox,F,I
3toz,A,B
3toz,C,D
3toz,G,H
3tp4,A,B
3tpc,A,C
3tpc,A,D
3tpc,B,C
3tpc,B,D
3tqc,A,B
3tqi,A,B
3tqi,C,D
3tqn,A,C
3tqu,A,B
3tqu,C,D
3tqv,A,B
3tqx,A,B
3tr4,A,B
3tr4,A,C
3tr4,A,D
3tr4,B,C
3tr4,B,E
3tr4,C,F
3tr4,D,E
3tr4,D,F
3tr4,E,F
3tr9,A,B
3tr9,A,C
3trb,A,B
3trh,G,H
3trh,G,J
3trh,G,L
3trh,G,M
3trh,H,J
3trh,H,M
3trh,H,N
3trh,J,L
3trh,J,O
3trh,L,O
3trh,L,P
3trh,M,N
3trh,M,P
3trh,N,O
3trh,N,P
3trh,O,P
3tru,A,B
3tru,A,C
3tru,C,D
3ts5,A,B
3ts5,A,C
3ts5,D,E
3ts5,D,F
3tsc,A,B
3tsc,A,C
3tsc,A,D
3tsc,B,C
3tsc,B,D
3tsc,C,D
3tsn,A,B
3tth,A,B
3tth,A,C
3tth,B,C
3tth,B,D
3tth,C,D
3tth,C,E
3tth,D,E
3tth,D,F
3tth,E,F
3tth,G,H
3tth,G,I
3tth,H,I
3tth,H,J
3tth,I,J
3tth,I,K
3tth,J,K
3tth,J,L
3tth,K,L
3ttp,A,B
3tts,A,B
3tts,A,C
3tts,B,C
3tts,D,E
3tts,D,F
3tts,E,F
3ttw,A,B
3ttw,A,C
3ttw,A,D
3ttw,B,C
3ttw,B,D
3ttw,C,D
3ttx,A,B
3ttx,A,C
3ttx,A,D
3ttx,B,C
3ttx,B,D
3ttx,C,D
3tty,A,B
3tty,A,C
3tty,B,C
3tty,D,E
3tty,D,F
3tty,E,F
3tu4,A,B
3tu4,A,E
3tu4,A,G
3tu4,B,D
3tu4,B,G
3tu4,B,H
3tu4,C,D
3tu4,C,E
3tu4,C,F
3tu4,D,F
3tu4,E,F
3tu4,F,H
3tu4,G,H
3tue,A,B
3tue,B,C
3tue,C,D
3tue,D,E
3tuf,A,B
3tui,A,B
3tui,A,C
3tui,B,D
3tui,C,D
3tul,A,B
3tul,A,C
3tul,B,D
3tul,C,D
3tuo,A,B
3tuo,A,D
3tuo,B,C
3tuo,C,D
3tuu,A,E
3tuu,A,G
3tuu,E,H
3tuu,G,H
3tuy,D,E
3tuy,D,F
3tuz,E,F
3tuz,E,G
3tuz,F,H
3tuz,G,H
3tv7,A,B
3tv7,C,D
3tvi,G,H
3tvi,I,J
3tvt,A,B
3tvu,B,C
3tw2,A,B
3twj,A,B
3twj,C,D
3txq,A,C
3txq,A,K
3txq,B,H
3txq,B,I
3txq,C,E
3txq,D,G
3txq,D,J
3txq,E,F
3txq,F,G
3txq,H,K
3txq,I,J
3txs,A,B
3txs,A,C
3txs,B,C
3txs,B,D
3txs,C,D
3txx,J,K
3txx,J,L
3txx,K,L
3ty1,A,B
3ty1,A,C
3ty1,B,C
3ty2,A,B
3ty3,A,B
3ty6,A,B
3ty6,B,C
3ty6,B,D
3ty6,C,D
3ty6,C,E
3ty6,D,E
3ty6,E,F
3ty8,A,B
3ty9,A,B
3tyx,A,B
3tyy,A,B
3tza,A,B
3tzh,A,F
3tzh,B,E
3tzh,C,D
3tzk,A,B
3tzn,A,B
3tzu,A,C
3u02,C,D
3u09,A,B
3u0a,A,B
3u0g,A,B
3u0g,A,C
3u0g,A,D
3u0g,A,E
3u0g,B,D
3u0g,B,E
3u0g,B,F
3u0g,C,D
3u0g,C,E
3u0g,C,F
3u0g,D,F
3u0g,E,F
3u0x,A,B
3u14,A,B
3u17,A,B
3u1a,A,B
3u1b,A,B
3u1h,A,B
3u1i,A,B
3u1i,C,D
3u1p,A,B
3u1x,A,B
3u28,A,B
3u28,A,C
3u2e,A,B
3u2f,K,L
3u2f,L,M
3u2f,M,N
3u2f,N,O
3u2u,A,B
3u2w,A,B
3u2x,A,B
3u44,A,B
3u48,A,B
3u49,A,C
3u49,B,D
3u54,A,B
3u57,A,B
3u59,A,B
3u5u,A,B
3u5y,A,B
3u6g,A,B
3u6w,A,B
3u6y,A,C
3u82,A,B
3u8j,A,B
3u8j,A,E
3u8j,B,C
3u8j,C,D
3u8j,D,E
3u8j,F,G
3u8j,F,J
3u8j,G,H
3u8j,H,I
3u8j,I,J
3u8k,A,B
3u8k,A,E
3u8k,B,C
3u8k,C,D
3u8k,D,E
3u8k,F,G
3u8k,F,J
3u8k,G,H
3u8k,H,I
3u8k,I,J
3u8m,A,B
3u8m,A,E
3u8m,B,C
3u8m,C,D
3u8m,D,E
3u8m,F,G
3u8m,F,J
3u8m,G,H
3u8m,H,I
3u8m,I,J
3u8m,K,L
3u8m,K,O
3u8m,L,M
3u8m,M,N
3u8m,N,O
3u8m,P,Q
3u8m,P,T
3u8m,Q,R
3u8m,R,S
3u8m,S,T
3u8v,A,B
3u8z,A,C
3u8z,B,D
3u9f,D,E
3u9f,D,F
3u9f,E,F
3u9f,J,K
3u9f,J,L
3u9f,K,L
3u9f,M,N
3u9f,M,O
3u9f,N,O
3u9i,A,B
3u9t,A,B
3ua0,A,B
3ub0,A,B
3ub0,A,C
3ub0,B,C
3ub0,D,E
3ub0,D,F
3ub0,E,F
3ub6,A,B
3ub8,A,B
3ub9,A,B
3ubc,A,D
3ubc,A,G
3ubk,A,B
3ubm,A,B
3ubm,C,D
3ubp,A,C
3ubp,B,C
3uca,A,B
3ucn,A,B
3uco,A,B
3ucr,A,C
3ucs,A,B
3ucs,A,C
3ucs,A,D
3ucs,B,C
3ucs,B,D
3uct,A,B
3udd,A,B
3udf,A,B
3udg,B,C
3udi,A,B
3udw,A,B
3udw,A,C
3udw,B,D
3udx,A,B
3udz,A,B
3ue0,A,B
3ue6,A,B
3ue6,A,E
3ue6,A,F
3ue6,B,C
3ue6,B,D
3ue6,B,E
3ue6,C,D
3ue6,C,F
3ue6,D,E
3ue6,D,F
3ue6,E,F
3ue8,A,B
3ueb,A,B
3ueb,C,D
3ueb,E,F
3uef,A,C
3ueg,A,B
3uei,A,B
3uez,A,D
3uez,A,E
3uez,B,C
3uez,B,G
3uez,C,H
3uez,D,F
3uez,E,F
3uez,G,H
3uf0,A,B
3uf1,A,B
3uf1,C,D
3uf5,A,B
3uf6,A,B
3ufd,A,B
3ufd,E,F
3ufg,A,B
3ufn,A,B
3ufp,A,B
3ufr,A,B
3uft,A,B
3ufu,A,B
3ufx,A,B
3ufx,F,G
3ug5,A,B
3ug5,A,C
3ug5,A,D
3ug5,B,C
3ug5,B,E
3ug5,C,F
3ug5,D,E
3ug5,D,F
3ug5,E,F
3ug7,A,D
3ug7,B,C
3ugd,A,B
3ugi,A,B
3ugl,A,B
3ugs,A,B
3ugv,A,B
3ugv,A,D
3ugv,A,F
3ugv,A,G
3ugv,B,C
3ugv,B,E
3ugv,B,F
3ugv,C,D
3ugv,C,E
3ugv,C,H
3ugv,D,G
3ugv,D,H
3ugv,E,F
3ugv,E,H
3ugv,F,G
3ugv,G,H
3uh6,A,B
3uh7,A,B
3uhe,A,B
3uhg,A,B
3uhj,A,B
3uhj,A,D
3uhj,B,C
3uhj,C,D
3uhj,E,H
3uhj,F,G
3uhn,A,B
3uhq,A,B
3uht,A,B
3uhu,A,B
3uhv,A,B
3uhw,A,B
3uhx,A,B
3uhz,A,B
3ui0,A,B
3uia,A,B
3uia,A,C
3uia,B,C
3uic,A,B
3uic,A,C
3uic,A,D
3uic,B,C
3uic,B,D
3uic,C,D
3uic,E,F
3uic,E,G
3uic,E,H
3uic,F,G
3uic,F,H
3uic,G,H
3uic,I,J
3uic,I,K
3uic,I,L
3uic,J,K
3uic,J,L
3uic,K,L
3uic,M,N
3uic,M,O
3uic,M,P
3uic,N,O
3uic,N,P
3uic,O,P
3uij,A,B
3uiw,A,B
3ujh,A,B
3ujm,A,B
3ujp,A,B
3ujp,B,C
3ujs,A,B
3ukf,A,H
3ukh,A,B
3ukh,A,C
3ukh,B,D
3ukh,C,D
3ukh,E,F
3ukh,E,G
3ukh,F,H
3ukh,G,H
3ukk,A,B
3ukk,A,D
3ukk,B,C
3ukk,C,D
3ukl,C,E
3ukm,A,B
3ukm,C,D
3ukt,A,B
3ulf,A,B
3ulf,A,E
3ulf,A,F
3ulf,B,C
3ulf,B,D
3ulf,B,E
3ulf,C,D
3ulf,C,F
3ulf,D,E
3ulf,D,F
3ulf,E,F
3ulj,A,B
3ull,A,B
3ulp,A,B
3ulp,A,C
3ulp,A,D
3ulp,B,C
3ulp,B,D
3ulp,C,D
3ulq,A,B
3um6,A,B
3um7,A,B
3um8,A,B
3um9,A,B
3umo,A,B
3ump,A,B
3umz,A,B
3un0,A,B
3un1,A,B
3un1,A,C
3un1,A,D
3un1,B,C
3un1,B,D
3un1,C,D
3un4,A,B
3un4,A,G
3un4,A,H
3un4,A,I
3un4,B,C
3un4,B,I
3un4,B,J
3un4,C,D
3un4,C,J
3un4,C,K
3un4,D,E
3un4,D,K
3un4,D,L
3un4,E,F
3un4,E,L
3un4,E,M
3un4,F,G
3un4,F,M
3un4,F,N
3un4,G,H
3un4,G,N
3un4,H,I
3un4,H,N
3un4,H,Z
3un4,H,a
3un4,I,J
3un4,I,Y
3un4,I,Z
3un4,J,K
3un4,J,X
3un4,J,Y
3un4,K,L
3un4,K,W
3un4,K,X
3un4,L,M
3un4,L,V
3un4,L,W
3un4,M,N
3un4,M,V
3un4,M,b
3un4,N,a
3un4,N,b
3un4,O,P
3un4,O,U
3un4,O,V
3un4,O,W
3un4,P,Q
3un4,P,W
3un4,P,X
3un4,Q,R
3un4,Q,X
3un4,Q,Y
3un4,R,S
3un4,R,Y
3un4,R,Z
3un4,S,T
3un4,S,Z
3un4,S,a
3un4,T,U
3un4,T,a
3un4,T,b
3un4,U,V
3un4,U,b
3un4,V,W
3un4,V,b
3un4,W,X
3un4,X,Y
3un4,Y,Z
3un4,Z,a
3un4,a,b
3una,A,B
3unb,A,B
3unb,A,G
3unb,A,H
3unb,A,I
3unb,B,C
3unb,B,I
3unb,B,J
3unb,C,D
3unb,C,J
3unb,C,K
3unb,D,E
3unb,D,K
3unb,D,L
3unb,E,F
3unb,E,L
3unb,E,M
3unb,F,G
3unb,F,M
3unb,F,N
3unb,G,H
3unb,G,N
3unb,H,I
3unb,H,N
3unb,H,Z
3unb,H,a
3unb,I,J
3unb,I,Y
3unb,I,Z
3unb,J,K
3unb,J,X
3unb,J,Y
3unb,K,L
3unb,K,W
3unb,K,X
3unb,L,M
3unb,L,V
3unb,L,W
3unb,M,N
3unb,M,V
3unb,M,b
3unb,N,a
3unb,N,b
3unb,O,P
3unb,O,U
3unb,O,V
3unb,O,W
3unb,P,Q
3unb,P,W
3unb,P,X
3unb,Q,R
3unb,Q,X
3unb,Q,Y
3unb,R,S
3unb,R,Y
3unb,R,Z
3unb,S,T
3unb,S,Z
3unb,S,a
3unb,T,U
3unb,T,a
3unb,T,b
3unb,U,V
3unb,U,b
3unb,V,W
3unb,V,b
3unb,W,X
3unb,X,Y
3unb,Y,Z
3unb,Z,a
3unb,a,b
3une,1,2
3une,1,k
3une,1,l
3une,1,s
3une,1,t
3une,1,z
3une,2,3
3une,2,j
3une,2,k
3une,2,t
3une,2,u
3une,3,4
3une,3,j
3une,3,p
3une,3,u
3une,3,v
3une,4,o
3une,4,p
3une,4,v
3une,4,w
3une,4,x
3une,A,B
3une,A,G
3une,A,H
3une,A,I
3une,B,C
3une,B,I
3une,B,J
3une,C,D
3une,C,J
3une,C,K
3une,D,E
3une,D,K
3une,D,L
3une,E,F
3une,E,L
3une,E,M
3une,F,G
3une,F,M
3une,F,N
3une,G,H
3une,G,N
3une,H,I
3une,H,N
3une,H,Z
3une,H,a
3une,I,J
3une,I,Y
3une,I,Z
3une,J,K
3une,J,X
3une,J,Y
3une,K,L
3une,K,W
3une,K,X
3une,L,M
3une,L,V
3une,L,W
3une,M,N
3une,M,V
3une,M,b
3une,N,a
3une,N,b
3une,O,P
3une,O,U
3une,O,V
3une,O,W
3une,P,Q
3une,P,W
3une,P,X
3une,Q,R
3une,Q,X
3une,Q,Y
3une,R,S
3une,R,Y
3une,R,Z
3une,S,T
3une,S,Z
3une,S,a
3une,T,U
3une,T,a
3une,T,b
3une,U,V
3une,U,b
3une,V,W
3une,V,b
3une,W,X
3une,X,Y
3une,Y,Z
3une,Z,a
3une,a,b
3une,c,d
3une,c,i
3une,c,j
3une,c,k
3une,d,e
3une,d,k
3une,d,l
3une,e,f
3une,e,l
3une,e,m
3une,f,g
3une,f,m
3une,f,n
3une,g,h
3une,g,n
3une,g,o
3une,h,i
3une,h,o
3une,h,p
3une,i,j
3une,i,p
3une,j,k
3une,j,p
3une,k,l
3une,l,m
3une,l,z
3une,m,n
3une,m,y
3une,m,z
3une,n,o
3une,n,x
3une,n,y
3une,o,p
3une,o,x
3une,q,r
3une,q,w
3une,q,x
3une,q,y
3une,r,s
3une,r,y
3une,r,z
3une,s,t
3une,s,z
3une,t,u
3une,u,v
3une,v,w
3une,w,x
3une,x,y
3une,y,z
3uni,A,B
3unm,A,B
3uno,A,D
3uno,A,F
3uno,A,R
3uno,A,U
3uno,A,W
3uno,B,F
3uno,B,G
3uno,B,M
3uno,B,N
3uno,B,S
3uno,C,D
3uno,C,K
3uno,C,L
3uno,C,O
3uno,C,W
3uno,D,O
3uno,D,U
3uno,D,W
3uno,E,I
3uno,E,J
3uno,E,Q
3uno,E,T
3uno,E,V
3uno,F,G
3uno,F,N
3uno,F,R
3uno,G,Q
3uno,G,R
3uno,G,S
3uno,H,M
3uno,H,P
3uno,H,S
3uno,H,T
3uno,H,X
3uno,I,J
3uno,I,Q
3uno,I,R
3uno,I,U
3uno,J,O
3uno,J,U
3uno,J,V
3uno,K,M
3uno,K,N
3uno,K,P
3uno,K,W
3uno,L,O
3uno,L,P
3uno,L,V
3uno,L,X
3uno,M,N
3uno,M,P
3uno,N,W
3uno,O,V
3uno,P,X
3uno,Q,S
3uno,Q,T
3uno,R,U
3uno,S,T
3uno,T,X
3uno,V,X
3uo9,A,B
3uo9,A,C
3uo9,B,D
3uo9,C,D
3uob,A,B
3uoe,A,B
3uof,A,B
3uof,B,C
3uof,B,D
3uof,C,D
3uof,C,E
3uof,C,F
3uof,E,F
3uog,A,B
3uow,A,B
3uoy,A,B
3uqe,A,B
3uqs,A,B
3uqs,A,C
3ur5,A,B
3urq,A,B
3urr,A,B
3ury,A,B
3us8,A,B
3usc,L,M
3usc,L,S
3usc,L,T
3usc,M,S
3usc,M,T
3usc,S,T
3use,L,S
3use,M,T
3usu,A,B
3usu,A,D
3usu,B,C
3usu,C,D
3usu,E,F
3usu,E,H
3usu,F,G
3usu,G,H
3ut2,A,B
3utb,A,B
3utb,A,E
3utb,A,G
3utb,B,D
3utb,B,G
3utb,B,H
3utb,C,D
3utb,C,E
3utb,C,F
3utb,D,F
3utb,E,F
3utb,F,H
3utb,G,H
3ute,A,C
3ute,A,D
3ute,B,C
3ute,B,D
3utm,A,B
3utm,A,C
3utm,B,C
3uty,A,B
3uu3,A,B
3uu3,A,E
3uu3,B,C
3uu3,C,D
3uu3,D,E
3uu4,A,B
3uu4,A,E
3uu4,B,C
3uu4,C,D
3uu4,D,E
3uv0,A,B
3uvj,C,D
3uw6,B,C
3uw8,A,B
3uw9,A,C
3uwl,A,B
3uwl,C,D
3uwo,A,B
3uwq,A,B
3uww,A,B
3uwy,A,B
3ux4,A,B
3ux4,A,C
3uxj,A,B
3uxj,C,D
3uxk,A,C
3uxk,B,D
3uxl,A,C
3uxl,B,D
3uxv,A,B
3uxv,C,D
3uxy,A,C
3uxy,A,D
3uxy,B,C
3uxy,B,D
3uyj,A,B
3uyo,A,D
3uyu,A,B
3uyy,A,B
3uzb,C,D
3uzp,A,B
3v0m,A,B
3v0n,A,B
3v0p,A,B
3v21,A,B
3v21,A,E
3v21,A,F
3v21,B,E
3v21,B,F
3v21,C,D
3v21,C,G
3v21,C,H
3v21,D,G
3v21,D,H
3v21,E,F
3v21,G,H
3v2u,A,B
3v2u,A,D
3v2u,B,C
3v2u,C,D
3v4h,A,B
3v4s,A,B
3v4t,A,B
3v4t,A,C
3v4t,A,D
3v4t,B,C
3v4t,B,D
3v4t,C,D
3v4z,A,B
3v57,A,B
3v57,C,D
3v58,C,D
3v5i,A,B
3v5i,A,G
3v5i,A,K
3v5i,B,C
3v5i,B,J
3v5i,C,D
3v5i,C,I
3v5i,D,E
3v5i,D,H
3v5i,E,F
3v5i,E,N
3v5i,F,G
3v5i,F,M
3v5i,G,L
3v5i,H,I
3v5i,H,N
3v5i,I,J
3v5i,J,K
3v5i,K,L
3v5i,L,M
3v5i,M,N
3v5i,O,P
3v5i,O,U
3v5i,O,Y
3v5i,P,Q
3v5i,P,X
3v5i,Q,R
3v5i,Q,W
3v5i,R,S
3v5i,R,V
3v5i,S,T
3v5i,S,b
3v5i,T,U
3v5i,T,a
3v5i,U,Z
3v5i,V,W
3v5i,V,b
3v5i,W,X
3v5i,X,Y
3v5i,Y,Z
3v5i,Z,a
3v5i,a,b
3v5n,A,B
3v5n,A,C
3v5n,A,D
3v5n,B,C
3v5n,B,D
3v5n,C,D
3v5r,A,B
3v64,A,B
3v64,A,C
3v64,A,D
3v64,B,C
3v69,A,B
3v6g,A,B
3v6i,A,B
3vb3,A,B
3vb4,A,B
3vb5,A,B
3vb8,A,B
3vb9,A,B
3vb9,C,D
3vbb,A,B
3vbh,A,B
3vbh,A,C
3vbh,B,C
3vbh,B,D
3vbh,C,D
3vbi,A,C
3vbi,A,E
3vbi,C,E
3vbj,A,C
3vbj,A,E
3vbj,C,E
3vbl,A,C
3vbl,A,E
3vbl,C,E
3vbm,A,C
3vbm,A,E
3vbm,C,E
3vbo,A,B
3vbo,A,C
3vbo,B,C
3vbp,A,C
3vbp,A,E
3vbp,C,E
3vbs,A,B
3vbs,A,D
3vbs,B,C
3vbs,B,D
3vbs,C,D
3vcx,A,B
3vcz,A,B
3vcz,A,C
3vcz,B,C
3vd0,A,D
3vd0,B,C
3vd3,A,B
3vd3,A,D
3vd3,B,C
3vd3,C,D
3vd7,A,B
3vd7,A,D
3vd7,B,C
3vd7,C,D
3vdb,A,B
3vdb,A,D
3vdb,B,C
3vdb,C,D
3vdc,A,B
3vdc,A,D
3vdc,B,C
3vdc,C,D
3vdl,A,B
3vdl,A,C
3vdl,B,C
3vdr,A,B
3vdr,A,D
3vdr,B,C
3vdr,B,D
3vdr,C,D
3ve7,A,B
3vea,A,B
3ved,A,B
3ved,A,C
3ved,B,C
3vep,A,C
3vep,D,X
3vep,H,J
3vf5,A,B
3vf7,A,B
3vfa,A,B
3vg8,A,B
3vg8,A,J
3vg8,B,C
3vg8,C,D
3vg8,D,E
3vg8,E,F
3vg8,F,G
3vg8,G,H
3vg8,H,I
3vg8,I,J
3vgj,A,B
3vgt,B,C
3vgu,A,E
3vgu,C,G
3vgv,A,B
3vgv,E,F
3vgv,I,J
3vgv,K,L
3vgw,A,B
3vgw,A,C
3vgw,B,D
3vgw,C,D
3vhb,A,B
3vhh,A,B
3vhh,A,C
3vhh,B,D
3vhh,C,D
3vi5,A,D
3vi5,B,C
3vib,A,B
3vir,A,B
3vir,A,C
3vir,B,D
3vir,C,D
3viv,A,B
3vjc,A,B
3vjc,A,C
3vjc,B,C
3vjl,A,B
3vjm,A,B
3vjz,A,B
3vk4,C,D
3vkb,A,B
3vkd,A,B
3vkj,A,B
3vkj,A,D
3vkj,B,C
3vkj,C,D
3vle,A,B
3vm6,A,B
3vm6,A,C
3vm6,B,C
3vmf,A,B
3vmk,A,B
3vnc,A,B
3vnk,A,B
3vnk,A,D
3vnk,B,C
3vnk,C,D
3vod,A,B
3vom,A,B
3von,A,C
3von,B,C
3von,F,G
3von,K,L
3von,M,N
3von,T,U
3von,V,X
3von,W,X
3von,Y,Z
3von,a,b
3von,c,e
3von,d,e
3von,f,g
3von,h,i
3von,j,l
3von,k,l
3von,m,n
3von,o,p
3vop,A,B
3vop,A,C
3vop,B,C
3voq,A,B
3vou,A,B
3vov,A,B
3vov,A,C
3vov,A,D
3vov,B,C
3vov,B,D
3vov,C,D
3vox,A,B
3vox,C,D
3vpd,A,B
3vpg,A,C
3vpg,A,D
3vpg,B,C
3vpg,B,D
3vpm,A,B
3vpr,A,B
3vq1,A,B
3vq1,A,C
3vq1,A,D
3vq1,B,C
3vq1,B,D
3vqr,A,B
3vqt,A,B
3vqt,C,D
3vr2,A,D
3vr2,A,E
3vr2,B,E
3vr2,B,F
3vr2,C,D
3vr2,C,F
3vr4,A,D
3vr4,A,E
3vr4,A,G
3vr4,B,E
3vr4,B,F
3vr4,B,G
3vr4,C,D
3vr4,C,F
3vr4,C,G
3vr4,D,G
3vr4,E,G
3vr4,F,G
3vr4,G,H
3vr8,E,F
3vr8,E,H
3vr8,F,G
3vr8,F,H
3vr8,G,H
3vrc,A,B
3vsa,A,B
3vsc,A,B
3vsd,A,B
3vsi,A,B
3vsi,B,D
3vsi,C,D
3vsv,A,B
3vsv,A,C
3vsv,A,D
3vsv,B,C
3vsv,B,D
3vsv,C,D
3vtz,A,B
3vtz,A,C
3vtz,A,D
3vtz,B,C
3vtz,B,D
3vtz,C,D
3vu1,A,B
3vua,A,B
3vua,A,C
3vua,A,D
3vua,A,E
3vua,B,E
3vua,C,D
3vua,C,E
3vua,C,F
3vua,E,F
3vuq,A,B
3vuq,C,D
3vv1,A,B
3vvm,A,B
3vvu,A,B
3vvx,A,B
3vw2,C,D
3vwu,A,B
3vwu,A,J
3vwu,B,C
3vwu,C,D
3vwu,D,E
3vwu,E,F
3vwu,F,G
3vwu,G,H
3vwu,H,I
3vwu,I,J
3vx3,A,B
3vx8,A,B
3vx8,C,D
3vxc,A,B
3vyg,A,B
3vyg,A,C
3vyg,A,H
3vyg,A,J
3vyg,A,K
3vyg,B,C
3vyg,B,E
3vyg,B,G
3vyg,B,H
3vyg,B,J
3vyg,B,K
3vyg,B,L
3vyg,C,I
3vyg,C,K
3vyg,D,E
3vyg,D,F
3vyg,D,H
3vyg,D,K
3vyg,E,F
3vyg,E,G
3vyg,E,H
3vyg,E,I
3vyg,E,J
3vyg,E,K
3vyg,F,H
3vyg,F,L
3vyg,G,H
3vyg,G,I
3vyg,H,I
3vyg,H,K
3vyg,J,K
3vyg,J,L
3vyg,K,L
3vyi,D,E
3vyi,D,F
3vyi,E,F
3vyl,A,B
3vyl,A,C
3vyl,A,D
3vyl,B,C
3vyl,B,D
3vyl,C,D
3vyl,E,F
3vyl,E,G
3vyl,E,H
3vyl,F,G
3vyl,F,H
3vyl,G,H
3vyu,A,B
3vyu,A,C
3vyu,B,C
3vz0,A,B
3vz1,A,B
3vz2,A,B
3vz3,A,B
3vz9,B,D
3vzp,A,C
3vzp,A,D
3vzp,B,C
3vzp,B,D
3vzq,A,B
3vzs,A,C
3vzs,A,D
3vzs,B,C
3vzs,B,D
3vzy,A,B
3vzz,A,B
3w00,A,B
3w0l,A,B
3w0l,C,D
3w0t,C,D
3w0u,A,B
3w15,A,B
3w15,A,C
3w15,B,C
3w1a,A,B
3w1j,A,B
3w1j,A,J
3w1j,B,C
3w1j,C,D
3w1j,D,E
3w1j,E,F
3w1j,F,G
3w1j,G,H
3w1j,H,I
3w1j,I,J
3w1m,A,B
3w1s,A,C
3w1v,A,B
3w1w,A,B
3w1x,A,B
3w1z,A,B
3w1z,A,C
3w1z,A,D
3w1z,C,D
3w20,A,B
3w21,A,B
3w2w,A,B
3w31,A,B
3w36,A,B
3w3l,A,D
3w4i,A,B
3w4i,A,C
3w4i,B,D
3w4i,C,D
3w4j,A,B
3w4j,A,C
3w4j,B,D
3w4j,C,D
3w54,B,C
3w5j,A,B
3w64,A,C
3w64,B,D
3w68,A,B
3w68,C,D
3w6g,A,B
3w6g,A,C
3w6g,A,I
3w6g,A,J
3w6g,B,C
3w6g,B,D
3w6g,B,J
3w6g,C,D
3w6g,C,E
3w6g,D,E
3w6g,D,F
3w6g,E,F
3w6g,E,G
3w6g,F,G
3w6g,F,H
3w6g,G,H
3w6g,G,I
3w6g,H,I
3w6g,H,J
3w6g,I,J
3w6g,K,L
3w6g,K,M
3w6g,K,S
3w6g,K,T
3w6g,L,M
3w6g,L,N
3w6g,L,T
3w6g,M,N
3w6g,M,O
3w6g,N,O
3w6g,N,P
3w6g,O,P
3w6g,O,Q
3w6g,P,Q
3w6g,P,R
3w6g,Q,R
3w6g,Q,S
3w6g,R,S
3w6g,R,T
3w6g,S,T
3w6j,A,B
3w6j,A,C
3w6j,B,C
3w6k,E,F
3w6q,A,B
3w6q,C,D
3w6s,B,C
3w6x,E,F
3w6x,G,H
3w6x,I,J
3w70,A,B
3w74,A,B
3w75,A,B
3w76,A,B
3w78,A,B
3w7a,A,B
3w7a,C,D
3w7d,A,B
3w7g,A,B
3w7l,A,B
3w7n,A,B
3w7o,A,B
3w7p,A,B
3w7v,A,B
3w83,A,B
3w85,A,B
3w86,A,B
3w87,A,B
3w88,A,B
3w8g,A,B
3w8i,A,B
3w8r,A,B
3w8w,A,B
3w97,A,B
3w97,A,E
3w97,A,G
3w97,B,D
3w97,B,G
3w97,B,H
3w97,C,D
3w97,C,E
3w97,C,F
3w97,D,F
3w97,E,F
3w97,F,H
3w97,G,H
3w98,A,B
3w98,A,E
3w98,A,G
3w98,B,D
3w98,B,G
3w98,C,D
3w98,C,E
3w98,C,F
3w98,E,F
3w98,F,H
3w98,G,H
3w99,A,B
3w99,A,E
3w99,A,G
3w99,B,D
3w99,B,G
3w99,C,D
3w99,C,E
3w99,C,F
3w99,D,F
3w99,E,F
3w99,F,H
3w99,G,H
3w9h,A,B
3w9h,A,C
3w9h,B,C
3w9i,A,B
3w9i,A,C
3w9i,B,C
3w9i,D,E
3w9i,D,F
3w9i,E,F
3w9j,D,E
3w9j,D,F
3w9j,E,F
3w9s,A,B
3wa0,B,H
3wa9,A,B
3wa9,A,E
3wa9,A,G
3wa9,B,D
3wa9,B,G
3wa9,C,D
3wa9,C,E
3wa9,C,F
3wa9,E,F
3wa9,F,H
3wa9,G,H
3waa,A,B
3waa,A,E
3waa,A,G
3waa,B,D
3waa,B,G
3waa,C,D
3waa,C,E
3waa,C,F
3waa,E,F
3waa,F,H
3waa,G,H
3waf,A,B
3wag,A,B
3wat,A,B
3wau,A,B
3wbh,A,B
3wbq,A,B
3wbr,A,B
3wbz,A,B
3wbz,A,C
3wbz,A,D
3wbz,B,C
3wbz,B,D
3wbz,C,D
3wbz,E,F
3wbz,E,G
3wbz,E,H
3wbz,F,G
3wbz,F,H
3wbz,G,H
3wc0,K,L
3wc0,M,N
3wc0,O,P
3wcc,A,B
3wcd,D,E
3wcd,D,F
3wcd,E,F
3wce,A,B
3wcg,A,C
3wcg,A,D
3wcg,B,D
3wch,A,B
3wch,A,C
3wch,A,D
3wch,B,C
3wch,B,D
3wch,B,F
3wch,D,E
3wch,D,F
3wch,E,F
3wcl,D,E
3wcl,D,F
3wcl,E,F
3wcm,A,B
3wcm,A,C
3wcm,A,D
3wcm,B,C
3wcm,B,D
3wcm,B,F
3wcm,D,E
3wcm,D,F
3wcm,E,F
3wcn,A,B
3wco,A,B
3wcr,A,B
3wcu,A,C
3wcu,A,D
3wcu,A,E
3wcu,A,G
3wcu,B,C
3wcu,B,D
3wcu,C,E
3wcu,E,G
3wcu,E,H
3wcu,F,G
3wcu,F,H
3wcv,A,C
3wcv,A,D
3wcv,A,E
3wcv,A,G
3wcv,B,C
3wcv,B,D
3wcv,E,G
3wcv,E,H
3wcv,F,G
3wcv,F,H
3wdk,C,D
3wdl,A,B
3wdl,C,D
3wdm,A,B
3wdm,C,D
3we1,A,B
3we5,A,B
3we7,A,B
3we7,A,C
3we7,B,C
3wea,A,B
3wf0,B,C
3wf1,A,D
3wf3,B,C
3wf4,A,D
3wf4,B,C
3wfa,A,B
3wg1,A,B
3wg3,A,B
3wg4,A,B
3wg7,A,B
3wg7,A,C
3wg7,A,D
3wg7,A,F
3wg7,A,G
3wg7,A,J
3wg7,A,K
3wg7,B,D
3wg7,B,E
3wg7,B,H
3wg7,B,I
3wg7,C,F
3wg7,C,G
3wg7,C,J
3wg7,D,E
3wg7,D,I
3wg7,D,K
3wg7,E,I
3wg9,A,B
3wgb,A,B
3wgb,A,C
3wgb,A,D
3wgb,B,C
3wgb,B,D
3wgb,C,D
3wgg,A,B
3wgh,A,B
3wgi,A,B
3wgi,C,D
3wgt,A,B
3wgz,A,B
3wia,A,B
3wia,A,C
3wia,B,C
3wid,A,B
3wid,A,C
3wid,B,D
3wid,C,D
3win,A,B
3win,A,C
3win,B,C
3win,C,E
3win,D,E
3wip,A,B
3wip,A,E
3wip,B,C
3wip,C,D
3wip,D,E
3wir,A,C
3wir,B,D
3wiz,A,B
3wj7,A,B
3wj7,A,C
3wj7,B,C
3wj8,A,B
3wj8,D,E
3wj8,F,G
3wkr,A,B
3wkr,A,C
3wkr,A,D
3wkr,B,C
3wkr,B,D
3wkr,C,D
3wkr,E,F
3wkr,E,G
3wkr,E,H
3wkr,F,G
3wkr,F,H
3wkr,G,H
3wl4,A,B
3wlf,A,B
3wlf,A,C
3wlf,A,D
3wlf,B,C
3wlf,B,D
3wlf,C,D
3wmw,A,B
3wnr,A,B
3wnr,A,C
3wnr,B,C
3wnw,A,B
3wnw,A,C
3wnw,A,J
3wnw,B,C
3wnw,B,E
3wnw,B,F
3wnw,C,E
3wnw,C,J
3wnw,C,K
3wnw,D,E
3wnw,D,F
3wnw,D,G
3wnw,D,I
3wnw,E,F
3wnw,E,I
3wnw,G,H
3wnw,G,I
3wnw,H,I
3wnw,H,K
3wnw,H,L
3wnw,I,K
3wnw,J,K
3wnw,J,L
3wnw,K,L
3wnx,A,B
3wok,A,B
3wol,A,B
3wpm,A,B
3wpr,A,B
3wpr,A,C
3wpr,B,C
3wpx,A,B
3wrw,A,B
3wrw,C,D
3wrw,E,F
3wrx,A,C
3wry,B,D
3wsd,A,B
3wsd,A,F
3wsd,B,D
3wsd,C,D
3wsd,C,E
3wsd,E,F
3wse,A,B
3wse,A,F
3wse,B,D
3wse,C,D
3wse,C,E
3wse,E,F
3wsh,A,B
3wsh,C,F
3wsh,D,G
3wsh,E,J
3wsh,H,I
3wsi,A,B
3wsi,A,F
3wsi,B,D
3wsi,C,D
3wsi,C,E
3wsi,E,F
3wt4,A,B
3wt4,A,C
3wt4,A,D
3wt4,B,C
3wtc,A,B
3wtf,A,B
3wti,A,B
3wti,A,E
3wti,B,C
3wti,C,D
3wti,D,E
3wtl,A,B
3wtl,A,E
3wtl,B,C
3wtl,C,D
3wtl,D,E
3wtn,F,G
3wtn,F,J
3wtn,G,H
3wtn,H,I
3wtn,I,J
3wtz,A,B
3wu3,A,B
3wu3,A,F
3wu3,B,C
3wu3,C,D
3wu3,D,E
3wu3,E,F
3wu5,A,B
3wu5,A,F
3wu5,B,C
3wu5,C,D
3wu5,D,E
3wu5,E,F
3wv8,A,B
3wve,A,B
3wvh,C,D
3wvi,A,B
3wvi,C,D
3wvk,A,B
3wvq,C,D
3ww2,A,B
3ww4,A,B
3ww7,A,B
3ww7,A,C
3ww7,B,C
3ww8,A,B
3wwf,A,B
3wwf,A,C
3wwf,B,C
3wwn,A,B
3wwz,A,B
3wx7,A,B
3wxm,A,B
3wxm,C,D
3wxm,E,F
3wxm,G,H
3wxr,1,2
3wxr,1,I
3wxr,1,J
3wxr,1,S
3wxr,1,T
3wxr,1,Z
3wxr,2,H
3wxr,2,I
3wxr,2,T
3wxr,2,U
3wxr,2,V
3wxr,A,B
3wxr,A,G
3wxr,A,H
3wxr,A,I
3wxr,B,C
3wxr,B,I
3wxr,B,J
3wxr,C,D
3wxr,C,J
3wxr,C,K
3wxr,D,E
3wxr,D,K
3wxr,D,L
3wxr,E,F
3wxr,E,L
3wxr,E,M
3wxr,F,G
3wxr,F,M
3wxr,F,N
3wxr,G,H
3wxr,G,N
3wxr,H,I
3wxr,H,N
3wxr,H,V
3wxr,I,J
3wxr,J,K
3wxr,J,Z
3wxr,K,L
3wxr,K,Y
3wxr,K,Z
3wxr,L,M
3wxr,L,X
3wxr,L,Y
3wxr,M,N
3wxr,M,W
3wxr,M,X
3wxr,N,V
3wxr,N,W
3wxr,O,P
3wxr,O,U
3wxr,O,V
3wxr,O,W
3wxr,P,Q
3wxr,P,W
3wxr,P,X
3wxr,Q,R
3wxr,Q,X
3wxr,Q,Y
3wxr,R,S
3wxr,R,Y
3wxr,R,Z
3wxr,S,T
3wxr,S,Z
3wxr,T,U
3wxr,U,V
3wxr,V,W
3wxr,W,X
3wxr,X,Y
3wxr,Y,Z
3wxx,G,H
3wxy,A,B
3wy0,A,B
3wyb,A,B
3wyd,A,B
3wyk,A,B
3wyp,A,B
3wyp,A,D
3wyp,B,C
3wyp,C,D
3wyq,A,B
3wzg,A,B
3wzp,A,B
3wzp,A,C
3wzp,B,D
3wzp,C,D
3wzq,A,B
3wzq,A,C
3wzq,B,D
3wzq,C,D
3wzz,A,B
3x00,A,B
3x00,A,D
3x00,B,C
3x00,C,D
3x03,A,B
3x08,A,B
3x0a,A,B
3x0c,A,B
3x15,A,G
3x15,D,J
3x1b,A,B
3x1j,A,B
3x1j,A,C
3x1j,B,C
3x1l,A,B
3x1l,A,C
3x1l,A,F
3x1l,B,C
3x1l,C,D
3x1l,C,F
3x1l,D,E
3x1l,D,F
3x1l,D,G
3x1l,E,G
3x1l,E,H
3x1l,F,G
3x1l,G,H
3x1v,A,B
3x1v,A,E
3x1v,A,G
3x1v,B,D
3x1v,B,G
3x1v,B,H
3x1v,C,D
3x1v,C,E
3x1v,C,F
3x1v,D,F
3x1v,E,F
3x1v,F,H
3x1v,G,H
3x21,A,B
3x21,C,D
3x21,E,F
3x21,G,H
3x21,I,J
3x27,A,B
3x27,C,D
3x2e,A,B
3x2e,A,C
3x2e,A,D
3x2e,B,C
3x2e,B,D
3x2e,C,D
3x2f,A,B
3x3u,A,B
3x3u,A,C
3x3u,B,C
3x3z,A,B
3x43,A,B
3x43,A,D
3x43,B,C
3x43,C,D
3x43,E,F
3x43,E,H
3x43,F,G
3x43,G,H
3xim,A,B
3xim,A,C
3xim,A,D
3xim,B,C
3xim,B,D
3xim,C,D
3ygs,C,P
3ypi,A,B
3zbk,A,B
3zbn,A,B
3zcb,A,B
3zcd,A,B
3ze5,A,B
3ze5,A,C
3ze5,B,C
3zec,A,B
3zeu,A,B
3zeu,D,E
3zha,A,B
3zhb,A,B
3zhb,C,D
3zhe,A,B
3zhe,C,D
3zho,A,B
3zhq,A,B
3zhq,C,D
3zhr,A,B
3zhr,C,D
3zhs,A,B
3zhs,C,D
3zhx,A,B
3zhy,A,B
3zjb,A,B
3zjb,A,C
3zjb,B,C
3zjf,A,B
3zjj,A,B
3zjm,A,B
3zjo,A,B
3zjq,A,B
3zk1,A,B
3zk1,A,K
3zk1,B,C
3zk1,C,D
3zk1,D,E
3zk1,E,F
3zk1,F,G
3zk1,G,H
3zk1,H,I
3zk1,I,J
3zk1,J,K
3zk2,A,B
3zk2,A,K
3zk2,B,C
3zk2,C,D
3zk2,D,E
3zk2,E,F
3zk2,F,G
3zk2,G,H
3zk2,H,I
3zk2,I,J
3zk2,J,K
3zk2,L,M
3zk2,L,V
3zk2,M,N
3zk2,N,O
3zk2,O,P
3zk2,P,Q
3zk2,Q,R
3zk2,R,S
3zk2,S,T
3zk2,T,U
3zk2,U,V
3zkb,A,B
3zkb,C,D
3zkb,I,J
3zkb,M,N
3zkd,A,B
3zkd,C,D
3zkd,E,F
3zkd,G,H
3zke,A,C
3zke,E,G
3zke,I,K
3zla,A,B
3zla,A,D
3zla,B,C
3zla,C,D
3zla,E,F
3zla,E,H
3zla,F,G
3zla,G,H
3zlk,A,B
3zlk,C,D
3zlr,A,B
3zmb,A,B
3zmd,A,B
3zmd,C,D
3zmk,A,C
3zmk,B,D
3zms,A,B
3zms,A,C
3zmu,A,B
3zmv,A,B
3zn1,A,B
3zn2,A,B
3zn5,A,B
3zn5,E,F
3zn5,G,H
3znn,A,B
3zoe,A,B
3zoh,A,B
3zoh,C,D
3zok,A,B
3zok,C,D
3zol,A,B
3zop,A,B
3zop,A,C
3zop,B,C
3zop,D,E
3zop,D,F
3zop,E,F
3zp4,D,E
3zp4,D,F
3zp4,E,F
3zp7,D,E
3zp7,D,F
3zp7,E,F
3zpc,A,B
3zpn,A,B
3zpn,C,D
3zps,A,B
3zq4,A,C
3zq4,A,E
3zq4,C,D
3zq4,D,E
3zqi,A,B
3zrd,A,B
3zrf,A,B
3zrf,B,C
3zrf,D,E
3zrf,E,F
3zrf,G,H
3zrf,H,I
3zrf,J,K
3zrf,K,L
3zrg,A,B
3zrv,A,B
3zrw,A,B
3zrw,C,D
3zrx,A,B
3zs1,B,D
3zs8,A,B
3zs8,A,C
3zs8,A,D
3zs8,B,C
3zs8,B,D
3zss,A,B
3zss,C,D
3zw7,A,B
3zwd,A,B
3zwe,A,B
3zwe,A,C
3zwe,B,C
3zwf,A,B
3zwk,A,B
3zwo,E,H
3zwp,A,B
3zwp,G,H
3zwq,A,B
3zwx,A,B
3zwx,C,D
3zwx,E,F
3zwx,G,H
3zwy,C,D
3zwy,E,F
3zwy,G,H
3zx0,A,B
3zx0,C,D
3zx2,A,B
3zx2,C,D
3zx6,A,B
3zxo,A,B
3zxq,A,B
3zxr,A,B
3zxr,A,F
3zxr,B,C
3zxr,C,D
3zxr,D,E
3zxr,E,F
3zyf,A,B
3zyf,C,D
3zyr,A,B
3zyv,A,B
3zyv,C,D
3zyx,A,B
3zyy,X,Y
3zzf,A,B
3zzf,A,D
3zzf,B,C
3zzf,C,D
3zzh,A,B
3zzh,A,D
3zzh,B,C
3zzh,C,D
3zzl,A,B
3zzl,B,C
3zzm,A,B
3zzn,A,B
3zzn,A,D
3zzn,B,C
3zzn,C,D
3zzw,A,B
3zzx,A,B
4a03,A,B
4a08,A,B
4a09,A,B
4a0g,A,B
4a0m,A,B
4a0s,A,B
4a0s,A,C
4a0s,A,D
4a0s,B,C
4a0s,B,D
4a0s,C,D
4a0t,A,B
4a0t,A,C
4a0t,B,C
4a0u,A,B
4a0u,A,C
4a0u,B,C
4a10,A,B
4a10,A,C
4a10,A,D
4a10,B,C
4a10,B,D
4a10,C,D
4a12,A,B
4a12,C,D
4a1f,A,B
4a1g,A,E
4a1j,A,B
4a1o,A,B
4a1r,A,B
4a1r,C,D
4a1w,A,D
4a1z,A,B
4a26,A,B
4a2c,A,B
4a34,A,B
4a34,A,E
4a34,A,F
4a34,A,J
4a34,B,C
4a34,B,G
4a34,C,D
4a34,C,H
4a34,D,E
4a34,D,H
4a34,D,I
4a34,E,I
4a34,E,J
4a34,F,G
4a34,F,J
4a34,G,H
4a34,H,I
4a34,I,J
4a34,K,L
4a34,K,O
4a34,K,P
4a34,L,M
4a34,L,P
4a34,L,Q
4a34,M,N
4a34,M,Q
4a34,M,R
4a34,N,O
4a34,N,R
4a34,N,S
4a34,O,S
4a34,O,T
4a34,P,Q
4a34,P,T
4a34,Q,R
4a34,R,S
4a34,S,T
4a3d,A,B
4a3d,A,C
4a3d,A,D
4a3d,A,E
4a3d,A,F
4a3d,A,G
4a3d,A,H
4a3d,A,I
4a3d,A,K
4a3d,B,C
4a3d,B,D
4a3d,B,I
4a3d,B,J
4a3d,B,K
4a3d,B,L
4a3d,C,J
4a3d,C,K
4a3d,C,L
4a3d,D,G
4a3d,F,G
4a3g,A,B
4a3g,A,C
4a3g,A,D
4a3g,A,E
4a3g,A,F
4a3g,A,G
4a3g,A,H
4a3g,A,I
4a3g,A,K
4a3g,B,C
4a3g,B,D
4a3g,B,I
4a3g,B,J
4a3g,B,K
4a3g,B,L
4a3g,C,J
4a3g,C,K
4a3g,C,L
4a3g,D,G
4a3g,F,G
4a3l,A,B
4a3l,A,C
4a3l,A,D
4a3l,A,E
4a3l,A,F
4a3l,A,G
4a3l,A,H
4a3l,A,I
4a3l,A,K
4a3l,B,C
4a3l,B,D
4a3l,B,I
4a3l,B,J
4a3l,B,K
4a3l,B,L
4a3l,C,J
4a3l,C,K
4a3l,C,L
4a3l,D,G
4a3l,F,G
4a3t,A,B
4a3y,A,B
4a59,A,B
4a59,A,C
4a59,A,D
4a59,B,C
4a59,B,D
4a59,C,D
4a5m,A,B
4a5m,C,D
4a5m,G,H
4a5n,A,B
4a5o,A,B
4a5o,C,D
4a5s,A,B
4a5y,A,C
4a5y,B,C
4a5z,A,C
4a63,C,D
4a69,A,C
4a6a,A,B
4a6a,A,C
4a6a,A,E
4a6a,B,D
4a6a,B,F
4a6a,C,D
4a6a,C,E
4a6a,D,F
4a6a,E,F
4a6h,A,B
4a6h,A,C
4a6h,A,D
4a6h,B,C
4a6h,B,D
4a6s,A,B
4a6s,C,D
4a72,C,D
4a7w,A,B
4a7x,A,B
4a7x,C,D
4a82,A,B
4a82,C,D
4a8p,D,E
4a8p,D,F
4a8p,E,F
4a97,A,B
4a97,A,E
4a97,B,C
4a97,C,D
4a97,D,E
4a9a,A,C
4a9a,B,D
4a9m,A,B
4a9n,A,B
4a9w,A,B
4aaf,A,B
4aag,A,B
4aal,A,B
4aao,A,B
4aay,C,D
4aay,C,E
4aay,C,F
4aay,D,E
4aay,E,F
4abt,A,B
4abx,A,D
4abx,B,C
4acd,A,B
4acg,A,B
4ach,A,B
4adc,A,B
4adc,C,D
4add,C,D
4adl,A,B
4adl,A,C
4adl,A,D
4adl,B,C
4adl,B,D
4adl,C,D
4adn,A,B
4adt,A,B
4afy,A,B
4ag0,A,B
4ag3,A,B
4ag3,A,D
4ag3,B,C
4ag3,C,D
4ag9,A,B
4agi,A,B
4agi,C,D
4agv,A,B
4agv,A,C
4agv,B,D
4agv,C,D
4ah3,A,C
4ah3,B,D
4ah7,A,C
4ah7,A,D
4ah7,B,C
4ah7,B,D
4aha,A,B
4aho,A,C
4aho,A,D
4aho,B,C
4aho,B,D
4ahq,A,C
4ahq,A,D
4ahq,B,C
4ahq,B,D
4aib,A,B
4aih,A,B
4aih,C,D
4aip,A,B
4aip,A,C
4aip,B,C
4aj1,A,B
4aj1,A,C
4aj1,A,D
4aj1,B,C
4aj1,B,D
4aj1,C,D
4aj2,A,B
4aj2,A,C
4aj2,A,D
4aj2,B,C
4aj2,B,D
4aj2,C,D
4aj7,A,B
4aj8,A,B
4aj9,A,B
4aj9,A,C
4aj9,A,D
4aj9,B,C
4aj9,B,D
4aj9,C,D
4ajo,A,B
4ajo,A,C
4ajo,A,D
4ajo,B,C
4ajo,B,D
4ajo,C,D
4ajp,A,B
4ajp,A,C
4ajp,A,D
4ajp,B,C
4ajp,B,D
4ajp,C,D
4ak5,A,B
4ak7,A,B
4akn,A,B
4al4,A,B
4al4,A,C
4al4,A,D
4al4,B,C
4al4,B,D
4al4,C,D
4al9,E,F
4al9,E,H
4al9,F,G
4al9,G,H
4ali,A,B
4ali,A,C
4ali,A,D
4ali,B,C
4ali,B,D
4ali,C,D
4alk,A,B
4alk,A,C
4alk,A,D
4alk,B,C
4alk,B,D
4alk,C,D
4alm,A,B
4alm,A,D
4alm,B,C
4alm,C,D
4alo,A,B
4am2,A,B
4am4,A,B
4am8,A,B
4am8,A,C
4am8,B,C
4ama,A,C
4ama,A,D
4ama,B,C
4ama,B,D
4amb,A,B
4amv,B,C
4an4,A,B
4an4,C,D
4and,A,B
4anf,A,C
4anf,B,D
4ao4,A,B
4ao5,A,B
4ao5,A,C
4ao5,B,C
4ao5,D,E
4ao5,D,F
4ao5,E,F
4ao9,A,B
4aoy,B,D
4aq2,A,B
4aq2,A,C
4aq2,A,D
4aq2,A,E
4aq2,B,C
4aq2,B,E
4aq2,B,F
4aq2,C,D
4aq2,C,F
4aq2,D,E
4aq2,D,F
4aq2,E,F
4aqa,A,B
4aqe,A,B
4aqn,A,B
4aqp,A,B
4aqp,C,D
4aqx,A,B
4aqy,B,H
4aqy,C,J
4aqy,C,N
4aqy,E,H
4aqy,F,R
4aqy,J,N
4aqy,K,R
4aqy,M,S
4art,A,B
4as4,A,B
4as5,A,B
4as5,C,D
4asu,A,D
4asu,A,E
4asu,A,G
4asu,B,E
4asu,B,F
4asu,C,D
4asu,C,F
4asu,D,G
4asu,E,G
4asu,F,G
4asu,G,H
4asu,G,I
4asu,H,I
4at8,C,D
4atb,C,D
4ath,A,B
4atk,A,B
4atq,A,B
4atq,A,D
4atq,B,C
4atq,C,D
4atq,I,J
4atq,I,L
4atq,J,K
4atq,K,L
4atv,A,B
4aum,A,B
4aum,A,C
4aum,A,D
4aum,B,C
4aum,B,D
4aum,C,D
4aun,A,B
4aun,A,G
4aun,A,H
4aun,B,G
4aun,B,H
4aun,G,H
4auw,A,B
4auw,E,F
4av7,A,D
4avs,A,B
4avs,A,E
4avs,B,C
4avs,C,D
4avs,D,E
4awj,A,B
4awj,B,C
4awj,D,E
4awj,E,F
4awx,A,B
4axh,A,B
4axw,A,B
4ay3,A,B
4aye,A,D
4aym,A,D
4aym,B,C
4ayu,A,C
4ayu,A,D
4ayu,B,C
4ayu,B,E
4ayu,D,E
4az3,A,B
4azd,A,B
4azj,A,B
4b1b,A,B
4b2d,A,B
4b2d,A,C
4b2d,B,D
4b2d,C,D
4b31,A,B
4b31,A,C
4b31,A,D
4b31,B,C
4b31,B,D
4b31,C,D
4b3r,B,H
4b3r,C,J
4b3r,C,N
4b3r,D,E
4b3r,E,H
4b3r,F,R
4b3r,J,N
4b3r,K,R
4b3r,M,S
4b3s,B,H
4b3s,C,J
4b3s,C,N
4b3s,E,H
4b3s,F,R
4b3s,J,N
4b3s,K,R
4b3s,M,S
4b3u,A,B
4b3u,C,D
4b3w,A,B
4b40,A,B
4b40,A,C
4b40,A,D
4b40,B,C
4b40,B,D
4b40,C,D
4b42,A,C
4b42,B,D
4b4g,A,D
4b4g,B,C
4b4m,A,B
4b4m,C,D
4b5q,A,B
4b6i,A,D
4b6i,B,C
4b71,A,B
4b73,A,B
4b75,A,B
4b7g,A,B
4b7g,A,C
4b7g,A,D
4b7g,B,C
4b7g,B,D
4b7g,C,D
4b7v,A,B
4b7x,A,B
4b7x,C,D
4b7x,E,F
4b7x,G,H
4b8b,A,B
4b8w,A,B
4b8x,A,B
4b95,A,B
4b95,B,C
4b95,J,K
4b95,K,L
4b9k,A,B
4b9k,B,C
4b9k,D,E
4b9k,E,F
4ba2,A,B
4ba2,A,I
4bac,A,B
4bc7,C,D
4bc9,A,B
4bc9,C,D
4bdy,A,B
4be3,A,B
4be9,A,B
4bej,A,B
4bej,C,D
4bem,A,B
4bem,A,J
4bem,B,C
4bem,C,D
4bem,D,E
4bem,E,F
4bem,F,G
4bem,G,H
4bem,H,I
4bem,I,J
4bh6,B,J
4bhd,A,B
4bhk,A,B
4bhq,A,B
4bhy,A,D
4bhy,B,C
4bi3,A,B
4bi5,Q,R
4bi9,A,B
4bi9,C,D
4bia,A,B
4bia,C,D
4bif,A,B
4bif,A,C
4bif,B,D
4bif,C,D
4bif,E,F
4bif,E,G
4bif,F,H
4bif,G,H
4bim,A,B
4bim,C,D
4biy,A,B
4biy,C,D
4bj5,A,E
4bjh,A,B
4bjm,C,D
4bjq,A,C
4bjq,D,H
4bkn,A,B
4bkp,A,B
4bkp,C,D
4bks,A,B
4bks,B,C
4bks,D,E
4bks,E,F
4bks,G,H
4bks,H,I
4bks,J,K
4bks,K,L
4bl5,B,D
4bl5,G,J
4bl5,H,I
4bl7,A,B
4blo,A,B
4blo,A,L
4blo,B,I
4blo,I,J
4blo,J,K
4blo,K,L
4bls,A,B
4bls,B,C
4bmk,A,B
4bmv,A,B
4bmv,C,D
4bmv,E,F
4bmv,G,J
4bmv,H,I
4bnh,A,B
4bnh,A,C
4bnh,A,D
4bnh,B,C
4bnh,B,D
4bnh,C,D
4bnj,A,B
4bnj,A,C
4bnj,A,D
4bnj,B,C
4bnj,B,D
4bnj,C,D
4bnj,E,F
4bnj,E,G
4bnj,E,H
4bnj,F,G
4bnj,F,H
4bnk,E,F
4bnk,E,G
4bnk,E,H
4bnk,F,G
4bnk,F,H
4bnk,G,H
4bnn,E,F
4bnn,E,G
4bnn,E,H
4bnn,F,G
4bnn,F,H
4bnn,G,H
4bnu,A,B
4bnu,A,D
4bnu,B,C
4bnu,C,D
4bnx,A,B
4bnx,A,D
4bnx,B,C
4bnx,C,D
4bnz,A,B
4bnz,A,D
4bnz,B,C
4bnz,C,D
4bo1,A,B
4bo1,A,D
4bo1,B,C
4bo1,C,D
4bo3,A,B
4bo3,A,D
4bo3,B,C
4bo3,C,D
4bo9,A,B
4bo9,A,D
4bo9,B,C
4bo9,C,D
4bof,B,C
4bpg,A,B
4bq6,B,F
4bq6,E,F
4bq8,A,C
4bq8,B,C
4bqp,A,B
4bqq,A,B
4bqr,A,B
4bqr,A,C
4bqr,A,D
4bqr,B,C
4bqr,B,D
4bqr,C,D
4bqt,A,B
4bqt,A,E
4bqt,B,C
4bqt,C,D
4bqt,D,E
4br1,A,B
4br6,A,B
4br6,A,C
4br6,A,D
4br6,B,D
4br6,C,D
4bra,A,B
4brb,D,E
4brb,D,F
4brb,E,F
4bre,A,B
4brk,A,B
4brl,A,B
4bro,A,B
4brp,A,B
4brp,C,D
4brr,D,E
4brr,D,F
4brr,E,F
4bsz,A,B
4bt9,A,B
4bta,A,B
4bth,A,B
4bty,A,B
4bul,A,C
4bva,A,B
4bvp,A,B
4bvq,A,B
4bvr,A,B
4bvs,A,B
4bvt,A,B
4bw5,A,B
4bw5,C,D
4bwd,A,B
4bwf,A,B
4bwk,A,B
4bwl,A,C
4bwl,A,D
4bwl,B,C
4bwl,B,D
4bwn,A,B
4bww,A,B
4bww,A,C
4bww,C,D
4bwy,A,C
4bwy,A,F
4bwy,B,C
4bwy,B,D
4bwy,D,E
4bwy,E,F
4bwy,G,I
4bwy,G,L
4bwy,H,I
4bwy,H,J
4bwy,J,K
4bwy,K,L
4bx7,A,B
4bxc,A,B
4bxe,A,B
4bxs,A,V
4by5,B,D
4byy,A,B
4bzq,A,B
4c01,A,D
4c01,A,E
4c01,A,F
4c01,B,C
4c01,B,E
4c01,B,F
4c01,C,D
4c01,C,F
4c01,D,E
4c0s,A,B
4c0z,A,B
4c0z,C,D
4c0z,E,F
4c0z,G,H
4c0z,K,L
4c11,A,B
4c1l,A,B
4c1y,C,D
4c21,A,B
4c2d,A,B
4c2h,A,B
4c2j,A,B
4c2j,C,D
4c39,A,B
4c3i,A,B
4c3i,A,D
4c3i,A,E
4c3i,A,F
4c3i,A,G
4c3i,A,H
4c3i,A,I
4c3i,A,K
4c3i,B,C
4c3i,B,G
4c3i,B,I
4c3i,B,J
4c3i,B,K
4c3i,B,L
4c3i,B,M
4c3i,B,N
4c3i,C,J
4c3i,C,K
4c3i,C,L
4c3i,C,N
4c3i,D,G
4c3i,F,G
4c3i,I,M
4c3i,M,N
4c3k,D,E
4c3k,D,F
4c3k,E,F
4c3m,A,B
4c3m,A,C
4c3m,B,C
4c3o,A,B
4c3o,C,D
4c3o,E,F
4c3x,A,B
4c3x,A,C
4c3x,A,D
4c3x,B,C
4c3x,B,D
4c3x,C,D
4c3x,E,F
4c3x,E,G
4c3x,E,H
4c3x,F,G
4c3x,F,H
4c3x,G,H
4c46,A,B
4c46,A,C
4c46,B,C
4c4u,A,B
4c4u,A,C
4c4u,A,D
4c4u,B,C
4c4u,B,D
4c4u,C,D
4c4u,E,F
4c4u,E,G
4c4u,E,H
4c4u,F,G
4c4u,F,H
4c4u,G,H
4c4u,I,J
4c4u,I,K
4c4u,I,L
4c4u,J,K
4c4u,J,L
4c4u,K,L
4c4u,M,N
4c4u,M,O
4c4u,M,P
4c4u,N,O
4c4u,N,P
4c4u,O,P
4c50,A,B
4c51,A,B
4c52,A,B
4c5b,A,B
4c5d,A,B
4c5e,A,B
4c5e,A,C
4c5e,B,D
4c5e,C,D
4c5j,A,D
4c5j,B,C
4c5o,A,B
4c5o,C,D
4c5o,E,F
4c5o,G,H
4c5r,A,B
4c5r,A,C
4c5r,A,D
4c5r,B,C
4c5r,B,D
4c5r,C,D
4c5z,A,B
4c6t,C,D
4c71,A,B
4c72,A,B
4c73,A,B
4c7k,A,B
4c7n,A,B
4c7w,A,B
4c85,A,B
4c87,A,B
4c88,A,C
4c88,B,D
4c8a,A,B
4c8g,A,B
4c8g,A,C
4c8g,B,C
4c8h,A,B
4c8h,A,C
4c8h,B,C
4c8i,A,B
4c8i,A,C
4c8i,B,C
4c8r,A,B
4c8t,A,B
4c90,A,B
4c99,A,B
4c99,A,C
4c99,C,D
4c9f,C,D
4c9r,A,B
4c9r,A,C
4c9r,C,D
4c9u,C,D
4c9v,A,B
4ca1,A,B
4ca4,A,B
4cab,A,B
4cab,C,D
4cao,A,B
4cap,A,B
4car,A,B
4ccf,A,B
4ccf,A,C
4ccf,B,C
4ccf,D,E
4ccf,D,F
4ccf,E,F
4ccm,A,B
4ccn,A,B
4cco,A,B
4cdt,A,B
4cdu,A,B
4cdu,A,C
4cdu,A,D
4cdu,B,C
4cdu,B,D
4cdu,C,D
4cdx,A,B
4cdx,A,C
4cdx,B,C
4cdx,B,D
4cei,A,B
4cev,A,B
4cev,A,C
4cev,B,C
4cex,A,C
4cex,B,C
4cfg,A,B
4cfh,A,B
4cfh,A,E
4cfh,B,E
4cgr,A,B
4cgu,A,B
4cgx,A,B
4chg,C,D
4chg,C,I
4chg,D,I
4chg,E,F
4chg,E,J
4chg,F,J
4chu,A,B
4ckb,A,B
4ckb,D,E
4ckc,A,B
4ckc,D,E
4cke,A,B
4cke,D,E
4ckp,A,B
4ckp,B,C
4ckp,C,D
4ckp,D,E
4ckp,E,F
4ckz,A,B
4cl1,A,B
4cl1,A,D
4cl1,C,D
4cl3,A,D
4cl6,C,D
4cle,A,B
4cle,A,C
4cle,A,D
4cle,B,C
4cle,B,D
4cle,C,D
4clq,A,B
4clx,A,B
4clx,A,C
4clx,A,D
4clx,B,C
4clx,B,D
4clx,C,D
4cm5,A,B
4cm5,A,C
4cm5,A,D
4cm5,B,C
4cm5,B,D
4cm5,C,D
4cm7,A,B
4cm7,A,C
4cm7,A,D
4cm7,B,C
4cm7,B,D
4cm7,C,D
4cmd,A,B
4cme,A,B
4cme,A,C
4cme,A,D
4cme,B,C
4cme,B,D
4cme,C,D
4cmg,A,B
4cmg,A,C
4cmg,A,D
4cmg,B,C
4cmg,B,D
4cmg,C,D
4cmi,A,B
4cmi,A,C
4cmi,A,D
4cmi,B,C
4cmi,B,D
4cmi,C,D
4cmm,A,B
4cmx,A,B
4cmy,A,J
4cmy,A,M
4cmy,A,O
4cmy,A,V
4cmy,A,W
4cmy,B,C
4cmy,B,I
4cmy,B,R
4cmy,B,S
4cmy,B,U
4cmy,C,D
4cmy,C,E
4cmy,C,L
4cmy,C,R
4cmy,D,E
4cmy,D,F
4cmy,D,N
4cmy,D,R
4cmy,E,H
4cmy,E,L
4cmy,E,P
4cmy,F,G
4cmy,F,N
4cmy,F,R
4cmy,F,T
4cmy,G,N
4cmy,G,O
4cmy,G,T
4cmy,G,V
4cmy,H,K
4cmy,H,L
4cmy,H,M
4cmy,H,P
4cmy,I,Q
4cmy,I,R
4cmy,I,S
4cmy,I,T
4cmy,J,K
4cmy,J,M
4cmy,J,W
4cmy,J,X
4cmy,K,L
4cmy,K,U
4cmy,K,X
4cmy,L,U
4cmy,M,O
4cmy,M,P
4cmy,N,O
4cmy,N,P
4cmy,O,P
4cmy,Q,S
4cmy,Q,T
4cmy,Q,V
4cmy,Q,W
4cmy,S,U
4cmy,S,X
4cmy,T,V
4cmy,U,X
4cmy,V,W
4cmy,W,X
4cn1,A,B
4cn2,C,D
4cnd,A,B
4cnn,A,B
4cnp,A,B
4cnq,A,B
4cnz,A,B
4cnz,A,C
4cnz,B,C
4cnz,D,E
4cnz,D,F
4cnz,E,F
4cpb,A,B
4cpb,A,D
4cpb,B,C
4cpb,C,D
4cpc,A,B
4cpc,A,C
4cpc,A,D
4cpc,B,C
4cpc,B,D
4cpc,C,D
4cpc,E,F
4cpc,E,G
4cpc,E,H
4cpc,F,G
4cpc,F,H
4cpc,G,H
4cpd,A,D
4cph,A,B
4cph,A,C
4cph,B,D
4cph,C,D
4cpi,A,B
4cpo,A,B
4cpq,A,B
4cpr,A,B
4cps,A,B
4cpu,A,B
4cpx,A,B
4cpy,A,B
4cq5,A,B
4cq5,A,C
4cq5,A,D
4cq5,B,C
4cq5,B,D
4cq5,C,D
4cqb,A,B
4cqd,A,B
4cql,M,N
4cql,M,P
4cql,N,O
4cql,O,P
4cqm,A,B
4cqm,A,D
4cqm,B,C
4cqm,C,D
4cqm,E,F
4cqm,E,G
4cqm,E,H
4cqm,F,G
4cqm,G,H
4cqm,I,J
4cqm,I,L
4cqm,J,K
4cqm,K,L
4cqm,M,N
4cqm,M,P
4cqm,N,O
4cqm,O,P
4cr6,A,B
4cr6,A,C
4cr6,A,D
4cr6,B,C
4cr6,B,D
4cr6,C,D
4cri,A,B
4crt,A,B
4cs9,A,B
4cs9,A,C
4cs9,A,E
4cs9,B,C
4cs9,B,E
4cs9,C,E
4csf,A,B
4csf,A,F
4csf,B,C
4csf,E,F
4csf,G,H
4csf,G,L
4csf,H,I
4csf,I,J
4csf,J,K
4csf,K,L
4csf,M,N
4csf,M,R
4csf,N,O
4csf,O,P
4csf,P,Q
4csf,Q,R
4csf,S,T
4csf,S,X
4csf,T,U
4csf,U,V
4csf,V,W
4csf,W,X
4csw,A,B
4ct0,A,B
4ct7,A,B
4ct8,A,B
4cta,A,B
4cti,A,B
4ctw,A,B
4ctz,A,B
4cu0,A,B
4cu1,A,B
4cuz,A,B
4cuz,A,C
4cuz,A,D
4cuz,B,C
4cuz,B,D
4cuz,C,D
4cv0,A,B
4cv0,A,C
4cv0,A,D
4cv0,B,C
4cv0,B,D
4cv0,C,D
4cvg,A,B
4cvn,C,G
4cvy,A,C
4cvy,B,D
4cw7,A,B
4cw7,C,D
4cw7,E,F
4cw7,G,H
4cw9,A,B
4cwv,A,B
4cwx,A,B
4cwy,A,B
4cwz,A,B
4cx0,A,B
4cx1,A,B
4cx2,A,B
4cx3,A,B
4cx5,A,B
4cx6,A,B
4cx9,A,B
4cxq,A,B
4d0v,A,B
4d0v,A,C
4d0v,B,C
4d11,A,B
4d11,D,E
4d1f,A,B
4d1f,A,C
4d1f,B,C
4d1f,D,E
4d1f,D,F
4d1f,E,F
4d1f,G,H
4d1f,G,I
4d1f,H,I
4d1f,J,K
4d1f,J,L
4d1f,K,L
4d1g,A,B
4d1g,A,C
4d1g,B,C
4d1g,D,E
4d1g,D,F
4d1g,E,F
4d1g,G,H
4d1g,G,I
4d1g,H,I
4d1g,J,K
4d1g,J,L
4d1g,K,L
4d1n,A,B
4d1n,A,C
4d1n,B,D
4d1n,C,D
4d1p,A,B
4d1y,A,B
4d2e,A,B
4d2e,A,C
4d2g,A,B
4d2g,A,C
4d2g,B,C
4d2i,A,B
4d2w,A,D
4d2w,B,C
4d2z,A,B
4d32,A,B
4d33,A,B
4d36,A,B
4d37,A,B
4d38,A,B
4d3q,A,B
4d41,E,F
4d41,E,G
4d41,E,H
4d41,F,G
4d41,F,H
4d41,G,H
4d42,A,B
4d42,A,C
4d42,A,D
4d42,B,C
4d42,B,D
4d42,C,D
4d43,A,B
4d43,A,C
4d43,A,D
4d43,B,C
4d43,B,D
4d43,C,D
4d46,A,B
4d4o,A,B
4d4o,A,C
4d60,A,I
4d60,C,D
4d60,E,K
4d60,F,H
4d60,G,M
4d60,J,L
4d60,O,P
4d87,A,B
4d8u,A,B
4d8u,C,D
4d8v,A,B
4d8w,A,B
4d8w,C,D
4d92,A,B
4d96,A,B
4d96,C,D
4d97,A,B
4d99,A,B
4d99,C,D
4d9c,A,B
4d9c,C,D
4d9f,A,B
4d9f,C,D
4d9g,A,B
4d9h,A,B
4d9m,A,B
4da9,A,C
4da9,A,D
4da9,B,C
4da9,B,D
4dam,I,J
4dam,I,L
4dam,J,K
4dam,K,L
4dan,A,B
4dao,A,B
4db1,A,B
4dbg,A,B
4dbh,A,B
4dbp,A,C
4dbq,A,B
4dbv,O,P
4dbv,O,Q
4dbv,O,R
4dbv,P,Q
4dbv,P,R
4dbv,Q,R
4dc9,A,B
4dc9,A,F
4dc9,B,C
4dc9,C,D
4dc9,D,E
4dc9,E,F
4dcf,A,B
4dcf,C,D
4dcz,A,B
4ddh,A,B
4ddn,A,B
4ddn,A,C
4ddn,B,C
4ddn,B,D
4ddn,C,D
4ddq,E,F
4de5,A,B
4deq,A,B
4dev,A,C
4dev,A,F
4dev,B,D
4dev,B,E
4dev,C,G
4dev,D,H
4dev,E,H
4dev,F,G
4df0,A,B
4df9,C,D
4df9,E,F
4dfe,A,D
4dgq,A,B
4dgq,A,C
4dgq,B,C
4dhg,A,C
4dhi,B,D
4di0,A,B
4dib,A,D
4dib,A,E
4dib,A,F
4dib,D,E
4dib,D,F
4dib,E,F
4dir,A,B
4dj2,A,C
4dj2,B,D
4djb,A,B
4djd,A,B
4djd,A,C
4djd,A,D
4djd,B,E
4djd,B,F
4djd,C,D
4djd,E,F
4djp,A,B
4djq,A,B
4djr,A,B
4dk1,A,B
4dk1,C,D
4dk4,A,B
4dk7,A,C
4dkd,A,B
4dkd,A,C
4dkm,C,E
4dl1,A,B
4dl1,A,C
4dl1,B,C
4dl1,B,D
4dl1,C,D
4dl1,N,P
4dmf,A,B
4dmf,C,D
4dmk,C,D
4dml,A,C
4dml,B,D
4dmm,A,B
4dmm,C,D
4dn2,A,B
4dn6,A,B
4dn7,A,B
4dnc,A,B
4dne,A,B
4dng,A,B
4dno,C,D
4do2,A,B
4do3,A,B
4do4,A,B
4do6,A,B
4doh,A,B
4doh,A,R
4doh,B,R
4doh,C,D
4doh,C,E
4doh,D,E
4doj,A,B
4doj,A,C
4doj,B,C
4doy,A,C
4doy,D,F
4doy,G,H
4dq8,A,B
4dq9,A,B
4dqc,A,B
4dqw,A,B
4dqx,A,B
4dqx,A,C
4dqx,A,D
4dqx,B,C
4dqx,B,D
4dqx,C,D
4dqy,A,B
4dqy,A,C
4dqy,B,C
4dqy,D,E
4dqy,D,F
4dqy,E,F
4dr5,B,H
4dr5,C,J
4dr5,C,N
4dr5,D,E
4dr5,E,H
4dr5,F,R
4dr5,G,I
4dr5,J,N
4dr5,K,R
4dr5,M,S
4dr6,B,H
4dr6,C,J
4dr6,C,N
4dr6,D,E
4dr6,E,H
4dr6,F,R
4dr6,J,N
4dr6,K,R
4dr6,M,S
4dra,A,D
4dra,A,E
4dra,B,C
4dra,B,F
4dra,C,G
4dra,D,H
4drf,A,B
4drf,C,D
4dry,A,B
4dry,A,C
4dry,A,D
4dry,B,C
4dry,B,D
4dry,C,D
4dt1,A,B
4dt8,A,B
4dt9,A,B
4dtc,A,B
4dug,A,B
4dug,A,F
4dug,B,C
4dug,C,D
4dug,D,E
4dug,E,F
4dul,A,B
4dup,A,B
4duq,A,B
4duv,A,B
4duv,A,D
4duv,B,C
4duv,C,D
4dv7,B,H
4dv7,C,J
4dv7,C,N
4dv7,D,E
4dv7,E,H
4dv7,F,R
4dv7,G,I
4dv7,J,N
4dv7,K,R
4dv7,M,S
4dve,A,C
4dve,B,C
4dwh,C,D
4dwk,A,B
4dwl,A,B
4dwl,A,E
4dwl,B,C
4dwl,C,D
4dwl,D,E
4dwz,A,F
4dwz,B,D
4dwz,C,E
4dxe,A,B
4dxe,A,C
4dxe,A,K
4dxe,B,C
4dxe,B,H
4dxe,B,L
4dxe,D,E
4dxe,D,F
4dxe,D,I
4dxe,E,F
4dxe,E,G
4dxe,E,J
4dxj,A,B
4dxm,A,B
4dxm,A,D
4dxm,B,C
4dxm,C,D
4dxv,A,B
4dyc,A,B
4dyk,A,B
4dyu,A,C
4dyu,A,E
4dyu,A,H
4dyu,A,I
4dyu,A,K
4dyu,B,D
4dyu,B,F
4dyu,B,G
4dyu,B,J
4dyu,B,L
4dyu,C,E
4dyu,C,H
4dyu,C,J
4dyu,C,L
4dyu,D,F
4dyu,D,G
4dyu,D,I
4dyu,D,K
4dyu,E,G
4dyu,E,I
4dyu,E,L
4dyu,F,H
4dyu,F,J
4dyu,F,K
4dyu,G,I
4dyu,G,L
4dyu,H,J
4dyu,H,K
4dyu,I,K
4dyu,J,L
4dz6,A,B
4dz6,A,C
4dz6,A,F
4dz6,B,D
4dz6,B,E
4dz6,C,E
4dz6,C,F
4dz6,D,E
4dz6,D,F
4dzj,A,B
4dzp,A,B
4dzz,A,B
4e07,A,B
4e0e,A,B
4e0e,C,D
4e0f,A,B
4e0f,A,C
4e0f,B,C
4e0i,A,B
4e0u,A,B
4e1g,A,B
4e1p,A,B
4e1v,A,B
4e1v,A,F
4e1v,B,C
4e1v,C,D
4e1v,D,E
4e1v,E,F
4e1v,G,H
4e1v,H,I
4e38,A,B
4e38,A,C
4e38,B,C
4e3q,A,B
4e3q,A,D
4e3q,B,C
4e3q,C,D
4e3r,A,B
4e3r,A,D
4e3r,B,C
4e3r,C,D
4e3t,A,B
4e3w,A,B
4e3x,A,B
4e3z,A,B
4e4e,A,B
4e4e,A,C
4e4e,A,D
4e4e,B,C
4e4e,B,D
4e4e,C,D
4e4h,A,B
4e4h,A,D
4e4h,B,C
4e4h,C,D
4e4j,C,D
4e4j,E,F
4e4j,G,H
4e4j,K,L
4e4s,C,D
4e4s,C,E
4e4s,D,E
4e4t,A,B
4e5n,B,H
4e5n,D,G
4e5s,A,B
4e5s,C,D
4e5w,A,B
4e5z,A,B
4e75,A,B
4e75,A,C
4e75,B,C
4e75,D,E
4e75,D,F
4e75,E,F
4e79,A,B
4e79,A,C
4e79,B,C
4e7h,A,B
4e7j,A,B
4e85,A,B
4e8c,A,B
4e8e,A,C
4e8e,B,D
4e8w,A,B
4e8z,A,B
4e9m,A,B
4e9m,C,D
4e9m,E,F
4eaj,A,B
4eaj,A,C
4eaj,B,C
4eal,A,B
4eal,A,C
4eal,B,C
4eaq,A,B
4eb2,A,B
4eb8,A,B
4eb8,A,C
4eb8,B,C
4eba,A,B
4eba,A,G
4eba,B,G
4eba,C,D
4eba,C,H
4eba,D,H
4eba,E,F
4eba,E,I
4eba,F,I
4ebf,A,F
4ecd,A,B
4ecj,A,B
4ecl,A,B
4ecl,C,D
4edf,B,C
4edo,A,B
4edz,A,B
4edz,C,D
4ee4,A,B
4ee4,A,C
4ee4,B,C
4eea,A,B
4eea,A,C
4eea,B,C
4eec,A,B
4eem,A,B
4eem,A,C
4eem,B,C
4eex,A,B
4eez,A,B
4ef6,A,B
4ef8,A,B
4efa,C,E
4efa,C,G
4efa,E,G
4efk,A,B
4egf,A,B
4egf,A,C
4egf,A,D
4egf,B,C
4egf,B,D
4egf,C,D
4egf,E,F
4egf,E,G
4egf,E,H
4egf,F,G
4egf,F,H
4egs,A,B
4egw,A,B
4egx,C,D
4eh1,A,B
4ehi,A,B
4ehm,A,B
4eil,A,B
4eil,C,D
4eil,E,F
4eil,G,H
4eiv,A,B
4ej8,A,B
4ejd,A,B
4ejq,A,B
4ejt,A,B
4elx,A,C
4elx,A,D
4elx,A,E
4elx,A,F
4elx,B,C
4elx,B,D
4elx,B,E
4elx,B,F
4elx,C,D
4elx,C,E
4elx,D,F
4elx,E,F
4elz,A,B
4elz,A,C
4elz,A,D
4elz,B,C
4elz,B,D
4elz,C,D
4em3,A,B
4em6,A,C
4em6,B,D
4em8,A,B
4emh,P,Q
4emh,P,R
4emh,Q,R
4emt,A,B
4emu,A,B
4emw,A,B
4emy,A,B
4emy,C,D
4en7,A,B
4en8,A,B
4eno,A,B
4enw,A,B
4enw,A,C
4enw,A,D
4enw,B,C
4enw,B,D
4enw,C,D
4eo3,A,B
4eoz,A,B
4eoz,A,C
4eoz,C,D
4epd,A,C
4epd,B,C
4eq4,A,B
4eql,A,B
4eqq,A,B
4eqr,A,B
4eqs,A,B
4eqv,A,B
4eqv,A,F
4eqv,B,G
4eqv,C,D
4eqv,C,E
4eqv,D,H
4eqv,E,F
4eqv,G,H
4eqx,A,B
4err,A,B
4eso,A,B
4eso,A,C
4eso,A,D
4eso,B,C
4eso,B,D
4eso,C,D
4esv,G,H
4esv,G,L
4esv,H,I
4esv,I,J
4esv,J,K
4esv,K,L
4esx,A,B
4esy,A,B
4et0,A,B
4etg,A,B
4etg,A,C
4etg,B,C
4etk,A,B
4etm,A,B
4eto,A,B
4etp,A,B
4etv,A,B
4etw,C,D
4eu3,A,B
4eu5,A,B
4eu6,A,B
4eu7,A,B
4eua,A,B
4eud,A,B
4euu,A,B
4ev2,A,B
4ev2,A,C
4ev2,B,F
4ev2,C,D
4ev2,D,E
4ev2,E,F
4ev5,E,F
4evu,A,B
4evy,A,B
4ew5,A,B
4ewl,A,B
4ewp,A,B
4ewp,C,D
4ewp,E,F
4exa,A,B
4exa,C,F
4exa,D,E
4exm,B,C
4ext,A,C
4exw,A,B
4exw,A,E
4exw,B,C
4exw,C,D
4exw,D,E
4eya,A,B
4eya,C,D
4eya,E,F
4eya,G,H
4eyr,A,B
4ezf,A,B
4f01,A,B
4f07,A,D
4f0a,A,B
4f0b,A,B
4f0p,A,B
4f0p,A,C
4f0p,A,D
4f0p,B,C
4f0p,B,D
4f0p,C,D
4f0u,A,B
4f0u,A,F
4f0u,B,C
4f0u,C,D
4f0u,D,E
4f0u,E,F
4f0x,A,B
4f0x,A,D
4f0x,B,C
4f0x,C,D
4f0y,A,B
4f1e,A,B
4f1e,C,D
4f1e,G,H
4f1e,I,J
4f1l,A,D
4f1l,B,C
4f2d,A,B
4f2d,A,C
4f2d,B,C
4f2v,A,B
4f2w,A,B
4f32,A,B
4f3c,A,B
4f3d,A,B
4f3m,A,B
4f3x,A,B
4f3x,C,D
4f3y,A,B
4f48,A,B
4f4d,A,B
4f4i,A,B
4f4s,A,B
4f4s,B,C
4f4s,C,D
4f4s,D,E
4f62,A,B
4f63,A,B
4f66,A,B
4f6t,A,B
4f73,A,B
4f7i,C,D
4f7o,A,B
4f7u,A,B
4f7u,A,P
4f7u,B,F
4f7u,C,D
4f7u,C,Q
4f7u,D,I
4f7u,E,F
4f7u,E,G
4f7u,G,P
4f7u,H,I
4f7u,H,J
4f7u,J,Q
4f82,A,B
4f86,A,B
4f86,A,F
4f86,B,C
4f86,C,D
4f86,D,E
4f86,E,F
4f86,G,H
4f86,G,L
4f86,H,I
4f86,I,J
4f86,J,K
4f86,K,L
4f87,A,C
4f87,B,C
4f87,B,D
4f88,1,B
4f88,1,C
4f88,1,E
4f88,A,B
4f88,A,H
4f88,B,C
4f88,C,D
4f88,D,E
4f88,E,F
4f88,F,G
4f88,G,H
4f88,I,J
4f88,I,P
4f88,J,K
4f88,K,L
4f88,L,M
4f88,M,N
4f88,N,O
4f88,O,P
4f8e,A,B
4f96,A,B
4f97,A,B
4f9b,A,B
4f9b,C,D
4f9k,C,D
4f9l,A,B
4fa7,A,B
4faa,A,B
4fb5,A,B
4fbi,A,B
4fbi,C,D
4fbk,A,B
4fc0,A,B
4fc7,A,B
4fc7,A,C
4fc7,A,D
4fc7,B,C
4fc7,B,D
4fc7,C,D
4fcc,A,C
4fcc,A,D
4fcc,A,E
4fcc,A,F
4fcc,B,C
4fcc,B,D
4fcc,B,E
4fcc,B,F
4fcc,C,E
4fcc,C,F
4fcc,D,E
4fcc,D,F
4fcc,G,I
4fcc,G,J
4fcc,G,K
4fcc,G,L
4fcc,H,I
4fcc,H,J
4fcc,H,K
4fcc,H,L
4fcc,I,K
4fcc,I,L
4fcc,J,K
4fcc,J,L
4fcx,A,B
4fd3,B,E
4fdh,A,B
4fdh,A,C
4fdh,A,E
4fdh,B,D
4fdh,B,F
4fdh,C,E
4fdh,C,F
4fdh,D,E
4fdh,D,F
4fdj,A,B
4ff7,A,B
4ffc,A,B
4ffc,A,C
4ffc,B,D
4ffc,C,D
4fgc,A,B
4fgc,A,E
4fgc,B,C
4fgc,C,D
4fgc,D,E
4fgi,E,F
4fgs,A,B
4fgs,A,D
4fgs,B,C
4fgs,C,D
4fha,A,B
4fi3,A,B
4fi3,A,C
4fi3,A,F
4fi3,B,D
4fi3,B,F
4fi3,C,D
4fir,A,B
4fir,A,F
4fir,B,C
4fir,C,D
4fir,D,E
4fir,E,F
4fiu,A,B
4fiu,A,C
4fiu,B,C
4fj0,A,B
4fj0,A,C
4fj0,B,D
4fj0,C,D
4fj1,A,B
4fj1,A,C
4fj1,B,D
4fj1,C,D
4fj2,A,B
4fju,A,B
4fl0,A,B
4fl8,A,B
4flc,A,B
4flc,A,C
4flc,A,D
4flc,B,C
4flc,B,D
4flc,C,D
4flf,A,B
4flg,A,B
4flm,A,B
4fln,A,B
4fln,A,C
4fln,B,C
4fm5,A,B
4fm6,A,B
4fma,E,I
4fmh,A,B
4fmh,A,E
4fmh,B,C
4fmh,C,D
4fmh,D,E
4fmh,F,G
4fmh,F,J
4fmh,F,T
4fmh,G,H
4fmh,G,S
4fmh,H,I
4fmh,H,R
4fmh,I,J
4fmh,I,Q
4fmh,J,P
4fmh,K,L
4fmh,K,O
4fmh,L,M
4fmh,M,N
4fmh,N,O
4fmh,P,Q
4fmh,P,T
4fmh,Q,R
4fmh,R,S
4fmh,S,T
4fmi,A,B
4fmi,A,E
4fmi,B,C
4fmi,C,D
4fmi,D,E
4fmi,F,G
4fmi,F,J
4fmi,G,H
4fmi,H,I
4fmi,I,J
4fmi,K,L
4fmi,K,O
4fmi,L,M
4fmi,M,N
4fmi,N,O
4fmi,P,Q
4fmi,P,T
4fmi,Q,R
4fmi,R,S
4fmi,S,T
4fmr,C,D
4fmt,C,D
4fn6,A,B
4fn6,A,C
4fn6,B,D
4fn6,C,D
4fn7,A,B
4fn7,A,C
4fn7,B,C
4fnh,A,B
4fni,A,B
4fnt,A,B
4fnt,A,C
4fnt,A,D
4fnt,B,C
4fnt,B,D
4fnt,C,D
4fo2,K,L
4fo2,K,O
4fo2,L,M
4fo2,M,N
4fo2,N,O
4fo8,A,D
4fo8,B,C
4fo8,B,D
4fog,A,D
4foi,A,B
4fol,C,D
4fou,B,D
4fp9,A,B
4fp9,A,C
4fp9,A,F
4fp9,A,G
4fp9,C,E
4fp9,D,G
4fp9,F,H
4fpa,A,B
4fpr,A,B
4fpr,A,D
4fpr,B,C
4fpr,C,D
4fpv,A,B
4fq9,A,B
4fq9,G,H
4fq9,I,J
4fqb,G,H
4fqs,A,B
4fqu,C,D
4fqu,E,F
4fs9,A,B
4fte,B,C
4fur,D,E
4fur,D,F
4fur,E,F
4fuw,A,B
4fvf,A,B
4fvj,B,F
4fvj,D,G
4fvy,A,B
4fvz,A,B
4fw0,A,B
4fw2,A,B
4fwj,A,B
4fx6,M,N
4fxj,A,B
4fxj,A,D
4fxj,B,C
4fxj,C,D
4fxw,C,D
4fxx,A,B
4fyw,A,B
4fyw,B,D
4fyw,C,D
4fz0,A,B
4fz0,A,C
4fz0,B,C
4fzb,A,B
4fzb,A,C
4fzb,B,D
4fzb,C,D
4fzc,A,B
4fzc,A,G
4fzc,A,H
4fzc,A,I
4fzc,B,C
4fzc,B,I
4fzc,B,J
4fzc,C,D
4fzc,C,J
4fzc,C,K
4fzc,D,E
4fzc,D,K
4fzc,D,L
4fzc,E,F
4fzc,E,L
4fzc,E,M
4fzc,F,G
4fzc,F,M
4fzc,F,N
4fzc,G,H
4fzc,G,N
4fzc,H,I
4fzc,H,N
4fzc,H,Z
4fzc,H,a
4fzc,I,J
4fzc,I,Y
4fzc,I,Z
4fzc,J,K
4fzc,J,X
4fzc,J,Y
4fzc,K,L
4fzc,K,W
4fzc,K,X
4fzc,L,M
4fzc,L,V
4fzc,L,W
4fzc,M,N
4fzc,M,V
4fzc,M,b
4fzc,N,a
4fzc,N,b
4fzc,O,P
4fzc,O,U
4fzc,O,V
4fzc,O,W
4fzc,P,Q
4fzc,P,W
4fzc,P,X
4fzc,Q,R
4fzc,Q,X
4fzc,Q,Y
4fzc,R,S
4fzc,R,Y
4fzc,R,Z
4fzc,S,T
4fzc,S,Z
4fzc,S,a
4fzc,T,U
4fzc,T,a
4fzc,T,b
4fzc,U,V
4fzc,U,b
4fzc,V,W
4fzc,V,b
4fzc,W,X
4fzc,X,Y
4fzc,Y,Z
4fzc,Z,a
4fzc,a,b
4g06,A,B
4g0k,A,B
4g0l,A,B
4g0u,A,B
4g12,A,B
4g19,C,D
4g1g,A,B
4g1l,A,B
4g1n,A,B
4g1n,A,C
4g1n,B,D
4g1n,C,D
4g1t,A,B
4g2k,A,B
4g2k,A,C
4g2k,B,C
4g2n,A,C
4g2n,A,D
4g2n,B,D
4g2s,A,B
4g2s,A,F
4g2s,B,C
4g2s,C,D
4g2s,D,E
4g2s,E,F
4g2u,A,B
4g3m,A,B
4g3m,A,C
4g3m,B,D
4g3m,C,D
4g41,A,B
4g4y,A,C
4g4y,B,D
4g4y,E,H
4g4z,E,H
4g5f,A,B
4g5p,A,B
4g6c,A,B
4g6i,A,B
4g6i,A,C
4g6i,B,C
4g6q,A,B
4g6v,A,B
4g6v,C,D
4g6v,E,F
4g6v,G,H
4g72,A,B
4g73,A,B
4g74,A,B
4g7n,A,B
4g7o,K,L
4g7o,K,M
4g7o,L,M
4g7o,L,N
4g7o,M,N
4g7o,M,P
4g7o,N,O
4g7o,N,P
4g7q,A,B
4g7x,A,B
4g86,A,B
4g8a,A,B
4g8a,A,C
4g8a,A,D
4g8a,B,C
4g8a,B,D
4g8j,A,B
4g8j,A,F
4g8j,B,C
4g8j,C,D
4g8j,D,E
4g8j,E,F
4g8x,A,B
4g8x,C,D
4g9n,A,B
4ga5,B,F
4ga5,C,G
4ga5,D,H
4ga6,A,B
4gal,A,B
4gb2,A,B
4gb3,1,2
4gb3,1,3
4gb3,1,4
4gb3,2,3
4gbe,D,E
4gbe,D,F
4gbe,E,F
4gd3,A,S
4gd3,A,T
4gd3,B,Q
4gd3,B,R
4gd3,J,K
4gd3,J,Q
4gd3,J,R
4gd3,K,Q
4gd3,K,R
4gd3,L,M
4gd3,L,S
4gd3,L,T
4gd3,M,S
4gd3,M,T
4gd3,Q,R
4gd3,S,T
4gda,A,B
4gde,A,C
4gde,A,D
4gde,B,C
4gde,B,D
4gdk,A,B
4gdk,D,E
4gdl,A,B
4gdy,A,B
4ge0,A,B
4ge0,C,D
4ge3,A,B
4ge3,C,D
4ge7,A,B
4gf5,A,C
4gf5,A,H
4gf5,A,J
4gf5,B,D
4gf5,B,H
4gf5,B,J
4gf5,C,F
4gf5,C,G
4gf5,D,E
4gf5,D,I
4gf5,E,F
4gf5,E,H
4gf5,F,I
4gf5,G,I
4gf5,G,J
4gf5,K,L
4gf5,K,O
4gf5,K,Q
4gf5,L,N
4gf5,L,P
4gf5,M,N
4gf5,M,O
4gf5,M,R
4gf5,N,T
4gf5,O,S
4gf5,P,Q
4gf5,P,T
4gf5,Q,S
4gf5,R,S
4gf5,R,T
4ggf,A,C
4ggf,A,K
4ggf,A,L
4ggf,C,K
4ggf,C,L
4ggf,K,L
4ggf,S,T
4ggf,S,U
4ggf,S,V
4ggf,T,U
4ggf,T,V
4ggf,U,V
4ggh,A,C
4ggh,A,D
4ggh,B,C
4ggh,B,D
4ggh,C,D
4gh5,A,B
4gh5,A,C
4gh5,B,D
4gh5,C,D
4ghb,A,B
4ghc,A,B
4ghc,A,C
4ghc,A,D
4ghc,B,C
4ghc,B,D
4ghc,C,D
4ghe,A,B
4ghe,A,C
4ghe,A,D
4ghe,B,C
4ghe,B,D
4ghe,C,D
4ghh,A,B
4ghh,A,C
4ghh,A,D
4ghh,B,C
4ghh,B,D
4ghh,C,D
4ghk,A,B
4ght,A,B
4gi0,A,B
4gi0,A,C
4gi5,A,B
4gik,A,B
4gik,A,C
4gik,B,C
4gil,A,B
4gil,A,C
4gil,B,C
4gim,A,B
4gim,A,C
4gim,B,C
4gip,A,D
4gip,B,D
4gip,B,E
4gip,C,F
4gip,D,E
4gip,D,F
4gip,E,F
4giq,A,R
4giw,A,B
4giz,A,C
4giz,B,D
4gk7,A,B
4gk7,A,G
4gk7,A,H
4gk7,A,I
4gk7,B,C
4gk7,B,I
4gk7,B,J
4gk7,C,D
4gk7,C,J
4gk7,C,K
4gk7,D,E
4gk7,D,K
4gk7,D,L
4gk7,E,F
4gk7,E,L
4gk7,E,M
4gk7,F,G
4gk7,F,M
4gk7,F,N
4gk7,G,H
4gk7,G,N
4gk7,H,I
4gk7,H,N
4gk7,H,Z
4gk7,H,a
4gk7,I,J
4gk7,I,Y
4gk7,I,Z
4gk7,J,K
4gk7,J,X
4gk7,J,Y
4gk7,K,L
4gk7,K,W
4gk7,K,X
4gk7,L,M
4gk7,L,V
4gk7,L,W
4gk7,M,N
4gk7,M,V
4gk7,M,b
4gk7,N,a
4gk7,N,b
4gk7,O,P
4gk7,O,U
4gk7,O,V
4gk7,O,W
4gk7,P,Q
4gk7,P,W
4gk7,P,X
4gk7,Q,R
4gk7,Q,X
4gk7,Q,Y
4gk7,R,S
4gk7,R,Y
4gk7,R,Z
4gk7,S,T
4gk7,S,Z
4gk7,S,a
4gk7,T,U
4gk7,T,a
4gk7,T,b
4gk7,U,V
4gk7,U,b
4gk7,V,W
4gk7,V,b
4gk7,W,X
4gk7,X,Y
4gk7,Y,Z
4gk7,Z,a
4gk7,a,b
4gka,A,B
4gka,A,C
4gka,B,C
4gkg,A,F
4gkh,E,F
4gkj,B,H
4gkj,C,J
4gkj,C,N
4gkj,E,H
4gkj,F,R
4gkj,G,I
4gkj,G,K
4gkj,J,N
4gkj,K,R
4gkj,M,S
4gkk,B,H
4gkk,C,J
4gkk,C,N
4gkk,D,E
4gkk,E,H
4gkk,F,R
4gkk,G,I
4gkk,J,N
4gkk,K,R
4gkk,M,S
4gkv,A,B
4gkv,A,C
4gkv,A,D
4gkv,B,C
4gkv,B,D
4gkv,C,D
4gl4,A,B
4gm2,A,C
4gm2,A,G
4gm2,B,E
4gm2,B,F
4gm2,C,F
4gm2,D,E
4gm2,D,G
4gme,A,C
4gmk,A,B
4gni,A,B
4go0,A,B
4go0,A,C
4go0,A,D
4go0,B,C
4go0,B,D
4go0,C,D
4go1,A,B
4go4,A,B
4go4,C,D
4go4,G,H
4god,A,B
4gom,D,E
4gom,D,F
4gom,E,F
4gon,D,E
4gon,D,F
4gon,E,F
4gp0,A,B
4gp2,A,B
4gp5,A,B
4gpk,A,B
4gpk,A,D
4gpk,B,C
4gpk,C,D
4gpk,E,F
4gpk,E,H
4gpk,F,G
4gpk,G,H
4gpk,I,J
4gpk,I,L
4gpk,J,K
4gpk,K,L
4gpn,A,B
4gpo,A,B
4gq2,M,P
4gqa,A,B
4gqb,A,B
4gqc,B,D
4gqe,A,B
4gqi,A,B
4gqz,A,B
4gqz,C,D
4gr7,A,X
4gr9,A,B
4grd,A,B
4grd,A,C
4grd,A,D
4grd,B,D
4grd,C,D
4grp,A,B
4grp,A,C
4grp,B,C
4grr,A,B
4grr,A,C
4grr,B,C
4gs7,A,B
4gs7,A,C
4gs7,A,D
4gs7,B,C
4gsc,A,B
4gss,A,B
4gst,A,B
4gte,A,B
4gte,A,D
4gte,B,C
4gte,C,D
4gtr,A,B
4gtt,A,B
4gtu,A,B
4gtu,C,D
4gtu,E,F
4gtu,G,H
4gu0,A,C
4gu0,B,D
4gu4,A,B
4gu4,A,C
4gu4,B,C
4gu7,B,C
4gui,A,B
4gum,A,B
4gum,A,C
4gum,B,C
4gum,D,E
4gum,G,H
4gum,G,I
4gum,H,I
4gun,A,B
4gun,A,C
4gun,A,D
4gun,B,C
4gun,B,D
4gun,C,D
4gun,E,F
4gun,E,G
4gun,E,H
4gun,F,G
4gun,F,H
4gun,G,H
4gun,I,J
4gun,I,K
4gun,I,L
4gun,J,K
4gun,J,L
4gun,K,L
4gvl,A,B
4gvl,A,D
4gvl,B,C
4gvl,C,D
4gvr,A,B
4gvr,A,C
4gvr,B,C
4gw9,A,D
4gw9,B,C
4gwl,A,B
4gwz,A,B
4gx4,A,B
4gx6,A,B
4gxa,A,B
4gxe,A,B
4gxf,A,B
4gxf,A,C
4gxf,B,C
4gxg,A,B
4gxg,D,E
4gy0,A,B
4gy1,A,B
4gy3,A,B
4gy4,A,B
4gy4,A,C
4gy4,B,C
4gyp,A,B
4gyp,A,C
4gyp,A,D
4gyp,B,C
4gyp,B,D
4gyp,C,D
4gyv,A,F
4gyv,A,G
4gyv,B,C
4gyv,B,H
4gyv,B,I
4gyv,C,D
4gyv,C,E
4gyv,D,E
4gyv,F,G
4gyv,H,I
4gzf,A,B
4h10,A,B
4h1i,B,D
4h1s,A,B
4h1t,A,B
4h1t,A,F
4h1t,B,C
4h1t,C,D
4h1t,D,E
4h1t,E,F
4h31,A,B
4h31,A,C
4h31,B,C
4h38,A,B
4h3d,C,D
4h3k,A,B
4h3k,D,E
4h3u,A,B
4h3v,A,B
4h3y,A,B
4h3z,A,B
4h40,A,B
4h4g,A,B
4h4g,A,G
4h4g,B,I
4h4g,D,F
4h4g,D,G
4h4g,F,I
4h4k,A,C
4h4l,D,E
4h4l,D,F
4h4l,D,G
4h4l,D,H
4h4l,E,F
4h4l,E,G
4h4l,E,I
4h4l,F,H
4h4l,F,I
4h4l,G,H
4h4l,G,I
4h4l,H,I
4h5p,A,B
4h73,A,B
4h73,A,C
4h73,A,D
4h73,B,C
4h73,B,D
4h73,C,D
4h73,E,F
4h73,E,G
4h73,E,H
4h73,F,G
4h73,F,H
4h73,G,H
4h7l,A,B
4h7p,A,B
4h87,A,B
4h9l,H,L
4h9l,H,M
4h9l,L,M
4h9p,A,B
4h9p,A,C
4h9p,B,C
4h9r,A,B
4h9r,A,C
4h9r,B,C
4h9s,A,C
4h9s,A,E
4h9s,A,F
4h9s,B,D
4h9s,B,E
4h9s,B,F
4h9s,C,F
4h9s,D,E
4h9s,E,F
4h9v,A,B
4ha7,A,B
4hah,A,B
4han,A,B
4hbh,H,L
4hbh,H,M
4hbh,L,M
4hbi,A,B
4hbj,H,L
4hbj,H,M
4hbj,L,M
4hc5,C,D
4hcg,A,B
4hdc,A,B
4hdf,A,B
4hdg,A,B
4hdn,A,B
4hdp,A,B
4hdr,A,B
4hdr,C,D
4he4,A,B
4he8,B,C
4he8,B,D
4he8,B,E
4he8,B,I
4he8,C,D
4he8,D,E
4he8,D,F
4he8,D,I
4he8,E,F
4he8,E,I
4he8,F,G
4he8,F,I
4he8,G,I
4hea,B,C
4hea,B,D
4hea,C,D
4hea,C,I
4hea,D,E
4hea,D,F
4hea,D,I
4hea,D,O
4hea,D,X
4hea,E,F
4hea,E,G
4hea,E,I
4hea,E,O
4hea,E,P
4hea,E,Q
4hea,F,G
4hea,F,O
4hea,F,X
4hea,G,O
4hea,G,P
4hea,G,Q
4hea,G,X
4hea,I,O
4hea,O,Q
4hea,P,Q
4hea,P,R
4hea,P,S
4hea,P,V
4hea,Q,R
4hea,R,S
4hea,R,T
4hea,R,V
4hea,S,T
4hea,S,V
4hea,T,U
4hea,T,V
4hea,U,V
4heb,A,B
4heq,A,B
4hf0,A,B
4hfb,A,B
4hfb,A,E
4hfb,B,C
4hfb,C,D
4hfb,D,E
4hfc,A,B
4hfc,A,E
4hfc,B,C
4hfc,C,D
4hfc,D,E
4hfe,A,B
4hfe,A,E
4hfe,B,C
4hfe,C,D
4hfe,D,E
4hfj,A,B
4hg3,A,C
4hg3,B,D
4hg6,A,B
4hg9,B,C
4hgq,E,F
4hgq,E,G
4hgq,F,H
4hgq,G,H
4hgr,A,B
4hgr,A,C
4hgr,B,D
4hgr,C,D
4hgr,E,F
4hgr,E,G
4hgr,F,H
4hgr,G,H
4hh0,A,B
4hhl,A,B
4hhm,E,F
4hhm,E,G
4hhm,E,H
4hhm,F,G
4hhm,F,H
4hhm,G,H
4hi1,A,B
4hi1,A,C
4hi1,B,C
4hi2,A,B
4hi2,A,C
4hi2,A,F
4hi2,A,K
4hi2,B,C
4hi2,B,I
4hi2,B,J
4hi2,C,D
4hi2,C,H
4hi2,D,E
4hi2,D,F
4hi2,D,H
4hi2,E,F
4hi2,E,G
4hi2,E,L
4hi2,F,K
4hi2,G,H
4hi2,G,I
4hi2,G,L
4hi2,H,I
4hi2,I,J
4hi2,J,K
4hi2,J,L
4hi2,K,L
4hi3,A,B
4hi4,B,D
4hi6,A,B
4hi6,A,D
4hi6,B,C
4hi6,C,D
4hi7,A,B
4hj2,A,B
4hj3,A,B
4hj4,A,B
4hje,A,B
4hje,A,D
4hje,B,C
4hje,C,D
4hjl,A,B
4hjw,A,B
4hjx,A,B
4hk5,B,D
4hk6,A,C
4hk6,B,D
4hk7,B,D
4hkd,A,B
4hkd,C,D
4hke,A,B
4hkp,A,B
4hkr,A,B
4hks,A,B
4hku,A,B
4hkv,A,B
4hl1,A,B
4hla,A,B
4hlc,A,B
4hld,A,B
4hm0,A,B
4hm1,A,B
4hm5,A,B
4hmk,A,B
4hn0,A,B
4hn1,C,D
4hn3,A,B
4hn3,C,D
4hne,A,B
4hnx,A,B
4hny,A,B
4hny,C,D
4hnz,A,B
4hnz,A,F
4hnz,A,G
4hnz,A,H
4hnz,B,C
4hnz,B,G
4hnz,B,L
4hnz,C,D
4hnz,C,K
4hnz,C,L
4hnz,D,E
4hnz,D,J
4hnz,D,K
4hnz,E,F
4hnz,E,I
4hnz,E,J
4hnz,F,H
4hnz,F,I
4hnz,G,H
4hnz,G,L
4hnz,H,I
4hnz,I,J
4hnz,J,K
4hnz,K,L
4ho8,A,B
4ho8,A,D
4ho8,B,C
4ho8,C,D
4hob,C,D
4hov,A,B
4hov,A,C
4hov,B,C
4hp8,A,B
4hpk,A,B
4hpl,A,B
4hpq,B,C
4hpq,C,F
4hpq,E,F
4hq8,C,E
4hq8,C,F
4hq8,D,E
4hq8,D,F
4hqb,A,B
4hqb,A,E
4hqb,B,C
4hqb,C,D
4hqb,D,E
4hqc,A,B
4hqc,C,D
4hqc,C,E
4hqc,D,F
4hqc,E,F
4hqm,A,B
4hr9,A,B
4hrd,A,B
4hrd,A,G
4hrd,A,H
4hrd,A,I
4hrd,B,C
4hrd,B,I
4hrd,B,J
4hrd,C,D
4hrd,C,J
4hrd,C,K
4hrd,D,E
4hrd,D,K
4hrd,D,L
4hrd,E,F
4hrd,E,L
4hrd,E,M
4hrd,F,G
4hrd,F,M
4hrd,F,N
4hrd,G,H
4hrd,G,N
4hrd,H,I
4hrd,H,N
4hrd,H,Z
4hrd,H,a
4hrd,I,J
4hrd,I,Y
4hrd,I,Z
4hrd,J,K
4hrd,J,X
4hrd,J,Y
4hrd,K,L
4hrd,K,W
4hrd,K,X
4hrd,L,M
4hrd,L,V
4hrd,L,W
4hrd,M,N
4hrd,M,V
4hrd,M,b
4hrd,N,a
4hrd,N,b
4hrd,O,P
4hrd,O,U
4hrd,O,V
4hrd,O,W
4hrd,P,Q
4hrd,P,W
4hrd,P,X
4hrd,Q,R
4hrd,Q,X
4hrd,Q,Y
4hrd,R,S
4hrd,R,Y
4hrd,R,Z
4hrd,S,T
4hrd,S,Z
4hrd,S,a
4hrd,T,U
4hrd,T,a
4hrd,T,b
4hrd,U,V
4hrd,U,b
4hrd,V,W
4hrd,V,b
4hrd,W,X
4hrd,X,Y
4hrd,Y,Z
4hrd,Z,a
4hrd,a,b
4hrf,A,B
4hrf,A,C
4hrf,B,D
4hrg,A,B
4hrr,A,B
4hrr,A,D
4hrr,B,C
4hrr,C,D
4hrr,E,F
4hrr,E,H
4hrr,F,G
4hrr,G,H
4hs4,G,H
4hsv,A,B
4hsv,A,D
4hsv,B,C
4hsv,C,D
4hsz,A,B
4ht5,A,B
4ht5,A,C
4ht5,A,D
4ht5,B,C
4ht5,B,E
4ht5,C,F
4ht5,D,E
4ht5,D,F
4ht5,E,F
4ht7,G,H
4ht7,G,I
4ht7,G,J
4ht7,H,I
4ht7,H,K
4ht7,H,L
4ht7,I,J
4ht7,I,L
4ht7,J,K
4ht7,J,L
4ht7,K,L
4htf,A,B
4htx,A,C
4htz,A,C
4htz,B,D
4hw0,B,C
4hw5,A,B
4hwf,A,B
4hwo,A,B
4hws,A,B
4hwt,A,B
4hwu,A,B
4hx4,A,B
4hx6,A,B
4hx6,C,D
4hx6,E,F
4hxg,A,B
4hxg,A,C
4hxg,A,D
4hxg,B,C
4hxg,B,E
4hxg,C,F
4hxg,D,E
4hxg,D,F
4hxg,E,F
4hxg,G,H
4hxg,G,I
4hxg,G,J
4hxg,H,I
4hxg,H,K
4hxg,I,L
4hxg,J,K
4hxg,J,L
4hxg,K,L
4hy3,A,B
4hy3,A,D
4hy3,B,C
4hy3,C,D
4hyg,A,B
4hyg,C,D
4hyo,A,C
4hyo,A,D
4hyo,B,C
4hyo,B,D
4hyo,E,G
4hyo,E,H
4hyo,F,G
4hyo,F,H
4hyp,A,B
4hyp,C,D
4hyt,A,B
4hyt,A,G
4hyt,B,G
4hyy,C,D
4hz3,A,C
4hz3,A,D
4hz3,B,C
4hz3,B,D
4hz3,E,G
4hz3,E,H
4hz3,F,G
4hz3,F,H
4hz5,A,C
4hz5,A,D
4hz5,C,D
4hz9,A,B
4hz9,A,C
4hza,A,B
4hzb,A,B
4hzb,A,C
4hzb,B,F
4hzb,C,E
4hzb,D,E
4hzb,D,F
4hzi,A,B
4i08,A,B
4i09,A,B
4i0u,A,B
4i0u,A,D
4i0u,B,C
4i0u,C,E
4i0u,D,E
4i0u,F,G
4i0u,F,I
4i0u,G,H
4i0u,H,J
4i0u,I,J
4i0w,A,B
4i0w,C,D
4i1v,A,B
4i1w,A,B
4i1w,A,C
4i1w,A,D
4i1w,B,C
4i1w,B,D
4i1w,C,D
4i2o,A,B
4i2r,A,B
4i2r,A,C
4i2r,A,D
4i2r,B,C
4i2r,B,D
4i2r,C,D
4i2v,A,B
4i2v,C,D
4i36,A,B
4i36,A,D
4i36,B,C
4i36,C,D
4i3e,A,B
4i3t,A,F
4i3t,C,E
4i3v,A,C
4i3v,B,F
4i3v,D,E
4i3v,G,H
4i3w,D,E
4i3y,A,B
4i46,A,B
4i46,C,D
4i46,E,F
4i4i,A,B
4i4i,A,D
4i4i,B,C
4i4i,C,D
4i4n,A,B
4i4n,C,D
4i4p,A,B
4i4s,C,D
4i4v,A,B
4i4v,C,D
4i4y,A,B
4i4y,C,D
4i4z,G,H
4i4z,G,I
4i4z,H,I
4i52,G,H
4i52,G,I
4i52,H,I
4i5s,A,B
4i5v,A,B
4i6a,A,B
4i6m,A,B
4i6m,A,C
4i6m,A,D
4i6m,B,C
4i6m,B,D
4i6t,A,B
4i6u,E,F
4i6w,A,B
4i6y,A,B
4i82,A,B
4i8p,A,B
4i8w,A,B
4i8x,A,B
4i8x,A,C
4i8x,A,D
4i8x,B,C
4i8x,B,D
4i8x,C,D
4i8x,E,F
4i8x,E,G
4i8x,E,H
4i8x,F,G
4i8x,F,H
4i8x,G,H
4i8z,A,B
4ia4,A,C
4ia4,A,D
4ia4,B,C
4ia4,B,D
4ia6,A,B
4iab,C,D
4iae,A,B
4iaj,A,B
4iaj,A,D
4iaj,A,E
4iaj,A,G
4iaj,B,E
4iaj,B,G
4iaj,C,D
4iaj,C,E
4iaj,C,F
4iaj,C,H
4iaj,D,G
4iaj,D,H
4iaj,E,F
4iaj,F,H
4iap,A,B
4ic2,A,B
4ic3,A,B
4ich,A,B
4icm,A,H
4icm,B,G
4icm,C,F
4icm,D,E
4icn,A,B
4id0,A,B
4id9,A,B
4idg,A,B
4idn,A,B
4idu,A,B
4idu,A,D
4idx,A,B
4idx,B,C
4ie2,A,B
4ie2,A,C
4ie2,B,C
4ie3,A,B
4ie3,A,C
4ie3,B,C
4ief,G,H
4ien,C,D
4ig2,A,B
4ig4,A,B
4igl,A,B
4igm,B,C
4ign,A,F
4ihb,A,B
4ihb,A,C
4ihb,B,C
4ihb,D,E
4ihb,D,F
4ihb,E,F
4ihd,A,B
4ihf,A,B
4ihf,A,C
4ihf,A,I
4ihf,A,L
4ihf,B,C
4ihf,B,L
4ihf,C,J
4ihf,D,E
4ihf,D,F
4ihf,D,K
4ihf,E,F
4ihf,E,H
4ihf,F,G
4ihh,A,B
4ihh,A,C
4ihh,A,H
4ihh,B,C
4ihh,B,G
4ihh,C,L
4ihh,D,E
4ihh,D,F
4ihh,D,I
4ihh,E,F
4ihh,E,J
4ihh,F,K
4ihq,A,B
4ihq,B,C
4ihw,A,B
4ihx,A,B
4iib,A,B
4iic,A,B
4iif,A,B
4iig,A,B
4iih,A,B
4iin,A,B
4iin,A,D
4iin,B,C
4iin,C,D
4iiv,A,C
4iiv,A,D
4iiv,B,C
4iiv,B,D
4ij6,A,B
4ij7,A,B
4ija,A,B
4ijc,A,B
4iji,A,F
4iji,B,C
4iji,E,G
4ijk,A,B
4ijk,A,D
4ijk,B,C
4ijk,C,D
4ijm,A,B
4ijm,A,F
4ijm,B,C
4ijm,C,D
4ijm,D,E
4ijm,E,F
4ijn,A,B
4ijq,A,B
4ijq,A,C
4ijq,A,D
4ijq,B,C
4ijq,B,D
4ijq,C,D
4iju,A,B
4iju,D,E
4ijv,A,B
4ijv,D,E
4il0,A,B
4il0,A,E
4il0,A,F
4il0,B,E
4il0,B,F
4il0,C,D
4il0,C,G
4il0,C,H
4il0,D,G
4il0,D,H
4il0,E,F
4il0,G,H
4il2,A,B
4il2,C,D
4il4,A,B
4il4,A,E
4il4,B,C
4il4,C,D
4il4,D,E
4ilc,A,B
4ilc,A,E
4ilc,B,C
4ilc,C,D
4ilc,D,E
4ild,A,B
4ilg,A,B
4ilg,A,C
4ilg,B,C
4ilk,A,B
4ils,B,C
4ima,A,B
4ima,A,C
4ima,B,D
4ima,C,D
4imc,A,B
4imc,A,D
4imc,B,C
4imc,C,D
4imd,A,B
4imd,A,D
4imd,B,C
4imd,C,D
4img,A,B
4imp,A,B
4imp,C,D
4imr,A,B
4io9,B,M
4io9,C,I
4io9,G,N
4io9,H,M
4io9,J,S
4io9,K,Z
4io9,N,O
4io9,P,Z
4io9,Q,V
4iom,A,B
4iot,A,B
4iq1,A,B
4iqe,A,B
4iqg,A,B
4iqg,A,C
4iqg,B,D
4iqg,C,D
4iqj,A,B
4iqj,A,D
4iqj,A,M
4iqj,B,C
4iqj,B,N
4iqj,C,O
4iqj,D,P
4iql,A,B
4ir8,A,B
4irb,A,B
4irb,C,D
4irn,E,F
4irn,E,H
4irn,F,G
4irn,G,H
4irr,A,B
4irv,B,F
4iry,A,B
4is3,A,B
4is3,A,D
4is3,B,C
4is3,C,D
4isd,A,D
4ism,A,C
4ism,A,D
4ism,A,E
4ism,A,F
4ism,A,H
4ism,B,C
4ism,B,F
4ism,C,F
4ism,C,H
4ism,D,E
4ism,D,G
4ism,E,F
4ism,G,H
4isp,A,C
4isp,A,D
4isp,A,E
4isp,A,F
4isp,A,H
4isp,B,C
4isp,B,F
4isp,C,F
4isp,C,H
4isp,D,E
4isp,D,G
4isp,E,F
4isp,G,H
4isw,A,B
4ita,A,B
4itt,A,C
4itt,A,D
4itt,A,E
4itt,A,F
4itt,A,H
4itt,B,C
4itt,B,F
4itt,C,F
4itt,C,H
4itt,D,E
4itt,D,G
4itt,E,F
4itt,G,H
4itu,A,B
4itu,A,C
4itu,B,D
4itu,C,D
4itx,A,B
4iu2,A,B
4iu3,A,B
4iua,A,F
4iua,B,C
4iud,L,S
4iuy,A,B
4iuy,A,C
4iuy,A,D
4iuy,B,C
4iuy,B,D
4iuy,C,D
4ive,A,B
4ive,C,D
4ivf,A,F
4ivf,B,G
4ivf,C,D
4ivf,E,H
4ivn,A,B
4ivp,A,B
4ivr,A,B
4iw3,A,B
4iw9,A,B
4iwg,A,B
4iwg,A,C
4iwg,B,C
4iwm,A,B
4iwm,A,C
4iwm,A,D
4iwm,B,C
4iwm,B,E
4iwm,C,F
4iwm,D,E
4iwm,D,F
4iwm,E,F
4iwr,E,F
4iws,A,B
4iws,C,D
4iwt,A,B
4ix2,A,D
4ix2,B,C
4ix5,A,B
4ixh,A,B
4ixh,A,D
4ixh,B,C
4ixh,C,D
4ixk,A,C
4ixk,A,D
4ixk,A,E
4ixk,A,F
4ixk,A,H
4ixk,B,C
4ixk,B,F
4ixk,C,F
4ixk,C,H
4ixk,D,E
4ixk,D,G
4ixk,E,F
4ixk,G,H
4ixn,A,B
4ixs,A,B
4ixv,A,B
4ixv,A,C
4ixv,B,C
4iym,A,B
4iym,A,C
4iym,A,D
4iym,B,C
4iym,B,D
4iym,C,D
4iyn,A,B
4iyo,A,B
4iyo,A,C
4iyo,A,D
4iyo,B,C
4iyo,B,D
4iyo,C,D
4iz6,A,B
4izd,A,B
4izg,A,B
4izn,A,B
4izn,A,C
4izn,B,D
4izn,C,D
4izn,E,F
4izn,E,G
4izn,F,H
4izn,G,H
4izn,I,J
4izn,I,K
4izn,J,L
4izn,K,L
4j00,A,B
4j01,A,B
4j01,E,F
4j10,A,B
4j2n,A,C
4j2n,B,C
4j2n,B,D
4j2n,B,E
4j2n,D,E
4j2o,A,D
4j2o,A,E
4j2o,B,D
4j2o,B,F
4j2o,C,E
4j2o,C,F
4j38,A,B
4j3f,A,B
4j3f,A,C
4j3f,A,D
4j3f,B,C
4j3f,B,D
4j3f,C,D
4j3j,A,B
4j3n,A,B
4j3q,A,B
4j40,A,B
4j41,A,B
4j41,C,D
4j42,A,B
4j4d,A,B
4j4t,A,B
4j4t,A,C
4j4t,A,D
4j4t,B,C
4j4t,B,D
4j4t,C,D
4j4t,E,F
4j4t,E,G
4j4t,E,H
4j4t,F,G
4j4t,F,H
4j4t,G,H
4j4y,A,B
4j4y,A,D
4j4y,B,C
4j4y,C,D
4j56,A,B
4j56,A,E
4j56,A,F
4j56,B,E
4j56,B,F
4j56,C,D
4j56,C,G
4j56,C,H
4j56,D,G
4j56,D,H
4j5j,A,B
4j5p,A,B
4j6f,A,B
4j6g,A,C
4j76,A,B
4j7k,C,D
4j7u,A,B
4j7x,A,B
4j7x,F,J
4j8u,A,B
4j8u,A,C
4j8u,A,E
4j8u,A,G
4j8u,B,C
4j8v,A,B
4j8v,B,D
4j8v,C,D
4j8v,E,F
4j8v,F,H
4j8v,G,H
4j8x,A,B
4j8x,A,E
4j8x,A,G
4j8x,B,D
4j8x,B,G
4j8x,B,H
4j8x,C,D
4j8x,C,E
4j8x,C,F
4j8x,D,F
4j8x,E,F
4j8x,F,H
4j8x,G,H
4j99,A,B
4j9a,B,D
4j9a,C,F
4j9v,A,B
4j9x,A,B
4j9y,B,R
4jby,A,B
4jc2,A,E
4jc2,B,C
4jc2,D,F
4jd1,A,B
4jde,A,B
4jdl,A,C
4jdo,A,B
4jdo,A,C
4jdo,B,C
4jdo,D,E
4jdo,D,F
4jdo,E,F
4jdo,G,H
4jdo,G,I
4jdo,H,I
4jdp,A,B
4jdr,A,B
4je3,A,B
4je5,A,B
4je9,A,B
4jeh,A,B
4jem,A,B
4jeq,A,B
4jeq,C,D
4jeq,E,F
4jeq,G,H
4jeq,I,J
4jeq,K,L
4jev,A,B
4jf0,A,B
4jf9,A,B
4jfa,A,C
4jge,A,B
4jgo,A,B
4jgp,A,B
4jgq,A,B
4jgr,A,B
4jgs,B,F
4jgs,B,I
4jgs,F,I
4jh1,A,B
4jh2,A,B
4jh3,A,B
4jh5,A,B
4jh6,A,B
4jh8,A,B
4jhc,A,B
4jhx,A,B
4jhx,A,C
4jhx,B,C
4ji1,B,H
4ji1,C,J
4ji1,C,N
4ji1,D,E
4ji1,E,H
4ji1,F,R
4ji1,G,I
4ji1,J,N
4ji1,K,R
4ji1,M,S
4jib,A,B
4jib,A,D
4jib,B,C
4jib,C,D
4jim,A,B
4jit,A,B
4jit,A,C
4jit,A,D
4jit,B,C
4jit,B,D
4jit,C,D
4jiv,A,B
4jiv,A,C
4jiv,A,D
4jiv,B,C
4jiv,B,D
4jiv,C,D
4jj3,A,B
4jj4,A,B
4jj6,A,B
4jj9,A,B
4jj9,A,C
4jj9,B,C
4jjh,A,B
4jji,A,B
4jjp,A,B
4jjt,A,B
4jjt,A,C
4jjt,B,C
4jjz,A,B
4jk3,A,B
4jkl,A,B
4jkm,A,B
4jko,A,B
4jkx,A,B
4jlk,A,B
4jls,E,H
4jls,E,I
4jls,E,J
4jls,H,I
4jls,H,J
4jls,I,J
4jly,A,B
4jly,A,C
4jly,A,E
4jly,A,F
4jly,B,C
4jly,B,D
4jly,C,D
4jly,C,E
4jly,E,F
4jn4,A,B
4jng,A,B
4jng,A,D
4jng,B,C
4jng,C,D
4jnk,A,B
4jnk,A,C
4jnk,A,D
4jnk,B,C
4jnk,B,D
4jnk,C,D
4joi,A,D
4joi,B,C
4jpg,A,B
4jpg,A,C
4jpg,B,D
4jpg,C,D
4jph,A,B
4jq6,A,B
4jq6,B,C
4jq9,A,B
4jq9,C,E
4jq9,D,F
4jqd,A,B
4jqh,A,B
4jqo,A,B
4jqo,A,C
4jqo,B,C
4jri,A,B
4jri,C,D
4jrp,A,B
4js4,A,B
4jsh,A,B
4jsl,A,B
4jsp,A,C
4jsp,B,D
4jst,A,B
4jt0,A,B
4jt0,A,G
4jt0,A,H
4jt0,A,I
4jt0,B,C
4jt0,B,I
4jt0,B,J
4jt0,C,D
4jt0,C,J
4jt0,C,K
4jt0,D,E
4jt0,D,K
4jt0,D,L
4jt0,E,F
4jt0,E,L
4jt0,E,M
4jt0,F,G
4jt0,F,M
4jt0,F,N
4jt0,G,H
4jt0,G,N
4jt0,H,I
4jt0,H,N
4jt0,H,Z
4jt0,H,a
4jt0,I,J
4jt0,I,Y
4jt0,I,Z
4jt0,J,K
4jt0,J,X
4jt0,J,Y
4jt0,K,L
4jt0,K,W
4jt0,K,X
4jt0,L,M
4jt0,L,V
4jt0,L,W
4jt0,M,N
4jt0,M,V
4jt0,M,b
4jt0,N,a
4jt0,N,b
4jt0,O,P
4jt0,O,U
4jt0,O,V
4jt0,O,W
4jt0,P,Q
4jt0,P,W
4jt0,P,X
4jt0,Q,R
4jt0,Q,X
4jt0,Q,Y
4jt0,R,S
4jt0,R,Y
4jt0,R,Z
4jt0,S,T
4jt0,S,Z
4jt0,S,a
4jt0,T,U
4jt0,T,a
4jt0,T,b
4jt0,U,V
4jt0,U,b
4jt0,V,W
4jt0,V,b
4jt0,W,X
4jt0,X,Y
4jt0,Y,Z
4jt0,Z,a
4jt0,a,b
4jt5,B,D
4jte,A,B
4jte,A,C
4jte,B,D
4jte,C,D
4jtf,A,B
4jtf,A,C
4jtf,B,D
4jtf,C,D
4jth,A,B
4jth,A,C
4jth,B,D
4jth,C,D
4jti,A,B
4jti,A,C
4jti,B,D
4jti,C,D
4jtk,A,B
4jtk,A,C
4jtk,B,D
4jtk,C,D
4juc,A,B
4juc,A,C
4juc,A,D
4juc,B,C
4juc,B,D
4juc,C,D
4jup,A,B
4juq,A,D
4juq,B,C
4jur,C,K
4jur,C,L
4jur,D,K
4jur,D,L
4jur,K,L
4jus,A,B
4jus,A,D
4jus,B,C
4jus,C,D
4jvo,A,B
4jvy,A,B
4jw3,A,C
4jw3,B,D
4jx0,A,B
4jx2,A,B
4jx4,A,B
4jx4,A,C
4jx4,B,D
4jx4,C,D
4jxk,A,B
4jxr,A,B
4jxw,A,B
4jyx,A,C
4jyx,E,H
4jyx,F,G
4jz8,A,B
4jz8,C,D
4jz9,C,D
4jza,A,B
4jzb,A,B
4jzx,A,B
4jzy,A,B
4k05,A,B
4k0b,A,B
4k0d,A,B
4k0k,B,H
4k0k,C,J
4k0k,C,N
4k0k,D,E
4k0k,E,H
4k0k,F,R
4k0k,G,I
4k0k,J,N
4k0k,K,R
4k0k,M,S
4k1f,A,B
4k1f,B,C
4k1f,C,D
4k1f,D,E
4k1w,A,B
4k1w,C,D
4k1z,A,B
4k1z,A,C
4k1z,B,D
4k1z,C,D
4k20,A,B
4k22,A,B
4k26,A,B
4k29,A,B
4k29,A,C
4k29,B,C
4k2b,A,B
4k2e,C,D
4k2f,A,B
4k2h,K,L
4k2i,A,B
4k3m,A,B
4k3o,A,B
4k3y,A,B
4k3y,A,C
4k3y,B,D
4k3y,C,D
4k49,B,C
4k4a,A,B
4k4a,C,D
4k4c,B,C
4k4d,A,B
4k4q,A,B
4k4r,A,B
4k5b,B,C
4k5e,A,B
4k5f,A,B
4k5g,A,B
4k5h,A,B
4k5j,A,B
4k6a,A,B
4k8k,A,B
4k8u,A,B
4k8u,A,C
4k8u,B,C
4k90,A,B
4k9c,A,B
4k9i,A,B
4k9n,A,B
4k9n,A,C
4k9n,A,D
4k9n,B,C
4k9n,B,D
4k9n,C,D
4k9o,A,B
4k9o,A,C
4k9o,A,D
4k9o,B,C
4k9o,B,D
4k9o,C,D
4kad,A,B
4kar,A,B
4kar,A,D
4kar,B,C
4kar,C,D
4kat,A,B
4kat,A,D
4kat,B,C
4kat,C,D
4kb3,A,B
4kb3,A,J
4kb3,B,C
4kb3,C,D
4kb3,D,E
4kb3,E,F
4kb3,F,G
4kb3,G,H
4kb3,H,I
4kb3,I,J
4kbb,A,C
4kbc,A,B
4kbj,A,B
4kbq,A,C
4kbq,B,D
4keh,A,B
4keh,A,D
4keh,B,C
4ket,A,C
4kf5,B,D
4kfn,A,B
4kfo,A,B
4kg2,A,B
4kgb,A,B
4kgc,A,B
4kgc,A,E
4kgc,A,G
4kgc,B,D
4kgc,B,G
4kgc,B,H
4kgc,C,D
4kgc,C,E
4kgc,C,F
4kgc,E,F
4kgc,F,H
4kgc,G,H
4kgd,A,B
4kgg,B,D
4kgh,A,B
4kgk,A,B
4kgk,A,C
4kgk,A,D
4kgk,B,C
4kgk,B,D
4kgk,C,D
4kgn,A,B
4kgn,E,F
4kgn,G,H
4kgq,A,C
4kgq,A,D
4kgq,B,C
4kgq,B,D
4kgq,C,D
4kh0,A,B
4kh0,B,D
4kh0,C,D
4kh1,A,B
4kh1,B,D
4kh1,C,D
4kh5,A,B
4khb,E,F
4kjw,A,B
4kl6,A,B
4kl6,C,D
4kln,A,B
4kln,A,F
4kln,B,C
4kln,C,D
4kln,D,E
4kln,E,F
4klr,A,B
4kmh,A,B
4kmi,A,B
4kmm,A,B
4kmo,A,B
4kmr,A,B
4kms,A,B
4kns,A,B
4kns,A,F
4kns,B,F
4kns,C,D
4kns,C,E
4kns,D,E
4ko1,L,S
4ko1,M,T
4ko2,L,S
4ko2,M,T
4ko3,M,T
4kod,A,E
4kod,A,F
4kod,B,D
4kod,B,F
4kod,C,D
4kod,C,E
4kod,G,K
4kod,G,L
4kod,H,J
4kod,H,L
4kod,I,J
4kod,I,K
4kp3,A,C
4kp3,B,D
4kp3,C,D
4kp8,A,B
4kpc,A,B
4kpe,A,B
4kpe,A,C
4kpe,A,D
4kpe,B,C
4kpe,B,D
4kpl,A,E
4kpl,B,D
4kpl,C,G
4kpl,F,H
4kpo,A,B
4kqn,A,B
4kqw,A,B
4kr6,A,B
4kr7,A,B
4kr9,A,B
4kry,A,B
4kry,C,D
4kry,E,F
4kt0,A,B
4kt0,A,C
4kt0,A,D
4kt0,A,E
4kt0,A,F
4kt0,A,K
4kt0,B,C
4kt0,B,D
4kt0,B,E
4kt0,B,F
4kt0,C,D
4kt0,C,E
4kt2,A,E
4kt2,C,G
4kt2,F,H
4kt5,A,B
4kt5,A,C
4kt5,B,C
4kt6,A,B
4kt6,C,D
4kt7,A,B
4ktb,A,B
4ktb,A,C
4ktb,A,D
4ktb,B,C
4ktb,B,D
4ktb,C,D
4ktm,A,B
4ktr,E,F
4ktv,A,B
4ktv,A,C
4ktv,A,D
4ktv,A,F
4ktv,B,C
4ktv,B,D
4ktv,B,F
4ktv,C,D
4ktv,C,E
4ktv,D,E
4ktw,A,B
4ku2,A,B
4kwd,C,D
4kwf,A,B
4kwf,A,C
4kwf,A,D
4kwf,B,C
4kwf,B,D
4kwf,C,D
4kwf,E,F
4kwf,E,G
4kwf,E,H
4kwf,F,G
4kwf,F,H
4kwf,G,H
4kwg,A,B
4kwg,A,C
4kwg,A,D
4kwg,B,C
4kwg,B,D
4kwg,C,D
4kwg,E,F
4kwg,E,G
4kwg,E,H
4kwg,F,G
4kwg,F,H
4kwg,G,H
4kwt,A,B
4kwt,A,C
4kwt,B,C
4kxl,A,B
4kxl,C,D
4kxp,A,B
4kxr,A,B
4kxr,B,C
4ky8,A,B
4ky8,C,D
4kyt,A,B
4kyt,B,C
4l00,A,B
4l03,A,B
4l08,C,F
4l0k,A,C
4l0k,B,D
4l27,B,D
4l28,A,C
4l28,B,D
4l2d,A,B
4l2d,C,D
4l2o,A,B
4l2o,E,G
4l4s,A,H
4l5b,A,B
4l5c,D,E
4l5c,D,F
4l5c,E,F
4l5l,A,B
4l5t,A,C
4l5t,A,D
4l5t,B,C
4l5t,B,D
4l5y,A,B
4l5y,A,C
4l5y,B,C
4l5y,D,E
4l5y,D,F
4l5y,E,F
4l62,A,B
4l62,C,D
4l62,E,F
4l62,G,H
4l62,I,J
4l62,K,L
4l63,A,C
4l63,A,D
4l63,A,E
4l63,B,C
4l63,B,F
4l63,C,D
4l63,D,E
4l63,E,F
4l6i,A,B
4l6i,A,C
4l6i,B,C
4l6i,D,E
4l6i,D,F
4l6i,E,F
4l6t,A,C
4l6t,A,D
4l6t,A,E
4l6t,B,C
4l6t,B,F
4l6t,C,D
4l6t,D,E
4l6t,E,F
4l74,A,B
4l75,C,D
4l75,E,F
4l76,C,D
4l76,E,F
4l7d,A,B
4l7d,B,C
4l7k,C,J
4l7k,D,I
4l7k,E,G
4l7k,F,K
4l7q,A,B
4l7q,A,C
4l7q,C,D
4l7q,D,F
4l7q,E,F
4l8f,A,B
4l8f,A,C
4l8f,C,D
4l8v,A,B
4l8v,A,C
4l8v,A,D
4l8v,B,C
4l8v,B,D
4l8v,C,D
4l8w,B,G
4l9n,A,B
4l9p,A,B
4la7,A,B
4lac,A,C
4lac,B,C
4laf,A,B
4laf,A,C
4laf,A,D
4laf,B,C
4laf,B,D
4laf,C,D
4lak,A,B
4lal,C,D
4lam,A,B
4lan,A,B
4lbi,A,C
4lbi,A,D
4lbi,B,C
4lbi,B,D
4lbq,B,C
4lc4,A,B
4lc5,A,B
4lc6,A,B
4lc9,A,B
4lca,A,B
4lcj,C,D
4lco,A,B
4lcp,A,B
4ld2,A,B
4ld4,A,B
4ld7,A,B
4ld7,A,C
4ld7,A,D
4ld7,B,C
4ld7,B,D
4ld7,C,D
4ld7,E,F
4ld7,E,G
4ld7,E,H
4ld7,F,G
4ld7,F,H
4ld7,G,H
4ld7,I,J
4ld7,I,K
4ld7,I,L
4ld7,J,K
4ld7,J,L
4ld7,K,L
4ld7,M,N
4ld7,M,O
4ld7,M,P
4ld7,N,O
4ld7,N,P
4ld7,O,P
4ldd,A,C
4ldd,B,C
4ldw,A,B
4ldx,A,B
4le2,A,B
4le2,C,D
4leh,A,B
4leh,A,C
4leh,B,C
4lei,A,B
4lez,A,C
4lf1,A,B
4lf1,E,F
4lf2,A,B
4lf2,C,D
4lf2,E,F
4lf8,B,H
4lf8,C,J
4lf8,C,N
4lf8,D,E
4lf8,E,H
4lf8,F,R
4lf8,J,N
4lf8,K,R
4lf8,M,S
4lf9,B,H
4lf9,C,J
4lf9,C,N
4lf9,D,E
4lf9,E,H
4lf9,F,R
4lf9,J,N
4lf9,K,R
4lf9,M,S
4lfm,A,B
4lfm,A,C
4lfm,A,D
4lfm,B,C
4lfm,B,D
4lfm,C,D
4lfn,A,B
4lfn,A,C
4lfn,A,D
4lfn,B,C
4lfn,B,D
4lfn,C,D
4lin,J,K
4lin,J,L
4lin,K,L
4liw,A,B
4lj2,A,B
4ljc,A,B
4ljc,A,C
4ljc,B,D
4ljc,C,D
4ljd,A,B
4ljd,A,C
4ljd,B,D
4ljd,C,D
4ljh,B,C
4ljh,B,D
4ljk,B,D
4ljk,C,E
4ljk,F,G
4ljq,B,C
4lk3,A,B
4lk3,A,F
4lk3,B,C
4lk3,C,D
4lk3,D,E
4lk3,E,F
4lk5,A,B
4lk5,A,C
4lk5,B,C
4lk6,C,J
4lk6,C,K
4lk6,I,J
4lk6,I,K
4lk7,A,B
4lkb,A,B
4lkb,A,C
4lkb,B,C
4lkb,D,E
4lkb,D,F
4lkb,E,F
4lke,A,C
4lke,A,D
4lke,B,C
4lke,B,D
4ll1,A,B
4ll1,A,C
4ll1,C,D
4ll7,A,C
4ll7,E,H
4lle,A,B
4llj,A,B
4llk,A,B
4llo,C,D
4llo,G,H
4llx,A,B
4lm0,A,B
4lm3,A,B
4lm6,A,B
4lm6,A,D
4lm6,B,C
4lm6,C,D
4lma,A,B
4lmf,B,C
4lmi,A,B
4lmx,E,F
4lmx,E,H
4lmx,F,G
4lmx,G,H
4lmy,A,B
4lqc,A,B
4lqi,A,B
4lqi,A,G
4lqi,A,H
4lqi,A,I
4lqi,B,C
4lqi,B,I
4lqi,B,J
4lqi,C,D
4lqi,C,J
4lqi,C,K
4lqi,D,E
4lqi,D,K
4lqi,D,L
4lqi,E,F
4lqi,E,L
4lqi,E,M
4lqi,F,G
4lqi,F,M
4lqi,F,N
4lqi,G,H
4lqi,G,N
4lqi,H,I
4lqi,H,N
4lqi,H,Z
4lqi,H,a
4lqi,I,J
4lqi,I,Y
4lqi,I,Z
4lqi,J,K
4lqi,J,X
4lqi,J,Y
4lqi,K,L
4lqi,K,W
4lqi,K,X
4lqi,L,M
4lqi,L,V
4lqi,L,W
4lqi,M,N
4lqi,M,V
4lqi,M,b
4lqi,N,a
4lqi,N,b
4lqi,O,P
4lqi,O,U
4lqi,O,V
4lqi,O,W
4lqi,P,Q
4lqi,P,W
4lqi,P,X
4lqi,Q,R
4lqi,Q,X
4lqi,R,S
4lqi,R,Y
4lqi,R,Z
4lqi,S,T
4lqi,S,Z
4lqi,S,a
4lqi,T,U
4lqi,T,a
4lqi,T,b
4lqi,U,V
4lqi,U,b
4lqi,V,W
4lqi,V,b
4lqi,W,X
4lqi,X,Y
4lqi,Y,Z
4lqi,Z,a
4lqi,a,b
4lqk,A,B
4lqk,C,D
4lql,A,B
4lql,A,C
4lql,A,E
4lql,A,F
4lql,B,C
4lql,B,D
4lql,B,E
4lql,C,D
4lql,C,F
4lql,D,E
4lql,D,F
4lql,E,F
4lqs,A,B
4lqx,A,B
4lr3,A,B
4lr3,A,D
4lr3,B,C
4lr3,C,D
4lr3,E,F
4lr3,E,H
4lr3,F,G
4lr3,G,H
4lr3,I,J
4lr3,I,L
4lr3,J,K
4lr3,K,L
4lr3,M,N
4lr3,M,P
4lr3,N,O
4lr3,O,P
4lrk,C,D
4lrq,A,C
4lrq,B,D
4lrv,A,E
4lrv,A,M
4lrv,B,D
4lrv,B,I
4lrv,B,K
4lrv,C,E
4lrv,C,M
4lrv,D,F
4lrv,D,G
4lrv,F,I
4lrv,F,P
4lrv,G,K
4lrv,G,P
4lrv,H,L
4lrv,H,N
4lrv,I,J
4lrv,J,K
4lrv,J,P
4lrv,L,O
4lrv,N,O
4lrz,A,F
4lrz,A,H
4lrz,B,F
4lrz,B,H
4lrz,F,H
4ls5,A,B
4ls6,A,B
4lsb,A,B
4lsd,C,D
4lsd,G,H
4lse,A,B
4lse,A,C
4lse,B,C
4lsi,A,B
4lsi,A,C
4lsi,B,C
4lts,A,B
4lu0,A,C
4lu0,A,D
4lu0,B,C
4lu0,B,D
4lu6,A,B
4lub,A,B
4lui,A,B
4luj,A,B
4lus,A,B
4lus,C,D
4luw,A,B
4lux,A,B
4luy,A,B
4lw8,A,B
4lws,A,B
4lwy,H,L
4lwy,H,M
4lwy,L,M
4lxq,A,B
4lxr,A,J
4lxr,A,K
4lxr,J,K
4lxx,A,B
4lxy,A,B
4lyy,A,B
4lyy,A,C
4lyy,B,D
4lyy,C,D
4lzb,D,H
4lzb,I,L
4lzj,A,D
4lzj,B,C
4lzw,A,B
4lzw,A,F
4lzw,B,C
4lzw,C,D
4lzw,D,E
4lzw,E,F
4m06,A,C
4m06,A,E
4m06,B,C
4m06,B,D
4m06,D,E
4m08,A,C
4m08,A,E
4m08,B,C
4m08,B,D
4m08,D,E
4m09,A,B
4m09,A,C
4m09,B,D
4m09,C,E
4m09,D,E
4m0d,A,D
4m0j,A,B
4m0k,A,B
4m0k,C,D
4m0p,A,B
4m0q,A,B
4m0r,A,B
4m0u,A,B
4m11,A,B
4m11,C,D
4m17,A,B
4m17,A,C
4m17,B,C
4m17,G,H
4m17,G,I
4m17,H,I
4m17,J,K
4m17,J,L
4m17,K,L
4m18,A,B
4m18,A,C
4m18,B,C
4m18,D,E
4m18,D,F
4m18,E,F
4m18,G,H
4m18,G,I
4m18,H,I
4m19,A,B
4m19,A,C
4m19,B,D
4m19,C,D
4m1h,A,B
4m1i,A,B
4m1i,C,D
4m1j,A,C
4m1l,A,B
4m33,A,B
4m33,A,C
4m33,B,C
4m33,C,D
4m34,A,B
4m34,A,C
4m34,B,C
4m34,C,D
4m3h,A,B
4m3h,A,C
4m3h,B,C
4m52,A,D
4m55,A,B
4m55,A,F
4m55,B,C
4m55,C,D
4m55,D,E
4m55,E,F
4m59,A,B
4m69,A,B
4m6a,A,B
4m6b,D,F
4m6p,A,B
4m6v,A,B
4m6v,A,C
4m6v,B,D
4m6v,C,D
4m6w,A,B
4m70,B,H
4m70,I,J
4m70,K,Q
4m72,A,B
4m73,A,B
4m86,A,B
4m87,A,B
4m8l,B,D
4m8r,A,B
4m8x,A,B
4mae,A,B
4mak,A,B
4mam,A,B
4mar,A,B
4mar,A,C
4mb0,A,B
4mb0,C,D
4mb2,A,B
4mb2,C,D
4mb8,A,B
4mb8,A,C
4mb8,A,D
4mb8,B,C
4mb8,B,D
4mb8,C,D
4mbq,A,B
4mbq,A,E
4mbq,C,D
4mbq,D,F
4mby,A,B
4mby,A,E
4mby,B,C
4mby,C,D
4mby,D,E
4mc9,A,B
4mcj,I,J
4mct,A,B
4mct,A,C
4mct,C,D
4mcw,A,B
4mcx,A,B
4mcx,A,C
4mcx,C,D
4mcx,E,F
4mdc,A,B
4mdc,C,D
4mdf,A,B
4mdu,A,B
4mdv,A,B
4meb,A,B
4mel,A,B
4mf0,A,B
4mh1,A,B
4mh4,A,B
4mhx,A,B
4mi4,A,C
4mi4,B,C
4mim,A,B
4mim,A,C
4mim,B,D
4mim,C,D
4mis,A,B
4miv,G,H
4miy,A,B
4miy,A,C
4miy,A,D
4miy,B,C
4miy,B,D
4miy,C,D
4mj0,A,B
4mj0,A,E
4mj0,B,C
4mj0,C,D
4mj0,D,E
4mjk,A,B
4mjr,A,B
4mjs,E,F
4mjs,I,J
4mjs,Q,R
4mjx,A,B
4mk4,A,B
4mki,A,B
4mkr,A,B
4mkr,C,D
4mks,A,B
4ml0,E,F
4ml0,E,G
4ml0,G,H
4ml3,B,D
4mmd,A,B
4mmk,A,B
4mmk,A,F
4mmk,B,C
4mmk,C,D
4mmk,D,E
4mmk,E,F
4mmk,G,H
4mmk,G,L
4mmk,H,I
4mmk,I,J
4mmk,J,K
4mmk,K,L
4mmn,D,E
4mmq,A,B
4mmr,A,B
4mmv,A,B
4mmx,A,B
4mmx,B,C
4mn8,A,B
4mo5,A,B
4mo5,C,D
4moj,A,B
4moj,A,C
4moj,A,D
4moj,B,C
4moj,B,D
4moj,C,D
4mow,A,B
4mow,A,C
4mow,B,D
4mow,C,D
4mp4,A,B
4mpb,A,B
4mph,A,B
4mpm,A,B
4mpy,A,B
4mpy,A,C
4mpy,A,D
4mpy,B,C
4mpy,B,D
4mpy,C,D
4mpy,E,F
4mpy,E,G
4mpy,E,H
4mpy,F,G
4mpy,F,H
4mpy,G,H
4mq9,A,B
4mq9,A,C
4mq9,B,C
4mq9,B,D
4mq9,C,D
4mq9,C,F
4mq9,D,E
4mq9,D,F
4mqb,A,B
4mqf,A,B
4mqq,A,B
4mqr,A,B
4mr7,A,B
4mrn,A,B
4mrp,A,B
4mrr,A,B
4mrs,A,B
4mrt,A,C
4mrv,A,B
4ms2,A,B
4ms2,A,C
4ms2,B,D
4ms2,C,D
4msp,A,B
4mtg,A,B
4mtg,A,C
4mtg,B,D
4mtg,C,D
4mtl,A,B
4mtq,A,B
4mts,A,B
4mtt,A,B
4mtz,A,C
4mud,A,B
4mud,C,D
4mue,A,B
4mug,A,B
4muo,A,B
4mur,A,B
4mus,A,B
4mut,A,B
4mvm,A,B
4mvm,A,C
4mvm,B,D
4mvm,C,D
4mvo,A,B
4mvo,A,C
4mvo,B,D
4mvo,C,D
4mvz,A,B
4mvz,A,C
4mvz,B,D
4mvz,C,D
4mw3,A,B
4mw3,A,C
4mw3,B,D
4mw3,C,D
4mwa,A,B
4mwa,A,D
4mwa,B,C
4mwa,C,D
4mws,A,B
4mx2,A,B
4mx2,A,E
4mx2,A,F
4mx2,B,E
4mx2,B,F
4mx2,C,D
4mx2,C,G
4mx2,C,H
4mx2,D,G
4mx2,D,H
4mx2,E,F
4mx2,G,H
4mxm,A,B
4my5,A,B
4my5,C,D
4my9,A,B
4my9,A,C
4my9,B,D
4my9,C,D
4my9,E,F
4my9,E,G
4my9,F,H
4my9,G,H
4myc,A,B
4myh,A,B
4myp,A,B
4myy,A,B
4mza,A,B
4mzm,A,B
4mzm,C,D
4mzq,A,B
4mzq,A,C
4mzq,A,E
4mzq,A,F
4mzq,B,C
4mzq,B,D
4mzq,B,E
4mzq,C,D
4mzq,C,F
4mzq,D,E
4mzq,D,F
4mzq,E,F
4mzq,G,H
4mzq,G,I
4mzq,G,K
4mzq,G,L
4mzq,H,I
4mzq,H,J
4mzq,H,K
4mzq,I,J
4mzq,I,L
4mzq,J,K
4mzq,J,L
4mzq,K,L
4mzt,A,B
4mzw,A,B
4n05,A,B
4n05,C,D
4n05,E,F
4n0g,B,D
4n0h,A,B
4n0h,A,F
4n0h,B,F
4n1j,C,D
4n1k,A,B
4n1k,C,D
4n1y,C,D
4n21,A,B
4n21,A,C
4n21,B,C
4n21,D,E
4n21,D,F
4n21,E,F
4n23,A,B
4n23,A,C
4n23,B,C
4n2x,A,B
4n2x,A,D
4n2x,A,F
4n2x,B,E
4n2x,B,G
4n2x,D,E
4n2x,D,F
4n2x,E,G
4n2x,F,G
4n36,A,C
4n36,B,D
4n3y,B,C
4n4o,A,B
4n4o,A,C
4n4o,A,D
4n4o,A,E
4n4o,B,E
4n4o,C,D
4n4o,C,E
4n4o,C,F
4n4o,E,F
4n4q,A,B
4n4q,A,C
4n4q,B,D
4n4q,C,D
4n4r,A,B
4n5b,A,B
4n5b,A,C
4n5b,A,D
4n5b,B,C
4n5b,B,D
4n5b,C,D
4n5b,E,F
4n5b,E,G
4n5b,E,H
4n5b,F,G
4n5b,F,H
4n5b,G,H
4n6s,A,B
4n72,A,B
4n72,A,C
4n72,B,C
4n78,A,B
4n78,A,D
4n78,A,E
4n78,A,F
4n78,B,F
4n78,D,E
4n78,D,F
4n78,E,F
4n7r,A,B
4n7r,A,C
4n7r,B,D
4n7r,C,D
4n7s,A,B
4n7s,C,D
4n7v,A,B
4n7v,A,C
4n83,C,D
4n8d,A,B
4n8m,A,B
4n8m,A,E
4n8m,B,C
4n8m,C,D
4n8m,D,E
4n97,A,B
4n9a,A,B
4n9i,C,D
4n9j,A,B
4n9n,A,B
4na1,A,B
4nah,A,B
4nah,A,C
4nah,A,D
4nah,B,C
4nah,B,F
4nah,C,E
4nah,D,E
4nah,D,F
4nah,E,F
4nat,A,B
4nat,A,C
4nat,B,C
4nau,A,B
4nau,A,C
4nau,B,C
4nav,C,D
4nb2,A,B
4nb4,A,B
4nb4,C,D
4nbq,A,B
4nbq,A,C
4nbq,B,C
4nbu,A,C
4nbu,A,D
4nbu,B,C
4nbu,B,D
4nc7,A,B
4nc8,A,B
4nc9,C,D
4nct,A,B
4nct,A,D
4nct,B,C
4nct,C,D
4ncz,A,C
4ncz,B,C
4nd1,A,B
4nd2,A,B
4nd5,A,B
4nd5,C,D
4ndk,A,B
4ndn,A,B
4ndn,A,C
4ndn,A,D
4ndn,A,F
4ndn,B,C
4ndn,B,D
4ndn,B,F
4ndn,C,D
4ndn,C,E
4ndn,D,E
4ndr,A,B
4ndv,A,B
4ndz,A,B
4ndz,A,C
4ndz,B,C
4ndz,D,E
4ndz,D,F
4ndz,E,F
4ne3,A,B
4nea,B,D
4nek,C,D
4nek,C,E
4nek,D,E
4nex,A,B
4ney,A,B
4nf1,A,B
4nf1,E,F
4nf1,G,H
4nfh,A,B
4nft,C,F
4nfw,C,G
4nfw,D,E
4nfx,G,H
4nfy,A,B
4ng3,C,F
4nh4,A,B
4nhw,A,B
4nhw,C,D
4nhz,C,D
4ni8,A,H
4ni8,B,G
4ni8,C,F
4nic,C,D
4njg,A,B
4nji,A,B
4njk,A,B
4njo,A,B
4nju,C,D
4nk2,A,B
4nk4,A,B
4nk4,C,D
4nk4,C,E
4nk4,C,F
4nk4,D,E
4nk4,D,F
4nk4,E,F
4nk9,A,B
4nkb,A,B
4nkg,A,B
4nkq,A,C
4nkr,B,E
4nkr,C,D
4nl5,A,B
4nnu,A,B
4nnw,A,B
4nnw,A,G
4nnw,A,H
4nnw,A,I
4nnw,B,C
4nnw,B,I
4nnw,B,J
4nnw,C,D
4nnw,C,J
4nnw,C,K
4nnw,D,E
4nnw,D,K
4nnw,D,L
4nnw,E,F
4nnw,E,L
4nnw,E,M
4nnw,F,G
4nnw,F,M
4nnw,F,N
4nnw,G,H
4nnw,G,N
4nnw,H,I
4nnw,H,N
4nnw,H,Z
4nnw,H,a
4nnw,I,J
4nnw,I,Y
4nnw,I,Z
4nnw,J,K
4nnw,J,X
4nnw,J,Y
4nnw,K,L
4nnw,K,W
4nnw,K,X
4nnw,L,M
4nnw,L,V
4nnw,L,W
4nnw,M,N
4nnw,M,V
4nnw,M,b
4nnw,N,a
4nnw,N,b
4nnw,O,P
4nnw,O,U
4nnw,O,V
4nnw,O,W
4nnw,P,Q
4nnw,P,W
4nnw,P,X
4nnw,Q,R
4nnw,Q,X
4nnw,Q,Y
4nnw,R,S
4nnw,R,Y
4nnw,R,Z
4nnw,S,T
4nnw,S,Z
4nnw,S,a
4nnw,T,U
4nnw,T,a
4nnw,T,b
4nnw,U,V
4nnw,U,b
4nnw,V,W
4nnw,V,b
4nnw,W,X
4nnw,X,Y
4nnw,Y,Z
4nnw,Z,a
4nnw,a,b
4npa,A,B
4npa,A,D
4npa,B,C
4npa,C,D
4npo,A,B
4nq3,A,B
4nsl,A,B
4nsl,A,C
4nsl,A,D
4nsl,B,C
4nsl,B,D
4nsl,C,D
4nso,A,B
4nu7,A,C
4nu7,B,D
4nv1,A,B
4nv1,C,D
4nv1,E,F
4nv1,G,H
4nvq,A,B
4nvr,A,C
4nvr,B,D
4nvt,A,D
4nvt,B,C
4nwv,A,B
4nyo,A,B
4nyo,A,C
4nyo,B,C
4nyo,D,E
4nyo,D,F
4nyo,E,F
4nyt,A,B
4nyt,A,C
4nyt,B,C
4nz0,D,F
4nz3,A,B
4nzb,K,L
4nzb,K,O
4nzb,L,M
4nzb,M,N
4nzb,N,O
4nzf,A,B
4nzf,A,C
4nzf,B,D
4nzf,C,D
4nzf,E,F
4nzf,E,G
4nzf,F,H
4nzf,G,H
4nzg,A,B
4nzg,A,C
4nzg,A,D
4nzg,B,C
4nzg,B,D
4nzg,C,D
4nzs,A,B
4nzv,A,B
4o0c,A,B
4o0d,A,B
4o0e,A,B
4o0f,A,B
4o0l,A,B
4o0l,A,C
4o0l,A,D
4o0l,B,C
4o0l,B,D
4o0l,C,D
4o0n,A,B
4o0n,A,C
4o0n,A,D
4o0n,B,C
4o0n,B,F
4o0n,C,E
4o0n,D,E
4o0n,D,F
4o0n,E,F
4o0n,G,H
4o0n,G,I
4o0n,G,K
4o0n,H,I
4o0n,H,J
4o0n,I,L
4o0n,J,K
4o0n,J,L
4o0n,K,L
4o0q,A,B
4o11,A,B
4o15,A,B
4o1c,A,B
4o1f,A,B
4o1i,A,B
4o1i,C,D
4o1m,A,B
4o1m,A,C
4o1m,A,E
4o1m,B,C
4o1m,B,E
4o1m,C,E
4o1o,A,B
4o1o,C,D
4o1p,A,B
4o1w,B,C
4o1z,A,B
4o23,A,B
4o38,A,B
4o3b,A,B
4o47,A,B
4o4b,A,B
4o4j,A,B
4o4j,A,E
4o4j,A,F
4o4j,B,C
4o4j,B,E
4o4j,B,F
4o4j,C,D
4o4j,C,E
4o4j,D,E
4o4k,A,B
4o4o,A,B
4o4s,A,B
4o4s,C,D
4o4s,E,F
4o4s,G,H
4o4s,I,J
4o4s,K,L
4o5g,A,B
4o5o,A,B
4o62,A,C
4o62,B,C
4o6a,A,B
4o6b,A,B
4o6c,A,B
4o6c,E,F
4o6v,A,B
4o6v,A,C
4o6v,A,D
4o6v,B,C
4o6v,B,D
4o6v,C,D
4o6y,A,B
4o79,A,B
4o7g,A,B
4o7j,A,B
4o7o,A,B
4o81,A,B
4o83,A,B
4o84,A,B
4o8k,A,B
4o8r,C,D
4o8r,E,F
4o8r,G,H
4o8r,I,J
4o8r,K,L
4o8w,A,B
4o8w,A,C
4o8w,B,C
4o8w,D,E
4o8w,D,F
4o8w,E,F
4o93,A,B
4o93,A,C
4o93,A,D
4o93,B,C
4o93,C,D
4o98,A,B
4o9c,A,B
4o9c,A,E
4o9c,A,F
4o9c,B,E
4o9c,B,F
4o9c,C,D
4o9c,C,G
4o9c,C,H
4o9c,D,G
4o9c,D,H
4o9c,E,F
4o9c,G,H
4oah,B,D
4oao,A,B
4oav,B,D
4ob2,A,B
4ob9,A,B
4obd,A,B
4obd,C,D
4obf,A,B
4obf,C,D
4obg,A,B
4obh,A,B
4obk,A,B
4obu,B,C
4obu,E,H
4obw,C,D
4oc9,E,F
4oc9,E,K
4oc9,E,L
4oc9,F,K
4oc9,F,L
4oc9,K,L
4ocg,A,B
4od8,B,D
4oda,A,C
4oda,B,D
4oe1,A,B
4oe6,A,B
4oe7,A,B
4oe7,A,C
4oe7,B,D
4oe7,C,D
4ofc,A,B
4ofc,A,F
4ofc,B,C
4ofc,D,E
4ofn,A,B
4ofw,A,B
4ofw,A,C
4ofw,B,C
4ogd,A,B
4ogg,A,B
4ogg,A,C
4ogg,B,C
4ogk,A,B
4ogk,A,F
4ogk,B,C
4ogk,C,D
4ogk,D,E
4ogk,E,F
4ohf,A,B
4ohf,C,D
4oi3,A,B
4oid,A,B
4oik,A,B
4oip,A,B
4oip,A,C
4oip,B,C
4oip,B,D
4oip,C,D
4oip,C,F
4oip,D,E
4oip,D,F
4oir,A,B
4oir,A,C
4oir,B,C
4oir,B,D
4oir,C,D
4oir,C,F
4oir,D,E
4oir,D,F
4oiz,A,B
4ojp,A,B
4ojp,A,C
4ojp,B,C
4ojq,A,B
4ojy,A,B
4ojy,A,C
4ojy,B,C
4ok4,A,B
4ok7,A,B
4ok7,A,C
4ok7,B,C
4ok9,A,B
4okd,A,B
4okk,A,B
4oks,A,B
4olc,A,B
4olp,A,B
4olp,C,D
4olq,A,B
4olq,A,C
4olq,B,C
4olq,D,E
4olq,D,F
4olq,E,F
4om4,A,B
4om4,A,C
4omg,A,B
4omh,A,B
4omy,A,B
4omy,C,D
4opa,A,B
4opp,A,B
4opp,A,C
4opp,C,D
4opx,A,C
4oqb,D,F
4oqx,A,B
4or9,A,B
4orb,A,B
4orv,A,B
4orv,C,D
4oso,A,B
4osp,A,B
4osp,A,D
4osp,B,C
4osp,C,D
4ota,A,B
4ota,A,C
4ota,A,E
4ota,B,D
4ota,B,F
4ota,C,D
4ota,C,E
4ota,D,F
4ota,E,F
4ota,G,H
4ota,G,I
4ota,G,K
4ota,H,J
4ota,H,L
4ota,I,J
4ota,I,K
4ota,J,L
4ota,K,L
4ota,M,N
4ota,M,O
4ota,M,Q
4ota,N,P
4ota,N,R
4ota,O,P
4ota,O,Q
4ota,P,R
4ota,Q,R
4otb,A,B
4otb,C,D
4otb,I,J
4otc,B,C
4otc,D,E
4otc,F,G
4otc,H,I
4ote,A,B
4otn,A,B
4ou7,A,B
4ou7,A,C
4ou7,B,D
4ou7,C,E
4oug,A,B
4oug,C,D
4ovf,A,B
4ovm,C,D
4ovm,E,F
4ovm,G,H
4ow2,A,C
4ow2,B,D
4owf,A,B
4owp,A,B
4ows,A,B
4owu,A,B
4owv,A,B
4oww,A,B
4oww,A,C
4owy,A,B
4owy,C,D
4ox0,A,D
4ox0,B,C
4ox8,A,B
4ox8,A,C
4ox8,B,F
4ox8,C,D
4ox8,D,E
4ox8,E,F
4oxb,A,B
4oxf,A,B
4oxq,A,B
4oxy,A,B
4oxy,A,C
4oxy,A,D
4oxy,B,C
4oxy,B,D
4oxy,C,D
4oyd,A,B
4oyd,C,D
4oyf,A,B
4oyf,A,C
4oyf,A,E
4oyf,B,C
4oyf,B,D
4oyf,C,F
4oyf,D,E
4oyf,D,F
4oyf,E,F
4p01,A,B
4p01,A,C
4p01,B,C
4p02,A,B
4p04,A,B
4p07,A,B
4p0q,A,B
4p12,A,D
4p12,B,C
4p18,A,B
4p18,A,C
4p18,A,D
4p18,A,M
4p18,A,R
4p18,B,M
4p18,B,R
4p18,B,U
4p18,B,V
4p18,C,D
4p18,C,F
4p18,C,S
4p18,C,T
4p18,D,F
4p18,D,M
4p18,D,N
4p18,E,G
4p18,E,H
4p18,E,I
4p18,E,J
4p18,E,L
4p18,F,G
4p18,F,P
4p18,F,S
4p18,G,I
4p18,G,P
4p18,G,S
4p18,H,J
4p18,H,K
4p18,H,L
4p18,H,Q
4p18,I,L
4p18,I,O
4p18,I,P
4p18,J,Q
4p18,J,S
4p18,J,T
4p18,K,L
4p18,K,U
4p18,K,V
4p18,K,X
4p18,L,X
4p18,M,N
4p18,M,W
4p18,N,O
4p18,N,P
4p18,N,W
4p18,O,P
4p18,O,W
4p18,O,X
4p18,Q,R
4p18,Q,T
4p18,Q,U
4p18,R,T
4p18,R,U
4p18,S,T
4p18,U,V
4p18,V,W
4p18,V,X
4p18,W,X
4p1n,A,B
4p1n,A,C
4p1n,B,C
4p1n,B,D
4p1o,A,B
4p1v,A,B
4p1v,C,D
4p22,A,B
4p25,A,B
4p26,A,B
4p26,C,D
4p2v,A,D
4p2v,A,E
4p2v,A,G
4p2v,A,K
4p2v,B,C
4p2v,B,E
4p2v,B,F
4p2v,B,I
4p2v,C,D
4p2v,C,H
4p2v,C,I
4p2v,D,G
4p2v,D,H
4p2v,E,F
4p2v,E,K
4p2v,F,I
4p2v,F,K
4p2v,G,H
4p2v,G,K
4p2v,H,I
4p2y,A,B
4p2z,A,B
4p2z,C,D
4p42,A,B
4p5h,M,N
4p5h,M,O
4p5h,N,O
4p6b,A,B
4p6r,A,B
4p6s,A,B
4p6y,A,B
4p6y,A,C
4p6y,A,K
4p6y,B,C
4p6y,B,F
4p6y,C,D
4p6y,D,G
4p6y,D,I
4p6y,E,F
4p6y,E,G
4p6y,E,H
4p6y,F,H
4p6y,G,I
4p6y,H,J
4p6y,I,L
4p6y,J,K
4p6y,J,L
4p6y,K,L
4p74,A,B
4p74,A,C
4p74,A,D
4p74,B,C
4p74,B,D
4p75,A,B
4p75,A,C
4p75,A,D
4p75,B,C
4p75,B,D
4p78,A,B
4p78,A,D
4p78,B,C
4p7c,A,B
4p7i,A,C
4p7i,B,D
4p7s,A,B
4p7s,A,C
4p7s,B,C
4p80,A,B
4p8j,A,B
4p8q,A,B
4p93,A,B
4p96,A,B
4p9c,A,K
4p9c,A,L
4p9c,B,G
4p9c,B,H
4p9c,C,H
4p9c,C,I
4p9c,D,G
4p9c,D,I
4p9c,E,J
4p9c,E,K
4p9c,F,J
4p9c,F,L
4p9d,A,B
4p9d,A,D
4p9d,B,C
4p9d,C,F
4p9d,D,E
4p9d,E,F
4p9f,A,B
4pa3,A,B
4pa3,C,D
4pa5,A,B
4pa9,A,B
4par,A,B
4par,C,D
4pav,A,E
4pav,B,D
4pav,B,F
4pb3,A,B
4pbf,A,B
4pbv,A,C
4pbv,B,D
4pbw,B,E
4pdw,A,C
4pdw,A,D
4pdw,B,C
4pel,A,B
4pel,C,D
4pel,E,F
4pel,G,H
4peo,A,B
4pf5,A,B
4pf7,A,B
4pf9,A,B
4pff,A,B
4pfq,A,D
4pfq,A,H
4pfq,B,C
4pfq,B,G
4pfq,C,E
4pfq,D,F
4pfq,E,G
4pfq,F,H
4pg4,A,B
4pg5,A,B
4pgg,A,B
4pgt,A,B
4ph0,A,B
4ph0,A,F
4ph0,B,C
4ph0,C,D
4ph0,D,E
4ph0,E,F
4ph6,A,B
4phc,A,B
4phc,C,D
4phn,A,B
4pht,A,X
4pht,C,Z
4phv,A,B
4pi2,A,B
4pi2,A,C
4pi2,A,E
4pi2,A,F
4pi2,A,I
4pi2,B,C
4pi2,B,I
4pi2,B,K
4pi2,C,F
4pi2,E,F
4pi2,E,G
4pi2,E,I
4pi2,E,J
4pi2,F,G
4pi2,G,J
4pi2,I,J
4pi2,I,K
4pi2,J,K
4pib,E,F
4pib,I,J
4pif,C,D
4pit,A,B
4pit,C,D
4pj1,1,2
4pj1,1,M
4pj1,1,Z
4pj1,2,N
4pj1,2,V
4pj1,A,B
4pj1,A,G
4pj1,A,H
4pj1,A,N
4pj1,A,O
4pj1,B,C
4pj1,B,M
4pj1,B,N
4pj1,B,P
4pj1,C,D
4pj1,C,L
4pj1,C,M
4pj1,C,Q
4pj1,D,E
4pj1,D,K
4pj1,D,L
4pj1,D,R
4pj1,E,F
4pj1,E,J
4pj1,E,K
4pj1,E,S
4pj1,F,G
4pj1,F,I
4pj1,F,J
4pj1,F,T
4pj1,G,H
4pj1,G,I
4pj1,G,U
4pj1,H,I
4pj1,H,N
4pj1,H,V
4pj1,I,J
4pj1,I,W
4pj1,J,K
4pj1,J,X
4pj1,K,L
4pj1,K,Y
4pj1,L,M
4pj1,L,Z
4pj1,M,N
4pj1,O,P
4pj1,O,U
4pj1,P,Q
4pj1,Q,R
4pj1,R,S
4pj1,S,T
4pj1,T,U
4pj1,V,W
4pj1,W,X
4pj1,X,Y
4pj1,Y,Z
4pkc,A,C
4pkf,A,B
4pkf,A,C
4plb,B,D
4plr,A,B
4plv,A,B
4plv,A,C
4plv,A,D
4plv,B,C
4plv,B,D
4plv,C,D
4plw,A,B
4plw,A,C
4plw,A,D
4plw,B,C
4plw,C,D
4ply,E,F
4ply,E,G
4ply,E,H
4ply,F,G
4ply,F,H
4ply,G,H
4pmi,B,C
4pmu,E,F
4pn1,A,B
4pn1,C,D
4pn3,A,B
4pn3,A,D
4pn3,B,C
4pn3,C,D
4pn6,A,B
4png,A,B
4pnv,A,B
4pnz,A,B
4pof,A,B
4pof,A,F
4pof,B,C
4pof,C,D
4pof,D,E
4pof,E,F
4pog,A,B
4pog,A,F
4pog,B,C
4pog,C,D
4pog,D,E
4pog,E,F
4pog,G,H
4pog,G,L
4pog,H,I
4pog,I,J
4pog,J,K
4pog,K,L
4pon,A,B
4poq,A,B
4poq,A,E
4poq,B,C
4poq,C,D
4poq,D,E
4pp8,A,B
4pp8,A,C
4pp8,B,C
4ppc,A,B
4ppd,A,B
4ppd,C,D
4ppd,E,G
4ppd,F,G
4ppk,C,D
4prk,A,B
4prs,A,B
4psh,A,B
4psm,A,B
4psm,A,C
4psm,A,D
4psm,B,C
4psm,B,D
4psm,C,D
4psx,A,B
4ptn,A,B
4ptn,A,C
4ptn,B,D
4ptn,C,D
4pts,A,B
4ptz,A,B
4ptz,C,D
4pu6,A,B
4pu6,A,D
4pu6,B,C
4pu6,B,D
4pu6,C,D
4puc,A,B
4pup,B,C
4pur,A,B
4pv2,A,B
4pv2,A,D
4pv2,B,C
4pv2,B,D
4pv2,C,D
4pv3,A,B
4pv3,A,D
4pv3,B,C
4pv3,B,D
4pv3,C,D
4pvp,A,B
4pvq,A,B
4pvr,A,B
4px1,A,B
4pxe,A,B
4pxh,A,B
4pxh,C,D
4pxh,E,F
4pxi,A,B
4pxj,A,B
4pxn,A,B
4pxo,A,B
4pxq,A,B
4pxt,A,B
4py4,A,B
4pz9,A,B
4pza,A,B
4pzd,B,C
4pzd,D,G
4pzd,E,F
4pzd,H,I
4pzf,A,C
4pzl,A,B
4pzl,C,D
4pzn,A,B
4pzn,A,C
4pzn,B,D
4pzn,D,E
4pzo,A,B
4pzo,B,C
4pzo,C,D
4pzo,D,E
4pzo,E,F
4q04,A,B
4q05,A,B
4q0c,A,B
4q0c,C,D
4q0d,A,E
4q0e,A,C
4q0e,B,D
4q0l,A,B
4q0l,C,D
4q1b,A,B
4q1c,A,B
4q1d,A,B
4q1e,A,B
4q1g,A,B
4q1g,A,C
4q1g,B,C
4q1i,A,B
4q1i,A,C
4q1i,B,C
4q1v,A,B
4q1x,A,B
4q1y,A,B
4q20,A,B
4q25,A,B
4q2b,C,D
4q2h,A,B
4q2j,A,B
4q2j,A,C
4q2j,B,D
4q2j,C,D
4q2n,A,B
4q2o,C,D
4q2u,A,B
4q2u,A,O
4q2u,E,F
4q2u,E,I
4q2u,I,J
4q2u,O,P
4q30,B,D
4q31,A,B
4q31,A,C
4q31,A,D
4q31,B,C
4q31,B,D
4q31,C,D
4q35,A,B
4q3l,A,B
4q3l,A,C
4q3l,B,D
4q3l,C,D
4q3l,E,G
4q3l,E,H
4q3l,F,G
4q3l,F,H
4q3o,A,B
4q3o,C,F
4q3o,D,G
4q4a,A,B
4q4v,1,2
4q4v,2,3
4q4v,2,4
4q4v,3,4
4q4x,1,2
4q4x,1,3
4q4x,1,4
4q4x,2,3
4q4x,3,4
4q4y,1,2
4q4y,1,4
4q4y,2,4
4q52,A,D
4q52,B,C
4q57,A,B
4q5b,A,B
4q5n,A,B
4q5r,C,D
4q5s,A,B
4q5s,A,C
4q5s,B,C
4q5s,B,D
4q5s,C,D
4q5s,C,F
4q5s,D,E
4q5s,D,F
4q72,A,B
4q77,A,B
4q7c,A,B
4q7e,A,B
4q7h,A,B
4q7h,C,D
4q7i,A,B
4q84,A,B
4q86,A,B
4q8s,A,B
4q92,A,B
4q96,A,B
4q9a,A,B
4q9m,A,B
4q9v,A,B
4qa0,A,B
4qa3,A,B
4qba,A,B
4qbl,A,E
4qbl,B,F
4qbl,C,D
4qca,A,B
4qca,C,D
4qd2,A,B
4qd2,A,E
4qd2,B,C
4qd2,B,D
4qd2,B,E
4qd2,C,D
4qd2,F,G
4qd2,F,J
4qd2,G,H
4qd2,G,I
4qd2,G,J
4qd2,H,I
4qd7,E,F
4qd8,C,D
4qd8,C,E
4qd8,D,F
4qd8,E,F
4qd9,C,D
4qd9,C,E
4qd9,D,F
4qd9,E,F
4qde,A,B
4qde,C,D
4qdl,A,B
4qdl,B,E
4qdl,B,F
4qdl,C,D
4qdl,D,E
4qdl,D,F
4qdl,E,F
4qf2,A,C
4qf2,B,D
4qfb,A,B
4qfe,A,D
4qfe,A,F
4qfe,D,F
4qfg,A,B
4qfg,A,C
4qfg,B,C
4qfo,A,B
4qfv,A,B
4qfv,C,D
4qfw,A,B
4qfw,A,C
4qfw,B,D
4qfw,C,D
4qfx,A,B
4qfx,A,C
4qfx,A,D
4qfx,B,C
4qfx,B,D
4qfx,C,D
4qg8,A,B
4qg8,A,D
4qg8,B,C
4qg8,C,D
4qgb,A,B
4qgf,A,B
4qgg,A,B
4qgk,A,B
4qhi,A,B
4qhi,C,D
4qhr,A,B
4qhz,A,B
4qhz,A,C
4qhz,A,D
4qhz,B,C
4qhz,B,D
4qhz,C,D
4qid,A,B
4qii,A,B
4qii,A,C
4qii,A,D
4qii,A,F
4qii,B,C
4qii,B,E
4qii,B,F
4qii,C,D
4qii,C,E
4qii,D,E
4qii,D,F
4qii,E,F
4qii,G,H
4qii,G,I
4qii,G,J
4qii,G,L
4qii,H,I
4qii,H,K
4qii,H,L
4qii,I,J
4qii,I,K
4qii,J,K
4qii,J,L
4qii,K,L
4qij,A,B
4qij,A,C
4qij,A,D
4qij,A,F
4qij,B,C
4qij,B,E
4qij,B,F
4qij,C,D
4qij,C,E
4qij,D,E
4qij,D,F
4qij,E,F
4qik,A,B
4qis,A,B
4qit,A,B
4qiu,A,B
4qiv,A,B
4qiv,A,C
4qiw,A,B
4qiw,A,C
4qiw,A,H
4qiw,A,K
4qiw,A,L
4qiw,B,C
4qiw,B,D
4qiw,B,E
4qiw,B,L
4qiw,B,N
4qiw,C,E
4qiw,C,H
4qiw,C,K
4qiw,D,L
4qiw,D,N
4qiw,E,F
4qiw,E,K
4qiw,I,J
4qiw,I,M
4qiw,I,S
4qiw,I,T
4qiw,I,U
4qiw,J,M
4qiw,J,O
4qiw,J,Q
4qiw,J,V
4qiw,M,Q
4qiw,M,S
4qiw,M,T
4qiw,O,U
4qiw,O,V
4qiw,Q,R
4qiw,Q,T
4qj6,A,B
4qj8,A,B
4qje,A,B
4qje,A,C
4qje,A,D
4qje,B,C
4qje,B,D
4qje,C,D
4qjf,A,B
4qju,A,B
4qjv,C,D
4qjw,A,B
4ql9,A,B
4ql9,B,C
4ql9,C,D
4ql9,D,E
4qlb,A,C
4qlb,B,D
4qlq,A,B
4qlq,A,G
4qlq,A,H
4qlq,A,I
4qlq,B,C
4qlq,B,I
4qlq,B,J
4qlq,C,D
4qlq,C,J
4qlq,C,K
4qlq,D,E
4qlq,D,K
4qlq,D,L
4qlq,E,F
4qlq,E,L
4qlq,E,M
4qlq,F,G
4qlq,F,M
4qlq,F,N
4qlq,G,H
4qlq,G,N
4qlq,H,I
4qlq,H,N
4qlq,H,Z
4qlq,H,a
4qlq,I,J
4qlq,I,Y
4qlq,I,Z
4qlq,J,K
4qlq,J,X
4qlq,J,Y
4qlq,K,L
4qlq,K,W
4qlq,K,X
4qlq,L,M
4qlq,L,V
4qlq,L,W
4qlq,M,N
4qlq,M,V
4qlq,M,b
4qlq,N,a
4qlq,N,b
4qlq,O,P
4qlq,O,U
4qlq,O,V
4qlq,O,W
4qlq,P,Q
4qlq,P,W
4qlq,P,X
4qlq,Q,R
4qlq,Q,X
4qlq,Q,Y
4qlq,R,S
4qlq,R,Y
4qlq,R,Z
4qlq,S,T
4qlq,S,Z
4qlq,S,a
4qlq,T,U
4qlq,T,a
4qlq,T,b
4qlq,U,V
4qlq,U,b
4qlq,V,W
4qlq,V,b
4qlq,W,X
4qlq,X,Y
4qlq,Y,Z
4qlq,Z,a
4qlq,a,b
4qls,A,B
4qls,A,G
4qls,A,H
4qls,A,I
4qls,B,C
4qls,B,I
4qls,B,J
4qls,C,D
4qls,C,J
4qls,C,K
4qls,D,E
4qls,D,K
4qls,D,L
4qls,E,F
4qls,E,L
4qls,E,M
4qls,F,G
4qls,F,M
4qls,F,N
4qls,G,H
4qls,G,N
4qls,H,I
4qls,H,N
4qls,H,Z
4qls,H,a
4qls,I,J
4qls,I,Y
4qls,I,Z
4qls,J,K
4qls,J,X
4qls,J,Y
4qls,K,L
4qls,K,W
4qls,K,X
4qls,L,M
4qls,L,V
4qls,L,W
4qls,M,N
4qls,M,V
4qls,M,b
4qls,N,a
4qls,N,b
4qls,O,P
4qls,O,U
4qls,O,V
4qls,O,W
4qls,P,Q
4qls,P,W
4qls,P,X
4qls,Q,R
4qls,Q,X
4qls,Q,Y
4qls,R,S
4qls,R,Y
4qls,R,Z
4qls,S,T
4qls,S,Z
4qls,S,a
4qls,T,U
4qls,T,a
4qls,T,b
4qls,U,V
4qls,U,b
4qls,V,W
4qls,V,b
4qls,W,X
4qls,X,Y
4qls,Y,Z
4qls,Z,a
4qls,a,b
4qlt,A,B
4qlt,A,G
4qlt,A,H
4qlt,A,I
4qlt,B,C
4qlt,B,I
4qlt,B,J
4qlt,C,D
4qlt,C,J
4qlt,C,K
4qlt,D,E
4qlt,D,K
4qlt,D,L
4qlt,E,F
4qlt,E,L
4qlt,E,M
4qlt,F,G
4qlt,F,M
4qlt,F,N
4qlt,G,H
4qlt,G,N
4qlt,H,I
4qlt,H,N
4qlt,H,Z
4qlt,H,a
4qlt,I,J
4qlt,I,Y
4qlt,I,Z
4qlt,J,K
4qlt,J,X
4qlt,J,Y
4qlt,K,L
4qlt,K,W
4qlt,K,X
4qlt,L,M
4qlt,L,V
4qlt,L,W
4qlt,M,N
4qlt,M,V
4qlt,M,b
4qlt,N,a
4qlt,N,b
4qlt,O,P
4qlt,O,U
4qlt,O,V
4qlt,O,W
4qlt,P,Q
4qlt,P,W
4qlt,P,X
4qlt,Q,R
4qlt,Q,X
4qlt,Q,Y
4qlt,R,S
4qlt,R,Y
4qlt,R,Z
4qlt,S,T
4qlt,S,Z
4qlt,S,a
4qlt,T,U
4qlt,T,a
4qlt,T,b
4qlt,U,V
4qlt,U,b
4qlt,V,W
4qlt,V,b
4qlt,W,X
4qlt,X,Y
4qlt,Y,Z
4qlt,Z,a
4qlt,a,b
4qlu,A,B
4qlu,A,G
4qlu,A,H
4qlu,A,I
4qlu,B,C
4qlu,B,I
4qlu,B,J
4qlu,C,D
4qlu,C,J
4qlu,C,K
4qlu,D,E
4qlu,D,K
4qlu,D,L
4qlu,E,F
4qlu,E,L
4qlu,E,M
4qlu,F,G
4qlu,F,M
4qlu,F,N
4qlu,G,H
4qlu,G,N
4qlu,H,I
4qlu,H,N
4qlu,H,Z
4qlu,H,a
4qlu,I,J
4qlu,I,Y
4qlu,I,Z
4qlu,J,K
4qlu,J,X
4qlu,J,Y
4qlu,K,L
4qlu,K,W
4qlu,K,X
4qlu,L,M
4qlu,L,V
4qlu,L,W
4qlu,M,N
4qlu,M,V
4qlu,M,b
4qlu,N,a
4qlu,N,b
4qlu,O,P
4qlu,O,U
4qlu,O,V
4qlu,O,W
4qlu,P,Q
4qlu,P,W
4qlu,P,X
4qlu,Q,R
4qlu,Q,X
4qlu,Q,Y
4qlu,R,S
4qlu,R,Y
4qlu,R,Z
4qlu,S,T
4qlu,S,Z
4qlu,S,a
4qlu,T,U
4qlu,T,a
4qlu,T,b
4qlu,U,V
4qlu,U,b
4qlu,V,W
4qlu,V,b
4qlu,W,X
4qlu,X,Y
4qlu,Y,Z
4qlu,Z,a
4qlu,a,b
4qly,A,B
4qly,C,D
4qlz,A,B
4qm6,A,B
4qm7,A,B
4qn0,A,C
4qn0,B,D
4qo8,A,B
4qo8,A,C
4qo8,A,D
4qo8,B,C
4qo8,B,D
4qo8,C,D
4qoi,A,B
4qoj,A,B
4qol,A,B
4qol,A,C
4qol,A,D
4qol,B,C
4qol,B,D
4qol,C,D
4qop,A,B
4qop,A,C
4qop,A,D
4qop,B,C
4qop,B,D
4qop,C,D
4qoq,A,B
4qoq,A,C
4qoq,A,D
4qoq,B,C
4qoq,B,D
4qoq,C,D
4qoy,A,B
4qoy,C,D
4qpq,A,D
4qpq,B,C
4qpq,E,H
4qpq,F,G
4qpz,A,B
4qpz,A,C
4qpz,A,D
4qpz,B,C
4qpz,B,D
4qpz,C,D
4qpz,E,F
4qpz,E,G
4qpz,E,H
4qpz,F,G
4qpz,F,H
4qpz,G,H
4qq4,A,B
4qq7,A,B
4qq8,A,B
4qq8,A,C
4qq8,A,D
4qq8,B,C
4qq8,B,D
4qq8,C,D
4qqw,E,G
4qqy,E,G
4qqz,E,G
4qr0,A,B
4qrh,A,B
4qro,E,F
4qry,A,B
4qry,A,C
4qry,B,C
4qs6,A,B
4qsk,A,B
4qsl,A,B
4qsl,A,D
4qsl,B,C
4qsl,C,D
4qsl,E,F
4qsl,E,G
4qsl,F,H
4qsl,G,H
4qsm,E,F
4qsm,E,G
4qsm,E,H
4qsm,F,G
4qsm,F,H
4qsm,G,H
4qtn,A,B
4qtn,A,C
4qtn,B,C
4qts,A,C
4qts,B,D
4quf,A,B
4quf,C,D
4quf,E,F
4quz,A,B
4qv3,A,B
4qv3,A,G
4qv3,A,H
4qv3,A,I
4qv3,B,C
4qv3,B,H
4qv3,B,I
4qv3,B,J
4qv3,C,D
4qv3,C,J
4qv3,C,K
4qv3,D,E
4qv3,D,K
4qv3,D,L
4qv3,E,F
4qv3,E,L
4qv3,E,M
4qv3,F,G
4qv3,F,M
4qv3,F,N
4qv3,G,H
4qv3,G,N
4qv3,H,I
4qv3,H,N
4qv3,H,Z
4qv3,H,a
4qv3,I,J
4qv3,I,Y
4qv3,I,Z
4qv3,J,K
4qv3,J,X
4qv3,J,Y
4qv3,K,L
4qv3,K,W
4qv3,K,X
4qv3,L,M
4qv3,L,V
4qv3,L,W
4qv3,M,N
4qv3,M,V
4qv3,M,b
4qv3,N,a
4qv3,N,b
4qv3,O,P
4qv3,O,U
4qv3,O,V
4qv3,O,W
4qv3,P,Q
4qv3,P,V
4qv3,P,W
4qv3,P,X
4qv3,Q,R
4qv3,Q,X
4qv3,Q,Y
4qv3,R,S
4qv3,R,Y
4qv3,R,Z
4qv3,S,T
4qv3,S,Z
4qv3,S,a
4qv3,T,U
4qv3,T,a
4qv3,T,b
4qv3,U,V
4qv3,U,b
4qv3,V,W
4qv3,V,b
4qv3,W,X
4qv3,X,Y
4qv3,Y,Z
4qv3,Z,a
4qv3,a,b
4qv4,A,B
4qv4,A,G
4qv4,A,H
4qv4,A,I
4qv4,B,C
4qv4,B,H
4qv4,B,I
4qv4,B,J
4qv4,C,D
4qv4,C,J
4qv4,C,K
4qv4,D,E
4qv4,D,K
4qv4,D,L
4qv4,E,F
4qv4,E,L
4qv4,E,M
4qv4,F,G
4qv4,F,M
4qv4,F,N
4qv4,G,H
4qv4,G,N
4qv4,H,I
4qv4,H,N
4qv4,H,Z
4qv4,H,a
4qv4,I,J
4qv4,I,Y
4qv4,I,Z
4qv4,J,K
4qv4,J,X
4qv4,J,Y
4qv4,K,L
4qv4,K,W
4qv4,K,X
4qv4,L,M
4qv4,L,V
4qv4,L,W
4qv4,M,N
4qv4,M,V
4qv4,M,b
4qv4,N,a
4qv4,N,b
4qv4,O,P
4qv4,O,U
4qv4,O,V
4qv4,O,W
4qv4,P,Q
4qv4,P,V
4qv4,P,W
4qv4,P,X
4qv4,Q,R
4qv4,Q,X
4qv4,Q,Y
4qv4,R,S
4qv4,R,Y
4qv4,R,Z
4qv4,S,T
4qv4,S,Z
4qv4,S,a
4qv4,T,U
4qv4,T,a
4qv4,T,b
4qv4,U,V
4qv4,U,b
4qv4,V,W
4qv4,V,b
4qv4,W,X
4qv4,X,Y
4qv4,Y,Z
4qv4,Z,a
4qv4,a,b
4qv5,A,B
4qv5,A,G
4qv5,A,H
4qv5,A,I
4qv5,B,C
4qv5,B,H
4qv5,B,I
4qv5,B,J
4qv5,C,D
4qv5,C,J
4qv5,C,K
4qv5,D,E
4qv5,D,K
4qv5,D,L
4qv5,E,F
4qv5,E,L
4qv5,E,M
4qv5,F,G
4qv5,F,M
4qv5,F,N
4qv5,G,H
4qv5,G,N
4qv5,H,I
4qv5,H,N
4qv5,H,Z
4qv5,H,a
4qv5,I,J
4qv5,I,Y
4qv5,I,Z
4qv5,J,K
4qv5,J,X
4qv5,J,Y
4qv5,K,L
4qv5,K,W
4qv5,K,X
4qv5,L,M
4qv5,L,V
4qv5,L,W
4qv5,M,N
4qv5,M,V
4qv5,M,b
4qv5,N,a
4qv5,N,b
4qv5,O,P
4qv5,O,U
4qv5,O,V
4qv5,O,W
4qv5,P,Q
4qv5,P,V
4qv5,P,W
4qv5,P,X
4qv5,Q,R
4qv5,Q,X
4qv5,Q,Y
4qv5,R,S
4qv5,R,Y
4qv5,R,Z
4qv5,S,T
4qv5,S,Z
4qv5,S,a
4qv5,T,U
4qv5,T,a
4qv5,T,b
4qv5,U,V
4qv5,U,b
4qv5,V,W
4qv5,V,b
4qv5,W,X
4qv5,X,Y
4qv5,Y,Z
4qv5,Z,a
4qv5,a,b
4qv7,A,B
4qv7,A,G
4qv7,A,H
4qv7,A,I
4qv7,B,C
4qv7,B,H
4qv7,B,I
4qv7,B,J
4qv7,C,D
4qv7,C,J
4qv7,C,K
4qv7,D,E
4qv7,D,K
4qv7,D,L
4qv7,E,F
4qv7,E,L
4qv7,E,M
4qv7,F,G
4qv7,F,M
4qv7,F,N
4qv7,G,H
4qv7,G,N
4qv7,H,I
4qv7,H,N
4qv7,H,Z
4qv7,H,a
4qv7,I,J
4qv7,I,Y
4qv7,I,Z
4qv7,J,K
4qv7,J,X
4qv7,J,Y
4qv7,K,L
4qv7,K,W
4qv7,K,X
4qv7,L,M
4qv7,L,V
4qv7,L,W
4qv7,M,N
4qv7,M,V
4qv7,M,b
4qv7,N,a
4qv7,N,b
4qv7,O,P
4qv7,O,U
4qv7,O,V
4qv7,O,W
4qv7,P,Q
4qv7,P,V
4qv7,P,W
4qv7,P,X
4qv7,Q,R
4qv7,Q,X
4qv7,Q,Y
4qv7,R,S
4qv7,R,Y
4qv7,R,Z
4qv7,S,T
4qv7,S,Z
4qv7,S,a
4qv7,T,U
4qv7,T,a
4qv7,T,b
4qv7,U,V
4qv7,U,b
4qv7,V,W
4qv7,V,b
4qv7,W,X
4qv7,X,Y
4qv7,Y,Z
4qv7,Z,a
4qv7,a,b
4qvb,A,B
4qvd,A,B
4qvd,A,F
4qvd,B,C
4qvd,C,D
4qvd,D,E
4qvd,E,F
4qvk,A,B
4qvl,A,B
4qvl,A,G
4qvl,A,H
4qvl,A,I
4qvl,B,C
4qvl,B,H
4qvl,B,I
4qvl,B,J
4qvl,C,D
4qvl,C,J
4qvl,C,K
4qvl,D,E
4qvl,D,K
4qvl,D,L
4qvl,E,F
4qvl,E,L
4qvl,E,M
4qvl,F,G
4qvl,F,M
4qvl,F,N
4qvl,G,H
4qvl,G,N
4qvl,H,I
4qvl,H,N
4qvl,H,Z
4qvl,H,a
4qvl,I,J
4qvl,I,Y
4qvl,I,Z
4qvl,J,K
4qvl,J,X
4qvl,J,Y
4qvl,K,L
4qvl,K,W
4qvl,K,X
4qvl,L,M
4qvl,L,V
4qvl,L,W
4qvl,M,N
4qvl,M,V
4qvl,M,b
4qvl,N,a
4qvl,N,b
4qvl,O,P
4qvl,O,U
4qvl,O,V
4qvl,O,W
4qvl,P,Q
4qvl,P,V
4qvl,P,W
4qvl,P,X
4qvl,Q,R
4qvl,Q,X
4qvl,Q,Y
4qvl,R,S
4qvl,R,Y
4qvl,R,Z
4qvl,S,T
4qvl,S,Z
4qvl,S,a
4qvl,T,U
4qvl,T,a
4qvl,T,b
4qvl,U,V
4qvl,U,b
4qvl,V,W
4qvl,V,b
4qvl,W,X
4qvl,X,Y
4qvl,Y,Z
4qvl,Z,a
4qvl,a,b
4qvn,A,B
4qvn,A,G
4qvn,A,H
4qvn,A,I
4qvn,B,C
4qvn,B,H
4qvn,B,I
4qvn,B,J
4qvn,C,D
4qvn,C,J
4qvn,C,K
4qvn,D,E
4qvn,D,K
4qvn,D,L
4qvn,E,F
4qvn,E,L
4qvn,E,M
4qvn,F,G
4qvn,F,M
4qvn,F,N
4qvn,G,H
4qvn,G,N
4qvn,H,I
4qvn,H,N
4qvn,H,Z
4qvn,H,a
4qvn,I,J
4qvn,I,Y
4qvn,I,Z
4qvn,J,K
4qvn,J,X
4qvn,J,Y
4qvn,K,L
4qvn,K,W
4qvn,K,X
4qvn,L,M
4qvn,L,V
4qvn,L,W
4qvn,M,N
4qvn,M,V
4qvn,M,b
4qvn,N,a
4qvn,N,b
4qvn,O,P
4qvn,O,U
4qvn,O,V
4qvn,O,W
4qvn,P,Q
4qvn,P,V
4qvn,P,W
4qvn,P,X
4qvn,Q,R
4qvn,Q,X
4qvn,Q,Y
4qvn,R,S
4qvn,R,Y
4qvn,R,Z
4qvn,S,T
4qvn,S,Z
4qvn,S,a
4qvn,T,U
4qvn,T,a
4qvn,T,b
4qvn,U,V
4qvn,U,b
4qvn,V,W
4qvn,V,b
4qvn,W,X
4qvn,X,Y
4qvn,Y,Z
4qvn,Z,a
4qvn,a,b
4qvq,A,B
4qvq,A,G
4qvq,A,H
4qvq,A,I
4qvq,B,C
4qvq,B,H
4qvq,B,I
4qvq,B,J
4qvq,C,D
4qvq,C,J
4qvq,C,K
4qvq,D,E
4qvq,D,K
4qvq,D,L
4qvq,E,F
4qvq,E,L
4qvq,E,M
4qvq,F,G
4qvq,F,M
4qvq,F,N
4qvq,G,H
4qvq,G,N
4qvq,H,I
4qvq,H,N
4qvq,H,Z
4qvq,H,a
4qvq,I,J
4qvq,I,Y
4qvq,I,Z
4qvq,J,K
4qvq,J,X
4qvq,J,Y
4qvq,K,L
4qvq,K,W
4qvq,K,X
4qvq,L,M
4qvq,L,V
4qvq,L,W
4qvq,M,N
4qvq,M,V
4qvq,M,b
4qvq,N,a
4qvq,N,b
4qvq,O,P
4qvq,O,U
4qvq,O,V
4qvq,O,W
4qvq,P,Q
4qvq,P,V
4qvq,P,W
4qvq,P,X
4qvq,Q,R
4qvq,Q,X
4qvq,Q,Y
4qvq,R,S
4qvq,R,Y
4qvq,R,Z
4qvq,S,T
4qvq,S,Z
4qvq,S,a
4qvq,T,U
4qvq,T,a
4qvq,T,b
4qvq,U,V
4qvq,U,b
4qvq,V,W
4qvq,V,b
4qvq,W,X
4qvq,X,Y
4qvq,Y,Z
4qvq,Z,a
4qvq,a,b
4qvw,A,B
4qvw,A,G
4qvw,A,H
4qvw,A,I
4qvw,B,C
4qvw,B,H
4qvw,B,I
4qvw,B,J
4qvw,C,D
4qvw,C,J
4qvw,C,K
4qvw,D,E
4qvw,D,K
4qvw,D,L
4qvw,E,F
4qvw,E,L
4qvw,E,M
4qvw,F,G
4qvw,F,M
4qvw,F,N
4qvw,G,H
4qvw,G,N
4qvw,H,I
4qvw,H,N
4qvw,H,Z
4qvw,H,a
4qvw,I,J
4qvw,I,Y
4qvw,I,Z
4qvw,J,K
4qvw,J,X
4qvw,J,Y
4qvw,K,L
4qvw,K,W
4qvw,K,X
4qvw,L,M
4qvw,L,V
4qvw,L,W
4qvw,M,N
4qvw,M,V
4qvw,M,b
4qvw,N,a
4qvw,N,b
4qvw,O,P
4qvw,O,U
4qvw,O,V
4qvw,O,W
4qvw,P,Q
4qvw,P,V
4qvw,P,W
4qvw,P,X
4qvw,Q,R
4qvw,Q,X
4qvw,Q,Y
4qvw,R,S
4qvw,R,Y
4qvw,R,Z
4qvw,S,T
4qvw,S,Z
4qvw,S,a
4qvw,T,U
4qvw,T,a
4qvw,T,b
4qvw,U,V
4qvw,U,b
4qvw,V,W
4qvw,V,b
4qvw,W,X
4qvw,X,Y
4qvw,Y,Z
4qvw,Z,a
4qvw,a,b
4qvx,A,B
4qvy,A,B
4qvy,A,G
4qvy,A,H
4qvy,A,I
4qvy,B,C
4qvy,B,H
4qvy,B,I
4qvy,B,J
4qvy,C,D
4qvy,C,J
4qvy,C,K
4qvy,D,E
4qvy,D,K
4qvy,D,L
4qvy,E,F
4qvy,E,L
4qvy,E,M
4qvy,F,G
4qvy,F,M
4qvy,F,N
4qvy,G,H
4qvy,G,N
4qvy,H,I
4qvy,H,N
4qvy,H,Z
4qvy,H,a
4qvy,I,J
4qvy,I,Y
4qvy,I,Z
4qvy,J,K
4qvy,J,X
4qvy,J,Y
4qvy,K,L
4qvy,K,W
4qvy,K,X
4qvy,L,M
4qvy,L,V
4qvy,L,W
4qvy,M,N
4qvy,M,V
4qvy,M,b
4qvy,N,a
4qvy,N,b
4qvy,O,P
4qvy,O,U
4qvy,O,V
4qvy,O,W
4qvy,P,Q
4qvy,P,V
4qvy,P,W
4qvy,P,X
4qvy,Q,R
4qvy,Q,X
4qvy,Q,Y
4qvy,R,S
4qvy,R,Y
4qvy,R,Z
4qvy,S,T
4qvy,S,Z
4qvy,S,a
4qvy,T,U
4qvy,T,a
4qvy,T,b
4qvy,U,V
4qvy,U,b
4qvy,V,W
4qvy,V,b
4qvy,W,X
4qvy,X,Y
4qvy,Y,Z
4qvy,Z,a
4qvy,a,b
4qw0,A,B
4qw0,A,G
4qw0,A,H
4qw0,A,I
4qw0,B,C
4qw0,B,H
4qw0,B,I
4qw0,B,J
4qw0,C,D
4qw0,C,J
4qw0,C,K
4qw0,D,E
4qw0,D,K
4qw0,D,L
4qw0,E,F
4qw0,E,L
4qw0,E,M
4qw0,F,G
4qw0,F,M
4qw0,F,N
4qw0,G,H
4qw0,G,N
4qw0,H,I
4qw0,H,N
4qw0,H,Z
4qw0,H,a
4qw0,I,J
4qw0,I,Y
4qw0,I,Z
4qw0,J,K
4qw0,J,X
4qw0,J,Y
4qw0,K,L
4qw0,K,W
4qw0,K,X
4qw0,L,M
4qw0,L,V
4qw0,L,W
4qw0,M,N
4qw0,M,V
4qw0,M,b
4qw0,N,a
4qw0,N,b
4qw0,O,P
4qw0,O,U
4qw0,O,V
4qw0,O,W
4qw0,P,Q
4qw0,P,V
4qw0,P,W
4qw0,P,X
4qw0,Q,R
4qw0,Q,X
4qw0,Q,Y
4qw0,R,S
4qw0,R,Y
4qw0,R,Z
4qw0,S,T
4qw0,S,Z
4qw0,S,a
4qw0,T,U
4qw0,T,a
4qw0,T,b
4qw0,U,V
4qw0,U,b
4qw0,V,W
4qw0,V,b
4qw0,W,X
4qw0,X,Y
4qw0,Y,Z
4qw0,Z,a
4qw0,a,b
4qw1,A,B
4qw1,A,G
4qw1,A,H
4qw1,A,I
4qw1,B,C
4qw1,B,H
4qw1,B,I
4qw1,B,J
4qw1,C,D
4qw1,C,J
4qw1,C,K
4qw1,D,E
4qw1,D,K
4qw1,D,L
4qw1,E,F
4qw1,E,L
4qw1,E,M
4qw1,F,G
4qw1,F,M
4qw1,F,N
4qw1,G,H
4qw1,G,N
4qw1,H,I
4qw1,H,N
4qw1,H,Z
4qw1,H,a
4qw1,I,J
4qw1,I,Y
4qw1,I,Z
4qw1,J,K
4qw1,J,X
4qw1,J,Y
4qw1,K,L
4qw1,K,W
4qw1,K,X
4qw1,L,M
4qw1,L,V
4qw1,L,W
4qw1,M,N
4qw1,M,V
4qw1,M,b
4qw1,N,a
4qw1,N,b
4qw1,O,P
4qw1,O,U
4qw1,O,V
4qw1,O,W
4qw1,P,Q
4qw1,P,V
4qw1,P,W
4qw1,P,X
4qw1,Q,R
4qw1,Q,X
4qw1,Q,Y
4qw1,R,S
4qw1,R,Y
4qw1,R,Z
4qw1,S,T
4qw1,S,Z
4qw1,S,a
4qw1,T,U
4qw1,T,a
4qw1,T,b
4qw1,U,V
4qw1,U,b
4qw1,V,W
4qw1,V,b
4qw1,W,X
4qw1,X,Y
4qw1,Y,Z
4qw1,Z,a
4qw1,a,b
4qw5,A,B
4qw5,A,G
4qw5,A,H
4qw5,A,I
4qw5,B,C
4qw5,B,I
4qw5,B,J
4qw5,C,D
4qw5,C,J
4qw5,C,K
4qw5,D,E
4qw5,D,K
4qw5,D,L
4qw5,E,F
4qw5,E,L
4qw5,E,M
4qw5,F,G
4qw5,F,M
4qw5,F,N
4qw5,G,H
4qw5,G,N
4qw5,H,I
4qw5,H,N
4qw5,H,Z
4qw5,H,a
4qw5,I,J
4qw5,I,Y
4qw5,I,Z
4qw5,J,K
4qw5,J,X
4qw5,J,Y
4qw5,K,L
4qw5,K,W
4qw5,K,X
4qw5,L,M
4qw5,L,V
4qw5,L,W
4qw5,M,N
4qw5,M,V
4qw5,M,b
4qw5,N,a
4qw5,N,b
4qw5,O,P
4qw5,O,U
4qw5,O,V
4qw5,O,W
4qw5,P,Q
4qw5,P,W
4qw5,P,X
4qw5,Q,R
4qw5,Q,X
4qw5,Q,Y
4qw5,R,S
4qw5,R,Y
4qw5,R,Z
4qw5,S,T
4qw5,S,Z
4qw5,S,a
4qw5,T,U
4qw5,T,a
4qw5,T,b
4qw5,U,V
4qw5,U,b
4qw5,V,W
4qw5,V,b
4qw5,W,X
4qw5,X,Y
4qw5,Y,Z
4qw5,Z,a
4qw5,a,b
4qwf,A,B
4qwf,A,G
4qwf,A,H
4qwf,A,I
4qwf,B,C
4qwf,B,I
4qwf,B,J
4qwf,C,D
4qwf,C,J
4qwf,C,K
4qwf,D,E
4qwf,D,K
4qwf,D,L
4qwf,E,F
4qwf,E,L
4qwf,E,M
4qwf,F,G
4qwf,F,M
4qwf,F,N
4qwf,G,H
4qwf,G,N
4qwf,H,I
4qwf,H,N
4qwf,H,Z
4qwf,H,a
4qwf,I,J
4qwf,I,Y
4qwf,I,Z
4qwf,J,K
4qwf,J,X
4qwf,J,Y
4qwf,K,L
4qwf,K,W
4qwf,K,X
4qwf,L,M
4qwf,L,V
4qwf,L,W
4qwf,M,N
4qwf,M,V
4qwf,M,b
4qwf,N,a
4qwf,N,b
4qwf,O,P
4qwf,O,U
4qwf,O,V
4qwf,O,W
4qwf,P,Q
4qwf,P,W
4qwf,P,X
4qwf,Q,R
4qwf,Q,X
4qwf,Q,Y
4qwf,R,S
4qwf,R,Y
4qwf,R,Z
4qwf,S,T
4qwf,S,Z
4qwf,S,a
4qwf,T,U
4qwf,T,a
4qwf,T,b
4qwf,U,V
4qwf,U,b
4qwf,V,W
4qwf,V,b
4qwf,W,X
4qwf,X,Y
4qwf,Y,Z
4qwf,Z,a
4qwf,a,b
4qwi,A,B
4qwi,A,G
4qwi,A,H
4qwi,A,I
4qwi,B,C
4qwi,B,I
4qwi,B,J
4qwi,C,D
4qwi,C,J
4qwi,C,K
4qwi,D,E
4qwi,D,K
4qwi,D,L
4qwi,E,F
4qwi,E,L
4qwi,E,M
4qwi,F,G
4qwi,F,M
4qwi,F,N
4qwi,G,H
4qwi,G,N
4qwi,H,I
4qwi,H,N
4qwi,H,Z
4qwi,H,a
4qwi,I,J
4qwi,I,Y
4qwi,I,Z
4qwi,J,K
4qwi,J,X
4qwi,J,Y
4qwi,K,L
4qwi,K,W
4qwi,K,X
4qwi,L,M
4qwi,L,V
4qwi,L,W
4qwi,M,N
4qwi,M,V
4qwi,M,b
4qwi,N,a
4qwi,N,b
4qwi,O,P
4qwi,O,U
4qwi,O,V
4qwi,O,W
4qwi,P,Q
4qwi,P,W
4qwi,P,X
4qwi,Q,R
4qwi,Q,X
4qwi,Q,Y
4qwi,R,S
4qwi,R,Y
4qwi,R,Z
4qwi,S,T
4qwi,S,Z
4qwi,S,a
4qwi,T,U
4qwi,T,a
4qwi,T,b
4qwi,U,V
4qwi,U,b
4qwi,V,W
4qwi,V,b
4qwi,W,X
4qwi,X,Y
4qwi,Y,Z
4qwi,Z,a
4qwi,a,b
4qwj,A,B
4qwj,A,G
4qwj,A,H
4qwj,A,I
4qwj,B,C
4qwj,B,I
4qwj,B,J
4qwj,C,D
4qwj,C,J
4qwj,C,K
4qwj,D,E
4qwj,D,K
4qwj,D,L
4qwj,E,F
4qwj,E,L
4qwj,E,M
4qwj,F,G
4qwj,F,M
4qwj,F,N
4qwj,G,H
4qwj,G,N
4qwj,H,I
4qwj,H,N
4qwj,H,Z
4qwj,H,a
4qwj,I,J
4qwj,I,Y
4qwj,I,Z
4qwj,J,K
4qwj,J,X
4qwj,J,Y
4qwj,K,L
4qwj,K,W
4qwj,K,X
4qwj,L,M
4qwj,L,V
4qwj,L,W
4qwj,M,N
4qwj,M,V
4qwj,M,b
4qwj,N,a
4qwj,N,b
4qwj,O,P
4qwj,O,U
4qwj,O,V
4qwj,O,W
4qwj,P,Q
4qwj,P,W
4qwj,P,X
4qwj,Q,R
4qwj,Q,X
4qwj,Q,Y
4qwj,R,S
4qwj,R,Y
4qwj,R,Z
4qwj,S,T
4qwj,S,Z
4qwj,S,a
4qwj,T,U
4qwj,T,a
4qwj,T,b
4qwj,U,V
4qwj,U,b
4qwj,V,W
4qwj,V,b
4qwj,W,X
4qwj,X,Y
4qwj,Y,Z
4qwj,Z,a
4qwj,a,b
4qwl,A,B
4qwl,A,G
4qwl,A,H
4qwl,A,I
4qwl,B,C
4qwl,B,I
4qwl,B,J
4qwl,C,D
4qwl,C,J
4qwl,C,K
4qwl,D,E
4qwl,D,K
4qwl,D,L
4qwl,E,F
4qwl,E,L
4qwl,E,M
4qwl,F,G
4qwl,F,M
4qwl,F,N
4qwl,G,H
4qwl,G,N
4qwl,H,I
4qwl,H,N
4qwl,H,Z
4qwl,H,a
4qwl,I,J
4qwl,I,Y
4qwl,I,Z
4qwl,J,K
4qwl,J,X
4qwl,J,Y
4qwl,K,L
4qwl,K,W
4qwl,K,X
4qwl,L,M
4qwl,L,V
4qwl,L,W
4qwl,M,N
4qwl,M,V
4qwl,M,b
4qwl,N,a
4qwl,N,b
4qwl,O,P
4qwl,O,U
4qwl,O,V
4qwl,O,W
4qwl,P,Q
4qwl,P,W
4qwl,P,X
4qwl,Q,R
4qwl,Q,X
4qwl,Q,Y
4qwl,R,S
4qwl,R,Y
4qwl,R,Z
4qwl,S,T
4qwl,S,Z
4qwl,S,a
4qwl,T,U
4qwl,T,a
4qwl,T,b
4qwl,U,V
4qwl,U,b
4qwl,V,W
4qwl,V,b
4qwl,W,X
4qwl,X,Y
4qwl,Y,Z
4qwl,Z,a
4qwl,a,b
4qwn,A,B
4qwn,C,D
4qwr,A,B
4qwr,A,G
4qwr,A,H
4qwr,A,I
4qwr,B,C
4qwr,B,I
4qwr,B,J
4qwr,C,D
4qwr,C,J
4qwr,C,K
4qwr,D,E
4qwr,D,K
4qwr,D,L
4qwr,E,F
4qwr,E,L
4qwr,E,M
4qwr,F,G
4qwr,F,M
4qwr,F,N
4qwr,G,H
4qwr,G,N
4qwr,H,I
4qwr,H,N
4qwr,H,Z
4qwr,H,a
4qwr,I,J
4qwr,I,Y
4qwr,I,Z
4qwr,J,K
4qwr,J,X
4qwr,J,Y
4qwr,K,L
4qwr,K,W
4qwr,K,X
4qwr,L,M
4qwr,L,V
4qwr,L,W
4qwr,M,N
4qwr,M,V
4qwr,M,b
4qwr,N,a
4qwr,N,b
4qwr,O,P
4qwr,O,U
4qwr,O,V
4qwr,O,W
4qwr,P,Q
4qwr,P,W
4qwr,P,X
4qwr,Q,R
4qwr,Q,X
4qwr,Q,Y
4qwr,R,S
4qwr,R,Y
4qwr,R,Z
4qwr,S,T
4qwr,S,Z
4qwr,S,a
4qwr,T,U
4qwr,T,a
4qwr,T,b
4qwr,U,V
4qwr,U,b
4qwr,V,W
4qwr,V,b
4qwr,W,X
4qwr,X,Y
4qwr,Y,Z
4qwr,Z,a
4qwr,a,b
4qws,A,B
4qws,A,G
4qws,A,H
4qws,A,I
4qws,B,C
4qws,B,I
4qws,B,J
4qws,C,D
4qws,C,J
4qws,C,K
4qws,D,E
4qws,D,K
4qws,D,L
4qws,E,F
4qws,E,L
4qws,E,M
4qws,F,G
4qws,F,M
4qws,F,N
4qws,G,H
4qws,G,N
4qws,H,I
4qws,H,N
4qws,H,Z
4qws,H,a
4qws,I,J
4qws,I,Y
4qws,I,Z
4qws,J,K
4qws,J,X
4qws,J,Y
4qws,K,L
4qws,K,W
4qws,K,X
4qws,L,M
4qws,L,V
4qws,L,W
4qws,M,N
4qws,M,V
4qws,M,b
4qws,N,a
4qws,N,b
4qws,O,P
4qws,O,U
4qws,O,V
4qws,O,W
4qws,P,Q
4qws,P,W
4qws,P,X
4qws,Q,R
4qws,Q,X
4qws,Q,Y
4qws,R,S
4qws,R,Y
4qws,R,Z
4qws,S,T
4qws,S,Z
4qws,S,a
4qws,T,U
4qws,T,a
4qws,T,b
4qws,U,V
4qws,U,b
4qws,V,W
4qws,V,b
4qws,W,X
4qws,X,Y
4qws,Y,Z
4qws,Z,a
4qws,a,b
4qx7,A,B
4qx8,A,B
4qxb,A,B
4qxb,C,D
4qxh,A,B
4qxh,C,D
4qxj,A,B
4qxj,A,G
4qxj,A,H
4qxj,A,I
4qxj,B,C
4qxj,B,I
4qxj,B,J
4qxj,C,D
4qxj,C,J
4qxj,C,K
4qxj,D,E
4qxj,D,K
4qxj,D,L
4qxj,E,F
4qxj,E,L
4qxj,E,M
4qxj,F,G
4qxj,F,M
4qxj,F,N
4qxj,G,H
4qxj,G,N
4qxj,H,I
4qxj,H,N
4qxj,H,Z
4qxj,H,a
4qxj,I,J
4qxj,I,Y
4qxj,I,Z
4qxj,J,K
4qxj,J,X
4qxj,J,Y
4qxj,K,L
4qxj,K,W
4qxj,K,X
4qxj,L,M
4qxj,L,V
4qxj,L,W
4qxj,M,N
4qxj,M,V
4qxj,M,b
4qxj,N,a
4qxj,N,b
4qxj,O,P
4qxj,O,U
4qxj,O,V
4qxj,O,W
4qxj,P,Q
4qxj,P,W
4qxj,P,X
4qxj,Q,R
4qxj,Q,X
4qxj,Q,Y
4qxj,R,S
4qxj,R,Y
4qxj,R,Z
4qxj,S,T
4qxj,S,Z
4qxj,S,a
4qxj,T,U
4qxj,T,a
4qxj,T,b
4qxj,U,V
4qxj,U,b
4qxj,V,W
4qxj,V,b
4qxj,W,X
4qxj,X,Y
4qxj,Y,Z
4qxj,Z,a
4qxj,a,b
4qxp,A,B
4qxq,A,B
4qxr,A,B
4qxz,A,B
4qyb,A,B
4qyi,B,C
4qyz,A,C
4qyz,A,J
4qyz,B,C
4qyz,B,F
4qyz,C,H
4qyz,D,E
4qyz,D,K
4qyz,E,F
4qyz,F,G
4qyz,G,H
4qyz,H,I
4qyz,I,J
4qz4,A,B
4qz4,A,G
4qz4,A,H
4qz4,A,I
4qz4,B,C
4qz4,B,I
4qz4,B,J
4qz4,C,D
4qz4,C,J
4qz4,C,K
4qz4,D,E
4qz4,D,K
4qz4,D,L
4qz4,E,F
4qz4,E,L
4qz4,E,M
4qz4,F,G
4qz4,F,M
4qz4,F,N
4qz4,G,H
4qz4,G,N
4qz4,H,I
4qz4,H,N
4qz4,H,Z
4qz4,H,a
4qz4,I,J
4qz4,I,Y
4qz4,I,Z
4qz4,J,K
4qz4,J,X
4qz4,J,Y
4qz4,K,L
4qz4,K,W
4qz4,K,X
4qz4,L,M
4qz4,L,V
4qz4,L,W
4qz4,M,N
4qz4,M,V
4qz4,M,b
4qz4,N,a
4qz4,N,b
4qz4,O,P
4qz4,O,U
4qz4,O,V
4qz4,O,W
4qz4,P,Q
4qz4,P,W
4qz4,P,X
4qz4,Q,R
4qz4,Q,X
4qz4,Q,Y
4qz4,R,S
4qz4,R,Y
4qz4,R,Z
4qz4,S,T
4qz4,S,Z
4qz4,S,a
4qz4,T,U
4qz4,T,a
4qz4,T,b
4qz4,U,V
4qz4,U,b
4qz4,V,W
4qz4,V,b
4qz4,W,X
4qz4,X,Y
4qz4,Y,Z
4qz4,Z,a
4qz4,a,b
4qz6,A,B
4qz6,A,G
4qz6,A,H
4qz6,A,I
4qz6,B,C
4qz6,B,I
4qz6,B,J
4qz6,C,D
4qz6,C,J
4qz6,C,K
4qz6,D,E
4qz6,D,K
4qz6,D,L
4qz6,E,F
4qz6,E,L
4qz6,E,M
4qz6,F,G
4qz6,F,M
4qz6,F,N
4qz6,G,H
4qz6,G,N
4qz6,H,I
4qz6,H,N
4qz6,H,Z
4qz6,H,a
4qz6,I,J
4qz6,I,Y
4qz6,I,Z
4qz6,J,K
4qz6,J,X
4qz6,J,Y
4qz6,K,L
4qz6,K,W
4qz6,K,X
4qz6,L,M
4qz6,L,V
4qz6,L,W
4qz6,M,N
4qz6,M,V
4qz6,M,b
4qz6,N,a
4qz6,N,b
4qz6,O,P
4qz6,O,U
4qz6,O,V
4qz6,O,W
4qz6,P,Q
4qz6,P,W
4qz6,P,X
4qz6,Q,R
4qz6,Q,X
4qz6,Q,Y
4qz6,R,S
4qz6,R,Y
4qz6,R,Z
4qz6,S,T
4qz6,S,Z
4qz6,S,a
4qz6,T,U
4qz6,T,a
4qz6,T,b
4qz6,U,V
4qz6,U,b
4qz6,V,W
4qz6,V,b
4qz6,W,X
4qz6,X,Y
4qz6,Y,Z
4qz6,Z,a
4qz6,a,b
4qzx,A,B
4qzx,A,G
4qzx,A,H
4qzx,A,I
4qzx,B,C
4qzx,B,I
4qzx,B,J
4qzx,C,D
4qzx,C,J
4qzx,C,K
4qzx,D,E
4qzx,D,K
4qzx,D,L
4qzx,E,F
4qzx,E,L
4qzx,E,M
4qzx,F,G
4qzx,F,M
4qzx,F,N
4qzx,G,H
4qzx,G,N
4qzx,H,I
4qzx,H,N
4qzx,H,Z
4qzx,H,a
4qzx,I,J
4qzx,I,Y
4qzx,I,Z
4qzx,J,K
4qzx,J,X
4qzx,J,Y
4qzx,K,L
4qzx,K,W
4qzx,K,X
4qzx,L,M
4qzx,L,V
4qzx,L,W
4qzx,M,N
4qzx,M,V
4qzx,M,b
4qzx,N,a
4qzx,N,b
4qzx,O,P
4qzx,O,U
4qzx,O,V
4qzx,O,W
4qzx,P,Q
4qzx,P,W
4qzx,P,X
4qzx,Q,R
4qzx,Q,X
4qzx,Q,Y
4qzx,R,S
4qzx,R,Y
4qzx,R,Z
4qzx,S,T
4qzx,S,Z
4qzx,S,a
4qzx,T,U
4qzx,T,a
4qzx,T,b
4qzx,U,V
4qzx,U,b
4qzx,V,W
4qzx,V,b
4qzx,W,X
4qzx,X,Y
4qzx,Y,Z
4qzx,Z,a
4qzx,a,b
4r02,A,B
4r02,A,G
4r02,A,H
4r02,A,I
4r02,B,C
4r02,B,H
4r02,B,I
4r02,B,J
4r02,C,D
4r02,C,J
4r02,C,K
4r02,D,E
4r02,D,K
4r02,D,L
4r02,E,F
4r02,E,L
4r02,E,M
4r02,F,G
4r02,F,M
4r02,F,N
4r02,G,H
4r02,G,N
4r02,H,I
4r02,H,N
4r02,H,Z
4r02,H,a
4r02,I,J
4r02,I,Y
4r02,I,Z
4r02,J,K
4r02,J,X
4r02,J,Y
4r02,K,L
4r02,K,W
4r02,K,X
4r02,L,M
4r02,L,V
4r02,L,W
4r02,M,N
4r02,M,V
4r02,M,b
4r02,N,a
4r02,N,b
4r02,O,P
4r02,O,U
4r02,O,V
4r02,O,W
4r02,P,Q
4r02,P,V
4r02,P,W
4r02,P,X
4r02,Q,R
4r02,Q,X
4r02,Q,Y
4r02,R,S
4r02,R,Y
4r02,R,Z
4r02,S,T
4r02,S,Z
4r02,S,a
4r02,T,U
4r02,T,a
4r02,T,b
4r02,U,V
4r02,U,b
4r02,V,W
4r02,V,b
4r02,W,X
4r02,X,Y
4r02,Y,Z
4r02,Z,a
4r02,a,b
4r08,A,B
4r0g,C,D
4r11,C,D
4r16,A,B
4r1f,A,B
4r1f,C,D
4r1m,A,B
4r1m,C,D
4r1o,A,B
4r1o,A,C
4r1o,A,D
4r1o,A,F
4r1o,B,C
4r1o,B,E
4r1o,B,F
4r1o,C,D
4r1o,C,E
4r1o,D,E
4r1o,D,F
4r1o,E,F
4r27,A,B
4r2n,A,C
4r2n,B,D
4r2y,A,B
4r2y,C,D
4r4j,A,B
4r4y,A,B
4r54,A,B
4r57,E,F
4r57,E,G
4r57,F,G
4r57,F,H
4r57,G,H
4r5g,A,B
4r5z,A,B
4r5z,C,D
4r67,1,2
4r67,1,I
4r67,1,J
4r67,1,S
4r67,1,T
4r67,1,Z
4r67,2,H
4r67,2,I
4r67,2,T
4r67,2,U
4r67,2,V
4r67,A,B
4r67,A,G
4r67,A,H
4r67,A,I
4r67,B,C
4r67,B,I
4r67,B,J
4r67,C,D
4r67,C,J
4r67,C,K
4r67,D,E
4r67,D,K
4r67,D,L
4r67,E,F
4r67,E,L
4r67,E,M
4r67,F,G
4r67,F,M
4r67,F,N
4r67,G,H
4r67,G,N
4r67,H,I
4r67,H,N
4r67,H,V
4r67,I,J
4r67,J,K
4r67,J,Z
4r67,K,L
4r67,K,Y
4r67,K,Z
4r67,L,M
4r67,L,X
4r67,L,Y
4r67,M,N
4r67,M,W
4r67,M,X
4r67,N,V
4r67,N,W
4r67,O,P
4r67,O,U
4r67,O,V
4r67,O,W
4r67,P,Q
4r67,P,W
4r67,P,X
4r67,Q,R
4r67,Q,X
4r67,Q,Y
4r67,R,S
4r67,R,Y
4r67,R,Z
4r67,S,T
4r67,S,Z
4r67,T,U
4r67,U,V
4r67,V,W
4r67,W,X
4r67,X,Y
4r67,Y,Z
4r6b,A,B
4r6b,A,C
4r6b,B,D
4r6b,C,D
4r77,A,B
4r79,A,B
4r7m,G,H
4r7m,G,I
4r7m,G,J
4r7m,G,L
4r7m,H,I
4r7m,H,K
4r7m,H,L
4r7m,I,J
4r7m,I,K
4r7m,J,K
4r7m,J,L
4r7m,K,L
4r7w,A,B
4r7w,A,C
4r7w,A,D
4r7w,B,E
4r7w,B,F
4r7w,C,D
4r7w,C,E
4r7w,D,F
4r7w,E,F
4r81,A,B
4r85,A,D
4r8d,A,B
4r8l,A,B
4r8l,A,D
4r8l,B,C
4r8l,C,D
4r99,A,B
4r99,A,C
4r99,A,D
4r99,B,C
4r99,B,D
4r99,C,D
4r9l,A,B
4r9r,A,C
4r9r,A,E
4r9r,A,G
4r9r,C,E
4r9r,C,G
4r9r,E,G
4rab,A,B
4rab,A,C
4rab,A,D
4rab,B,C
4rab,B,D
4rab,C,D
4rak,A,B
4ram,A,B
4raq,A,B
4raq,A,C
4raq,A,D
4raq,B,C
4raq,B,D
4raq,C,D
4ras,B,C
4raz,A,B
4rb3,C,D
4rbu,A,B
4rbu,A,C
4rbu,D,E
4rbu,D,F
4rbu,E,I
4rbu,F,H
4rbu,G,H
4rbu,G,I
4rbv,A,B
4rc1,A,C
4rc1,A,D
4rc1,B,E
4rc1,B,G
4rc1,E,F
4rc1,F,H
4rc1,G,I
4rc1,H,I
4rc9,A,B
4rc9,A,C
4rc9,A,D
4rc9,B,C
4rc9,B,K
4rc9,C,F
4rc9,D,H
4rc9,D,L
4rc9,E,F
4rc9,E,G
4rc9,E,H
4rc9,F,G
4rc9,G,J
4rc9,H,L
4rc9,I,J
4rc9,I,K
4rc9,I,L
4rc9,J,K
4rck,A,B
4rco,A,B
4rda,A,B
4rdh,A,B
4rdh,C,D
4rdi,A,B
4rdi,C,D
4rdl,A,B
4rdv,A,B
4rdv,C,D
4rdy,A,B
4re1,B,C
4re6,C,D
4red,A,B
4ref,A,B
4rf3,A,B
4rf5,A,B
4rfb,A,B
4rfb,C,D
4rfp,A,B
4rfs,A,B
4rfs,A,T
4rfs,B,T
4rfs,S,T
4rfx,C,D
4rg5,A,B
4rg9,A,B
4rgd,A,B
4rgr,A,B
4rgu,A,B
4rgw,A,B
4rgx,A,B
4rh3,A,B
4rh3,A,D
4rh3,B,C
4rh3,C,D
4rhb,C,D
4rhe,A,D
4rhe,A,E
4rhe,A,F
4rhe,B,C
4rhe,B,D
4rhe,B,E
4rhe,C,E
4rhe,C,F
4rhe,D,E
4rhe,E,F
4rhu,A,B
4rhu,A,D
4rhu,B,C
4rhu,C,D
4rhu,E,F
4rhz,A,B
4rj0,C,D
4rje,A,C
4rje,A,D
4rje,B,C
4rje,B,D
4rjj,A,B
4rjj,A,C
4rjj,A,D
4rjj,B,C
4rjj,B,D
4rjj,C,D
4rjj,E,F
4rjj,G,H
4rjk,E,F
4rjy,A,B
4rjy,A,C
4rjy,A,D
4rjy,B,C
4rjy,B,D
4rjy,C,D
4rk0,A,B
4rk0,C,D
4rk1,A,B
4rk6,A,B
4rk7,A,B
4rkc,A,B
4rkd,A,B
4rkd,C,D
4rkd,E,F
4rkd,G,H
4rkm,D,E
4rkm,D,K
4rkm,E,K
4rkm,G,H
4rkm,G,L
4rkm,H,L
4rkn,A,B
4rkn,A,C
4rkn,B,C
4rl4,A,B
4rl6,A,B
4rla,A,B
4rla,A,C
4rla,B,C
4rld,C,D
4rlu,A,B
4rn0,A,B
4rn2,A,B
4rnc,A,B
4rng,A,C
4rng,B,D
4rni,A,B
4rns,C,D
4rny,A,B
4ro2,A,B
4ro2,C,D
4rp3,A,B
4rph,A,C
4rpi,A,C
4rpi,B,D
4rpj,A,C
4rqb,A,B
4rqo,A,B
4rqx,A,B
4rqx,B,C
4rqx,C,D
4rqx,D,E
4rr2,A,B
4rr2,C,D
4rrf,A,D
4rrf,B,C
4rrg,C,D
4rrr,A,B
4rrx,A,B
4rrz,A,B
4rs4,A,B
4rs4,A,C
4rs4,A,D
4rs4,A,F
4rs4,B,E
4rs4,B,F
4rs4,C,D
4rs4,C,E
4rs4,D,F
4rs4,E,F
4rsc,A,B
4rsi,A,B
4rsj,A,B
4rsj,C,D
4rsu,A,B
4rsu,A,C
4rsu,A,D
4rsu,A,F
4rsu,A,G
4rsu,A,J
4rsu,B,C
4rsu,B,D
4rsu,B,E
4rsu,C,E
4rsu,C,F
4rsu,D,G
4rsu,G,H
4rsu,G,I
4rsu,G,J
4rsu,G,L
4rsu,H,I
4rsu,H,J
4rsu,H,K
4rsu,I,K
4rsu,I,L
4rub,A,B
4rub,A,D
4rub,A,S
4rub,A,T
4rub,B,C
4rub,B,D
4rub,B,T
4rub,B,V
4rub,C,D
4rub,C,U
4rub,C,V
4rub,D,T
4rub,D,V
4rub,S,T
4rub,U,V
4ruq,A,B
4rur,A,B
4rur,A,G
4rur,A,H
4rur,A,I
4rur,B,C
4rur,B,H
4rur,B,I
4rur,B,J
4rur,C,D
4rur,C,J
4rur,C,K
4rur,D,E
4rur,D,K
4rur,D,L
4rur,E,F
4rur,E,L
4rur,E,M
4rur,F,G
4rur,F,M
4rur,F,N
4rur,G,H
4rur,G,N
4rur,H,I
4rur,H,N
4rur,H,Z
4rur,H,a
4rur,I,J
4rur,I,Y
4rur,I,Z
4rur,J,K
4rur,J,X
4rur,J,Y
4rur,K,L
4rur,K,W
4rur,K,X
4rur,L,M
4rur,L,V
4rur,L,W
4rur,M,N
4rur,M,V
4rur,M,b
4rur,N,a
4rur,N,b
4rur,O,P
4rur,O,U
4rur,O,V
4rur,O,W
4rur,P,Q
4rur,P,V
4rur,P,W
4rur,P,X
4rur,Q,R
4rur,Q,X
4rur,Q,Y
4rur,R,S
4rur,R,Y
4rur,R,Z
4rur,S,T
4rur,S,Z
4rur,S,a
4rur,T,U
4rur,T,a
4rur,T,b
4rur,U,V
4rur,U,b
4rur,V,W
4rur,V,b
4rur,W,X
4rur,X,Y
4rur,Y,Z
4rur,Z,a
4rur,a,b
4rus,A,B
4rus,C,D
4rus,E,F
4rut,A,B
4rv0,G,H
4rv2,A,B
4rvs,A,B
4rvu,A,D
4rws,A,C
4rwx,A,B
4rwx,A,C
4rwx,B,C
4rxe,A,B
4rxo,A,B
4rxq,A,B
4rxs,A,B
4ry8,B,D
4ryu,A,B
4ryu,C,D
4rz3,A,B
4rz4,A,B
4rz4,A,E
4rz4,A,F
4rz4,B,C
4rz4,B,G
4rz4,C,D
4rz4,C,H
4rz4,D,E
4rz4,D,I
4rz4,E,J
4rz4,F,G
4rz4,F,J
4rz4,G,H
4rz4,H,I
4rz4,I,J
4rzm,A,B
4rzp,A,B
4rzz,B,D
4s00,B,D
4s01,B,D
4s0m,A,B
4s0t,A,B
4s0t,A,D
4s0t,B,E
4s17,A,B
4s17,A,F
4s17,B,C
4s17,C,D
4s17,D,E
4s17,E,F
4s1v,A,B
4s1v,A,C
4s1v,B,D
4s1v,C,D
4s2j,A,D
4s2l,A,B
4s2m,A,D
4s2n,A,C
4s2n,B,D
4s2o,A,B
4s2p,A,B
4s2t,P,Q
4s3p,A,B
4sdh,A,B
4tl3,A,B
4tle,A,B
4tle,A,F
4tle,B,C
4tle,C,D
4tle,D,E
4tle,E,F
4tm0,A,B
4tm0,A,C
4tm0,A,D
4tm0,B,C
4tm0,B,D
4tm0,C,D
4tm3,A,B
4tm3,A,C
4tm3,A,D
4tm3,B,C
4tm3,B,D
4tm3,C,D
4tm4,A,B
4tm4,A,C
4tm4,A,D
4tm4,B,C
4tm4,B,D
4tm4,C,D
4tma,A,B
4tma,A,C
4tma,A,D
4tma,A,K
4tma,B,C
4tma,B,I
4tma,C,D
4tma,C,K
4tma,D,K
4tma,E,G
4tma,E,H
4tma,E,J
4tma,F,G
4tma,F,J
4tma,G,J
4tma,H,L
4tmc,B,D
4tme,A,B
4tme,A,C
4tme,B,C
4tmt,A,B
4tn5,A,B
4tnp,A,B
4tnp,A,C
4tnp,A,D
4tnp,B,C
4tnp,B,D
4tnp,C,D
4tnt,A,B
4tnu,A,B
4tnx,A,B
4tnx,A,C
4tnx,A,D
4tnx,B,C
4tnx,B,D
4tnx,C,D
4tny,A,B
4tny,A,C
4tny,A,D
4tny,B,C
4tny,B,D
4tny,C,D
4to0,A,B
4to0,A,C
4to0,A,D
4to0,B,C
4to0,B,D
4to0,C,D
4to5,A,B
4to5,A,C
4to5,A,D
4to5,B,C
4to5,B,D
4to5,C,D
4to6,A,B
4to6,A,C
4to6,A,D
4to6,B,C
4to6,B,D
4to6,C,D
4to9,A,B
4to9,A,H
4to9,A,L
4to9,A,W
4to9,A,X
4to9,B,C
4to9,B,D
4to9,B,H
4to9,B,L
4to9,C,D
4to9,C,K
4to9,C,L
4to9,C,U
4to9,D,E
4to9,D,F
4to9,D,U
4to9,E,F
4to9,E,J
4to9,E,U
4to9,E,V
4to9,F,G
4to9,F,H
4to9,F,J
4to9,G,H
4to9,G,I
4to9,G,J
4to9,G,W
4to9,H,W
4to9,I,J
4to9,I,O
4to9,I,P
4to9,I,Q
4to9,J,Q
4to9,K,L
4to9,K,M
4to9,K,S
4to9,K,T
4to9,L,M
4to9,M,N
4to9,M,T
4to9,M,X
4to9,N,O
4to9,N,P
4to9,N,T
4to9,N,X
4to9,O,P
4to9,O,W
4to9,O,X
4to9,P,Q
4to9,P,R
4to9,Q,R
4to9,Q,V
4to9,R,S
4to9,R,T
4to9,R,V
4to9,S,T
4to9,S,U
4to9,S,V
4to9,U,V
4to9,W,X
4tog,A,B
4tog,A,D
4tog,B,D
4tog,C,D
4top,A,B
4tps,C,D
4tqj,A,B
4tqk,A,B
4tqq,H,L
4tqq,H,M
4tqq,L,M
4trb,A,B
4trc,A,B
4trg,A,B
4trh,A,B
4trm,A,B
4trm,C,D
4trm,C,E
4trm,C,F
4trm,D,E
4trm,D,F
4trm,E,F
4trt,A,B
4ts3,A,D
4ts3,A,F
4ts3,B,D
4ts3,B,E
4ts3,C,E
4ts3,C,F
4ts7,A,B
4tsf,A,D
4tsf,A,E
4tsf,A,G
4tsf,B,E
4tsf,B,F
4tsf,C,D
4tsf,C,F
4tsf,C,I
4tsf,D,G
4tsf,D,I
4tsf,E,G
4tsf,E,H
4tsf,F,G
4tsf,G,I
4tsy,A,B
4tsy,B,C
4tsy,C,D
4tt0,A,B
4tt3,A,D
4tt3,A,E
4tt3,A,G
4tt3,B,E
4tt3,B,F
4tt3,C,D
4tt3,C,F
4tt3,C,H
4tt3,D,G
4tt3,D,H
4tt3,E,G
4tt3,E,J
4tt3,F,G
4tt3,F,I
4tt3,G,H
4tt3,G,I
4tt4,A,B
4ttg,A,B
4ttg,A,D
4ttg,B,C
4ttg,C,D
4ttj,A,D
4ttj,B,D
4ttx,A,B
4ttx,C,D
4ttx,E,F
4tu1,A,B
4tu1,A,D
4tu1,B,C
4tu1,C,D
4tu7,A,B
4tu8,A,B
4tu9,A,B
4tuh,A,B
4tuh,C,D
4tuh,E,F
4tuh,G,H
4tv4,A,B
4tv4,B,C
4tv8,A,B
4tv8,A,E
4tv8,A,F
4tv8,B,C
4tv8,B,E
4tv8,B,F
4tv8,C,D
4tv8,C,E
4tv8,D,E
4tvg,A,B
4tvi,A,B
4tvu,A,B
4tvu,E,F
4tvu,G,H
4tw1,A,B
4tw1,A,H
4tw1,B,C
4tw1,C,D
4tw1,D,E
4tw1,E,F
4tw1,F,G
4tw1,G,H
4twa,A,B
4twd,A,B
4twd,A,E
4twd,B,C
4twd,C,D
4twd,D,E
4twd,F,G
4twd,F,J
4twd,G,H
4twd,H,I
4twd,I,J
4tx1,A,B
4tx1,B,C
4tx5,A,B
4txh,A,B
4txh,C,D
4txj,C,D
4txm,A,B
4txn,A,B
4txn,C,D
4txo,A,B
4txo,C,D
4txo,E,F
4txo,G,H
4tyb,A,B
4tyb,B,C
4tys,A,D
4tys,A,E
4tys,C,D
4tys,C,E
4tz4,A,C
4tzd,A,D
4u07,A,B
4u0s,A,B
4u0v,A,B
4u0w,A,B
4u0z,B,H
4u13,A,B
4u19,A,B
4u19,A,C
4u19,B,C
4u1c,A,C
4u1t,A,B
4u1t,A,C
4u1t,A,D
4u1t,B,C
4u1t,B,D
4u1t,C,D
4u1t,E,F
4u1t,E,G
4u1t,E,H
4u1t,F,G
4u1t,F,H
4u1t,G,H
4u1w,A,B
4u1w,A,D
4u1w,B,C
4u1w,B,D
4u1w,C,D
4u2k,A,B
4u2k,A,F
4u2k,B,C
4u2k,C,D
4u2k,D,E
4u2k,E,F
4u2x,C,F
4u2z,A,B
4u5p,A,B
4u5p,A,C
4u5p,B,C
4u60,A,B
4u60,A,E
4u60,B,C
4u60,C,D
4u60,D,E
4u6d,A,B
4u6i,A,B
4u6i,A,C
4u6i,B,C
4u6u,A,B
4u6u,C,D
4u83,A,B
4u83,C,D
4u8d,A,B
4u8f,A,B
4u8i,A,C
4u8i,A,D
4u8i,B,C
4u8i,B,D
4u8k,A,C
4u8k,A,D
4u8k,B,C
4u8k,B,D
4u8w,A,B
4u97,A,B
4u9n,A,B
4ua1,A,B
4ua2,E,F
4uaf,B,E
4uah,A,B
4uah,A,C
4uah,B,C
4ub9,A,B
4ub9,A,C
4ub9,B,D
4ub9,C,D
4ubf,C,D
4ubp,A,C
4ubp,B,C
4ubr,A,B
4ubr,C,D
4ubr,E,F
4ubr,G,H
4ubu,A,D
4ubu,F,H
4ubw,A,B
4uc1,A,B
4uc2,A,B
4uc3,A,B
4uc5,A,B
4uc5,A,C
4uc5,B,D
4uc5,C,D
4uch,A,B
4ucz,A,B
4ud2,C,S
4ud6,B,R
4udg,A,B
4udg,A,C
4udg,A,E
4udg,B,C
4udg,B,D
4udg,C,F
4udg,D,E
4udg,D,F
4udg,E,F
4udi,A,B
4udi,A,C
4udi,A,E
4udi,B,C
4udi,B,D
4udi,C,F
4udi,D,E
4udi,D,F
4udi,E,F
4ue2,A,Q
4ue2,B,R
4ue2,C,S
4uej,A,B
4ueq,A,Q
4ufr,A,B
4ufr,A,C
4ufr,A,D
4ufr,B,C
4ufr,C,D
4ug1,A,B
4ugz,A,B
4uh3,A,B
4uh4,A,B
4uh5,A,B
4uh9,A,B
4uir,A,B
4ulv,A,B
4um3,Z,a
4um3,Z,d
4um3,a,b
4um3,b,c
4um3,c,d
4um3,e,f
4um3,e,i
4um3,f,g
4um3,g,h
4um3,h,i
4um3,j,k
4um3,j,n
4um3,k,l
4um3,l,m
4um3,m,n
4um4,A,B
4um4,A,C
4um4,B,C
4um5,A,B
4um5,A,D
4um5,B,C
4um5,C,D
4um8,C,D
4um9,A,B
4um9,C,D
4uma,A,B
4uma,A,C
4uma,B,D
4uma,C,D
4umb,A,B
4umb,A,C
4umb,B,D
4umb,C,D
4umj,A,B
4umk,A,C
4umk,B,D
4umn,A,B
4ump,A,D
4ump,B,C
4unk,A,B
4uoc,A,B
4uof,A,B
4uof,A,C
4uof,B,C
4uog,A,B
4uog,A,C
4uog,B,C
4uoh,A,B
4uoh,A,C
4uoh,B,C
4uoi,D,E
4uop,A,B
4uoq,A,B
4uoq,A,C
4uoq,B,C
4uov,E,F
4uow,0,1
4uow,2,3
4uow,4,5
4uow,6,7
4uow,8,9
4uow,E,F
4uow,G,H
4uow,O,P
4uow,Q,R
4uow,S,T
4uow,U,V
4uow,W,X
4uox,A,B
4uox,A,D
4uox,B,C
4uox,C,D
4uoz,A,B
4uoz,A,C
4uoz,B,C
4uqf,A,B
4uqf,A,E
4uqf,A,F
4uqf,B,C
4uqf,B,D
4uqf,C,F
4uqf,C,G
4uqf,D,G
4uqf,D,H
4uqf,E,H
4uqf,E,I
4uqf,F,I
4uqf,G,J
4uqf,H,J
4uqf,I,J
4uqi,A,B
4uqi,A,M
4uqi,A,S
4uqi,B,M
4uqi,B,S
4uqi,M,S
4uql,B,R
4uqp,A,Q
4uqp,B,R
4uqu,A,B
4uqv,C,D
4uqv,E,F
4uqv,G,H
4uqv,K,L
4ur2,A,B
4ur7,A,B
4ur7,A,D
4ur7,B,C
4ur7,C,D
4urp,A,B
4urq,U,X
4urq,U,Y
4urq,U,Z
4urq,V,W
4urq,V,X
4urq,V,Y
4urr,A,B
4urr,A,C
4urr,B,C
4urr,D,E
4urr,D,F
4urr,E,F
4usg,A,B
4ush,A,B
4ush,A,C
4ush,B,C
4uso,A,B
4uso,C,D
4ut5,A,B
4ut5,A,D
4ut5,B,C
4ut5,C,D
4uu2,A,B
4uug,A,B
4uuu,A,B
4uuy,A,B
4uv2,A,B
4uv2,A,H
4uv2,B,C
4uv2,C,D
4uv2,D,E
4uv2,E,F
4uv2,F,G
4uv2,G,H
4uv2,I,J
4uv2,I,P
4uv2,J,K
4uv2,K,L
4uv2,L,M
4uv2,M,N
4uv2,N,O
4uv2,O,P
4uva,A,B
4uvi,A,B
4uvi,A,C
4uvi,A,D
4uvi,B,C
4uvi,B,D
4uvi,C,D
4uvj,A,B
4uw7,A,B
4uw7,A,C
4uw7,B,C
4uw8,A,B
4uw8,A,C
4uw8,B,C
4uw8,G,H
4uw8,G,I
4uw8,H,I
4uwm,A,B
4uxa,A,B
4uxa,C,D
4uxa,E,F
4uxa,G,H
4uxa,K,L
4uxa,M,N
4uxa,O,P
4uxa,Q,R
4uxa,S,T
4uxg,D,E
4uxg,D,F
4uxg,E,F
4uxw,A,B
4uxw,A,C
4uxw,B,C
4uxx,A,B
4uxx,A,C
4uxx,B,C
4uxz,D,E
4uxz,D,F
4uxz,E,F
4uyo,D,E
4uyo,D,F
4uyo,E,F
4uyp,A,C
4uyp,A,D
4uyp,B,C
4uyq,A,B
4uz8,A,B
4uzb,A,B
4uze,A,B
4uzk,A,B
4uzr,A,D
4uzr,A,F
4uzr,B,D
4uzr,B,E
4uzr,C,E
4uzr,C,F
4v07,A,B
4v2g,A,B
4v2q,A,B
4v2r,A,B
4v2s,A,B
4v2s,A,F
4v2s,B,C
4v2s,C,D
4v2s,D,E
4v2s,E,F
4v3e,A,B
4v3u,A,B
4v3u,A,C
4v3u,B,D
4v3u,C,D
4v3w,A,B
4v3y,A,B
4vhb,A,B
4w1t,A,B
4w1t,A,C
4w1t,B,C
4w1v,A,B
4w1w,A,B
4w1y,A,B
4w4k,A,B
4w4k,C,D
4w5k,A,B
4w61,A,B
4w61,A,C
4w61,A,D
4w61,B,C
4w61,B,D
4w61,C,D
4w61,E,F
4w61,E,G
4w61,E,H
4w61,F,G
4w61,F,H
4w61,G,H
4w61,I,J
4w61,I,K
4w61,I,L
4w61,J,K
4w61,J,L
4w61,K,L
4w66,A,B
4w6b,A,B
4w72,A,B
4w76,A,B
4w77,A,B
4w7s,A,B
4w82,A,B
4w9c,A,B
4w9c,B,C
4w9c,D,E
4w9c,E,F
4w9d,G,H
4w9d,H,I
4w9d,J,K
4w9d,K,L
4w9f,A,B
4w9f,B,C
4w9f,D,E
4w9f,E,F
4w9f,J,K
4w9f,K,L
4w9i,D,E
4w9i,E,F
4w9i,G,H
4w9i,H,I
4wai,A,B
4wai,C,D
4waj,A,B
4wcf,A,B
4wcf,A,C
4wcf,A,D
4wcf,B,C
4wcf,B,D
4wcf,C,D
4wcz,A,B
4wcz,A,C
4wcz,B,C
4wcz,D,E
4wcz,D,F
4wcz,E,F
4wdz,A,B
4wdz,A,E
4wdz,B,C
4wdz,C,D
4wdz,D,E
4we0,A,B
4we0,A,E
4we0,B,C
4we0,C,D
4we0,D,E
4wef,A,B
4wey,A,B
4wfa,3,I
4wfa,B,M
4wfa,C,I
4wfa,G,N
4wfa,H,M
4wfa,J,S
4wfa,N,O
4wfa,P,Z
4wfa,Q,V
4wfb,3,I
4wfb,B,M
4wfb,C,I
4wfb,G,N
4wfb,H,M
4wfb,J,S
4wfb,N,O
4wfb,P,Z
4wfb,Q,V
4wfd,A,B
4wfd,D,E
4wg2,A,C
4wg2,B,C
4wgl,A,G
4wgl,B,C
4wgl,C,D
4wgl,D,E
4wgl,E,F
4wgl,F,G
4wgl,H,I
4wgl,H,N
4wgl,I,J
4wgl,J,K
4wgl,K,L
4wgl,L,M
4wgl,M,N
4whn,A,C
4whn,B,D
4who,A,B
4who,B,D
4who,B,F
4who,C,D
4who,D,F
4who,E,F
4whp,A,B
4whp,B,D
4whp,B,F
4whp,C,D
4whp,D,F
4whp,E,F
4whq,A,B
4whq,B,D
4whq,B,F
4whq,C,D
4whq,D,F
4whq,E,F
4whr,A,B
4whr,B,D
4whr,B,F
4whr,C,D
4whr,D,F
4whr,E,F
4whs,A,B
4whs,B,D
4whs,B,F
4whs,C,D
4whs,D,F
4whs,E,F
4wi0,A,B
4wia,A,B
4wia,A,C
4wia,B,C
4wib,A,B
4wic,A,B
4wic,C,D
4wid,A,B
4wif,A,B
4wig,A,B
4wij,A,B
4wil,A,B
4wis,A,B
4wit,A,B
4wjb,B,C
4wjl,A,B
4wjy,A,B
4wkb,A,B
4wkp,A,B
4wkp,C,D
4wks,A,C
4wku,A,B
4wky,A,B
4wl0,A,B
4wl0,A,D
4wl0,B,C
4wl0,C,D
4wl2,B,C
4wl2,D,G
4wl2,E,F
4wlk,A,B
4wlo,A,B
4wlo,A,D
4wlo,B,C
4wlo,C,D
4wlu,A,B
4wlu,A,C
4wlu,B,D
4wlu,C,D
4wm8,A,B
4wm8,A,C
4wm8,A,D
4wm8,B,C
4wm8,B,D
4wm8,C,D
4wmc,A,B
4wmc,C,F
4wmc,D,E
4wmd,A,B
4wme,A,B
4wme,C,D
4wmj,C,D
4wnn,A,B
4wog,A,B
4wog,A,D
4wog,B,C
4wog,C,D
4woj,A,B
4woq,A,D
4woq,A,H
4woq,B,E
4woq,B,G
4woq,C,E
4woq,C,G
4woq,D,F
4woq,F,H
4wp0,A,B
4wr3,A,B
4wr3,C,D
4wr8,M,N
4wr8,M,O
4wr8,N,O
4wr8,P,Q
4wr8,P,R
4wr8,Q,R
4wrb,A,B
4wrb,A,C
4wrb,B,C
4ws9,A,B
4ws9,A,D
4ws9,B,C
4ws9,C,D
4ws9,E,F
4ws9,E,H
4ws9,F,G
4ws9,G,H
4ws9,I,J
4ws9,I,L
4ws9,J,K
4ws9,K,L
4wsa,A,B
4wsa,A,C
4wsa,B,C
4wse,A,B
4wt4,A,C
4wt4,B,D
4wty,A,B
4wtz,D,H
4wtz,E,L
4wtz,F,K
4wu2,A,B
4wu8,A,B
4wu8,A,E
4wu8,A,G
4wu8,B,D
4wu8,B,G
4wu8,B,H
4wu8,C,D
4wu8,C,E
4wu8,C,F
4wu8,D,F
4wu8,E,F
4wu8,F,H
4wu8,G,H
4wum,A,B
4wum,C,D
4wuo,A,B
4ww4,A,B
4wwa,A,B
4wwc,A,B
4wx3,A,C
4wx3,A,D
4wx3,B,C
4wx3,B,D
4wx5,A,C
4wx5,A,D
4wx5,B,D
4wx8,B,E
4wx8,C,F
4wxb,A,C
4wxb,B,D
4wxh,A,B
4wy4,A,B
4wy4,A,C
4wy4,A,D
4wy4,B,C
4wy4,B,D
4wy4,C,D
4wy8,A,B
4wy8,C,D
4wyc,A,B
4wyf,A,B
4wyq,A,B
4wyq,D,E
4wyr,A,B
4wz8,B,C
4wz9,A,B
4wzn,A,B
4x01,A,B
4x01,A,C
4x01,A,D
4x01,B,C
4x01,B,D
4x01,C,D
4x01,E,F
4x01,E,G
4x01,E,H
4x01,F,G
4x01,F,H
4x01,G,H
4x04,A,B
4x04,A,C
4x04,A,D
4x08,A,B
4x0o,B,D
4x14,A,B
4x14,A,E
4x14,B,C
4x14,C,D
4x14,D,E
4x16,A,B
4x16,A,E
4x16,B,C
4x16,C,D
4x16,D,E
4x1y,A,B
4x1y,A,E
4x1y,B,C
4x1y,B,E
4x1y,C,D
4x1y,C,E
4x1y,D,E
4x20,A,B
4x20,A,E
4x20,B,C
4x20,B,E
4x20,C,D
4x20,C,E
4x20,D,E
4x24,A,B
4x28,A,C
4x28,A,D
4x28,B,C
4x28,B,D
4x2a,A,B
4x2t,A,B
4x2t,A,C
4x2t,A,D
4x2t,A,F
4x2t,B,C
4x2t,B,E
4x2t,B,F
4x2t,C,D
4x2t,C,E
4x2t,D,E
4x2t,D,F
4x2t,E,F
4x2t,G,H
4x2t,G,I
4x2t,G,J
4x2t,G,L
4x2t,H,I
4x2t,H,K
4x2t,H,L
4x2t,I,J
4x2t,I,K
4x2t,J,K
4x2t,J,L
4x2t,K,L
4x3k,A,B
4x3m,A,B
4x42,A,B
4x42,C,D
4x4b,A,B
4x4b,C,D
4x4c,A,B
4x4c,C,D
4x4d,A,B
4x4d,C,D
4x4f,A,B
4x4f,C,D
4x4g,A,B
4x4g,C,D
4x64,B,H
4x64,C,J
4x64,C,N
4x64,D,E
4x64,E,H
4x64,F,R
4x64,G,I
4x64,G,K
4x64,J,N
4x64,K,R
4x64,M,S
4x6y,A,B
4x7w,A,B
4x81,A,B
4x8f,K,L
4x9e,A,B
4x9e,A,C
4x9e,A,E
4x9e,B,D
4x9e,B,F
4x9e,C,D
4x9e,C,E
4x9e,D,F
4x9e,E,F
4xa1,C,D
4xa4,A,B
4xa6,C,D
4xau,A,B
4xau,C,E
4xau,D,F
4xax,A,B
4xb1,A,B
4xb2,A,B
4xbx,A,B
4xby,A,B
4xby,C,D
4xbz,A,B
4xbz,C,D
4xbz,E,F
4xc5,A,B
4xc5,A,C
4xc5,B,C
4xc9,A,C
4xc9,A,D
4xc9,B,C
4xc9,B,D
4xc9,E,F
4xca,A,C
4xca,A,D
4xca,B,C
4xca,B,D
4xch,A,B
4xch,A,C
4xch,B,D
4xch,C,D
4xcm,A,B
4xda,A,B
4xdn,A,B
4xds,A,B
4xds,A,C
4xds,A,E
4xds,B,D
4xds,B,F
4xds,C,D
4xds,C,E
4xds,D,F
4xds,E,F
4xdv,A,B
4xdv,C,D
4xdv,E,F
4xdv,G,H
4xdz,A,B
4xer,C,D
4xfw,A,B
4xgc,A,B
4xgc,A,D
4xgc,A,E
4xgc,B,C
4xgc,B,E
4xgc,C,E
4xgc,C,F
4xgc,D,E
4xgi,A,B
4xgi,A,C
4xgi,A,E
4xgi,A,F
4xgi,B,C
4xgi,B,D
4xgi,B,F
4xgi,C,D
4xgi,C,E
4xgi,D,E
4xgi,D,F
4xgi,E,F
4xgk,A,B
4xgo,A,B
4xgp,A,B
4xgp,C,D
4xgu,A,B
4xgu,A,F
4xgu,B,C
4xgu,C,D
4xgu,D,E
4xgu,E,F
4xha,A,B
4xhr,A,N
4xhr,B,M
4xht,A,B
4xht,C,D
4xhu,A,B
4xhu,C,D
4xi0,A,D
4xi0,A,E
4xi0,D,E
4xia,A,B
4xim,A,B
4xim,A,C
4xim,A,D
4xim,B,C
4xim,B,D
4xim,C,D
4xiv,A,B
4xiy,A,B
4xiy,C,D
4xiz,A,N
4xiz,B,M
4xj7,C,D
4xjc,A,C
4xjc,A,E
4xjc,B,D
4xjc,B,F
4xjc,C,E
4xjc,D,F
4xjk,A,B
4xjk,A,C
4xjk,A,D
4xjk,B,C
4xjk,B,D
4xjk,C,D
4xjk,E,F
4xjk,E,G
4xjk,E,H
4xjk,F,G
4xjk,F,H
4xjk,G,H
4xjk,I,J
4xjq,A,B
4xk4,A,B
4xk8,1,4
4xk8,1,G
4xk8,2,3
4xk8,2,4
4xk8,3,A
4xk8,4,F
4xk8,6,9
4xk8,6,g
4xk8,7,8
4xk8,7,9
4xk8,8,a
4xk8,9,f
4xk8,A,B
4xk8,A,C
4xk8,A,D
4xk8,A,F
4xk8,A,K
4xk8,A,L
4xk8,B,C
4xk8,B,D
4xk8,B,F
4xk8,B,G
4xk8,B,H
4xk8,B,L
4xk8,C,D
4xk8,C,E
4xk8,D,H
4xk8,D,L
4xk8,H,L
4xk8,a,b
4xk8,a,c
4xk8,a,d
4xk8,a,f
4xk8,a,k
4xk8,a,l
4xk8,b,c
4xk8,b,d
4xk8,b,f
4xk8,b,g
4xk8,b,h
4xk8,b,l
4xk8,c,d
4xk8,c,e
4xk8,d,h
4xk8,d,l
4xk8,h,l
4xl1,A,B
4xl1,B,E
4xl1,D,E
4xl4,A,B
4xl5,A,C
4xlg,A,B
4xlw,C,D
4xlw,E,F
4xlw,G,H
4xlx,A,B
4xm0,A,B
4xm0,A,C
4xm0,A,D
4xm0,A,E
4xm0,B,C
4xm0,B,D
4xm0,B,F
4xm0,C,E
4xm0,C,F
4xm0,D,E
4xm0,D,F
4xm0,E,F
4xmq,A,B
4xo2,A,B
4xoh,A,B
4xv1,A,B
4xvp,B,E
4xvz,A,B
4xws,A,B
4xwy,A,C
4xwy,B,D
4xx0,A,B
4xx7,A,B
4xx7,A,C
4xx7,B,C
4xxb,A,B
4xxj,A,B
4xxj,A,C
4xxj,B,C
4xxo,A,B
4xyb,A,B
4xyc,A,B
4xyc,A,F
4xyc,A,Q
4xyc,A,R
4xyc,B,C
4xyc,B,P
4xyc,B,Q
4xyc,C,D
4xyc,C,O
4xyc,C,P
4xyc,D,E
4xyc,D,N
4xyc,D,O
4xyc,E,F
4xyc,E,M
4xyc,E,N
4xyc,F,M
4xyc,F,R
4xyc,G,H
4xyc,G,L
4xyc,G,W
4xyc,G,X
4xyc,H,I
4xyc,H,V
4xyc,H,W
4xyc,I,J
4xyc,I,U
4xyc,I,V
4xyc,J,K
4xyc,J,T
4xyc,J,U
4xyc,K,L
4xyc,K,S
4xyc,K,T
4xyc,L,S
4xyc,L,X
4xyc,M,N
4xyc,M,R
4xyc,N,O
4xyc,O,P
4xyc,P,Q
4xyc,Q,R
4xyc,S,T
4xyc,S,X
4xyc,T,U
4xyc,U,V
4xyc,V,W
4xyc,W,X
4xye,A,B
4xyj,A,B
4xyj,A,D
4xyj,B,C
4xyj,C,D
4xyj,E,F
4xyj,E,H
4xyj,F,G
4xyj,G,H
4xz5,A,B
4xz7,A,B
4xzq,A,B
4xzq,A,E
4xzq,A,G
4xzq,B,D
4xzq,B,G
4xzq,B,H
4xzq,C,D
4xzq,C,E
4xzq,C,F
4xzq,E,F
4xzq,F,H
4xzq,G,H
4xzz,A,B
4y0d,A,B
4y0e,A,B
4y0e,A,C
4y0e,B,D
4y0e,C,D
4y0e,E,F
4y0m,G,H
4y2h,A,B
4y3o,A,B
4y42,A,B
4y42,A,D
4y42,A,F
4y42,A,I
4y42,A,J
4y42,B,D
4y42,B,E
4y42,B,F
4y42,B,G
4y42,C,E
4y42,C,G
4y42,C,H
4y42,C,I
4y42,C,J
4y42,D,F
4y42,D,I
4y42,D,J
4y42,E,F
4y42,E,G
4y42,E,H
4y42,F,G
4y42,G,H
4y42,H,I
4y42,H,J
4y42,I,J
4y52,A,B
4y52,A,C
4y52,A,E
4y52,A,F
4y52,A,H
4y52,A,I
4y52,A,K
4y52,B,C
4y52,B,I
4y52,B,J
4y52,B,K
4y52,B,L
4y52,C,J
4y52,C,K
4y52,C,L
4y5o,A,B
4y5t,A,B
4y74,A,B
4y74,A,G
4y74,A,H
4y74,A,I
4y74,B,C
4y74,B,I
4y74,B,J
4y74,C,D
4y74,C,J
4y74,C,K
4y74,D,E
4y74,D,K
4y74,D,L
4y74,E,F
4y74,E,L
4y74,E,M
4y74,F,G
4y74,F,M
4y74,F,N
4y74,G,H
4y74,G,N
4y74,H,I
4y74,H,N
4y74,H,Z
4y74,H,a
4y74,I,J
4y74,I,Y
4y74,I,Z
4y74,J,K
4y74,J,X
4y74,J,Y
4y74,K,L
4y74,K,W
4y74,K,X
4y74,L,M
4y74,L,V
4y74,L,W
4y74,M,N
4y74,M,V
4y74,M,b
4y74,N,a
4y74,N,b
4y74,O,P
4y74,O,U
4y74,O,V
4y74,O,W
4y74,P,Q
4y74,P,W
4y74,P,X
4y74,Q,R
4y74,Q,X
4y74,Q,Y
4y74,R,S
4y74,R,Y
4y74,R,Z
4y74,S,T
4y74,S,Z
4y74,S,a
4y74,T,U
4y74,T,a
4y74,T,b
4y74,U,V
4y74,U,b
4y74,V,W
4y74,V,b
4y74,W,X
4y74,X,Y
4y74,Y,Z
4y74,Z,a
4y74,a,b
4y77,A,B
4y77,A,G
4y77,A,H
4y77,A,I
4y77,B,C
4y77,B,I
4y77,B,J
4y77,C,D
4y77,C,J
4y77,C,K
4y77,D,E
4y77,D,K
4y77,D,L
4y77,E,F
4y77,E,L
4y77,E,M
4y77,F,G
4y77,F,M
4y77,F,N
4y77,G,H
4y77,G,N
4y77,H,I
4y77,H,N
4y77,H,Z
4y77,H,a
4y77,I,J
4y77,I,Y
4y77,I,Z
4y77,J,K
4y77,J,X
4y77,J,Y
4y77,K,L
4y77,K,W
4y77,K,X
4y77,L,M
4y77,L,V
4y77,L,W
4y77,M,N
4y77,M,V
4y77,M,b
4y77,N,a
4y77,N,b
4y77,O,P
4y77,O,U
4y77,O,V
4y77,O,W
4y77,P,Q
4y77,P,W
4y77,P,X
4y77,Q,R
4y77,Q,X
4y77,Q,Y
4y77,R,S
4y77,R,Y
4y77,R,Z
4y77,S,T
4y77,S,Z
4y77,S,a
4y77,T,U
4y77,T,a
4y77,T,b
4y77,U,V
4y77,U,b
4y77,V,W
4y77,V,b
4y77,W,X
4y77,X,Y
4y77,Y,Z
4y77,Z,a
4y77,a,b
4y7e,A,B
4y7n,A,B
4y7n,A,C
4y7n,A,E
4y7n,A,F
4y7n,A,H
4y7n,A,I
4y7n,A,K
4y7n,B,C
4y7n,B,I
4y7n,B,J
4y7n,B,K
4y7n,B,L
4y7n,C,J
4y7n,C,K
4y7n,C,L
4y7o,A,C
4y7x,A,B
4y7x,A,G
4y7x,A,H
4y7x,A,I
4y7x,B,C
4y7x,B,I
4y7x,B,J
4y7x,C,D
4y7x,C,J
4y7x,C,K
4y7x,D,E
4y7x,D,K
4y7x,D,L
4y7x,E,F
4y7x,E,L
4y7x,E,M
4y7x,F,G
4y7x,F,M
4y7x,F,N
4y7x,G,H
4y7x,G,N
4y7x,H,I
4y7x,H,N
4y7x,H,Z
4y7x,H,a
4y7x,I,J
4y7x,I,Y
4y7x,I,Z
4y7x,J,K
4y7x,J,X
4y7x,J,Y
4y7x,K,L
4y7x,K,W
4y7x,K,X
4y7x,L,M
4y7x,L,V
4y7x,L,W
4y7x,M,N
4y7x,M,V
4y7x,M,b
4y7x,N,a
4y7x,N,b
4y7x,O,P
4y7x,O,U
4y7x,O,V
4y7x,O,W
4y7x,P,Q
4y7x,P,W
4y7x,P,X
4y7x,Q,R
4y7x,Q,X
4y7x,Q,Y
4y7x,R,S
4y7x,R,Y
4y7x,R,Z
4y7x,S,T
4y7x,S,Z
4y7x,S,a
4y7x,T,U
4y7x,T,a
4y7x,T,b
4y7x,U,V
4y7x,U,b
4y7x,V,W
4y7x,V,b
4y7x,W,X
4y7x,X,Y
4y7x,Y,Z
4y7x,Z,a
4y7x,a,b
4y7y,A,B
4y7y,A,G
4y7y,A,H
4y7y,A,I
4y7y,B,C
4y7y,B,I
4y7y,B,J
4y7y,C,D
4y7y,C,J
4y7y,C,K
4y7y,D,E
4y7y,D,K
4y7y,D,L
4y7y,E,F
4y7y,E,L
4y7y,E,M
4y7y,F,G
4y7y,F,M
4y7y,F,N
4y7y,G,H
4y7y,G,N
4y7y,H,I
4y7y,H,N
4y7y,H,Z
4y7y,H,a
4y7y,I,J
4y7y,I,Y
4y7y,I,Z
4y7y,J,K
4y7y,J,X
4y7y,J,Y
4y7y,K,L
4y7y,K,W
4y7y,K,X
4y7y,L,M
4y7y,L,V
4y7y,L,W
4y7y,M,N
4y7y,M,V
4y7y,M,b
4y7y,N,a
4y7y,N,b
4y7y,O,P
4y7y,O,U
4y7y,O,V
4y7y,O,W
4y7y,P,Q
4y7y,P,W
4y7y,P,X
4y7y,Q,R
4y7y,Q,X
4y7y,Q,Y
4y7y,R,S
4y7y,R,Y
4y7y,R,Z
4y7y,S,T
4y7y,S,Z
4y7y,S,a
4y7y,T,U
4y7y,T,a
4y7y,T,b
4y7y,U,V
4y7y,U,b
4y7y,V,W
4y7y,V,b
4y7y,W,X
4y7y,X,Y
4y7y,Y,Z
4y7y,Z,a
4y7y,a,b
4y80,A,B
4y80,A,G
4y80,A,H
4y80,A,I
4y80,B,C
4y80,B,I
4y80,B,J
4y80,C,D
4y80,C,J
4y80,C,K
4y80,D,E
4y80,D,K
4y80,D,L
4y80,E,F
4y80,E,L
4y80,E,M
4y80,F,G
4y80,F,M
4y80,F,N
4y80,G,H
4y80,G,N
4y80,H,I
4y80,H,N
4y80,H,Z
4y80,H,a
4y80,I,J
4y80,I,Y
4y80,I,Z
4y80,J,K
4y80,J,X
4y80,J,Y
4y80,K,L
4y80,K,W
4y80,K,X
4y80,L,M
4y80,L,V
4y80,L,W
4y80,M,N
4y80,M,V
4y80,M,b
4y80,N,a
4y80,N,b
4y80,O,P
4y80,O,U
4y80,O,V
4y80,O,W
4y80,P,Q
4y80,P,W
4y80,P,X
4y80,Q,R
4y80,Q,X
4y80,Q,Y
4y80,R,S
4y80,R,Y
4y80,R,Z
4y80,S,T
4y80,S,Z
4y80,S,a
4y80,T,U
4y80,T,a
4y80,T,b
4y80,U,V
4y80,U,b
4y80,V,W
4y80,V,b
4y80,W,X
4y80,X,Y
4y80,Y,Z
4y80,Z,a
4y80,a,b
4y81,A,B
4y81,A,G
4y81,A,H
4y81,A,I
4y81,B,C
4y81,B,I
4y81,B,J
4y81,C,D
4y81,C,J
4y81,C,K
4y81,D,E
4y81,D,K
4y81,D,L
4y81,E,F
4y81,E,L
4y81,E,M
4y81,F,N
4y81,G,H
4y81,G,N
4y81,H,I
4y81,H,N
4y81,H,Z
4y81,H,a
4y81,I,J
4y81,I,Y
4y81,I,Z
4y81,J,K
4y81,J,X
4y81,J,Y
4y81,K,L
4y81,K,W
4y81,K,X
4y81,L,M
4y81,L,V
4y81,L,W
4y81,M,N
4y81,M,V
4y81,M,b
4y81,N,a
4y81,N,b
4y81,O,P
4y81,O,U
4y81,O,V
4y81,O,W
4y81,P,Q
4y81,P,W
4y81,P,X
4y81,Q,R
4y81,Q,X
4y81,Q,Y
4y81,R,S
4y81,R,Y
4y81,R,Z
4y81,S,T
4y81,S,Z
4y81,S,a
4y81,T,U
4y81,T,a
4y81,T,b
4y81,U,V
4y81,U,b
4y81,V,W
4y81,V,b
4y81,W,X
4y81,X,Y
4y81,Y,Z
4y81,Z,a
4y81,a,b
4y87,A,B
4y89,A,C
4y89,B,D
4y8c,A,B
4y8i,A,B
4y8i,A,G
4y8i,A,H
4y8i,A,I
4y8i,B,C
4y8i,B,I
4y8i,B,J
4y8i,C,D
4y8i,C,J
4y8i,C,K
4y8i,D,E
4y8i,D,K
4y8i,D,L
4y8i,E,F
4y8i,E,L
4y8i,E,M
4y8i,F,G
4y8i,F,M
4y8i,F,N
4y8i,G,H
4y8i,G,N
4y8i,H,I
4y8i,H,N
4y8i,H,Z
4y8i,H,a
4y8i,I,J
4y8i,I,Y
4y8i,I,Z
4y8i,J,K
4y8i,J,X
4y8i,J,Y
4y8i,K,L
4y8i,K,W
4y8i,K,X
4y8i,L,M
4y8i,L,V
4y8i,L,W
4y8i,M,N
4y8i,M,V
4y8i,M,b
4y8i,N,a
4y8i,N,b
4y8i,O,P
4y8i,O,U
4y8i,O,V
4y8i,O,W
4y8i,P,Q
4y8i,P,W
4y8i,P,X
4y8i,Q,R
4y8i,Q,X
4y8i,Q,Y
4y8i,R,S
4y8i,R,Y
4y8i,R,Z
4y8i,S,T
4y8i,S,Z
4y8i,S,a
4y8i,T,U
4y8i,T,a
4y8i,T,b
4y8i,U,V
4y8i,U,b
4y8i,V,W
4y8i,V,b
4y8i,W,X
4y8i,X,Y
4y8i,Y,Z
4y8i,Z,a
4y8i,a,b
4y8j,A,B
4y8j,A,G
4y8j,A,H
4y8j,A,I
4y8j,B,C
4y8j,B,I
4y8j,B,J
4y8j,C,D
4y8j,C,J
4y8j,C,K
4y8j,D,E
4y8j,D,K
4y8j,D,L
4y8j,E,F
4y8j,E,L
4y8j,E,M
4y8j,F,G
4y8j,F,M
4y8j,F,N
4y8j,G,H
4y8j,G,N
4y8j,H,I
4y8j,H,N
4y8j,H,Z
4y8j,H,a
4y8j,I,J
4y8j,I,Y
4y8j,I,Z
4y8j,J,K
4y8j,J,X
4y8j,J,Y
4y8j,K,L
4y8j,K,W
4y8j,K,X
4y8j,L,M
4y8j,L,V
4y8j,L,W
4y8j,M,N
4y8j,M,V
4y8j,M,b
4y8j,N,a
4y8j,N,b
4y8j,O,P
4y8j,O,U
4y8j,O,V
4y8j,O,W
4y8j,P,Q
4y8j,P,W
4y8j,P,X
4y8j,Q,R
4y8j,Q,X
4y8j,Q,Y
4y8j,R,S
4y8j,R,Y
4y8j,R,Z
4y8j,S,T
4y8j,S,Z
4y8j,S,a
4y8j,T,U
4y8j,T,a
4y8j,T,b
4y8j,U,V
4y8j,U,b
4y8j,V,W
4y8j,V,b
4y8j,W,X
4y8j,X,Y
4y8j,Y,Z
4y8j,Z,a
4y8j,a,b
4y8q,A,B
4y8q,A,G
4y8q,A,H
4y8q,A,I
4y8q,B,C
4y8q,B,I
4y8q,B,J
4y8q,C,D
4y8q,C,J
4y8q,C,K
4y8q,D,E
4y8q,D,K
4y8q,D,L
4y8q,E,F
4y8q,E,L
4y8q,E,M
4y8q,F,G
4y8q,F,M
4y8q,F,N
4y8q,G,H
4y8q,G,N
4y8q,H,I
4y8q,H,N
4y8q,H,Z
4y8q,H,a
4y8q,I,J
4y8q,I,Y
4y8q,I,Z
4y8q,J,K
4y8q,J,X
4y8q,J,Y
4y8q,K,L
4y8q,K,W
4y8q,K,X
4y8q,L,M
4y8q,L,V
4y8q,L,W
4y8q,M,N
4y8q,M,V
4y8q,M,b
4y8q,N,a
4y8q,N,b
4y8q,O,P
4y8q,O,U
4y8q,O,V
4y8q,O,W
4y8q,P,Q
4y8q,P,W
4y8q,P,X
4y8q,Q,R
4y8q,Q,X
4y8q,Q,Y
4y8q,R,S
4y8q,R,Y
4y8q,R,Z
4y8q,S,T
4y8q,S,Z
4y8q,S,a
4y8q,T,U
4y8q,T,a
4y8q,T,b
4y8q,U,V
4y8q,U,b
4y8q,V,W
4y8q,V,b
4y8q,W,X
4y8q,X,Y
4y8q,Y,Z
4y8q,Z,a
4y8q,a,b
4y8t,A,B
4y8t,A,G
4y8t,A,H
4y8t,A,I
4y8t,B,C
4y8t,B,H
4y8t,B,I
4y8t,B,J
4y8t,C,D
4y8t,C,J
4y8t,C,K
4y8t,D,E
4y8t,D,K
4y8t,D,L
4y8t,E,F
4y8t,E,L
4y8t,E,M
4y8t,F,G
4y8t,F,M
4y8t,F,N
4y8t,G,H
4y8t,G,N
4y8t,H,I
4y8t,H,N
4y8t,H,Z
4y8t,H,a
4y8t,I,J
4y8t,I,Y
4y8t,I,Z
4y8t,J,K
4y8t,J,X
4y8t,J,Y
4y8t,K,L
4y8t,K,W
4y8t,K,X
4y8t,L,M
4y8t,L,V
4y8t,L,W
4y8t,M,N
4y8t,M,V
4y8t,M,b
4y8t,N,a
4y8t,N,b
4y8t,O,P
4y8t,O,U
4y8t,O,V
4y8t,O,W
4y8t,P,Q
4y8t,P,V
4y8t,P,W
4y8t,P,X
4y8t,Q,R
4y8t,Q,X
4y8t,Q,Y
4y8t,R,S
4y8t,R,Y
4y8t,R,Z
4y8t,S,T
4y8t,S,Z
4y8t,S,a
4y8t,T,U
4y8t,T,a
4y8t,T,b
4y8t,U,V
4y8t,U,b
4y8t,V,W
4y8t,V,b
4y8t,W,X
4y8t,X,Y
4y8t,Y,Z
4y8t,Z,a
4y8t,a,b
4y8u,A,B
4y8u,A,G
4y8u,A,H
4y8u,A,I
4y8u,B,C
4y8u,B,H
4y8u,B,I
4y8u,B,J
4y8u,C,D
4y8u,C,J
4y8u,C,K
4y8u,D,E
4y8u,D,K
4y8u,D,L
4y8u,E,F
4y8u,E,L
4y8u,E,M
4y8u,F,G
4y8u,F,M
4y8u,F,N
4y8u,G,H
4y8u,G,N
4y8u,H,I
4y8u,H,N
4y8u,H,Z
4y8u,H,a
4y8u,I,J
4y8u,I,Y
4y8u,I,Z
4y8u,J,K
4y8u,J,X
4y8u,J,Y
4y8u,K,L
4y8u,K,W
4y8u,K,X
4y8u,L,M
4y8u,L,V
4y8u,L,W
4y8u,M,N
4y8u,M,V
4y8u,M,b
4y8u,N,a
4y8u,N,b
4y8u,O,P
4y8u,O,U
4y8u,O,V
4y8u,O,W
4y8u,P,Q
4y8u,P,V
4y8u,P,W
4y8u,P,X
4y8u,Q,R
4y8u,Q,X
4y8u,Q,Y
4y8u,R,S
4y8u,R,Y
4y8u,R,Z
4y8u,S,T
4y8u,S,Z
4y8u,S,a
4y8u,T,U
4y8u,T,a
4y8u,T,b
4y8u,U,V
4y8u,U,b
4y8u,V,W
4y8u,V,b
4y8u,W,X
4y8u,X,Y
4y8u,Y,Z
4y8u,Z,a
4y8u,a,b
4y97,A,B
4y97,E,F
4y9z,A,B
4y9z,A,G
4y9z,A,H
4y9z,A,I
4y9z,B,C
4y9z,B,I
4y9z,B,J
4y9z,C,D
4y9z,C,J
4y9z,C,K
4y9z,D,E
4y9z,D,K
4y9z,D,L
4y9z,E,F
4y9z,E,L
4y9z,E,M
4y9z,F,G
4y9z,F,M
4y9z,F,N
4y9z,G,H
4y9z,G,N
4y9z,H,I
4y9z,H,N
4y9z,H,Z
4y9z,H,a
4y9z,I,J
4y9z,I,Y
4y9z,I,Z
4y9z,J,K
4y9z,J,X
4y9z,J,Y
4y9z,K,L
4y9z,K,W
4y9z,K,X
4y9z,L,M
4y9z,L,V
4y9z,L,W
4y9z,M,N
4y9z,M,V
4y9z,M,b
4y9z,N,a
4y9z,N,b
4y9z,O,P
4y9z,O,U
4y9z,O,V
4y9z,O,W
4y9z,P,Q
4y9z,P,W
4y9z,P,X
4y9z,Q,R
4y9z,Q,X
4y9z,Q,Y
4y9z,R,S
4y9z,R,Y
4y9z,R,Z
4y9z,S,T
4y9z,S,Z
4y9z,S,a
4y9z,T,U
4y9z,T,a
4y9z,T,b
4y9z,U,V
4y9z,U,b
4y9z,V,W
4y9z,V,b
4y9z,W,X
4y9z,X,Y
4y9z,Y,Z
4y9z,Z,a
4y9z,a,b
4ya0,A,B
4ya0,A,G
4ya0,A,H
4ya0,A,I
4ya0,B,C
4ya0,B,H
4ya0,B,I
4ya0,B,J
4ya0,C,D
4ya0,C,J
4ya0,C,K
4ya0,D,E
4ya0,D,K
4ya0,D,L
4ya0,E,F
4ya0,E,L
4ya0,E,M
4ya0,F,G
4ya0,F,M
4ya0,F,N
4ya0,G,H
4ya0,G,N
4ya0,H,I
4ya0,H,N
4ya0,H,Z
4ya0,H,a
4ya0,I,J
4ya0,I,Y
4ya0,I,Z
4ya0,J,K
4ya0,J,X
4ya0,J,Y
4ya0,K,L
4ya0,K,W
4ya0,K,X
4ya0,L,M
4ya0,L,V
4ya0,L,W
4ya0,M,N
4ya0,M,V
4ya0,M,b
4ya0,N,a
4ya0,N,b
4ya0,O,P
4ya0,O,U
4ya0,O,V
4ya0,O,W
4ya0,P,Q
4ya0,P,V
4ya0,P,W
4ya0,P,X
4ya0,Q,R
4ya0,Q,X
4ya0,Q,Y
4ya0,R,S
4ya0,R,Y
4ya0,R,Z
4ya0,S,T
4ya0,S,Z
4ya0,S,a
4ya0,T,U
4ya0,T,a
4ya0,T,b
4ya0,U,V
4ya0,U,b
4ya0,V,W
4ya0,V,b
4ya0,W,X
4ya0,X,Y
4ya0,Y,Z
4ya0,Z,a
4ya0,a,b
4ya3,A,B
4ya3,A,G
4ya3,A,H
4ya3,A,I
4ya3,B,C
4ya3,B,H
4ya3,B,I
4ya3,B,J
4ya3,C,D
4ya3,C,J
4ya3,C,K
4ya3,D,E
4ya3,D,K
4ya3,D,L
4ya3,E,F
4ya3,E,L
4ya3,E,M
4ya3,F,G
4ya3,F,M
4ya3,F,N
4ya3,G,H
4ya3,G,N
4ya3,H,I
4ya3,H,N
4ya3,H,Z
4ya3,H,a
4ya3,I,J
4ya3,I,Y
4ya3,I,Z
4ya3,J,K
4ya3,J,X
4ya3,J,Y
4ya3,K,L
4ya3,K,W
4ya3,K,X
4ya3,L,M
4ya3,L,V
4ya3,L,W
4ya3,M,N
4ya3,M,V
4ya3,M,b
4ya3,N,a
4ya3,N,b
4ya3,O,P
4ya3,O,U
4ya3,O,V
4ya3,O,W
4ya3,P,Q
4ya3,P,V
4ya3,P,W
4ya3,P,X
4ya3,Q,R
4ya3,Q,X
4ya3,Q,Y
4ya3,R,S
4ya3,R,Y
4ya3,R,Z
4ya3,S,T
4ya3,S,Z
4ya3,S,a
4ya3,T,U
4ya3,T,a
4ya3,T,b
4ya3,U,V
4ya3,U,b
4ya3,V,W
4ya3,V,b
4ya3,W,X
4ya3,X,Y
4ya3,Y,Z
4ya3,Z,a
4ya3,a,b
4ybn,A,B
4ybo,A,B
4ybo,C,D
4yca,A,B
4ycv,C,D
4ydq,A,B
4ydr,A,B
4yf6,A,B
4yff,A,D
4yfi,A,B
4yfi,C,D
4yfv,A,B
4yg4,A,B
4ygf,C,D
4ygf,E,F
4ygf,G,H
4ygx,A,B
4ygx,C,D
4yha,A,B
4yha,C,D
4yha,E,F
4yha,G,H
4yhh,B,H
4yhh,C,J
4yhh,C,N
4yhh,D,E
4yhh,E,H
4yhh,F,R
4yhh,G,I
4yhh,J,N
4yhh,K,R
4yhh,M,S
4yhj,A,B
4yif,A,B
4yig,A,B
4yig,E,F
4yig,I,J
4yiy,A,B
4yke,A,B
4ylb,A,B
4ylb,A,C
4ylb,A,D
4ylb,B,C
4ylb,C,D
4yma,A,B
4ymh,C,D
4ymt,A,B
4ymt,A,J
4ymt,B,C
4ymt,C,J
4ymv,A,D
4ymv,A,J
4ymv,C,D
4ymv,C,J
4ymw,A,D
4ymw,A,J
4ymw,C,D
4ymw,C,J
4yn0,A,B
4yn7,A,B
4yn9,A,B
4yna,A,B
4yna,C,D
4yoi,A,B
4you,A,B
4you,A,C
4you,B,C
4yov,A,C
4yov,A,E
4yov,C,E
4yox,A,C
4yox,A,E
4yox,C,E
4yp5,A,B
4yp5,A,C
4yp5,B,C
4yrd,A,B
4ys3,A,B
4ys3,A,E
4ys3,A,G
4ys3,B,D
4ys3,B,G
4ys3,B,H
4ys3,C,D
4ys3,C,E
4ys3,C,F
4ys3,E,F
4ys3,F,H
4ys3,G,H
4ysb,A,B
4ysx,A,B
4ysx,A,D
4ysx,B,C
4ysx,B,D
4ysx,C,D
4ysy,A,B
4ysy,A,D
4ysy,B,C
4ysy,B,D
4ysy,C,D
4ysy,E,F
4ysy,E,H
4ysy,F,G
4ysy,F,H
4ysy,G,H
4ysz,A,B
4ysz,A,D
4ysz,B,C
4ysz,B,D
4ysz,C,D
4yt8,A,B
4ytm,E,F
4ytm,E,H
4ytm,F,G
4ytm,F,H
4ytm,G,H
4ytn,E,F
4ytn,E,H
4ytn,F,G
4ytn,F,H
4ytn,G,H
4ytw,A,B
4ytw,B,D
4ytw,C,D
4ytx,C,D
4ytx,D,F
4ytx,E,F
4ytx,G,H
4ytx,H,P
4ytx,O,P
4yu7,A,B
4yuv,A,B
4yux,A,B
4yuy,A,B
4yv0,A,B
4yv0,C,D
4yv9,A,B
4yv9,C,D
4yvj,A,B
4yvk,A,B
4yvq,A,C
4ywa,A,B
4ywm,A,B
4ywm,A,E
4ywm,A,F
4ywm,A,J
4ywm,B,C
4ywm,B,F
4ywm,B,G
4ywm,C,D
4ywm,C,G
4ywm,C,H
4ywm,D,E
4ywm,D,H
4ywm,D,I
4ywm,E,I
4ywm,E,J
4ywq,A,B
4yx7,A,B
4yx7,A,C
4yx7,B,C
4yx7,D,E
4yx7,D,F
4yx7,E,F
4yx9,A,B
4yx9,C,D
4yxa,A,B
4yxa,A,C
4yxa,B,C
4yxb,A,B
4yxp,A,B
4yxw,A,D
4yxw,A,E
4yxw,A,G
4yxw,B,E
4yxw,B,F
4yxw,C,D
4yxw,C,F
4yxw,C,G
4yxw,D,G
4yxw,E,G
4yxw,F,G
4yxw,G,H
4yxw,G,I
4yxw,H,I
4yzs,A,B
4z0c,A,D
4z18,A,B
4z1i,A,C
4z1i,B,D
4z1l,A,B
4z1l,A,G
4z1l,A,H
4z1l,A,I
4z1l,B,C
4z1l,B,H
4z1l,B,I
4z1l,B,J
4z1l,C,D
4z1l,C,J
4z1l,C,K
4z1l,D,E
4z1l,D,K
4z1l,D,L
4z1l,E,F
4z1l,E,L
4z1l,E,M
4z1l,F,G
4z1l,F,M
4z1l,F,N
4z1l,G,H
4z1l,G,N
4z1l,H,I
4z1l,H,N
4z1l,H,Z
4z1l,H,a
4z1l,I,J
4z1l,I,Y
4z1l,I,Z
4z1l,J,K
4z1l,J,X
4z1l,J,Y
4z1l,K,L
4z1l,K,W
4z1l,K,X
4z1l,L,M
4z1l,L,V
4z1l,L,W
4z1l,M,N
4z1l,M,V
4z1l,M,b
4z1l,N,a
4z1l,N,b
4z1l,O,P
4z1l,O,U
4z1l,O,V
4z1l,O,W
4z1l,P,Q
4z1l,P,V
4z1l,P,W
4z1l,P,X
4z1l,Q,R
4z1l,Q,X
4z1l,Q,Y
4z1l,R,S
4z1l,R,Y
4z1l,R,Z
4z1l,S,T
4z1l,S,Z
4z1l,S,a
4z1l,T,U
4z1l,T,a
4z1l,T,b
4z1l,U,V
4z1l,U,b
4z1l,V,W
4z1l,V,b
4z1l,W,X
4z1l,X,Y
4z1l,Y,Z
4z1l,Z,a
4z1l,a,b
4z1o,A,B
4z1y,A,B
4z3d,A,B
4z3k,A,C
4z3k,B,D
4z3w,A,E
4z3w,B,C
4z3w,B,F
4z3w,C,G
4z3w,D,H
4z3w,E,F
4z3w,G,H
4z3x,A,E
4z3x,B,F
4z3x,C,G
4z3x,D,H
4z3x,E,F
4z3x,G,H
4z3y,A,E
4z3y,B,C
4z3y,B,F
4z3y,C,G
4z3y,D,H
4z3y,E,F
4z3y,G,H
4z4s,A,B
4z66,A,B
4z66,A,E
4z66,A,G
4z66,B,D
4z66,B,G
4z66,B,H
4z66,C,D
4z66,C,E
4z66,C,F
4z66,E,F
4z66,F,H
4z66,G,H
4z6l,A,B
4z6l,A,C
4z6l,A,D
4z6l,B,C
4z6l,B,D
4z6l,C,D
4z6m,A,B
4z6m,A,C
4z6m,A,D
4z6m,B,C
4z6m,B,D
4z6m,C,D
4z6r,A,B
4z6r,A,C
4z6r,A,D
4z6r,B,C
4z6r,B,D
4z6r,C,D
4z6u,A,B
4z6u,A,C
4z6u,A,D
4z6u,B,C
4z6u,B,D
4z6u,C,D
4z6v,A,B
4z6v,A,C
4z6v,A,D
4z6v,B,C
4z6v,B,D
4z6v,C,D
4z70,A,B
4z70,A,C
4z70,B,C
4z7y,A,B
4z7y,C,D
4z7y,E,F
4z8l,A,B
4z8l,A,C
4z8l,B,C
4z8l,D,E
4z8l,D,F
4z8l,E,F
4z8t,A,B
4z90,F,G
4z90,F,J
4z90,G,H
4z90,H,I
4z90,I,J
4z91,A,B
4z91,A,E
4z91,B,C
4z91,C,D
4z91,D,E
4z9n,A,D
4z9n,B,E
4z9n,C,F
4z9o,A,B
4z9y,A,B
4z9y,A,C
4z9y,A,D
4z9y,B,C
4z9y,B,D
4z9y,C,D
4zad,A,B
4zah,E,F
4zah,G,H
4zb9,A,B
4zb9,C,D
4zbk,A,B
4zc4,A,D
4zc4,B,C
4zcn,A,B
4zcn,A,C
4zcn,B,C
4zhe,A,B
4zhe,A,D
4zhe,B,C
4zhe,C,D
4zi9,A,B
4zia,C,D
4zil,A,B
4zir,A,B
4zjs,A,D
4zjs,A,E
4zjs,B,C
4zjs,B,E
4zjs,C,D
4zjv,A,C
4zjv,B,D
4zkx,A,C
4zkx,A,D
4zkx,A,E
4zkx,A,F
4zkx,A,H
4zkx,B,C
4zkx,B,F
4zkx,C,F
4zkx,C,H
4zkx,D,E
4zkx,D,G
4zkx,E,F
4zkx,G,H
4zl5,A,E
4zl5,A,F
4zl5,B,C
4zl5,C,D
4zl5,C,E
4zl5,D,E
4zl5,E,F
4zlp,A,B
4zm8,C,D
4zmc,A,C
4zmc,A,D
4zmc,A,E
4zmc,A,F
4zmc,A,H
4zmc,B,C
4zmc,B,F
4zmc,C,F
4zmc,C,H
4zmc,D,E
4zmc,D,G
4zmc,E,F
4zmc,G,H
4zos,A,B
4zp1,A,B
4zp1,A,C
4zp1,A,D
4zp1,B,C
4zp1,B,D
4zp1,C,D
4zpu,A,B
4zpu,C,D
4zqb,A,B
4zr8,A,B
4zrb,A,D
4zrb,A,E
4zrb,A,H
4zrb,B,C
4zrb,B,F
4zrb,B,G
4zrb,C,F
4zrb,D,E
4zrb,D,H
4zrb,E,H
4zrb,F,G
4zrj,A,B
4zru,A,B
4zru,A,E
4zru,B,C
4zru,C,D
4zru,D,E
4zru,F,G
4zru,F,J
4zru,G,H
4zru,H,I
4zru,I,J
4zst,A,B
4zsu,A,B
4zsw,C,D
4zsx,A,B
4zwg,A,D
4zwg,B,C
4zwp,A,B
4zwv,A,B
4zxa,C,Y
4zxa,C,Z
4zxa,D,Z
4zxa,Y,Z
4zxq,A,B
4zxq,A,C
4zxq,B,C
4zxq,D,E
4zxq,D,F
4zxq,E,F
4zxs,A,B
4zxs,B,D
4zxs,C,D
4zxv,A,B
4zxv,A,C
4zxv,B,D
4zxv,C,D
4zyj,A,B
4zyj,A,C
4zyj,B,D
4zyj,C,D
4zyl,A,B
5a02,A,E
5a02,B,D
5a02,C,F
5a03,A,E
5a03,B,D
5a03,C,F
5a04,A,E
5a04,B,D
5a04,C,F
5a0z,C,D
5a11,A,B
5a12,A,D
5a12,A,E
5a12,B,C
5a12,B,D
5a12,C,E
5a1a,A,C
5a1a,A,D
5a1a,B,C
5a1a,B,D
5a1q,A,B
5a23,A,D
5a23,B,C
5a2y,A,B
5a2z,A,B
5a34,C,D
5a34,E,F
5a3u,A,B
5a3u,A,C
5a49,B,C
5a49,D,E
5a4i,L,M
5a4i,L,S
5a4i,L,T
5a4i,M,S
5a4i,M,T
5a4i,S,T
5a4m,L,M
5a4m,L,S
5a4m,L,T
5a4m,M,S
5a4m,M,T
5a4m,S,T
5a6b,A,B
5a6b,C,D
5a6j,A,C
5a6k,A,B
5a72,A,B
5a74,A,B
5a77,A,B
5a78,A,B
5a9d,A,B
5abv,A,B
5abv,C,D
5abv,E,F
5abv,G,H
5ac1,C,D
5aca,1,2
5aca,1,3
5ad5,A,B
5ada,A,B
5ade,A,B
5adf,A,B
5adj,A,B
5adk,A,B
5adl,A,B
5adm,A,B
5afj,A,B
5afj,A,E
5afj,B,C
5afj,C,D
5afj,D,E
5afk,A,B
5afk,A,E
5afk,B,C
5afk,C,D
5afk,D,E
5afl,A,B
5afl,A,E
5afl,B,C
5afl,C,D
5afl,D,E
5afv,A,B
5afx,A,B
5agk,A,B
5agm,A,B
5agn,A,B
5ago,A,B
5agu,A,B
5ah6,A,B
5ah7,A,B
5aha,A,B
5ahb,A,B
5ahc,A,B
5ahw,E,F
5aik,A,D
5ais,A,B
5aiv,A,B
5aiv,C,D
5aix,A,B
5aix,C,D
5aja,A,B
5aja,A,C
5aja,B,C
5ajl,A,B
5ajt,A,B
5akq,A,B
5al7,A,B
5an9,A,E
5an9,A,G
5an9,A,I
5an9,B,C
5an9,B,H
5an9,E,G
5an9,E,I
5an9,F,J
5an9,G,I
5ao2,A,B
5ao2,A,C
5ao2,B,D
5ao2,C,D
5ar2,A,B
5at1,A,B
5at1,B,D
5at1,C,D
5auo,A,B
5aup,A,B
5aup,A,I
5aup,B,H
5aup,B,I
5aup,H,I
5avm,A,B
5avm,C,D
5avm,E,F
5avm,G,H
5awf,E,F
5awf,E,G
5awf,F,H
5awi,A,B
5awv,A,B
5awv,A,C
5axh,A,B
5azu,A,B
5azu,A,C
5azu,A,D
5azu,B,C
5azu,B,D
5azu,C,D
5b8h,A,B
5bj3,C,D
5bmw,A,B
5bnq,A,R
5bnv,A,B
5bnv,A,C
5bnv,A,D
5bnv,B,C
5bnv,D,E
5bnv,D,F
5bnv,E,F
5bo7,A,B
5bon,A,B
5bon,C,D
5bon,E,F
5bon,G,H
5bou,A,B
5bou,A,G
5bou,A,H
5bou,A,I
5bou,B,C
5bou,B,H
5bou,B,I
5bou,B,J
5bou,C,D
5bou,C,J
5bou,C,K
5bou,D,E
5bou,D,K
5bou,D,L
5bou,E,F
5bou,E,L
5bou,E,M
5bou,F,G
5bou,F,M
5bou,F,N
5bou,G,H
5bou,G,N
5bou,H,I
5bou,H,N
5bou,H,Z
5bou,H,a
5bou,I,J
5bou,I,Y
5bou,I,Z
5bou,J,K
5bou,J,X
5bou,J,Y
5bou,K,L
5bou,K,W
5bou,K,X
5bou,L,M
5bou,L,V
5bou,L,W
5bou,M,N
5bou,M,V
5bou,M,b
5bou,N,a
5bou,N,b
5bou,O,P
5bou,O,U
5bou,O,V
5bou,O,W
5bou,P,Q
5bou,P,V
5bou,P,W
5bou,P,X
5bou,Q,R
5bou,Q,X
5bou,Q,Y
5bou,R,S
5bou,R,Y
5bou,R,Z
5bou,S,T
5bou,S,Z
5bou,S,a
5bou,T,U
5bou,T,a
5bou,T,b
5bou,U,V
5bou,U,b
5bou,V,W
5bou,V,b
5bou,W,X
5bou,X,Y
5bou,Y,Z
5bou,Z,a
5bou,a,b
5bps,A,B
5bps,B,C
5bps,C,D
5bps,D,E
5bps,K,L
5bps,L,M
5bps,M,N
5bps,N,O
5bpu,E,F
5bq6,A,B
5bq6,B,C
5bq6,C,D
5bq6,D,E
5bq8,A,B
5bqa,A,B
5bqa,B,C
5bqa,C,D
5bqa,D,E
5bqe,A,B
5bqe,A,C
5bqj,A,B
5bqj,B,C
5bqj,C,D
5bqj,D,E
5bqj,K,L
5bqj,L,M
5bqj,M,N
5bqj,N,O
5bqm,C,D
5brd,A,B
5bre,A,B
5bry,A,B
5bs4,A,B
5bs6,A,B
5bse,A,B
5bse,A,C
5bse,A,I
5bse,A,J
5bse,B,C
5bse,B,D
5bse,B,J
5bse,C,D
5bse,C,E
5bse,D,E
5bse,D,F
5bse,E,F
5bse,E,G
5bse,F,G
5bse,F,H
5bse,G,H
5bse,G,I
5bse,H,I
5bse,H,J
5bse,I,J
5bsh,A,B
5bsh,A,C
5bsh,A,I
5bsh,A,J
5bsh,B,C
5bsh,B,D
5bsh,B,J
5bsh,C,D
5bsh,C,E
5bsh,D,E
5bsh,D,F
5bsh,E,F
5bsh,E,G
5bsh,F,G
5bsh,F,H
5bsh,G,H
5bsh,G,I
5bsh,H,I
5bsh,H,J
5bsh,I,J
5bsx,A,B
5bsy,A,B
5buq,A,B
5buz,A,B
5buz,A,C
5buz,D,E
5buz,D,F
5bv3,C,D
5bvz,D,E
5bvz,D,F
5bvz,E,F
5bw2,A,B
5bw2,A,E
5bw2,B,C
5bw2,C,D
5bw2,D,E
5bwd,A,C
5bwe,A,B
5bwe,A,C
5bwe,A,D
5bwe,D,F
5bwe,D,G
5bwg,A,B
5bwg,A,C
5bwg,A,D
5bwg,B,C
5bwg,B,D
5bwg,C,D
5bwi,A,B
5bwu,A,B
5bwv,A,B
5bww,A,B
5bxb,F,G
5bxb,F,J
5bxb,G,H
5bxb,H,I
5bxb,I,J
5bxd,A,B
5bxd,B,C
5bxd,C,D
5bxd,D,E
5bxi,A,B
5bxi,A,C
5bxi,A,G
5bxi,B,C
5bxi,B,F
5bxi,C,E
5bxi,E,F
5bxi,E,G
5bxi,F,G
5bza,A,B
5bza,C,D
5c0o,E,F
5c0o,E,G
5c0o,F,H
5c0o,G,H
5c1i,A,C
5c1i,A,D
5c1i,B,C
5c1i,B,D
5c2v,A,B
5c2v,A,C
5c2v,A,D
5c2v,A,E
5c2v,B,C
5c2v,B,D
5c2v,D,E
5c2v,D,F
5c2v,E,F
5c2w,A,B
5c2w,A,C
5c2w,A,D
5c2w,A,E
5c2w,B,C
5c2w,B,D
5c2w,D,E
5c2w,D,F
5c2w,E,F
5c39,A,B
5c4i,A,B
5c4i,A,C
5c4i,A,D
5c4i,A,E
5c4i,A,F
5c4i,B,C
5c4i,B,D
5c4i,C,D
5c4i,C,F
5c4i,D,E
5c4i,D,F
5c4i,E,F
5c5v,A,B
5c5z,A,B
5c6g,A,B
5c6v,A,B
5c6v,A,C
5c6v,B,D
5c6v,C,D
5c78,B,C
5c7e,A,B
5c7e,A,C
5c7e,B,D
5c7e,C,D
5c7e,E,F
5c7p,A,B
5c7p,B,C
5c8a,A,B
5c8a,A,C
5c8a,A,D
5c8a,B,C
5c8a,C,D
5c8d,E,F
5c8d,E,G
5c8d,E,H
5c8d,F,G
5c8d,G,H
5c8s,A,B
5c8s,C,D
5c8t,A,B
5c8t,C,D
5c9e,A,B
5c9g,A,B
5c9g,A,C
5c9g,B,C
5c9g,D,E
5c9g,D,F
5c9g,E,F
5c9n,A,B
5ca1,A,B
5ca1,A,E
5ca1,A,F
5ca1,B,C
5ca1,B,E
5ca1,B,F
5ca1,C,D
5ca1,C,E
5ca1,D,E
5caa,A,B
5cab,A,B
5cc8,A,B
5ccj,A,B
5ccj,B,C
5ccj,C,D
5ccu,A,B
5cd7,C,D
5cd7,E,F
5cd8,A,B
5cdt,A,B
5ceg,A,D
5ceg,B,C
5ceg,B,D
5cev,A,B
5cev,A,C
5cev,B,C
5cev,D,E
5cev,D,F
5cev,E,F
5cfb,A,B
5cfb,A,E
5cfb,B,C
5cfb,C,D
5cfb,D,E
5cff,A,C
5cff,A,F
5cff,A,H
5cff,B,D
5cff,B,E
5cff,B,G
5cff,C,F
5cff,C,H
5cff,D,E
5cff,D,G
5cfl,A,B
5cfn,A,B
5cfq,A,B
5cgg,A,B
5cgg,A,G
5cgg,A,H
5cgg,A,I
5cgg,B,C
5cgg,B,I
5cgg,B,J
5cgg,C,D
5cgg,C,J
5cgg,C,K
5cgg,D,E
5cgg,D,K
5cgg,D,L
5cgg,E,F
5cgg,E,L
5cgg,E,M
5cgg,F,G
5cgg,F,M
5cgg,F,N
5cgg,G,H
5cgg,G,N
5cgg,H,I
5cgg,H,N
5cgg,H,Z
5cgg,H,a
5cgg,I,J
5cgg,I,Y
5cgg,I,Z
5cgg,J,K
5cgg,J,X
5cgg,J,Y
5cgg,K,L
5cgg,K,W
5cgg,K,X
5cgg,L,M
5cgg,L,V
5cgg,L,W
5cgg,M,N
5cgg,M,V
5cgg,M,b
5cgg,N,a
5cgg,N,b
5cgg,O,P
5cgg,O,U
5cgg,O,V
5cgg,O,W
5cgg,P,Q
5cgg,P,W
5cgg,P,X
5cgg,Q,R
5cgg,Q,X
5cgg,Q,Y
5cgg,R,S
5cgg,R,Y
5cgg,R,Z
5cgg,S,T
5cgg,S,Z
5cgg,S,a
5cgg,T,U
5cgg,T,a
5cgg,T,b
5cgg,U,V
5cgg,U,b
5cgg,V,W
5cgg,V,b
5cgg,W,X
5cgg,X,Y
5cgg,Y,Z
5cgg,Z,a
5cgg,a,b
5cgi,A,B
5cgi,A,G
5cgi,A,H
5cgi,A,I
5cgi,B,C
5cgi,B,I
5cgi,B,J
5cgi,C,D
5cgi,C,J
5cgi,C,K
5cgi,D,E
5cgi,D,K
5cgi,D,L
5cgi,E,F
5cgi,E,L
5cgi,E,M
5cgi,F,G
5cgi,F,M
5cgi,F,N
5cgi,G,H
5cgi,G,N
5cgi,H,I
5cgi,H,N
5cgi,H,Z
5cgi,H,a
5cgi,I,Z
5cgi,J,K
5cgi,J,X
5cgi,K,L
5cgi,K,V
5cgi,K,W
5cgi,K,X
5cgi,L,V
5cgi,L,W
5cgi,M,U
5cgi,M,V
5cgi,M,b
5cgi,N,b
5cgi,O,Q
5cgi,O,R
5cgi,O,S
5cgi,O,T
5cgi,O,V
5cgi,P,T
5cgi,P,U
5cgi,P,V
5cgi,P,W
5cgi,R,Y
5cgi,R,Z
5cgi,S,T
5cgi,S,Z
5cgi,S,a
5cgi,T,U
5cgi,T,a
5cgi,T,b
5cgi,U,V
5cgi,U,b
5cgi,V,W
5cgi,V,b
5cgi,W,X
5cgi,X,Y
5cgi,Y,Z
5cgi,Z,a
5cgi,a,b
5chb,A,B
5chb,A,C
5chb,B,C
5ckw,A,B
5cm7,A,B
5cnj,A,B
5cp9,A,B
5cpb,A,B
5cpb,A,E
5cpb,A,F
5cpb,B,E
5cpb,B,F
5cpb,C,D
5cpb,E,F
5cpg,A,B
5cpi,A,B
5cpi,A,E
5cpi,A,G
5cpi,B,D
5cpi,B,G
5cpi,B,H
5cpi,C,D
5cpi,C,E
5cpi,C,F
5cpi,E,F
5cpi,F,H
5cpi,G,H
5cpq,A,B
5cpt,A,B
5cpu,A,B
5cpu,A,E
5cpu,B,C
5cpu,C,D
5cpu,D,E
5cpw,A,B
5cpw,A,E
5cpw,B,C
5cpw,C,D
5cpw,D,E
5cpz,A,B
5cpz,A,E
5cpz,B,C
5cpz,C,D
5cpz,D,E
5cq0,A,B
5cq0,A,E
5cq0,B,C
5cq0,C,D
5cq0,D,E
5cqe,A,B
5cqs,B,C
5crc,A,B
5cro,A,B
5cro,A,C
5cro,A,O
5cro,B,O
5cro,C,O
5cs4,A,B
5cs5,A,B
5csi,A,B
5csj,A,B
5csn,A,B
5cte,B,C
5cvu,A,B
5cvu,C,D
5cw5,A,B
5cw5,A,C
5cw5,A,D
5cw5,B,C
5cw5,C,D
5cx8,A,B
5cxc,A,B
5cxo,A,B
5d19,A,B
5d1i,A,B
5d21,A,B
5d21,A,C
5d21,B,D
5d21,C,D
5d3o,A,B
5d69,A,B
5d6h,A,B
5d8s,A,B
5d8s,A,F
5d8s,A,G
5d8s,A,K
5d8s,A,L
5d8s,B,C
5d8s,B,G
5d8s,B,H
5d8s,B,L
5d8s,C,E
5d8s,C,G
5d8s,C,H
5d8s,D,E
5d8s,D,G
5d8s,D,I
5d8s,D,J
5d8s,D,K
5d8s,E,G
5d8s,E,I
5d8s,F,K
5d8s,F,L
5d8s,I,J
5d8s,J,K
5d9i,A,B
5da8,A,B
5da8,A,G
5da8,A,L
5da8,B,C
5da8,B,K
5da8,C,D
5da8,D,E
5da8,E,F
5da8,F,G
5da8,H,I
5da8,H,N
5da8,I,J
5da8,J,K
5da8,K,L
5da8,L,M
5da8,M,N
5daa,A,B
5dah,A,B
5dbj,A,B
5dbj,C,D
5ddg,A,B
5ddj,1,2
5ddj,1,3
5ddj,2,4
5de0,A,B
5de0,C,D
5ded,B,D
5ded,B,G
5ded,D,F
5ded,F,G
5dem,A,B
5dem,A,C
5dem,B,C
5dep,D,E
5dep,D,F
5dep,E,F
5dfm,A,B
5dgw,A,B
5dkj,A,B
5dkj,A,G
5dkj,A,H
5dkj,A,I
5dkj,B,C
5dkj,B,H
5dkj,B,I
5dkj,B,J
5dkj,C,D
5dkj,C,J
5dkj,C,K
5dkj,D,E
5dkj,D,K
5dkj,D,L
5dkj,E,F
5dkj,E,L
5dkj,E,M
5dkj,F,G
5dkj,F,M
5dkj,F,N
5dkj,G,H
5dkj,G,N
5dkj,H,I
5dkj,H,N
5dkj,H,Z
5dkj,H,a
5dkj,I,J
5dkj,I,Y
5dkj,I,Z
5dkj,J,K
5dkj,J,X
5dkj,J,Y
5dkj,K,L
5dkj,K,W
5dkj,K,X
5dkj,L,M
5dkj,L,V
5dkj,L,W
5dkj,M,N
5dkj,M,V
5dkj,M,b
5dkj,N,a
5dkj,N,b
5dkj,O,P
5dkj,O,U
5dkj,O,V
5dkj,O,W
5dkj,P,Q
5dkj,P,V
5dkj,P,W
5dkj,P,X
5dkj,Q,R
5dkj,Q,X
5dkj,Q,Y
5dkj,R,S
5dkj,R,Y
5dkj,R,Z
5dkj,S,T
5dkj,S,Z
5dkj,S,a
5dkj,T,U
5dkj,T,a
5dkj,T,b
5dkj,U,V
5dkj,U,b
5dkj,V,W
5dkj,V,b
5dkj,W,X
5dkj,X,Y
5dkj,Z,a
5dkj,a,b
5dm3,A,C
5dm3,A,D
5dm3,B,C
5dm3,B,F
5dm3,D,E
5dm3,E,F
5dm5,A,B
5dm5,A,D
5dm5,B,E
5dm5,C,D
5dm5,C,F
5dm5,E,F
5dm6,3,I
5dm6,B,M
5dm6,G,N
5dm6,H,M
5dm6,J,S
5dm6,K,Z
5dm6,N,O
5dm6,P,Z
5dm6,Q,V
5dm7,3,I
5dm7,B,M
5dm7,C,I
5dm7,G,N
5dm7,H,M
5dm7,J,S
5dm7,K,Z
5dm7,N,O
5dm7,P,Z
5dm7,Q,V
5dob,A,B
5dqt,I,J
5dqt,J,M
5dqt,J,N
5dqt,K,L
5dqt,K,M
5dqt,K,N
5dqt,M,N
5duk,A,B
5dul,A,B
5dul,C,D
5dwn,A,D
5dwn,B,C
5dwq,A,B
5dxa,A,B
5dxa,C,D
5dxj,A,B
5dxj,C,D
5dzl,C,D
5dzu,A,B
5e0a,A,B
5e0a,A,C
5e0a,C,D
5e3e,E,F
5e3i,A,B
5e7q,A,B
5e8h,A,B
5e8k,A,B
5e8m,A,B
5e9b,A,B
5e9c,A,B
5egk,A,C
5egk,A,E
5egk,B,E
5egk,B,F
5egk,C,D
5egk,D,F
5env,A,B
5fiw,A,C
5fiw,B,D
5fj3,A,B
5fjd,A,B
5fjd,A,C
5fjd,A,D
5fjd,B,C
5fjd,B,D
5fjd,C,D
5fwg,A,B
5gal,A,B
5gst,A,B
5hbi,A,B
5ldh,A,B
5mdh,A,B
5nse,A,B
5r1r,A,B
5req,C,D
5rub,A,B
5xia,A,B
6adh,A,B
6ald,A,B
6ald,A,D
6ald,B,C
6ald,C,D
6gss,A,B
6gsu,A,B
6pfk,A,B
6pfk,A,D
6pfk,B,C
6pfk,C,D
6tim,A,B
6xim,A,B
6xim,A,C
6xim,A,D
6xim,B,C
6xim,B,D
6xim,C,D
7at1,A,B
7at1,B,D
7at1,C,D
7gss,A,B
7msf,A,B
7msf,A,C
7msf,B,C
7nse,A,B
7prc,C,H
7prc,C,L
7prc,C,M
7prc,H,L
7prc,H,M
7prc,L,M
7r1r,A,B
7std,A,B
7std,A,C
7std,B,C
8prk,A,B
8ruc,A,C
8ruc,A,G
8ruc,A,I
8ruc,A,L
8ruc,C,E
8ruc,C,I
8ruc,C,J
8ruc,E,G
8ruc,E,J
8ruc,E,K
8ruc,G,K
8ruc,G,L
8ruc,I,J
8ruc,I,L
8ruc,J,K
8ruc,K,L
8xim,A,B
8xim,A,C
8xim,A,D
8xim,B,C
8xim,B,D
8xim,C,D
9atc,A,B
9gac,A,C
